Date,Close,High,Low,Open,Volume,simple_return,log_return,realised_vol_20d,realised_vol_60d,realised_vol_252d
2021-01-04,342.4369201660156,348.62101162593734,338.7506082823592,348.49100217915696,110210800,,,,,
2021-01-05,344.79541015625,345.88181651795514,341.74979422078724,341.7962383123607,66426200,0.0068873706406744,0.006863761046860846,,,
2021-01-06,346.8568115234375,350.04173174075373,342.743377753376,343.291214067815,107997700,0.0059786218333166,0.00596082078904183,,,
2021-01-07,352.0101623535156,352.75298437501374,349.0481120785787,349.2245372676321,68766800,0.0148572859429918,0.014747997625669421,,,
2021-01-08,354.0158386230469,354.2293850911422,350.1531015213458,353.3937031789076,71677200,0.0056977794508017,0.005681608502055544,,,
2021-01-11,351.6294860839844,353.3844152987946,350.7287994312137,350.84951439553026,51034700,-0.0067408072710652,-0.006763629128712709,,,
2021-01-12,351.70379638671875,352.7159036317569,349.4660070637659,351.8152452148604,52547700,0.0002113312611009,0.00021130893379557922,,,
2021-01-13,352.6509094238281,353.64442764556827,350.8495360073249,351.62950774382404,45303600,0.0026929281026808,0.002689308668259411,,,
2021-01-14,351.4159851074219,353.8952046290148,351.0817236007902,353.39378403221525,49989100,-0.0035018322182237,-0.003507977984489012,,,
2021-01-15,348.8531494140625,350.5987841141442,346.99606590019863,349.80025180486865,107160000,-0.0072928830843479,-0.007319606160974131,,,
2021-01-19,351.59228515625,352.13085517430096,349.828061713451,351.304439515749,51233300,0.007851830338319,0.007821165132557295,,,
2021-01-20,356.4579467773437,357.2936287805517,353.4866015027723,353.87657321374,61836100,0.0138389317016196,0.013744048076151297,,,
2021-01-21,356.7828674316406,357.4421524664681,355.86362018115483,357.01500286554875,47840100,0.0009115259099548,0.0009111107224963596,,,
2021-01-22,355.5200500488281,356.6807271719311,354.5543587480902,354.9350642448892,52860500,-0.0035394563419008,-0.0035457350373227104,,,
2021-01-25,356.9222412109375,357.2750633365752,351.4159661050598,356.25368989697324,70402000,0.0039440564939075,0.003936299093487729,,,
2021-01-26,356.3650817871094,358.2778757163541,356.1329463264064,357.869315038569,42665300,-0.0015610106614197,-0.0015622303079817531,,,
2021-01-27,347.65533447265625,353.14301984374345,345.4268398473695,353.05015999751345,123351100,-0.0244405183324225,-0.024744145208887198,,,
2021-01-28,350.6452331542969,354.6379514307327,349.0295795422171,349.465966970764,94198100,0.0086001806535656,0.008563409773663983,,,
2021-01-29,343.6255187988281,349.7539012035363,341.9541263228981,348.7882096621224,126765100,-0.0200194204618769,-0.020222524311708446,,,
2021-02-01,349.3452453613281,350.3759130211794,343.9132708831619,347.0145966841192,75817600,0.0166452322356436,0.016508218682052097,,,
2021-02-02,354.2851257324219,355.83580306474755,349.42887007201125,352.52090191367535,64450700,0.0141403967470186,0.014041353914914591,0.1723307487586399,,
2021-02-03,354.5636291503906,356.2814368432758,353.2915316437675,355.1114653148641,52427100,0.0007860996630693,0.0007857908485578922,0.17126277093545786,,
2021-02-04,358.5935363769531,358.63995212915546,354.67508910571235,355.59433635934124,47142600,0.0113658223665495,0.0113017166926802,0.17417506724998819,,
2021-02-05,360.0049133300781,360.71061412663744,358.54712432112404,360.4599180558391,48669800,0.0039358683577646,0.003928143091685435,0.16750146548313347,,
2021-02-08,362.60491943359375,362.6513351955174,360.5992654572833,361.45350816726585,38365200,0.0072221406076526,0.00719618584123421,0.16813327083794488,,
2021-02-09,362.3634338378906,362.9577141856532,361.3606211720995,361.769153490128,35551100,-0.0006659744056433,-0.0006661962651050803,0.16567865351868097,,
2021-02-10,362.2055358886719,364.24833897480704,359.80991075751706,364.0997689015568,59154400,-0.0004357447095211,-0.0004358396738348622,0.1657615008981778,,
2021-02-11,362.7905883789063,363.70056961850463,360.3671076846263,363.28271443963257,42913300,0.0016152499955555,0.0016139468823287001,0.1657006236904541,,
2021-02-12,364.5826110839844,364.8240126465975,361.9176727161063,361.9919719175586,50593300,0.0049395512521026,0.00492739169421706,0.16507927237461964,,
2021-02-16,364.2669067382813,366.0033035639086,363.5519398125603,365.80828939947554,50972400,-0.0008659336350805,-0.00086630877218885,0.16188910384181593,,
2021-02-17,364.35052490234375,364.6012209832248,361.5091609681263,362.52129645099154,52290600,0.0002295519096457,0.00022952556663727942,0.16060691984871792,,
2021-02-18,362.7998962402344,363.5427184335589,360.03283114692755,361.7506393479471,59712800,-0.0042558705316123,-0.00426495252562326,0.1554565748180209,,
2021-02-19,362.15911865234375,364.3411973179349,361.71340843442175,364.05335165745737,83241000,-0.0017662011332724,-0.0017677627054652682,0.1557404347147681,,
2021-02-22,359.3734741210937,361.7783935972179,359.10418910793686,359.4013292371553,67414200,-0.0076917696884614,-0.007721503919638663,0.15795688224521512,,
2021-02-23,359.8100280761719,361.156425322424,353.03168275296207,357.1729721740489,107284100,0.0012147639893171,0.0012140267605214715,0.1574751691814116,,
2021-02-24,363.7747802734375,364.2019298681405,357.7392590796617,358.7235110381606,72433900,0.0110190152799918,0.01095874824918569,0.16162023144100254,,
2021-02-25,355.0093688964844,363.8769599629682,353.5701404616122,362.5120024028312,146670500,-0.0240957093572139,-0.024390760243519664,0.16087596333965196,,
2021-02-26,353.1801452636719,358.0271345906392,351.20237503364604,356.8850463128118,152701600,-0.005152606643871,-0.005165927097892261,0.15974536743055787,,
2021-03-01,361.7413635253906,362.9856346855263,353.3752197529631,358.0364901808045,105348800,0.0242403724459856,0.02395123778727711,0.1612051872686569,,
2021-03-02,358.9184875488281,362.1962383505726,358.4170671371704,361.9641029443957,79595300,-0.0078035753198136,-0.007834182548221592,0.15637271626269472,,
2021-03-03,354.1644592285156,359.18784590388924,354.0623048857202,358.22218274333903,119940200,-0.0132454261489267,-0.013333929181544121,0.15709926448192152,,
2021-03-04,349.78173828125,356.5600826850542,345.3061596092031,353.9787373865895,183433000,-0.0123748186275173,-0.012452024294165894,0.1631143401545938,,
2021-03-05,356.2165222167969,357.265779064072,346.0118561305728,353.2730320198999,152039600,0.0183965691495673,0.018229399392037996,0.1715011083166373,,
2021-03-08,354.4429626464844,359.9770636155982,354.1644114525265,357.1728776946545,123149200,-0.0049788807079338,-0.004991316629638335,0.17148459469821445,,
2021-03-09,359.5035705566406,362.0477662287881,357.7764679323232,358.27788847962165,113633600,0.0142776368653807,0.014176671306396407,0.17747556465469466,,
2021-03-10,361.7413635253906,363.43131668977617,360.43214430105473,361.8435178759324,109899400,0.0062246752244632,0.006205381955135469,0.17902341630918703,,
2021-03-11,365.4090576171875,367.3775617218999,363.7469598417814,364.201964598063,86245000,0.0101389955963369,0.010087940786800613,0.18261201316985262,,
2021-03-12,365.9011840820313,366.0404596864284,363.2455681020347,364.0533949443855,64653600,0.0013467823377255,0.0013458762398461293,0.1825916398837061,,
2021-03-15,368.083251953125,368.343242519141,364.0162344057818,366.1518691739952,73427200,0.005963544164439,0.005945832615790384,0.18295999440315674,,
2021-03-16,367.6189880371094,369.4017724273784,366.84828247322,368.6960999272851,73722500,-0.0012613013864448,-0.001262097496532173,0.18300394767081474,,
2021-03-17,368.8724670410156,369.6709992628649,365.1954216836132,366.33753812086064,97959300,0.0034097232316512,0.003403923305748348,0.18329804438071617,,
2021-03-18,363.5056457519531,368.3711969433956,362.8277998657158,366.291271854569,115349100,-0.0145492596184083,-0.014656138030717233,0.19053678391885273,,
2021-03-19,362.83294677734375,364.77995178052817,360.6623425283384,363.205574280837,113624500,-0.0018505874185745,-0.001852301870960662,0.19054799450893914,,
2021-03-22,365.7301635742188,367.1089166376452,363.2894206828794,363.3453133880508,73778600,0.007984988195278,0.00795327687486542,0.1901450524436386,,
2021-03-23,362.8515930175781,366.5406538848724,362.0690666778284,365.0967115489634,90686600,-0.0078707496491644,-0.007901887492245453,0.1926671370722844,,
2021-03-24,361.0070190429688,365.8792081667914,360.9604512667513,364.2489379839986,97588600,-0.0050835493356095,-0.005096514530670346,0.18942177274033056,,
2021-03-25,363.0379333496094,363.8297562145069,357.6347344917859,359.57244319585334,116128600,0.0056256920212371,0.005609926914664851,0.16767430710536618,,
2021-03-26,368.8883056640625,369.2888795951097,363.5875952706098,364.1837937026887,114409100,0.0161150441235549,0.015986575151058998,0.1738570778934043,,
2021-03-29,368.7018737792969,369.60551031662703,365.935071468474,367.4162848468423,108107600,-0.0005053884384597,-0.000505516190241235,0.15373998539392994,,
2021-03-30,367.7237548828125,368.3944957563924,366.1307275395253,367.4349664373488,76262200,-0.0026528720520413,-0.0026563971529115294,0.15088701644061006,,
2021-03-31,369.2143249511719,370.7700812685605,368.2641204047092,368.2920667610857,112734200,0.0040535049709649,0.004045311653329633,0.14094987989402102,0.1553152671087364,
2021-04-01,373.2014465332031,373.2573676676709,370.9377066993824,371.14265609357545,99682900,0.0107989352324251,0.010741043140394722,0.13305510906580376,0.15611453030994388,
2021-04-05,378.55804443359375,379.0983784802134,375.7819453604423,375.8564594894642,91684800,0.01435310058455,0.01425106998113896,0.1277548173592942,0.1580794087168078,
2021-04-06,378.33447265625,379.3778410378448,377.663731778131,377.9991164320186,62021000,-0.0005905878388564,-0.0005907623045490886,0.12501044884308812,0.15567862815406686,
2021-04-07,378.7723388671875,379.1170200378233,377.7103490017058,378.1668155866389,55836300,0.0011573521383427,0.0011566829226524235,0.11829534417143027,0.15539844323784452,
2021-04-08,380.5703430175781,380.6262357329122,379.0891292019,380.0207123636846,57863100,0.0047469257015124,0.004735694577886698,0.11781705616526507,0.15468999805766392,
2021-04-09,383.3370056152344,383.50471212941807,380.3280113007407,380.44912161612,61104600,0.0072697798144729,0.00724348233951867,0.11581480589511023,0.1551457317747606,
2021-04-12,383.4767761230469,383.7469146788607,382.13529455131146,382.7408177148852,56704900,0.0003646152230676,0.0003645487670906027,0.11598495184059558,0.15513863504826125,
2021-04-13,384.6133728027344,385.2375459689583,382.992427357714,383.3743798281407,56551000,0.0029639257197751,0.0029595419519110374,0.11523756502724249,0.15483121478866088,
2021-04-14,383.29986572265625,385.6381198974038,382.7595316211662,384.585426479011,61659900,-0.0034151362718004,-0.003420981160867171,0.11634640073262471,0.1540865649097268,
2021-04-15,387.4173889160156,387.687555926274,385.386544949816,385.433112724498,60229800,0.0107423027284301,0.010685014103790004,0.12024358974627444,0.15469343516697198,
2021-04-16,388.7123107910156,389.317834022548,387.28699001478793,388.70298586402646,82037300,0.0033424464467719,0.00333687288874019,0.10184281425085928,0.15266582746429208,
2021-04-19,386.8025817871094,388.2279026853113,385.4797498055928,387.7807610260529,78498500,-0.0049129624940872,-0.004925070768934189,0.10447556948948637,0.15322031300232247,
2021-04-20,383.9705505371094,386.6907567846418,382.4986335803177,385.5914957452918,81851800,-0.0073216451578875,-0.007348579953671608,0.10924953307426745,0.15393546499597444,
2021-04-21,387.603759765625,387.808709170284,383.2159832062883,383.3557434051097,66793000,0.0094622080350521,0.009417721750089909,0.10472214247962965,0.154746748900843,
2021-04-22,384.0638427734375,388.2652926186608,383.0018525785022,387.4361982523136,97582800,-0.0091328241870718,-0.00917478409625684,0.10992991054985034,0.15614390508744228,
2021-04-23,388.2278747558594,389.6345741269456,384.54813911119874,384.6226532391619,73209200,0.010842030721643,0.010783677307341446,0.11299083988105446,0.1476279087988925,
2021-04-26,389.0384521484375,389.6067326921048,388.2931969494935,388.880098922752,52182400,0.0020878907602599,0.0020857141455092234,0.10268229602298205,0.1469631823427556,
2021-04-27,388.9544982910156,389.53210359386,387.8179659687333,389.3364507074016,51303100,-0.0002157983535001,-0.00021582164131522458,0.10256896159555699,0.1397398272844645,
2021-04-28,388.8427429199219,390.342606350338,388.3769514146441,389.2246953658085,51238900,-0.0002873224800967,-0.000287363765108823,0.10127267478498177,0.13652765103148956,
2021-04-29,391.3207092285156,391.93555735176267,387.948383691938,391.5629298790943,78544300,0.0063726695526991,0.0063524499505163345,0.10197998010012903,0.13447341924391565,
2021-04-30,388.7495727539063,389.9047550008008,387.8552610382918,389.057011063111,85527000,-0.0065704073767992,-0.006592087520444353,0.10287707569052223,0.13552355054502432,
2021-05-03,389.5880126953125,391.1157939955126,389.0942748542552,390.7338415630485,68128300,0.0021567610620552,0.002154438591658791,0.09224656112725964,0.13399561109386138,
2021-05-04,387.18450927734375,388.09747082223015,383.5047736052085,387.6037329855272,101591200,-0.0061693464368691,-0.006188455488711554,0.09594366908115955,0.13477614656317244,
2021-05-05,387.3055725097656,389.0569528283678,386.7466171100508,388.82405711429095,60162200,0.000312675816106,0.0003126269432103836,0.0959903744522385,0.13420804979607934,
2021-05-06,390.3985595703125,390.5289664285822,385.3773127188648,387.3802108160868,74321400,0.007985909008497,0.007954190393230476,0.09825415610787742,0.13488502348319786,
2021-05-07,393.2397766113281,393.8918960254813,390.48229913565626,391.16236490015007,67733800,0.0072777344366812,0.007251379519557394,0.09826052261421887,0.1353956505482148,
2021-05-10,389.3458251953125,393.81741249794896,389.2247148491328,393.5938416617148,81852400,-0.0099022317873614,-0.009951584959189581,0.10604370887340386,0.1373669977197482,
2021-05-11,385.8710021972656,386.8584779431412,382.0049382756216,384.8369586713548,116888000,-0.0089247727166555,-0.008964837055560374,0.11108987400590606,0.13869117525727323,
2021-05-12,377.6730651855469,384.3618242624742,376.3595297518344,383.0948850362776,134811000,-0.0212452787720176,-0.021474207956464767,0.13477375351814816,0.14607508769305197,
2021-05-13,382.20989990234375,384.13828367571983,379.17293000396353,379.21952621514686,106394000,0.0120125980246115,0.011941019428710588,0.13625150405767558,0.1479077375547484,
2021-05-14,388.0788269042969,388.9265708311616,384.9114504451291,384.9393967974584,82201600,0.0153552459092574,0.015238547229160402,0.14702501610704288,0.15043562235004543,
2021-05-17,387.0913696289063,387.9018707443233,385.0791468765085,386.97028771615726,65129200,-0.0025444760366536,-0.002547718717587861,0.14622627726432322,0.15050810319615773,
2021-05-18,383.75628662109375,387.5944038655917,383.597905008926,387.3521831986254,59810200,-0.0086157513948444,-0.008653081553798762,0.1471704611824806,0.15075347785016446,
2021-05-19,382.7500915527344,382.9270945572525,377.5984398598803,379.07968151445806,106467100,-0.0026219637395877,-0.0026254071067531664,0.14307029953181577,0.15094565490965395,
2021-05-20,386.8677673339844,388.12541000565056,383.50476652206805,383.6258484249689,78022200,0.0107581314077429,0.010700674431184306,0.14471201582779952,0.15087406052554703,
2021-05-21,386.551025390625,389.58799485674376,386.09455884988506,388.3489736323711,76578700,-0.0008187343844697,-0.0008190697305179876,0.13939436080886403,0.1413462887877231,
2021-05-24,390.49163818359375,391.56295289159766,388.544604797389,388.7868254622032,51376700,0.0101942888108668,0.010142677512637345,0.14401642370115925,0.14178144783564853,
2021-05-25,389.6252746582031,391.9262858634761,389.0476977323679,391.57227976579446,57451400,-0.0022186480853229,-0.002221112931411714,0.14426639830988228,0.13415770878585034,
2021-05-26,390.3985595703125,390.901594004632,389.1781879116937,390.2122315674567,43088600,0.0019846887827996,0.0019827218900340922,0.1444134100663605,0.13282430155342057,
2021-05-27,390.6034851074219,391.9356421143981,390.3239931202354,391.42328278237954,56707700,0.0005249136608878,0.0005247759419037213,0.14259036285434026,0.12924598492909703,
2021-05-28,391.3021240234375,392.42933147222897,391.0692282777566,392.1684893742527,58520200,0.001788614138513,0.0017870164730325073,0.14061235874153755,0.1258687384345951,
2021-06-01,390.95745849609375,393.7987753351119,390.5196133395258,393.6590435680493,54216600,-0.0008808169089393,-0.000881205056094034,0.14050199684513487,0.12126867985490804,
2021-06-02,391.5722961425781,392.410743642536,390.6034702269548,391.6095674253817,49097100,0.0015726459058984,0.0015714105932957288,0.13852644772089723,0.12049984902206777,
2021-06-03,390.11907958984375,391.2556122111049,387.7994465600032,389.2620389814805,58138800,-0.003711234341781,-0.0037181380581166493,0.1393596322727755,0.11811800471660973,
2021-06-04,393.68701171875,393.985125124761,390.1842502722685,391.9635773504691,55938800,0.0091457514271218,0.009104182304216384,0.14024754359135608,0.11877326065282949,
2021-06-07,393.3049926757813,393.8546231833985,392.373409761924,393.6776201553933,51555000,-0.0009703623223457,-0.0009708334286511071,0.13795327192183923,0.11747759592589851,
2021-06-08,393.388916015625,394.2552814880263,391.563021073544,394.162117490748,47134300,0.0002133797978836,0.00021335703565225424,0.13284369633914886,0.11749559146262946,
2021-06-09,392.8019714355469,394.3018348687151,392.5784006100936,394.2272923071258,48436300,-0.0014920211429008,-0.0014931353148295303,0.1283420501192623,0.1172028798238604,
2021-06-10,394.6278076171875,395.5780403436655,392.7087491710795,394.0222844350054,51020100,0.0046482357890615,0.004637466101555519,0.09783675960877716,0.11732219491341005,
2021-06-11,395.2799987792969,395.3917841957337,393.8919491424424,395.17753829078254,45570800,0.0016526741134827,0.0016513099504246098,0.09080821332704571,0.11723534836839589,
2021-06-14,396.16497802734375,396.2674385065436,394.1527554254345,395.3917482511852,42358500,0.0022388667546546,0.0022363642270033794,0.07550049761002348,0.11252298298202594,
2021-06-15,395.4383544921875,396.3512876197017,394.56266421460623,396.3140447697688,51508500,-0.0018341437922513,-0.0018358278935476722,0.07509413153994918,0.11252093306439692,
2021-06-16,393.2304382324219,395.8016160944157,391.19029786804174,395.5780452993392,80386100,-0.0055834651208808,-0.005599110927983083,0.07049283405363253,0.11259508346407555,
2021-06-17,393.10009765625,394.0782484791992,390.63140827908353,392.82063411530976,90949700,-0.0003314610556541,-0.00033151600101172143,0.06929349919627126,0.11103697015733889,
2021-06-18,387.7970275878906,390.5167781405025,387.5914076691271,389.8251604695109,118676300,-0.0134903809487136,-0.013582202881463524,0.07872700132556111,0.1144456596798088,
2021-06-21,393.34869384765625,393.53563141152,388.74097097735967,389.5540951870982,72822000,0.0143159072009839,0.014214402211850287,0.09311895568632972,0.11718965160541335,
2021-06-22,395.45159912109375,396.28343417143736,392.61966911686017,393.339353041914,57700300,0.0053461605601567,0.00533192057407713,0.08820234007362636,0.11347604343100694,
2021-06-23,394.9750061035156,396.33020373335535,394.8908927490569,395.5264348867474,49445400,-0.0012051867248416,-0.0012059135463916104,0.08783979890773491,0.11352898798852266,
2021-06-24,397.3115234375,397.73209014648296,396.8628904252522,397.1152589733079,45110300,0.0059156080710889,0.00589817956137518,0.08968896396262352,0.11365841243456791,
2021-06-25,398.7228088378906,399.1714418641056,397.73210252899935,398.0592289946144,58129500,0.0035520877627215,0.0035457939985828603,0.09017110789676064,0.11361128812805053,
2021-06-28,399.526611328125,399.69483801915226,398.04990728021846,399.2462335097463,53159600,0.0020159430873221,0.002013913800882754,0.09020000908764217,0.1119026129706897,
2021-06-29,399.7415466308594,400.545315311481,399.2088003066348,399.9097733050363,35970500,0.0005379749349359,0.0005378302782993647,0.08993939853780311,0.10851578000638495,
2021-06-30,400.0780334472656,400.7509687229313,399.2555538300446,399.2835916114196,64827900,0.000841760930887,0.000841406848842364,0.08992715916129747,0.10847100758980123,
2021-07-01,402.2930908203125,402.4519905914438,400.7696381949914,400.83506919032,53441000,0.0055365633398085,0.005521292910870108,0.08937509493199718,0.10887777596714723,
2021-07-02,405.3680419921875,405.7232062337711,402.3772122424309,403.4520604017495,57697700,0.0076435594894381,0.00761449549622538,0.08784544999469468,0.1094575001889658,
2021-07-06,404.6296691894531,405.63908633581775,401.9005634703671,405.42411100289456,68710400,-0.0018214874539829,-0.001823148379465156,0.08820985608868388,0.10884241941665312,
2021-07-07,406.0596618652344,406.34006819983387,403.3025183056718,405.3119686849688,63549500,0.0035340776632761,0.003527847485118637,0.08839326074746526,0.10896882298578184,
2021-07-08,402.7511291503906,403.5081778396305,399.57336151548776,400.7510054866028,97595200,-0.0081478980198279,-0.008181273558188602,0.09446211323347796,0.11047444735590786,
2021-07-09,407.0503234863281,407.3494121346729,402.5547524182168,404.2557870176814,76238600,0.0106745680515079,0.010617997074371978,0.0995542038144714,0.11193759313870362,
2021-07-12,408.5084228515625,408.76079142536776,406.53636552867664,406.9662877159468,52889600,0.0035821108130953,0.003575710334418649,0.09981427156220513,0.11024630881721482,
2021-07-13,407.1157836914063,409.2187027689948,406.85408823599073,407.72328794262097,52911300,-0.0034090830990338,-0.0034149072632957255,0.10137445245111402,0.11047266934927949,
2021-07-14,407.7233581542969,409.29355967985066,406.48031165768174,408.8075333770508,64130400,0.0014923873925536,0.0014912748892084572,0.10066732975546962,0.10984042045123207,
2021-07-15,406.3306884765625,407.0596992666777,404.4333893354509,406.38676403559714,55126400,-0.0034157220818517,-0.0034215689785681434,0.09890339238547023,0.1088748006611968,
2021-07-16,403.1435852050781,407.5550430583768,402.7510563008199,407.5083229344722,75874700,-0.0078436194013148,-0.00787454238887096,0.10436943822113177,0.1088935671093982,
2021-07-19,397.1900024414063,403.20902632092094,394.38611039278754,398.3302530154178,147987000,-0.0147678965563678,-0.014878027554484627,0.10688481581806981,0.11168406023662993,
2021-07-20,402.88189697265625,404.15300952398457,397.05913759218,397.8535793714272,99608200,0.0143304073523091,0.01422869760796858,0.10690791747845145,0.1132432853549436,
2021-07-21,406.143798828125,406.28401626491234,402.83522636423976,404.0782727663207,64724400,0.0080964220035186,0.008063821823884246,0.10873344169468326,0.11423273217708212,
2021-07-22,406.9943237304688,407.2373368678416,405.3400374682048,406.3213884076943,47878500,0.002094147207954,0.0020919575381508466,0.10834117721295072,0.11425013391029204,
2021-07-23,411.1815185546875,411.51797198627247,408.2374369376335,408.9196992370157,63766600,0.0102880914550338,0.010235529244630254,0.11171844500292284,0.11586375898518372,
2021-07-26,412.1907958984375,412.2001513321197,410.54586536220575,410.5925854852893,43719200,0.0024545785698191,0.0024515710123600982,0.11154809552330039,0.11535884718817309,
2021-07-27,410.3122253417969,411.18142503169713,407.4896224241449,411.15338725210887,67397100,-0.0045575266971839,-0.004567943885106574,0.11369785921177948,0.11487347079357009,
2021-07-28,410.14404296875,411.5179514578612,408.7234143462509,410.9384848950348,52472400,-0.0004098887692336,-0.000409972796597251,0.11383534803874737,0.11487405377396612,
2021-07-29,411.8450622558594,412.9198819868287,411.0599757952557,411.0693312306445,47435300,0.0041473704574541,0.004138793822076916,0.11426603185603183,0.11411592544825232,
2021-07-30,409.8449096679688,411.2935758166281,409.1532635675781,409.28412555399376,68951200,-0.0048565656631522,-0.004868397100484189,0.11530230435453268,0.11474709069315797,
2021-08-02,408.9850769042969,412.10674026622047,408.6299126466088,411.5553115323718,58783300,-0.0020979466705307,-0.0021001504434519135,0.1129652975723474,0.11397049417000309,
2021-08-03,412.3123779296875,412.4338844991458,407.5925037276187,409.7795364098606,58053900,0.0081355071695421,0.008102592329859114,0.11578232384838301,0.11419022564393355,
2021-08-04,410.28424072265625,412.2843358119872,410.050583021591,411.0319339569977,46732200,-0.0049189335940263,-0.004931071367504172,0.11716035091553693,0.11262603125428627,
2021-08-05,412.8825073242188,412.96662067268136,411.1253968736616,411.4431679198543,38969700,0.0063328452415964,0.006312877036530798,0.11414502121903487,0.11127002386650132,
2021-08-06,413.564697265625,413.9852924570962,412.9197998507896,413.2002061526581,46930000,0.0016522616708258,0.001650898188191341,0.10868336992687896,0.10080776855149377,
2021-08-09,413.2283020019531,413.8544886377314,412.4618979342041,413.53671760242094,41222600,-0.0008134042047013,-0.0008137351974008491,0.10830943941008106,0.09853574608874331,
2021-08-10,413.7423095703125,414.4526380263717,412.9946164227404,413.676878576167,43339300,0.001243882778283,0.0012431097970322792,0.10729119888471761,0.09415733991625207,
2021-08-11,414.7704162597656,414.8638850355054,413.6862412110491,414.80780947459465,44034300,0.0024848961918371,0.0024818139422858603,0.10743247240548057,0.09389640441514285,
2021-08-12,416.013427734375,416.15364514758056,413.72359979508303,414.6208372172166,38909400,0.0029968662804313,0.0029923846283886725,0.10645265302869289,0.09171046392910526,
2021-08-13,416.77056884765625,416.7892511950456,415.9761269822574,416.4621247183911,39470300,0.0018199920070001,0.0018183378283045711,0.10093825042462759,0.09134014808873929,
2021-08-16,417.75189208984375,417.8827255582406,413.9199004513762,415.4713908619817,73740000,0.0023545886287048,0.002351820928578411,0.07980893194492981,0.0892963212515303,
2021-08-17,415.013427734375,415.87327201338974,412.0319534928369,415.2003367624512,92673900,-0.0065552410589196,-0.006576821011147669,0.07323713637960211,0.09064389923387914,
2021-08-18,410.47113037109375,415.5648794226537,410.2281457688839,414.004033503329,89351900,-0.0109449407169266,-0.011005277237575516,0.08134380144551152,0.09206687960008496,
2021-08-19,411.1066589355469,412.3030136509168,407.61114913490746,407.7513380397817,92812200,0.0015482905311234,0.0015470931650934294,0.08122793925742249,0.09185685063030775,
2021-08-20,414.37786865234375,414.7049951138694,410.966472176814,411.4524984131377,72008700,0.0079570827805777,0.007925592136197708,0.07790274115930373,0.09295839181608202,
2021-08-23,418.0230102539063,418.929603334832,414.45271350034966,416.06027973077454,54973000,0.0087966609158385,0.008758195706550946,0.0831585183891534,0.09430275909082105,
2021-08-24,418.6864929199219,419.2192392352231,418.17245747210313,418.6864929199219,38744700,0.0015871917328489,0.001585933475271702,0.08082176061463525,0.09429768220225396,
2021-08-25,419.5651550292969,420.0791906082296,418.49966212692135,418.8735372999682,40529700,0.0020986158479754,0.002096416829795571,0.08072725314644055,0.09422420552863181,
2021-08-26,417.08831787109375,419.5183349461485,416.9948490937456,419.2846772641112,57829600,-0.0059033433270457,-0.005920836939440368,0.08360952592623075,0.09533477822451981,
2021-08-27,420.8175354003906,421.19138203158167,417.8360607411706,417.8921363097158,77235100,0.0089410740351865,0.008901339304544943,0.08585050942610206,0.09614228374974539,
2021-08-30,422.6680603027344,423.4531466839395,421.2474033554113,421.4904164695936,48357400,0.0043974519754341,0.0043878114357036625,0.08550964647466382,0.09497804397136692,
2021-08-31,422.0418701171875,422.9110698917558,421.4437212534849,422.5746165039233,59300200,-0.0014815176360815,-0.0014826161684653118,0.08263013146533167,0.09503340902884766,
2021-09-01,422.2661437988281,423.4905077483613,422.03248612109024,422.9764722664043,48721400,0.0005314014971509,0.0005312603533757932,0.07949983390426626,0.0950218971756812,
2021-09-02,423.5652770996094,424.3690457877398,422.3689509787344,423.6867836507604,42501000,0.0030765746197265,0.0030718516486003943,0.07767613492365728,0.09493376637240823,
2021-09-03,423.4624633789063,423.9765273755303,422.0324795543075,422.4343924309889,47170500,-0.000242734063111,-0.00024276352779166465,0.07784596872151824,0.09471805550269762,
2021-09-07,421.9483947753906,423.2101520054819,421.27545948751975,423.1166832249812,51671500,-0.0035754493832452,-0.0035818565793542196,0.07939222457078104,0.09521163178596836,
2021-09-08,421.434326171875,422.1446546206983,419.51831615140816,421.4156438263088,56181900,-0.0012183210313888,-0.0012190637877950762,0.07979044466179347,0.09529695748352346,
2021-09-09,419.6305541992188,422.98587540724486,419.3875410597101,421.2381203442714,57970400,-0.0042800784384151,-0.004289264194007491,0.08163246013211957,0.09574374903721766,
2021-09-10,416.3218688964844,421.9763727824504,416.2003623513121,421.55580611377326,89948200,-0.0078847578414501,-0.007916006913857873,0.08640509750807578,0.09653918756933667,
2021-09-13,417.3873901367188,419.57445120398825,415.078851030305,419.3127557334204,83738600,0.0025593688918112,0.002556099284814517,0.08664617002487567,0.09655671167164953,
2021-09-14,415.1348876953125,419.03228133911085,414.24697721294655,418.82666146544,78197100,-0.0053966710414237,-0.005411285674548231,0.08830533936833529,0.09265981322004761,
2021-09-15,418.6024475097656,419.0978006931455,414.45268447355176,415.55554197274927,78792200,0.0083528508858983,0.00831815887784297,0.09010472075220032,0.08985039067140857,
2021-09-16,417.9388427734375,419.0510271190857,414.99473310868217,418.079031680648,77786700,-0.0015852863266229,-0.0015865442225842226,0.07987155463062622,0.08955613431262738,
2021-09-17,413.86767578125,417.59004823431,413.51137369740354,417.168134146106,118425000,-0.0097410591587306,-0.00978881364809215,0.08834287317378049,0.0921178482213911,
2021-09-20,406.96673583984375,409.3295403810296,402.10981691745377,407.7543373535724,166445500,-0.0166742665475855,-0.01681484703870759,0.102640540858546,0.09828076583061447,
2021-09-21,406.5823059082031,410.59533949300106,406.0572382327374,409.3014125020168,92526100,-0.0009446224906989,-0.0009450689276889891,0.0960982262479913,0.09809760384281266,
2021-09-22,410.5484619140625,412.5831207202877,406.6948369631127,408.8513629815071,102350100,0.0097548662305901,0.009707594692743899,0.10347257290963899,0.09991359661982786,
2021-09-23,415.5366516113281,417.1400110058016,412.17996661282217,412.4143728690153,76396000,0.0121500630498276,0.012076843518415445,0.11303311392306979,0.1027144509006971,
2021-09-24,416.22113037109375,416.9337345501658,413.6895313452658,413.9051954031547,62094800,0.0016472163336529,0.0016458611607991591,0.11138362637217537,0.10273422074285234,
2021-09-27,415.0303649902344,416.35239112758217,414.3365029971487,415.1897452245322,61371100,-0.0028608960333121,-0.00286499621837158,0.1064894140652963,0.10247632395789781,
2021-09-28,406.6667175292969,412.59251441684535,405.93537117136833,412.26433994291904,130436300,-0.0201518928889318,-0.020357712073944007,0.12538266804281104,0.10996510481145251,
2021-09-29,407.3512573242188,409.7797030258202,406.7886765121533,408.0450907778052,82329200,0.0016832943671436,0.001681879215036457,0.1260337892873107,0.10994425265619485,
2021-09-30,402.3723754882813,409.52642965582174,402.0348156347722,408.8232109595568,140506000,-0.0122225763304192,-0.012297886300208685,0.13105221282754592,0.11259583392674624,
2021-10-01,407.1542663574219,408.8326231008619,400.58153463739126,404.0976283486504,129240100,0.0118842424590848,0.01181417940096655,0.13931834196066428,0.11395435478605094,
2021-10-04,401.9036560058594,406.89180003205087,399.76584320514337,405.9916879045195,128570000,-0.0128958745748551,-0.012979748228415262,0.14445824289704187,0.11498055135406482,
2021-10-05,406.08538818359375,408.3262970264828,402.6068074886927,403.4037658375677,90682500,0.0104048124848941,0.010351054993013396,0.1515122248973667,0.11675854135833737,
2021-10-06,407.7730407714844,407.9793193826561,400.8721356232664,402.49420829771526,113032200,0.0041559057208127,0.004147293796617442,0.153029448354782,0.11686978613280602,
2021-10-07,411.2986145019531,414.1302318975777,410.867314983928,411.0454660354257,72437500,0.0086459215739189,0.008608759639811397,0.1568768471490442,0.11815391730568577,
2021-10-08,410.5484619140625,412.451868101781,409.9202691984104,412.0674384245111,74557400,-0.0018238636393147,-0.0018255289037203367,0.15479288910930647,0.1179932776558094,
2021-10-11,407.5762023925781,412.7987803671197,407.5105617770027,409.8921372238028,65233300,-0.0072397287950539,-0.007266062809293103,0.15597601972152345,0.1178225073524215,
2021-10-12,406.5729064941406,408.8982265582589,405.7853050080784,408.4950547167105,71181200,-0.0024616155029363,-0.002464650259670933,0.15526725013882195,0.11372045493336266,
2021-10-13,408.0356750488281,408.85140428938456,404.6227346402631,407.5949901170963,72974000,0.0035978013569593,0.0035913447514125123,0.15236736278340354,0.11022708205045434,
2021-10-14,414.8990478515625,415.0490712799511,411.2235453911505,411.69235787459854,70236800,0.0168205213965986,0.016680623022844232,0.16513922014220087,0.11419204753874966,
2021-10-15,418.0588989257813,418.42458644967,416.38992739167634,417.0087633916093,66260200,0.0076159516166189,0.0075870966697528875,0.16349790844220727,0.1151006638570845,
2021-10-18,419.2965698242188,419.6341011247243,415.6210668502245,416.2774158643815,62213200,0.0029605180074332,0.0029561443041556373,0.15024651165793276,0.11341093166079684,
2021-10-19,422.5312805175781,422.596892511088,420.3090855642555,420.9185646143034,46996800,0.0077146128209812,0.0076850073611122805,0.15150727885528992,0.11433333048258369,
2021-10-20,424.1908874511719,424.4909342886698,422.8782183046703,422.9907287152216,49571600,0.0039277729486935,0.003920079387652354,0.1489346355234894,0.1140769555888264,
2021-10-21,425.2972717285156,425.5222925463141,423.15948811730703,423.5907875561012,41305400,0.0026082226423855,0.0026048271325916418,0.14383414688452434,0.11413539834840257,
2021-10-22,424.856689453125,426.3100255563803,422.91579858892055,424.8660748608127,58845100,-0.0010359395760992,-0.0010364765323701286,0.14402919925017976,0.11394357799174364,
2021-10-25,427.1350402832031,427.4632147429343,424.17217058163135,425.9442668817109,45214500,0.0053626337695442,0.005348306049123832,0.1440364303431777,0.11380424482235967,
2021-10-26,427.51947021484375,429.8916602272119,427.144425952367,428.6821446267776,56075100,0.0009000196551089,0.0008996148802712052,0.11895500615235849,0.11365621792389861,
2021-10-27,425.6254577636719,428.6446111455954,425.5504317463337,427.978905465438,72438000,-0.004430236709968,-0.004440079289349847,0.12147191312887227,0.11309055820950048,
2021-10-28,429.7322998046875,429.80729721502064,427.0413206145411,427.050677407055,51437900,0.0096489577070739,0.009602703811229367,0.11126445583386951,0.11401175147889307,
2021-10-29,430.6043090820313,430.89497056169455,427.14447031928165,427.435131798945,70162400,0.0020291918427823,0.0020271358139298066,0.10664654752388268,0.11345908893105616,
2021-11-01,431.3450012207031,431.963837137472,429.6197747015492,431.5887642564896,48433600,0.0017201224489622,0.001718644732668277,0.08912486799961557,0.11346159782827149,
2021-11-02,433.0888977050781,433.3983299188752,431.3824136689737,431.5136948782304,48908400,0.004042927307468,0.004034776637852337,0.08546271296855873,0.11362001325448445,
2021-11-03,435.7331237792969,436.1362956921223,432.0857485213813,432.52643344894864,52509800,0.006105504177619,0.006086941106607375,0.08601768916825625,0.11413638666946835,
2021-11-04,437.7864990234375,437.8708818410705,435.9862464051318,436.3331630823048,52847100,0.0047124607519639,0.0047013918696217506,0.08392154194440966,0.11436125892180313,
2021-11-05,439.3054504394531,441.2932109079652,437.7958878886841,440.0086692059953,66390600,0.0034696168552568,0.0034636116212609066,0.08186185041129353,0.11440215223204903,
2021-11-08,439.6804809570313,440.89941061596096,438.9960330253521,440.4024705143944,50405200,0.0008536896530715,0.0008533254673128776,0.0723740384457769,0.1143864457020177,
2021-11-09,438.2272033691406,440.2806045314554,436.8207657847632,440.0461982673925,51149100,-0.0033053038532148,-0.003310778436766016,0.07339910471049302,0.1146660868025068,
2021-11-10,434.7016906738281,438.2271697715408,433.220255788708,436.53942763125457,69429700,-0.0080449425964612,-0.008077477760323746,0.08456815284961174,0.1151186447523838,
2021-11-11,434.8423461914063,436.2675545379645,434.8236039920207,436.19252851233256,34848500,0.0003235679101227,0.0003235155733159187,0.0682549453327737,0.11247909370637765,
2021-11-12,438.1240234375,438.6772187538003,435.1611250038921,436.1081354103615,53466700,0.0075468207612172,0.00751848597847134,0.06818548756604216,0.11327484024680354,
2021-11-15,438.2741088867188,439.568036148022,437.148975895969,439.4086558993386,46980500,0.0003425638430898,0.00034250518149327614,0.06850468272767446,0.11237446280063125,
2021-11-16,440.0086975097656,441.1432158474996,437.9365540896623,438.01155150607127,48857500,0.0039577711479534,0.003949959775356901,0.06577650443948543,0.11137221019660437,
2021-11-17,438.9397583007813,439.9242530537252,438.32092239942926,439.74610202390977,47858300,-0.0024293592718371,-0.0024323149529841934,0.0672006325877591,0.11156374932589769,
2021-11-18,440.4305419921875,440.69307581212365,437.25197993727926,439.9710863467691,50625600,0.0033963286834106,0.0033905741849120795,0.06739716152781242,0.11166009446181328,
2021-11-19,439.64300537109375,441.5651251990252,439.27731788187225,440.318067909882,57315600,-0.0017881062869334,-0.0017897068572579934,0.06786136937806994,0.11091512451076517,
2021-11-22,438.40521240234375,444.0028333194394,438.1989338122282,441.5181334480732,72762000,-0.0028154501575777,-0.002819420992248706,0.06824646511611349,0.10988993763160484,
2021-11-23,438.9866943359375,439.8399366037772,435.4799856465685,438.0771968516729,73206500,0.001326357253846,0.0013254784190770003,0.06822988808872815,0.10962779567842676,
2021-11-24,440.1586608886719,440.2805567109924,436.17375483241744,436.9894839645097,61858800,0.0026697085990436,0.0026661512570129563,0.06484719624236014,0.10961580599122155,
2021-11-26,430.3417663574219,434.9642509437394,429.2166048622244,433.50155816840993,112669600,-0.0223030816011432,-0.022555556363729964,0.10235265514230933,0.1195307858227266,
2021-11-29,435.6206359863281,437.458373207534,432.92965647319335,435.1236958178473,86268800,0.0122666913639097,0.012192065163323147,0.11092996406089038,0.12186747764446047,
2021-11-30,427.1444091796875,435.0860934508205,426.9006175423312,433.18271599479897,148559600,-0.019457817436607,-0.019649612788835723,0.13195732018150658,0.1286518455313903,
2021-12-01,422.4000549316406,435.6862135337651,422.2031616971008,432.84521097923056,131939200,-0.011107143500153,-0.011169288415317601,0.13601763991319474,0.13051665220809644,
2021-12-02,428.8696899414063,430.4355363570328,422.22193180478286,422.6157469139375,127637800,0.0153163687699156,0.01520025729683919,0.1460164141456591,0.13413949815822582,
2021-12-03,425.1379089355469,431.58874442702455,420.9185967447433,430.5292522904625,137331600,-0.0087014333103587,-0.008739511833928949,0.14709801131580644,0.13509524431068645,
2021-12-06,430.1730041503906,432.0482542479885,425.2692148441158,427.6789180869,98977500,0.0118434397615836,0.01177385510450616,0.15360547563814114,0.13605519520477888,
2021-12-07,439.0710144042969,439.633595102183,430.0416814760553,435.4424103932935,95484700,0.0206847249084822,0.02047370100572548,0.17156899484306334,0.14201101766494115,
2021-12-08,440.2336730957031,440.68374339000826,437.7114595944113,439.4648423539088,72238800,0.0026479969145394,0.0026444971475963596,0.17137890893347854,0.1414539602822561,
2021-12-09,437.2614440917969,440.3368530852221,437.0645508448951,438.9491577219033,61272600,-0.0067514803740605,-0.006774374723032849,0.17060193616222055,0.1414907347159284,
2021-12-10,441.3775634765625,441.52758690349503,437.41142821807136,439.9617692478392,77159800,0.0094134057333019,0.009369375728743296,0.17361807347008293,0.142503529009338,
2021-12-13,437.4676818847656,441.20879629669554,437.1863772299923,440.86187964178026,87724700,-0.0088583605405772,-0.008897829073520176,0.17489893795908226,0.14222926686884674,
2021-12-14,434.4578552246094,436.6894070406909,431.5418555519258,434.2047068054055,97264100,-0.0068801120283648,-0.006903889121260308,0.17655317110145943,0.1383469155441618,
2021-12-15,441.2463073730469,441.49007040259744,432.00131048296834,434.5141670966672,116899300,0.0156251108520708,0.015504295682613679,0.18492652142085889,0.1413875061560368,
2021-12-16,437.355224609375,443.3747615247552,435.8081203552477,443.0934854498481,116568600,-0.0088183916752467,-0.008857503798234712,0.18750060237679658,0.14182644040567885,
2021-12-17,432.7004699707031,437.2827414785998,430.9974086651927,434.2812071966068,135511600,-0.0106429610914772,-0.010700002489133933,0.1905865945608925,0.1419470925147049,
2021-12-20,428.0993347167969,428.4945046145701,424.4862092214544,427.62887521925904,107134800,-0.0106335342187582,-0.010690474252675716,0.19373949183664574,0.1438255882997475,
2021-12-21,435.7020263671875,435.84315849906136,429.35082200169626,431.51492459596,69806300,0.0177591765131335,0.01760332483108026,0.20489909244067178,0.14785959699704213,
2021-12-22,440.0584411621094,440.17134685592566,435.25032979357655,435.44794347232624,58890200,0.0099986103604909,0.009948954971519567,0.20807347723889585,0.1422672792966779,
2021-12-23,442.7965393066406,444.2925972471357,440.9523458894644,441.0558332086626,56439700,0.0062221239008628,0.0062028464112378655,0.20902359568225837,0.1426183130986763,
2021-12-27,449.0630493164063,449.1100837845784,444.12322414632985,444.170258614502,56808600,0.0141521205643977,0.014052914197545618,0.19591729745745043,0.14203895436630787,
2021-12-28,448.696044921875,450.5214301033936,447.9339028188725,449.4958318254591,47274600,-0.0008172669630465,-0.000817601107760542,0.1924667986277508,0.14059819132990736,
2021-12-29,449.2700500488281,450.2862300149204,447.8022185897107,448.7995905115579,54503000,0.0012792738724787,0.0012784562988510937,0.17559271520125244,0.13727183720102726,
2021-12-30,448.028076171875,450.7002831733333,447.5670349664784,449.693492768275,55329000,-0.0027644261548663,-0.0027682542374446186,0.16932307225520485,0.13643497071868851,
2021-12-31,446.89892578125,448.6866663206762,446.6260799179109,447.5387725895835,65237400,-0.0025202670338718,-0.00252344825297138,0.16391054191546842,0.13659582168611664,
2022-01-03,449.4864807128906,449.6182231773568,445.8545465639054,448.15978126090016,72668200,0.0057900227151299,0.005773324956208092,0.15925889473162458,0.13609061752131332,0.129183507369324
2022-01-04,449.3359680175781,451.6224235757482,447.4823559808751,450.9073157703472,71178700,-0.0003348547771087,-0.00033491085348822763,0.15595986944701834,0.13597021944585708,0.12906040745980937
2022-01-05,440.7076721191406,449.74050080120287,440.61357447061033,448.9689402836536,104538900,-0.0192023263494899,-0.019389085692776614,0.15811557408629162,0.14146890400896964,0.13057289634158004
2022-01-06,440.293701171875,443.0035528678846,437.9319849605687,440.2466667010779,86858900,-0.0009393322908926,-0.0009397737399355037,0.15788813161894477,0.14132991497130112,0.12984895726399287
2022-01-07,438.5530090332031,441.4792825603523,437.1980831419466,440.3031336071487,85111600,-0.0039534795388598,-0.00396131519798896,0.15659615727516926,0.14166049936638309,0.12984960921810215
2022-01-10,438.00732421875,438.2237172664322,429.6237303519184,435.3633434538239,119362000,-0.0012442847346004,-0.0012450594996030507,0.1527920618817875,0.13801119705544923,0.12964185600720507
2022-01-11,441.9967346191406,442.0908322693714,434.75164626994354,437.7437907456816,74303100,0.0091080906181335,0.00906686211365555,0.1528211436370146,0.13835018863266776,0.12989876657468893
2022-01-12,443.1917114257813,445.2429369205549,441.2346123000405,443.72804221308974,67605400,0.002703587409238,0.002699939290657368,0.15042092792696315,0.13833514231333277,0.12989891346741697
2022-01-13,437.085205078125,444.9418863252983,436.0596065718212,444.29264976490606,91173100,-0.0137784759737747,-0.01387428021609705,0.14897814744900326,0.14086723118070793,0.1306640091618375
2022-01-14,437.2639465332031,437.6120820227763,432.7287093594842,433.9425030975037,95890900,0.0004089396140649,0.0004088560210498739,0.14565592033945232,0.1406936629833208,0.13040624459847858
2022-01-18,429.5201416015625,432.7851319574491,428.4098639787604,432.578128611285,109709100,-0.0177096808301633,-0.017868373618290887,0.15458244107972902,0.14556119886915553,0.13156190217109096
2022-01-19,425.0602111816406,432.45582165960354,424.7873365975809,431.0632797435182,109357600,-0.010383518694355,-0.01043780352996803,0.1543611208904943,0.1471589043000836,0.13139448005723176
2022-01-20,420.3555603027344,431.6371698449728,418.2384925675779,426.9419932565545,122379700,-0.0110681987049026,-0.011129906971566248,0.14332260620648352,0.14847375252420633,0.13192556342543316
2022-01-21,412.1037292480469,421.58818048555,412.0755028255823,419.2358828982697,202271200,-0.0196305980792657,-0.019825837606387897,0.14979274188744654,0.15375974731564454,0.133441286000595
2022-01-24,413.8537902832031,414.3618945596718,395.9010692318445,406.5052155318438,251783900,0.0042466517795156,0.004237660200927999,0.1482973663710745,0.1538654259896325,0.1334492222578831
2022-01-25,408.8011169433594,413.7409421509055,401.9135823339121,407.47441758472695,167997300,-0.0122088366917847,-0.012283976746548762,0.13620924312140326,0.15428455427077428,0.1340519579679026
2022-01-26,407.7755737304688,417.80577600170864,403.522600504058,414.6819173184066,186391100,-0.0025086604962303,-0.0025118124575435065,0.1357011122238316,0.1542056583747634,0.13166344427245702
2022-01-27,405.761962890625,415.5004817840375,404.07773829561154,412.36723366568094,149878300,-0.0049380369241407,-0.0049502693144176935,0.13379980423542898,0.15432611247815156,0.13153968593427962
2022-01-28,415.8392028808594,415.886237349482,402.54401155859085,407.1168645482626,164457400,0.0248353490762038,0.024531964639574452,0.17022520783377748,0.1626837681829879,0.1320465153082052
2022-01-31,423.3288269042969,423.6769623039199,413.825540245353,415.17104738454265,152251400,0.0180108656700732,0.017850591617610035,0.1867025005872298,0.16651415796316626,0.13221399645287576
2022-02-01,426.1893310546875,426.82914917104256,420.5343978995624,424.0534262540882,123155400,0.0067571683490321,0.006734441011171658,0.18731183289738376,0.16683624767992244,0.13167801742394253
2022-02-02,430.329345703125,431.053843055328,426.2833764423959,428.5886396673794,117361000,0.0097140269518061,0.009667149129133086,0.192258738434053,0.1679381583368185,0.13198073948847422
2022-02-03,420.2144775390625,426.20812763649417,419.377045753608,424.3074813838875,118024400,-0.0235049463046392,-0.023785594018364702,0.19803071796706137,0.17464513839816878,0.13382049873131552
2022-02-04,422.1904296875,426.0293671450485,417.6081293545503,419.9792639651472,118454400,0.0047022467193644,0.004691225692812556,0.1995768965764591,0.17491465543578044,0.13384155879761864
2022-02-07,420.8354797363281,424.3450895509773,419.50878037886775,422.95254768054906,84472900,-0.0032093336463708,-0.0032144946027098586,0.19950207383286986,0.17431214172606874,0.13373380846756944
2022-02-08,424.2980651855469,425.2201762493433,418.91600673505786,420.3368037778956,81012000,0.0082278838547267,0.008194219350722932,0.20280107098181283,0.1752226655374296,0.13394353827223887
2022-02-09,430.5081787109375,430.82808779311625,428.12765428405766,428.325239275932,92589900,0.0146362051466695,0.014530129671751404,0.20748190889153512,0.17715614685583148,0.1346585971363691
2022-02-10,422.7738342285156,430.6681316163466,420.7790900603745,424.6744807309833,140103700,-0.0179656156721126,-0.018128956650150962,0.21516471410223859,0.18087885173773952,0.13596291710049785
2022-02-11,414.4372253417969,424.92846773085336,413.00703862428105,422.858462906652,153214600,-0.0197188383286102,-0.019915848800674776,0.2204570842492677,0.18488308222815994,0.13743213069046709
2022-02-14,413.082275390625,415.5098626456239,409.6197001412661,413.9291255162954,123006300,-0.0032693731844537,-0.0032747292621606978,0.22016447615733406,0.18491905569239075,0.13747741690787293
2022-02-15,419.7439880371094,419.9133465722276,416.9964918153884,417.5140145143431,88482700,0.0161268421410354,0.015998185990851642,0.22232212298634327,0.18798084810265084,0.13834795608281109
2022-02-16,420.2144775390625,421.588211390658,415.82979106919817,417.70221089727113,84863600,0.001120896344825,0.00112026860955744,0.21968872227713063,0.18801012499196723,0.1382641172337182
2022-02-17,411.2381286621094,420.18627912524965,410.6359553270565,417.0341941741858,102259100,-0.021361350826183,-0.021592806554024787,0.22928670839422832,0.1927677305441806,0.1400127759378312
2022-02-18,408.5753173828125,412.7435821681036,406.3076988713617,411.492143665792,132642900,-0.0064751079574256,-0.006496162404713703,0.21951921427909354,0.19301954779386502,0.1399458455440573
2022-02-22,404.190673828125,409.77031787811296,400.6998428681477,406.373613297068,124391800,-0.0107315429203456,-0.01078954124126988,0.22175075000883251,0.19383752826110914,0.1403992045329721
2022-02-23,397.0208740234375,407.6626680417125,396.4563167518518,407.0981107701267,132578000,-0.0177386571955797,-0.017897872832772645,0.226326888480525,0.19189372026000073,0.14119631794212364
2022-02-24,402.9955749511719,403.4284183428238,386.378971556724,386.7364966376221,213942900,0.0150488332444245,0.014936722907287746,0.2336108838796104,0.19280089463517383,0.1397481604251152
2022-02-25,411.8872985839844,411.97197784953823,402.5815957478885,404.22820402321,121804500,0.0220640726238492,0.021824183186081023,0.24598685693838096,0.19466537724830144,0.14124722947485974
2022-02-28,410.8335266113281,412.3107765451423,405.25388303089113,406.5052928463394,145615000,-0.0025583988053988,-0.0025616771002734636,0.22949113888495792,0.19346600175395948,0.13932374471301467
2022-03-01,404.5763854980469,411.3415957988549,401.8759236906789,409.3374336179091,137785900,-0.0152303565994039,-0.015347529728553353,0.22427647160344774,0.19303141320967399,0.13997630418922738
2022-03-02,412.01904296875,413.7409121389248,406.0724278778105,406.825151607102,117726500,0.0183961737201763,0.018229011105706565,0.23389923444063454,0.19628122977212065,0.14040797636865332
2022-03-03,409.9678955078125,415.0488534314616,408.17073639481583,414.446680076633,105501700,-0.0049782831544828,-0.004990716086333346,0.23021695891356128,0.1947968109206452,0.13990896392461008
2022-03-04,406.6370849609375,407.7661708323415,402.6005333378197,406.24188624147126,113978200,-0.0081245643460672,-0.008157748478943462,0.2173051849827196,0.19022411410667214,0.13906223594391948
2022-03-07,394.6497192382813,406.7593443206303,394.58384800510765,406.05365494553234,137896600,-0.0294792732045278,-0.029922519779412834,0.2377026428369393,0.198867449449152,0.1422534336332314
2022-03-08,391.6575317382813,401.9699958852327,390.5942886794115,394.8284241576632,164772700,-0.0075818817400282,-0.007610770317875751,0.2381755603746979,0.1989637803049763,0.14180683383315043
2022-03-09,402.15826416015625,404.134200151545,397.8394486342406,400.0223879907192,116990800,0.0268110059706241,0.026457888666620456,0.25814891315036764,0.20603091801590717,0.14407591289893365
2022-03-10,400.34228515625,401.2361411085676,395.60004466085365,397.5571438333972,93972700,-0.0045155829576165,-0.0045258089983089235,0.2500341617709608,0.20555931513222145,0.1438323458887549
2022-03-11,395.2518615722656,403.43783985789673,394.7437572588801,402.8262482347944,95636300,-0.0127151784178821,-0.012796708146316524,0.24662696736160422,0.20657591309995468,0.14442930893851896
2022-03-14,392.3632507324219,399.4671781987032,391.2247467020312,396.0234396841189,95729200,-0.0073082788993155,-0.007335115200944415,0.2393658352688417,0.20379407800059013,0.14451924593430385
2022-03-15,400.9915161132813,401.6219158468352,393.6993928949382,394.969610741959,106219100,0.0219905033530869,0.021752199520225227,0.2546188843838922,0.20895662571694956,0.14610076016956003
2022-03-16,409.8831787109375,409.9396315604553,399.7024270341616,404.4917305799787,144954800,0.0221741913241484,0.02193191886674754,0.26081855388276015,0.21343811679945074,0.14765679354871325
2022-03-17,415.01123046875,415.01123046875,407.5967827207491,407.9731446506093,102676900,0.0125110080729342,0.012433392110254802,0.26520151598400205,0.21416876000854063,0.14736484146631249
2022-03-18,419.5567321777344,419.87763507524926,412.66669551110175,413.4028912886427,106345500,0.0109527197706198,0.010893173139260547,0.25604436631201233,0.2121760376816001,0.14770910978648075
2022-03-21,419.43402099609375,421.3877523283893,415.93234592986585,419.3868116069883,88349800,-0.0002924781614245,-0.0002925209415036764,0.25457778270200193,0.21103019360199624,0.14752570407617926
2022-03-22,424.3420104980469,425.2764050572008,420.8214687288552,420.8214687288552,74650400,0.011701457812834,0.011633525182345518,0.25287810561149116,0.21209073386660768,0.14769622641965968
2022-03-23,418.8771057128906,423.30372739490633,418.79216338171153,421.81246957458256,79426100,-0.0128785381837215,-0.01296218550281172,0.2481783611107384,0.21128401531283353,0.1482104921134185
2022-03-24,425.1914978027344,425.2009454427064,419.783299994342,420.897026967389,64736900,0.0150745696141525,0.014962077395288981,0.24819498544240473,0.21385240164918248,0.1488223134570622
2022-03-25,427.2678833007813,427.54160557531713,423.2471067305392,425.8238060374059,77101300,0.0048834125535834,0.0048715273722896735,0.23793536231793916,0.2141350911752854,0.14808383644727582
2022-03-28,430.30706787109375,430.30706787109375,424.7855856636152,426.6732699189053,68529800,0.0071130658050724,0.007087887279664487,0.23803689228492467,0.21470730912369296,0.14822241858088417
2022-03-29,435.6303405761719,436.1211569373377,431.5057549157547,434.1862632130821,86581500,0.0123708697870443,0.012294975852352657,0.23094978731571225,0.21630349408968125,0.14864478242742823
2022-03-30,432.9404296875,435.30003519309184,430.835651207152,434.4883159212036,79666900,-0.0061747556084228,-0.0061938982532858955,0.22680235790688139,0.2162290252585159,0.14876413237797365
2022-03-31,426.2769165039063,432.997068540125,425.8238618663555,432.1759304126346,121699900,-0.0153912934128225,-0.015510968931363299,0.23434517159767687,0.21836823410820472,0.14928846761178602
2022-04-01,427.4850158691406,427.99466991123313,423.9172935556048,427.8530993439852,89048800,0.0028340717464661,0.002830063336761684,0.23128481500709877,0.2150458291222466,0.1486699929443942
2022-04-04,431.1471252441406,431.2509628688752,426.8621021980193,427.6832403411355,59601000,0.0085666379850868,0.008530152565413354,0.19761579145692004,0.21583885282992782,0.1488835267611697
2022-04-05,425.70111083984375,432.119225743506,424.5590699380688,429.6558116325977,74214500,-0.0126314524333498,-0.012711907455835246,0.20250469892897857,0.21720491339008594,0.14946863010968517
2022-04-06,421.4444274902344,423.7190907497015,418.5657201739074,421.7936733149173,106898000,-0.0099992300729767,-0.010049558149739976,0.19030277238100865,0.21808235559067196,0.14977530116386034
2022-04-07,423.5680236816406,425.3802132507673,418.6223001216418,420.5666126114327,78097200,0.0050388522255533,0.005026199694700705,0.18874477293525,0.2174703469265655,0.14969004610710712
2022-04-08,422.4354553222656,425.3236101154736,420.8969879460332,422.8129864370016,79272700,-0.0026738759680929,-0.002677457159638517,0.18089488577792076,0.2173894466369284,0.14972159496919762
2022-04-11,415.2151489257813,420.00985550143633,414.7149136208185,419.1698219646175,89770500,-0.0170920937282031,-0.01723984962076636,0.19172908347992065,0.21836127504791553,0.15073190255983215
2022-04-12,413.6765747070313,420.717628922996,412.1286597899485,418.1975577653763,84363600,-0.0037054867162975,-0.00371236903903052,0.1793018255086596,0.21842268388111577,0.15073941328677518
2022-04-13,418.4146118164063,419.1696739257571,413.2517947132498,413.4311270048809,74070400,0.0114534817755405,0.01138838722115132,0.16688743721836463,0.2169533833011166,0.1507896846521838
2022-04-14,413.2046813964844,419.7549485147844,413.1008437773758,418.6411928370952,97869500,-0.0124515977042597,-0.01252976842502715,0.1677859958233654,0.2174071665481401,0.15130333322543693
2022-04-18,413.37451171875,415.0545494478205,411.14702946006696,412.2796514632989,66002500,0.0004110077400178,0.0004109232994730745,0.16262546003321612,0.21627413873642012,0.1512144298128845
2022-04-19,420.0474853515625,420.7647857423862,413.1007926978209,413.2706773585074,77821000,0.0161426828303159,0.016013775152708562,0.1731815357458679,0.2149069025781718,0.1518371073833315
2022-04-20,419.7360534667969,422.4354571159878,418.5751460041488,421.8219654514646,65224400,-0.0007414206622495,-0.0007416956504784908,0.16770971344716606,0.21476125287402945,0.15156804092893938
2022-04-21,413.4595642089844,424.7384914494255,412.5534836472507,423.35104208749806,85417300,-0.0149534194310257,-0.01506634901044077,0.16992754427700105,0.21552834505371346,0.15205215797277044
2022-04-22,402.1145629882813,413.4784030168014,401.54825187367607,412.374123706912,132471800,-0.027439203740293,-0.027822690009397955,0.18498816414974714,0.22299569758795884,0.1542629026714942
2022-04-25,404.4458312988281,404.6157159823245,395.3188645295105,399.8776384964426,119647700,0.0057975227090067,0.00578078174713296,0.18551504163918658,0.2231105293150485,0.15435393429012445
2022-04-26,392.7326965332031,402.1144891433886,392.7043824228615,401.9162615672227,103996300,-0.0289609481893031,-0.029388593362879748,0.20412423937736462,0.22508865492248065,0.15715552297832633
2022-04-27,393.83697509765625,399.169705902769,391.7039115793856,393.8086609873536,122030000,0.002811781586308,0.0028078359229620387,0.19635920438638116,0.22180857287062916,0.15717956058888935
2022-04-28,403.7851257324219,405.51237307337215,394.1485050200903,398.5751272035263,105449100,0.0252595649057554,0.02494581458643595,0.22321320565251646,0.2276551961861028,0.15901699500900426
2022-04-29,388.8630065917969,401.95409397695,388.1173631500213,399.8021348013602,145491100,-0.0369555939277305,-0.037655756022568536,0.25113114500310973,0.23866469099406135,0.16331043378859736
2022-05-02,391.2036437988281,392.5627785875403,382.2748777111381,388.9289811149941,158312500,0.0060191819930259,0.006001139083264302,0.252622184779154,0.23465879227929878,0.16340663065546157
2022-05-03,392.9969787597656,395.40376459664327,390.1465571793375,391.7039196895496,100028200,0.0045841468743059,0.00457367167406137,0.25030890666643646,0.23464632677983419,0.1633507357191738
2022-05-04,404.9649658203125,405.5312769483244,390.4769810805958,393.65772495141096,144247900,0.0304531273963375,0.02999863501193606,0.27656032445639617,0.24314354848461608,0.1660717693218092
2022-05-05,390.57135009765625,401.1329469341785,386.4467641695495,400.7082064100307,172929100,-0.0355428665131563,-0.036189891909313675,0.30055367132527927,0.2530668983133625,0.16982095566673205
2022-05-06,388.2400817871094,391.5057680258936,382.9451403977338,388.0135688560758,151770800,-0.0059688666615305,-0.005986751549997747,0.2987995125302523,0.25104239470566864,0.1697695421775396
2022-05-09,375.8096008300781,383.5868500864093,374.2333719366594,382.3504193081462,155586100,-0.0320175106594158,-0.03254128139336736,0.3149442967647133,0.2567383712800007,0.17257197478647976
2022-05-10,376.677978515625,383.2754262479383,372.6477827083813,381.7747206128694,132497200,0.0023106852076923,0.0023080196799685035,0.3132050570354726,0.25412721584771997,0.17236130167586847
2022-05-11,370.6940307617188,381.350017457712,369.9483873451604,375.7152782695393,142361000,-0.0158861098742411,-0.01601364662974929,0.31563620431307204,0.25582281715620064,0.17176678485178465
2022-05-12,370.30706787109375,373.57275401716174,363.5208397349999,367.5038552140162,125090800,-0.0010438875690278,-0.0010444327991287626,0.30985310226652435,0.25312726930193213,0.17134516576513445
2022-05-13,379.1602783203125,380.5382798257655,373.3933876739787,374.4316198234749,104174400,0.0239077544485339,0.023626439013196162,0.32606833191818824,0.2584912839027963,0.17230291384119126
2022-05-16,377.621826171875,381.2839385536254,375.2716682872456,377.5180173546355,78622400,-0.0040575245783995,-0.004065778666260548,0.32559751616568666,0.2552089006442008,0.17233131866651513
2022-05-17,385.38958740234375,385.625547911558,379.971914524219,383.7001020913133,83029700,0.0205702125568696,0.020361503014547602,0.32957610847223406,0.25883754490607613,0.17332490850272653
2022-05-18,369.85394287109375,381.123419587076,368.61751205317614,380.8402784851767,117674500,-0.0403115316009586,-0.041146559270027555,0.354077335187767,0.2709480282173538,0.17812854888791455
2022-05-19,367.5887756347656,372.005979027499,365.3707407010665,366.79595164216687,98510700,-0.0061244912484753,-0.0061433228737890425,0.35256936101540387,0.26896944519325194,0.17789597976788313
2022-05-20,367.7492370605469,374.7336635050742,359.1697150107811,371.1659411793916,131432200,0.0004365242804384,0.00043642903143278764,0.34339274230068306,0.2668678892754698,0.17789604380866775
2022-05-23,374.6298522949219,375.3943621595535,368.4571163473613,370.7695124155736,76414900,0.0187100734439924,0.018537193093501766,0.35133531271738144,0.26572207743882287,0.1785826690645904
2022-05-24,371.77001953125,372.9592411216309,365.22917116715337,370.5146932699092,91448800,-0.0076337556821833,-0.007663041933014386,0.33860554277681515,0.2660080713206642,0.1787284441071766
2022-05-25,375.0545654296875,377.01777330975807,369.8823286767236,370.278726265349,91472900,0.0088348864240823,0.00879608717221405,0.3405689636255511,0.26530480708924026,0.17894119444972284
2022-05-26,382.5487060546875,384.1815635422074,376.07396194375553,376.2816083941698,82168300,0.0199814675403675,0.019784458053048994,0.3355189844397321,0.26581157646471154,0.18004814459151677
2022-05-27,391.93994140625,392.0531978674875,384.8044963104918,385.0026951176574,84768700,0.0245491232957404,0.024252636103437728,0.3216553703182988,0.2707578067713805,0.18167658405664702
2022-05-31,389.7407531738281,393.0725149914447,387.0036165514885,390.3259307298854,95937000,-0.0056110337326973,-0.005626834716762221,0.3216151996881967,0.2705116019987003,0.1817618245082352
2022-06-01,386.5882873535156,392.8648316400916,384.0776638781302,391.8549424707136,86585800,-0.0080886224872318,-0.008121512872777764,0.3222790000571804,0.2640679928568383,0.18193539618277962
2022-06-02,393.95025634765625,393.9974369297573,384.1814851394755,386.4278338799512,79609600,0.0190434351866652,0.018864378638009292,0.31035926471968617,0.2665189714755838,0.18287745784745604
2022-06-03,387.4849853515625,390.7884330558125,386.5128290364629,389.2405180200075,71874300,-0.0164113892348587,-0.016547547839772164,0.2881775264977024,0.2628993525292976,0.18339911782701643
2022-06-06,388.6647644042969,393.2140616458855,387.4943805595861,391.48684319664267,57508900,0.0030447090786343,0.0030400833389235427,0.28763596157758026,0.2628764350911644,0.18342304236323886
2022-06-07,392.3929443359375,392.8459989582093,384.7195026936411,385.18200495505744,59272400,0.0095922766174978,0.009546562832501807,0.26203558871309174,0.26239756479128673,0.1836736298248834
2022-06-08,388.1268005371094,392.4684805286195,387.3339765253381,390.6846048993001,64350000,-0.0108721215822263,-0.010931654992286334,0.2661183473969617,0.26292289526566565,0.18399237909814645
2022-06-09,378.8960266113281,388.6175900458807,378.8960266113281,386.3523744576506,86289800,-0.0237828820710325,-0.024070260414476644,0.2745525161938123,0.26336635702632044,0.1854919599448571
2022-06-10,367.90966796875,373.55385453962793,367.86248738155257,372.7044023436332,132893900,-0.0289957082443832,-0.029424390766886143,0.2951904960299559,0.265335936183211,0.1877760713551313
2022-06-13,353.9408264160156,360.3683895194282,352.3362831480851,358.5184668650851,170004900,-0.0379681285078946,-0.038707698416057826,0.3106317906056027,0.274170647524649,0.19164810835724533
2022-06-14,352.8742980957031,356.7157429736958,349.77849666174114,355.68695837561785,104011800,-0.0030132955587861,-0.0030178446747007688,0.31062612835771486,0.27271337955727315,0.1916603516123332
2022-06-15,357.9049377441406,362.3409783554577,351.2225195105028,356.1682429235863,125666800,0.0142561803894063,0.014155516642083994,0.30506393780641156,0.2748986318575703,0.19214516302648046
2022-06-16,346.05975341796875,350.1088447146559,343.63407193506487,349.70299946215493,134473300,-0.0330958952419924,-0.03365595622498115,0.29382017469023586,0.2804645388796537,0.19500633569502185
2022-06-17,346.80572509765625,350.142419392661,343.3079296571313,346.47397650063243,111113900,0.0021556152436672,0.0021532952385552584,0.29424022989973586,0.2799734284554092,0.19458136802989454
2022-06-21,355.5361022949219,356.92005638665404,352.4458760894664,352.521725834006,76811900,0.0251736824552342,0.024862044533758572,0.31026252523600545,0.28342233534426675,0.19567489640562982
2022-06-22,354.8915100097656,358.99598772773135,350.90074904768903,351.3178358414842,90059400,-0.0018130149962142,-0.001814660497081752,0.3009361577391235,0.282961882712274,0.19559516781788253
2022-06-23,358.370361328125,359.1002487608876,353.46963484148904,357.0243321478926,79292100,0.0098025769009342,0.009754843331811014,0.303471623500183,0.2834241517156931,0.1958584140300547
2022-06-24,369.7643432617188,369.7738317116263,361.5079743602973,361.53641078181903,98050300,0.0317938734982645,0.03129891212738116,0.3237614979874347,0.29040829516125316,0.19830842051331815
2022-06-27,368.3518981933594,370.97762381876527,367.26179695896616,370.68377119718616,66009600,-0.0038198520060103,-0.003827166272903737,0.31465800560336304,0.29032828945314093,0.19830248235631687
2022-06-28,360.825439453125,372.68391795995,360.7116937770823,369.9065216331798,86548900,-0.020432794773555,-0.020644432183538876,0.30540525507408983,0.29148465231233095,0.1993272271919478
2022-06-29,360.5316162109375,362.36109348225904,358.7116273894593,361.3752782573753,65676000,-0.0008143085549423,-0.0008146402842525844,0.3055712842687465,0.2912807636263298,0.1993253975036091
2022-06-30,357.6025085449219,360.8349164010324,353.1567653026987,356.64510092174794,112508300,-0.0081244127680105,-0.0081575956593054,0.305577930242719,0.2905054177802391,0.19947177599177282
2022-07-01,361.3847351074219,361.8207988021821,354.3322133878792,356.9484798436387,74839700,0.0105766220094198,0.010521080825024733,0.2986929963672573,0.2911292006607512,0.1996844742891464
2022-07-05,362.0672912597656,362.0862681620961,353.47914368346136,356.3039539512432,81438000,0.0018887243594858,0.0018869429623255684,0.29583308213321463,0.29087501048914144,0.19953502868366893
2022-07-06,363.2900390625,365.7735827766986,359.8301397142112,362.2093972721212,70426200,0.003377128595295,0.00337143890280403,0.2959309627547437,0.2907111064033907,0.19956670739996565
2022-07-07,368.7310485839844,369.527297172002,363.3089500699822,365.0626062245405,64525900,0.0149770402060165,0.01486599175122037,0.2995915120761672,0.2928954959832437,0.20011366230094102
2022-07-08,368.4278259277344,370.2952282014979,365.5745794315864,367.10071569720793,72397800,-0.0008223409919355,-0.0008226792997713914,0.29823686555801227,0.29123845058270403,0.19996098607064686
2022-07-11,364.2190551757813,366.7215471684093,363.52706364959664,365.7546798643806,58366900,-0.0114235963077844,-0.011489346801764437,0.28944055598171625,0.291870026247773,0.19996524203547186
2022-07-12,360.9960632324219,366.0484888665309,359.2518953418649,363.6692023712076,62219200,-0.0088490481142011,-0.00888843346117047,0.27228088199680267,0.2908173837231584,0.20010227227460695
2022-07-13,359.1002502441406,362.02934629353234,355.14744302288534,355.5645298228156,84224600,-0.0052516167941162,-0.005265455003503298,0.23394948902306578,0.29012327986716213,0.20013797727146324
2022-07-14,358.2281494140625,359.3087622626292,351.71594911911046,354.1520794849609,89704800,-0.0024285720477366,-0.0024315258120875924,0.23383435331087735,0.29006668077276404,0.20013727557207975
2022-07-15,365.0721130371094,365.18585870852,360.7211675364694,362.6264653889919,79060400,0.0191050413939866,0.018924831748317952,0.23803509099363426,0.29091551068489957,0.20105672368281968
2022-07-18,362.0577392578125,368.8258671021295,360.834915426236,368.1528525900141,63203600,-0.0082569269786719,-0.008291204213725444,0.20360572826399623,0.29114991765728176,0.2010726546528088
2022-07-19,371.84027099609375,372.4090283274704,365.31861090466685,365.97264856832055,78506000,0.0270192587467805,0.026660683201736337,0.22125525755591902,0.2959542182250249,0.20236180893428268
2022-07-20,374.2101135253906,375.622533036146,370.6649043931411,372.02991057920354,71843800,0.006373280986883,0.006353057512721377,0.20682074659235564,0.29135552058004816,0.20194844800882297
2022-07-21,378.0207824707031,378.0681668690259,371.233676151968,373.6319110568227,64903900,0.0101832334498195,0.010131733655931768,0.20781456250199193,0.29193656285245223,0.2020449251727976
2022-07-22,374.513427734375,379.33833343517273,372.29530007355766,378.1439748043947,72197300,-0.0092782061171463,-0.009321516776503523,0.21079225506027213,0.28648469885248434,0.20223241568829245
2022-07-25,374.9684448242188,375.8215664094441,372.73134023128426,375.13906335562353,53631500,0.0012149553424463,0.0012142178814654651,0.18060435430758243,0.28641778521048994,0.20196025312363453
2022-07-26,370.5321960449219,373.5370840827539,369.64114957187473,373.328540675696,52946400,-0.0118309922889019,-0.011901535427103432,0.1854960413501395,0.2821843476035477,0.20226901875305447
2022-07-27,380.1535949707031,381.89776315262577,373.5276188557112,373.8214715482621,82342100,0.0259664316042722,0.025635028478713608,0.1889165855208864,0.27725033370861507,0.20389601927341816
2022-07-28,384.9215698242188,385.61353235014826,377.4140367716771,380.9592743736936,73966600,0.0125422327096054,0.01246423044679312,0.191586152686367,0.27820020702905185,0.20429528898432617
2022-07-29,390.53326416015625,391.51910833460266,385.585124244229,386.352936564959,87003700,0.0145787993603481,0.01447355036772552,0.19051655122282202,0.2796722956288966,0.20477911647351998
2022-08-01,389.3768005371094,391.8793213752261,387.1302364241008,387.8411758992656,69997500,-0.0029612423042474,-0.002965635457176777,0.19078832356484865,0.27258681397442863,0.20474450425939467
2022-08-02,386.8078308105469,391.49055305725466,385.63242048938207,387.812622651838,63435400,-0.006597644551547,-0.0066195052140002614,0.1942365609162158,0.2626779916556912,0.20483639810803236
2022-08-03,392.8651428222656,394.0310649800449,388.6468906090099,388.9312548113464,67820600,0.0156597450445246,0.015538396456177337,0.1990340599964755,0.2643379960640497,0.20527426292885437
2022-08-04,392.5997619628906,393.4718315474268,390.95985110646615,392.7893284721279,45656600,-0.0006755011591726,-0.0006757294128769359,0.19530129321584086,0.2553969598130698,0.20521972416175843
2022-08-05,391.9361572265625,392.5807353471059,388.26771450946586,388.3245873478551,56814900,-0.0016902830837448,-0.001691713223984897,0.1955591242724659,0.25542284395044695,0.2051217487998315
2022-08-08,391.481201171875,395.8700723692773,390.3816112599049,393.6235081493515,53886100,-0.0011607912316814,-0.001161465471641613,0.18865959582052425,0.2530842416914341,0.205115459324265
2022-08-09,389.9266357421875,391.2537170647009,388.8554822335221,390.7513209594565,44931800,-0.0039709836003209,-0.003978888890489802,0.18511771482352649,0.2532523946886805,0.2051491105627654
2022-08-10,398.1166076660156,398.258818700046,395.01692204612334,396.96963344138766,68665700,0.0210038791226438,0.02078633851188685,0.1910959568819161,0.2522267289295154,0.20621812748643606
2022-08-11,398.1166076660156,402.8183081055924,397.3772317875,400.96036549541424,59489700,0.0,0.0,0.19000708833349916,0.2520283731791462,0.20620122769561647
2022-08-12,404.8563232421875,404.9605804756404,399.10244636975136,400.0503656332881,61694500,0.0169289988068668,0.01678730028009096,0.18811304831947087,0.25095252394964684,0.20687348510581777
2022-08-15,406.524658203125,407.04603117644456,402.5907988832112,402.6476717271077,54048300,0.0041208074696155,0.004112340195880818,0.18137083118767847,0.2352759476673494,0.20690764602543604
2022-08-16,407.3208923339844,409.2451671553258,404.6477532437864,405.45349035046,59289000,0.0019586367389836,0.001956721110984426,0.16404162065868838,0.23472587424754232,0.2069033250402208
2022-08-17,404.4297180175781,407.13129350400095,402.4296224053403,403.7282670715911,63563400,-0.0070980260792408,-0.007123336908751312,0.1689848269428603,0.23541144965771812,0.20692122122221238
2022-08-18,405.6051635742188,406.2876376325339,403.3396227828059,404.6287790194437,49023200,0.0029064272586158,0.00290221176495318,0.16738008387729428,0.2327682702189829,0.2066527078120774
2022-08-19,400.1546630859375,403.1121666431108,399.282564610468,402.8467503989593,68016900,-0.0134379465001162,-0.013529052811611467,0.1722572931888554,0.2340425793352679,0.20708540504935155
2022-08-22,391.8224487304688,395.5003802457015,390.9219138235221,395.3297327861423,77695600,-0.0208224847143149,-0.021042329818509002,0.19274865489336523,0.2378777840418632,0.20798141197953002
2022-08-23,390.8744812011719,393.7846000380237,390.3246718748115,391.3958251809502,49105200,-0.0024193803401728,-0.002422311769904988,0.18638354564622522,0.23461080578873766,0.20779716766748482
2022-08-24,392.1257629394531,393.4907400248448,389.9645082393007,390.64698231789686,49177800,0.0032012367101479,0.0031961236610583226,0.16557499042712878,0.2293612302696347,0.20781781638685912
2022-08-25,397.6616516113281,397.7090360070508,392.5239160597197,393.614017515164,50942300,0.014117635705384,0.014018909983943935,0.16701981640275318,0.2308288495558353,0.2082949954233157
2022-08-26,384.2012023925781,398.0882155528186,384.1443295439162,397.5479234905298,103087000,-0.0338489999330037,-0.0344351422163523,0.203396912195988,0.24102075331173778,0.21101348516532137
2022-08-29,381.6607666015625,384.70357956798847,380.30524889484775,381.2531682301508,65370800,-0.0066122536191851,-0.006634211415349737,0.20432557184278585,0.23809715625312225,0.21090329760470344
2022-08-30,377.4709167480469,383.0541750206006,375.3760233037477,382.81719520790887,85652400,-0.0109779422465229,-0.011038644520696198,0.20652760138485343,0.23677808527253733,0.21111668605288303
2022-08-31,374.5988159179688,380.3432056947494,374.4661222324606,379.10143348107545,76029700,-0.007608800314529,-0.007637894912927704,0.19778221860639766,0.2371194522984579,0.21123664535200246
2022-09-01,375.7742004394531,376.1154375189932,369.7264703742915,372.428046300128,78740100,0.0031377155280216,0.003132803171689732,0.1986776249184828,0.23630849157638584,0.21126508355976514
2022-09-02,371.8118591308594,380.6464740008536,370.0013297859772,379.4331384469464,99632100,-0.0105444740590491,-0.010600460941582754,0.20088560867921038,0.2362483371302681,0.2114777210343937
2022-09-06,370.408935546875,373.5939303427136,368.19080797230174,372.6554995418325,76637400,-0.0037732082759915,-0.0037803447836811882,0.20084581590696232,0.231288640768105,0.21150269967987864
2022-09-07,377.0633850097656,377.8311974242417,369.87816854830936,370.0961715004415,70964200,0.0179651429117548,0.017805676787441764,0.2135836833730086,0.22615072319807972,0.21227295105656316
2022-09-08,379.5279235839844,379.98290632149366,373.59393967123,374.79781566335777,80821700,0.0065361386764055,0.006514870745137073,0.19919904073371147,0.21123958548116104,0.21238554327773917
2022-09-09,385.4240112304688,386.28662130528346,381.49961125899546,381.7650275183075,76706900,0.0155353197488239,0.015415882082237618,0.20893137133856468,0.21305148534568316,0.21293811788232744
2022-09-12,389.5663757324219,390.2868036201907,387.1870891554379,387.4904302585194,69256300,0.0107475517384829,0.010690207313185783,0.20283893723986765,0.21228723515611736,0.21308611445497017
2022-09-13,372.6270446777344,382.10623671263886,371.5085069603833,380.9023608101591,122947100,-0.0434825285494415,-0.04445622424611237,0.25117283997693507,0.2208873497568331,0.21759980305223564
2022-09-14,374.0489196777344,375.5655961735295,370.7501504689949,373.92568555402255,85023700,0.0038158126746534,0.00380855092858239,0.25187490545272434,0.22094285393693514,0.21758408353608819
2022-09-15,369.8022766113281,375.3381219106829,368.53206820723454,372.4943639805088,87633800,-0.0113531755954943,-0.011418114872744885,0.2529812191854227,0.21686261453929767,0.2176839856187683
2022-09-16,366.9811401367188,367.6378936491365,363.69737257463,365.62958149307445,103084800,-0.0076287698941736,-0.007658017804559966,0.2516703454088366,0.21747669399969155,0.21779927874557836
2022-09-19,369.8269653320313,369.8269653320313,363.7639205826269,363.8400818963351,73278500,0.0077546905932339,0.007724777525004422,0.2534227852944222,0.21714957712179153,0.21775480732317853
2022-09-20,365.5818786621094,367.51405803281153,362.8311539935767,366.5051385021216,77274900,-0.0114785753010482,-0.011544962656972694,0.24708548200770283,0.20880699629509322,0.21742060984323275
2022-09-21,359.2048034667969,370.5504007332188,359.19527603958755,367.504586823731,106746600,-0.0174436304628943,-0.01759756330985907,0.25205707128804794,0.21171838904662668,0.21809722216951605
2022-09-22,356.18756103515625,360.0709463739704,355.4451478506608,358.4338263970015,89472600,-0.0083997830834117,-0.008435260067002624,0.25089401905209735,0.20818582444239192,0.21800000120291305
2022-09-23,350.2197265625,352.76105188849385,345.7842729569001,352.7229712221048,122346900,-0.0167547526233439,-0.016896701267807825,0.2440337714246746,0.21097366749134497,0.21823856103069703
2022-09-26,346.75506591796875,352.3707580104209,345.53674617910787,348.7538794551558,92581200,-0.0098928197978389,-0.00994207888303303,0.22105532284673288,0.21128237570490194,0.21842221395619185
2022-09-27,345.8698425292969,352.5515599107997,343.4807823974284,350.2862401271678,108294100,-0.0025528780274007,-0.0025561421770128414,0.2211605735859338,0.21006149975937302,0.21841939366706684
2022-09-28,352.6753234863281,354.3600222961964,345.1274522170946,346.821678453464,110802200,0.0196764219374079,0.019485343572323906,0.23600892860247877,0.2140565386685611,0.21845750803319738
2022-09-29,345.308349609375,349.4201609225776,342.36725004597866,349.1346285560483,112952300,-0.0208888271629775,-0.021110085353319208,0.2439314875774956,0.21803846914844455,0.21940901262901563
2022-09-30,339.9686279296875,348.2779675279083,339.8353891876637,344.36600021604005,153711200,-0.0154636332591666,-0.015584442285212888,0.2456423487780953,0.21759625999975016,0.21960862120045094
2022-10-03,348.9442443847656,350.7907644280534,341.90083208876825,343.6807182327434,89756500,0.0264013079963791,0.02605880867192579,0.2680183041512898,0.22473322416504568,0.22087983651588602
2022-10-04,359.7568359375,359.78538917158465,348.9061712798272,354.45522944852485,103602800,0.0309865880487536,0.03051619626810802,0.29343274669855773,0.23263280870263475,0.22270976306267742
2022-10-05,358.9191589355469,361.1749510870313,353.07504224847634,355.3974682809226,88065700,-0.0023284533281214,-0.0023311683909890244,0.2844673149389261,0.23197465462073383,0.22245378718918482
2022-10-06,355.2166748046875,360.4706728707626,354.7217133827097,357.52004633285617,82333500,-0.0103156491891931,-0.010369224257846027,0.2837100061325687,0.2326951142515883,0.222623554924808
2022-10-07,345.308349609375,355.3023890964065,343.5474892236813,351.19054873616767,107789500,-0.0278937502040423,-0.02829017000598589,0.2878368728641962,0.23969252353373222,0.22415255968562856
2022-10-10,342.6717834472656,346.65988314467035,340.43504562807703,346.42192984075376,76042800,-0.0076353964944431,-0.007664695368553546,0.2814507084463774,0.2366100622654322,0.22425818421829094
2022-10-11,340.5015869140625,345.5366860181765,338.5694076088321,340.9774934330555,92482800,-0.0063331637970627,-0.0063533033553459,0.2430148530892718,0.23639016566677742,0.2242332792378934
2022-10-12,339.37847900390625,342.48139902682294,339.1309983011124,340.91091321016154,76991800,-0.0032983925870504,-0.003303844275051997,0.24109038465555666,0.2292710585613636,0.2242414291397296
2022-10-13,348.3350524902344,349.8008528442018,331.3356548770357,332.38265512986965,147254500,0.0263911062145605,0.026048869253065786,0.26324473990138403,0.2356258758026508,0.2257937839181461
2022-10-14,340.3969421386719,352.4183468938871,339.7592145462475,350.7907254903841,123737000,-0.0227887210741877,-0.023052397579802555,0.2723783535602892,0.23860837723830616,0.2262313840291191
2022-10-17,349.1441650390625,350.2482719633379,340.0638579364615,346.4695719640728,93168200,0.0256971253778981,0.02537250373190089,0.288947145976033,0.24442712982392423,0.22758726491836062
2022-10-18,353.2464294433594,357.3582693441276,349.81036876588746,357.0536821558411,97162900,0.0117494857857296,0.011680996531286856,0.2914574686671015,0.24580039988596314,0.22789558758873235
2022-10-19,350.7431945800781,353.9317748856679,347.9353337780581,351.2095737934234,79746900,-0.007086369895446,-0.0071115974665077976,0.2862087257334225,0.24508756689773686,0.22783063555786104
2022-10-20,347.8021240234375,354.71229832520663,347.040655905769,350.29587038384494,88283100,-0.0083852533765103,-0.008420607387218748,0.28620381206048523,0.2391971139426899,0.22791147905444042
2022-10-21,356.2541809082031,356.7395859020458,346.02218871676973,347.5260408349085,131038400,0.0243013377462757,0.024010758469726255,0.2931813155942829,0.2432094396765667,0.22923281542704088
2022-10-24,360.6134033203125,361.7460631663957,355.13095089201244,357.7770190393889,85436900,0.0122362701849458,0.012162012177929718,0.2928843549908946,0.24261493611917678,0.2295932156208274
2022-10-25,366.3719482421875,366.6860338162217,360.4231157662592,360.5373287022716,78846300,0.0159687489950561,0.01584258982009294,0.2963827004607757,0.2451218311257478,0.23010776658046814
2022-10-26,363.6116333007813,368.90371186098525,362.9739347843384,363.2309138667366,104087300,-0.0075341874689095,-0.007562712826565296,0.29179831967027026,0.2452215438899184,0.23020764942974448
2022-10-27,361.66998291015625,366.44807462100994,361.05128110498777,364.6110821532887,81971800,-0.0053399017325137,-0.005354209966878343,0.28073679283329606,0.2429192949394341,0.23022460358144523
2022-10-28,370.2742919921875,370.7501985039981,361.3843618372089,361.5652086354592,100302000,0.023790498212755,0.023511914096495442,0.28197457431226003,0.24821815117484883,0.23126408452603137
2022-10-31,367.5997314453125,369.6842044707059,366.69552642305183,367.8186589165701,96631300,-0.0072231872552778,-0.007249400778742027,0.27246427553341124,0.2485477205527953,0.23134468642976
2022-11-01,365.9912109375,371.5783789695517,364.8204992604764,371.3404256632253,85407600,-0.0043757390721919,-0.0043853406379408145,0.25247536013213717,0.24864067324634737,0.2313630559144832
2022-11-02,356.80621337890625,369.90317244332704,356.7015278683844,365.4010855031739,126990400,-0.0250962244013074,-0.025416504548284164,0.26909542876880066,0.25352620341921206,0.2326350785927989
2022-11-03,353.1322326660156,356.1685191668986,351.01920615203176,353.5700586148132,87100100,-0.0102968518347775,-0.010350231155761815,0.26908600646228914,0.24985020237045913,0.23272941983848502
2022-11-04,358.2148742675781,360.6134328780432,352.170855133582,358.8335469874606,103505200,0.0143930265532274,0.014290430222569362,0.252251625112235,0.25204519873467107,0.23315555988599074
2022-11-07,361.6414489746094,362.2315685306912,357.43442171013305,359.50936758378657,68286900,0.0095656963269248,0.00952023473838465,0.251040997774605,0.25019431222779054,0.23334524076568758
2022-11-08,363.5926513671875,366.5623039769019,359.5188919325988,362.7455236557189,84641100,0.0053954058587877,0.005380902799802417,0.24887824927156427,0.2503375784744173,0.2334208141342644
2022-11-09,356.1018371582031,362.774056235681,355.60687575970667,361.6223414792032,78495500,-0.0206022156410953,-0.020817401959786385,0.26241971247946483,0.2531890993277074,0.23426829759008086
2022-11-10,375.671142578125,376.00428299719744,367.0572450041489,369.3510891836023,141455800,0.0549542388663049,0.053497390505110945,0.30914798793685827,0.2775071904071694,0.24036683326037003
2022-11-11,379.3070983886719,380.1066180137116,374.6431903387215,376.5277909851231,93839900,0.0096785603110058,0.009632023080807881,0.2928673399528547,0.2782768055025806,0.24058207485304448
2022-11-14,376.0804138183594,380.8965861186031,375.8043798668183,377.5462142284,71903500,-0.008506786675018,-0.00854317590200907,0.28689164175592174,0.2775135197292392,0.24057793684903012
2022-11-15,379.2880554199219,382.9239890323085,375.48080239259394,381.8198821687392,93194500,0.0085291376091489,0.008492970021682993,0.2859393179554342,0.27500810514248114,0.2407482005125265
2022-11-16,376.3945007324219,378.6122124671784,375.7663006029168,377.6603993704188,68508500,-0.007628910655508,-0.0076581596479954675,0.28621622361429494,0.27537011883666224,0.2408090652539377
2022-11-17,375.2427978515625,375.9186060855197,371.3403872689231,371.6449453937852,74496300,-0.0030598291914952,-0.003064520040076686,0.283872152677636,0.2752975587939101,0.24081467283031965
2022-11-18,376.9465942382813,378.6408206344442,374.1006819611119,378.5741867367159,92922500,0.0045405172237116,0.004530240172392389,0.27371441845889705,0.27380855616173283,0.24083643479243408
2022-11-21,375.5759582519531,376.7466989172969,373.7389657905297,375.6235663390515,51243200,-0.003636154318088,-0.0036427811963124683,0.27230795225031235,0.264820993258624,0.2408526174029611
2022-11-22,380.6300659179688,380.79188693120494,376.1089535381112,377.5176474312929,60429000,0.0134569520624776,0.013367211476500093,0.2707804165196239,0.2659728119391454,0.24124814419205567
2022-11-23,383.0286865234375,383.51409151080327,380.06853232216565,380.29695819857307,68261600,0.0063017108217238,0.006281938066729659,0.2688097614504158,0.26528277491112884,0.24133795050985318
2022-11-25,382.9429931640625,383.4950610881152,382.1910816475926,382.4670865625852,30545400,-0.0002237256957248,-0.0002237507260516373,0.2674091888179606,0.26477660904658945,0.24131669379894133
2022-11-28,376.8323974609375,381.4962767023725,376.07092941217024,379.8591567063179,67881600,-0.0159569330480139,-0.016085615660012674,0.26375997023021475,0.2668405461382597,0.24081062383968307
2022-11-29,376.1851196289063,378.1553507626501,374.348098183929,376.9655843317997,52310000,-0.0017176809541656,-0.0017191578595728957,0.2622259254803242,0.2659461929589821,0.24047452269325287
2022-11-30,388.03515625,388.03515625,374.51942770651925,376.4325522787015,144566700,0.0315005458822597,0.031014582741108635,0.2816917898306175,0.27318619828636137,0.24177485256872566
2022-12-01,387.7496337890625,390.2433795179694,385.2463606338978,389.07263892248426,76398200,-0.0007358159598135,-0.000736086805246638,0.2616696780284971,0.27088210603928986,0.24153244620901704
2022-12-02,387.3023071289063,388.2065122276852,382.76216868711776,382.8668541950364,85342700,-0.0011536481821659,-0.0011543141464715084,0.256899599402277,0.2706064479367327,0.24102919384534965
2022-12-05,380.33502197265625,385.4177008262784,378.9834635345457,384.4849425076752,77289800,-0.0179892684035344,-0.01815304238141169,0.2663378987599504,0.2713613734633554,0.24153930279797264
2022-12-06,374.8525695800781,380.7157422182558,372.7681254520418,380.17323078475664,77972200,-0.0144147976805887,-0.014519700196058615,0.27213450268553435,0.27194924594901176,0.24163533427598263
2022-12-07,374.2149353027344,376.5754428369556,373.0822751072084,374.00553520657735,65927900,-0.0017010268278487,-0.0017024752167152332,0.27205774095419427,0.2561866986989309,0.2407143931443576
2022-12-08,377.1465148925781,378.21254120378944,374.3196280633302,376.0995434385917,60737900,0.0078339459847376,0.007803419952438493,0.25969008047854786,0.25656617680914,0.24084019168504647
2022-12-09,374.3291015625,378.459967446831,374.2053611965191,375.90911499149865,81447700,-0.0074703416810854,-0.007498384430069156,0.18001012580720907,0.25593711881645875,0.24085987280139876
2022-12-12,379.7258605957031,379.7258605957031,374.4528077117335,375.119059475854,75405800,0.0144171506053798,0.014314211700427754,0.1841152009001162,0.25701371073165685,0.24111632402708882
2022-12-13,382.600341796875,390.7097795629701,379.8400894083029,390.4528004635384,123782500,0.0075698852763477,0.007541377471616485,0.18300159789905,0.25699217497166,0.24110853311831226
2022-12-14,380.1542053222656,385.9602719426471,377.2131058725146,382.2577044665144,108111300,-0.0063934508346781,-0.006413976474683958,0.18240341033243032,0.25617322549196725,0.24109603136806884
2022-12-15,370.85498046875,376.2041659865488,369.1988348015829,375.2999318308924,117705900,-0.0244617177011956,-0.024765875917789077,0.20121073895848496,0.25876244759353795,0.24176939950570306
2022-12-16,366.4766540527344,369.6416209558771,364.3443822750938,368.3029691083944,119858000,-0.0118060337506632,-0.011876278388220418,0.2049564444422596,0.2593671564148328,0.24189060712965796
2022-12-19,363.3690185546875,367.0025351167428,361.7052677993639,366.6678648941245,79878100,-0.0084797638913165,-0.008515921640359084,0.20536529570898407,0.25753189276165234,0.24180981683889605
2022-12-20,363.8662109375,365.4821639806004,361.2940740431172,362.6136124267533,74427200,0.001368285014474,0.00136734976556115,0.20555005614430993,0.2565931096431567,0.241609854204556
2022-12-21,369.306884765625,370.4351746621718,365.9219858955704,366.4574464966575,78167400,0.0149524019119751,0.014841716726156516,0.20703381099293183,0.2580932029615565,0.2414161479574286
2022-12-22,364.0383605957031,369.2878012297657,358.3490543275083,366.2662563964438,100120900,-0.0142659787489893,-0.014368716093532066,0.2096853605873783,0.25711220253397105,0.24156835785458508
2022-12-23,366.13232421875,366.2757459455611,361.4661428370809,363.0151558474651,59857300,0.0057520411300071,0.005735561306309849,0.21161750623514775,0.2533205325803031,0.24155530142562315
2022-12-27,364.6885681152344,366.36189009849295,363.0152461319759,366.0176778685383,51638200,-0.0039432631538236,-0.003951058314969677,0.2053827150756466,0.25118515999670166,0.2411178146021587
2022-12-28,360.1562805175781,366.5914095493633,359.92680568793685,364.621643600066,70911500,-0.0124278301924291,-0.012505701527879106,0.20897686802536994,0.2472672266897756,0.2414005346221549
2022-12-29,366.6392211914063,367.50935219451696,362.4702434831189,362.99616222851824,66970900,0.018000354358701,0.017840266221297002,0.18509141022486048,0.24200958434277023,0.24211574659371507
2022-12-30,365.6734008789063,365.8168226274327,361.8486652893112,363.9618527124626,84022200,-0.0026342525749469,-0.00263772832360303,0.1849282933681378,0.24202472075791634,0.24211471998611084
2023-01-03,364.1339416503906,369.4981190554035,361.2749320892196,367.52838265402187,74850700,-0.0042099294748141,-0.004218816178272144,0.1848577256427104,0.24119230174343587,0.2421327290471404
2023-01-04,366.9451599121094,368.9722652057651,363.34989894273167,366.3905568832152,85934100,0.0077202862468059,0.007690637337875662,0.1796040076839696,0.23407008505918186,0.24219267179521484
2023-01-05,362.7570495605469,365.1092537639918,362.16422021646383,364.9945163658359,76970500,-0.0114134503165694,-0.01147908362017122,0.17705231270996158,0.23480345681636414,0.24242722751893514
2023-01-06,371.0758056640625,372.1945535777828,362.785708249104,365.84547897836046,104189600,0.0229320315445094,0.022673044434285274,0.19696090865120938,0.23845453748953074,0.24284630658299183
2023-01-09,370.865478515625,376.4496182467044,370.6838304181261,373.26550947515705,73978100,-0.0005668037237327,-0.0005669644176875206,0.19455138337492467,0.23828822720813356,0.2428461961244206
2023-01-10,373.4663391113281,373.5332789955664,369.3451883480415,370.28225918611713,65358100,0.0070129487546615,0.006988472397209627,0.1947710916730254,0.23303776068548482,0.24294453746881672
2023-01-11,378.1898193359375,378.26633038365287,374.2312334389066,375.0439955334967,68881100,0.0126476732437226,0.012568359480719788,0.19314744110561935,0.22862176310327173,0.24330229616558896
2023-01-12,379.5668029785156,381.02976337180365,375.2257485082276,379.2895306207411,90157700,0.0036409854844743,0.0036343731422594674,0.191561187132246,0.22330897331743763,0.2431465799091679
2023-01-13,381.0393371582031,381.6130534140989,376.10542404617286,376.3731544082015,63903900,0.0038795125604564,0.0038720066581681826,0.1907546505933438,0.22234363555702322,0.24316539514291238
2023-01-17,380.34130859375,382.6935423019026,379.6624261074559,381.0202202604648,62677300,-0.0018319068305625,-0.001833586823921549,0.16696558033360526,0.2217569449105018,0.24280329784903254
2023-01-18,374.3364868164063,382.58835989011226,374.1356963351264,381.5270095943542,99632300,-0.0157879821141321,-0.015913939808037635,0.17172705395816099,0.2236904406216529,0.24328663806820708
2023-01-19,371.6112976074219,373.9443593060729,370.2917592534764,372.2997219516563,86958900,-0.0072800523191343,-0.007306681218585277,0.17088419808459396,0.21922825412294827,0.24276340291008197
2023-01-20,378.5340576171875,378.6870505309615,371.3626789238653,373.0073162714171,91806400,0.0186290353773876,0.018457640243122946,0.1816399117197679,0.22100618494325328,0.24330381642937302
2023-01-23,383.0759582519531,385.0074392135379,378.3810918291715,379.3372757234957,84178800,0.0119986578310975,0.011927244610538148,0.17917988668268242,0.22001199605077468,0.24338115083545472
2023-01-24,382.6648559570313,383.57321326654665,380.2170272035857,381.4026860490426,59524900,-0.0010731613040865,-0.0010737375539883276,0.16917363797161994,0.21936664981161516,0.24259717124971106
2023-01-25,382.8082580566406,383.1429282820768,376.3157607326886,378.6010544265812,84800300,0.0003747459359724,0.00037467573625142694,0.16888165092464894,0.2189883297017808,0.24255547478067585
2023-01-26,387.0154113769531,387.1779754700334,382.5022224600164,385.4663982164665,72287400,0.0109902365786738,0.010930282799491532,0.16991932447658856,0.21493137689256722,0.2425157420393746
2023-01-27,387.90472412109375,390.2760709827511,385.7628812656745,385.97324291614746,68346200,0.002297874239624,0.002295238164087833,0.15986381839303518,0.21430575025073806,0.242517722009574
2023-01-30,383.0377197265625,387.3788029699873,382.7413050405992,385.1508780562935,74202000,-0.0125469067322105,-0.012626283823358566,0.160727037729243,0.215833239834142,0.24279005454418576
2023-01-31,388.6696166992188,388.7174142189188,383.20978597821664,383.554027333468,86811800,0.0147032437867389,0.014596199091659687,0.16543730289953834,0.210621626281339,0.24197466262443454
2023-02-01,392.8003540039063,395.5446264450836,384.7206171548962,387.45528923844535,101459200,0.0106278883844017,0.010571809363111043,0.16514923863847578,0.20998885268890455,0.24153654526187848
2023-02-02,398.518310546875,399.9812706947948,394.78919930515946,396.6824246845757,101654500,0.0145569027234426,0.014451968137534035,0.16896763379508165,0.21003023366196924,0.24188515088838744
2023-02-03,394.2824096679688,398.69997431086017,393.07760869975664,393.5557006166136,94736800,-0.0106291248527412,-0.010686017505510853,0.1680168976919701,0.21092883798331297,0.2419022709205434
2023-02-06,391.872802734375,393.2688521236934,390.21862339860974,391.8345763914126,60295300,-0.0061113731541382,-0.006130124029819293,0.1566630210718454,0.21132912439075083,0.24082668807400745
2023-02-07,396.99798583984375,398.241013206568,389.7118693730586,390.9548967397829,90990700,0.0130786905080084,0.01299390290899595,0.16023627736246884,0.20757702807740105,0.24114157159575492
2023-02-08,392.6569519042969,396.3669504755936,391.9684982603406,395.02829871801737,76227500,-0.0109346497725006,-0.010994872467090803,0.16745413455825453,0.17911636414156276,0.2413632051872882
2023-02-09,389.2528991699219,396.40516522520073,388.028984948847,396.2521723000143,78694900,-0.0086692791707013,-0.008707075977298816,0.16752640233420102,0.1791695933560154,0.24135954036230764
2023-02-10,390.1612548828125,390.54372257551336,387.2640190694922,388.0767519738261,70769700,0.002333587533523,0.0023308689466868984,0.167363933752473,0.17822660658466852,0.24091273074038153
2023-02-13,394.7414245605469,394.8753043260224,390.352543539111,390.8115223602018,64913500,0.0117391709720384,0.011670801451955107,0.1711528326281946,0.1789442908224317,0.24055260144382992
2023-02-14,394.5597534179688,396.86413102531327,390.61070909281807,393.2210725630297,88389300,-0.0004602282184607,-0.0004603341559718809,0.17083885680424366,0.1781203465413966,0.23974293137879615
2023-02-15,395.8410339355469,395.91751581058026,391.5286350725414,392.3700815999979,61555700,0.0032473674937161,0.0032421061830919715,0.15745019076424238,0.17800699403742865,0.23974745620917798
2023-02-16,390.3907775878906,394.8179138959173,390.2569270102,390.8784407346895,76431500,-0.0137688008074061,-0.013864469926344677,0.16458821144323413,0.1803766073079758,0.23958541861574517
2023-02-17,389.4154357910156,389.654481748422,386.3460646880192,388.2680035232992,89257800,-0.0024983730479017,-0.002501499189776269,0.1540547428760042,0.18027751475855075,0.2395914247587839
2023-02-21,381.6033630371094,386.4512215735248,381.3452039337852,385.3994136296657,82655900,-0.0200610249001498,-0.020264979562670794,0.16678020928603396,0.1832582642380222,0.23947661225629172
2023-02-22,381.0775451660156,383.5540580010402,379.624126941612,382.0145867260471,83742300,-0.0013779172880156,-0.0013788674890078084,0.16680510607460614,0.18281621097373552,0.23939827420851967
2023-02-23,383.1046752929688,384.5772067863999,378.88790045752,383.9652350352112,96242400,0.0053194688395246,0.0053053704403866015,0.1679477886166369,0.18314916875854664,0.23922963463011504
2023-02-24,379.01220703125,379.8440824170156,376.3922722888768,378.0942785897589,108194400,-0.0106823761902387,-0.010739842387536202,0.16692080684653673,0.18146283989388798,0.2388050743394151
2023-02-27,380.3030395507813,383.7070519585176,379.365968807818,382.3492579579314,80444700,0.0034057808576726,0.0033999943207763104,0.16725972085733173,0.1815473607860238,0.23834990554588337
2023-02-28,378.8974304199219,381.78509520813367,378.7922350201957,379.824929942889,96438600,-0.0036960239195555,-0.0037028710927132506,0.16194025464491021,0.16993394706756645,0.23734335045037538
2023-03-01,377.4440612792969,379.30863174384257,376.1436650512144,378.0847173960627,99706800,-0.0038357851596255,-0.0038431606500933363,0.15199857730866215,0.17007965234975678,0.23735889997025045
2023-03-02,380.3796081542969,381.2210548613993,375.1397085930655,375.4743788761754,85127800,0.0077774355888666,0.0077473472427858564,0.14933930838737458,0.17089838547197955,0.23701581519491632
2023-03-03,386.47998046875,386.7285976253681,381.5460679461616,382.1962660076362,90120000,0.0160375903010514,0.015910346799675446,0.15149343033843288,0.16995539312927044,0.23684565176347297
2023-03-06,386.7477111816406,389.59714976739536,386.3078747490803,387.3022850157021,72795900,0.0006927414780084,0.0006925016433866547,0.14771301589360308,0.16713838355639507,0.23679971876511907
2023-03-07,380.8193359375,386.9389359941927,380.2073934400801,386.69989002886615,108310600,-0.0153287920593698,-0.015447492578395571,0.15553017560081975,0.17026378435760564,0.23715663614117222
2023-03-08,381.4408874511719,382.19625170885286,379.212962662717,380.9341111603913,74746600,0.0016321427380827,0.0016308122406351237,0.1465219945041613,0.16956913369679594,0.23528608435681855
2023-03-09,374.40338134765625,383.88873887527785,373.418513056316,382.2249589763906,111945300,-0.0184497948044872,-0.018622115075584592,0.1549897216975235,0.17321616145780228,0.2358942171935928
2023-03-10,369.0009460449219,375.9332795771929,367.4806170891498,373.8583475978051,189253000,-0.0144294511531611,-0.014534568095324371,0.15946077018398847,0.17312585150597434,0.23480621230794793
2023-03-13,368.4749755859375,373.28460811867615,363.9713580532645,365.0805347641921,157790000,-0.0014253905433628,-0.001426407378836743,0.15845202162492836,0.17232537091085773,0.23477121267102402
2023-03-14,374.5659484863281,376.21058604424246,370.0909854321958,373.3898317252391,149752400,0.0165302213283411,0.01639508441493949,0.1649519616167352,0.1753668622309268,0.23502953560691214
2023-03-15,372.2232666015625,372.4240570496017,366.8973152870415,368.98181836154816,172996900,-0.0062543909670185,-0.006274031606520653,0.16523158575172714,0.1682753255497585,0.23499964817179592
2023-03-16,378.7539978027344,379.0982391870772,369.3642939038433,369.871070213234,143254200,0.0175451987749131,0.017393058748417824,0.17926347302948617,0.17008801464560508,0.23463079319129704
2023-03-17,374.3253479003906,378.55821591341066,372.94318572096427,377.4256197444262,140553400,-0.0116926816034568,-0.011761578591957948,0.17759728524228205,0.17095470987211542,0.2338540768930645
2023-03-20,377.9247131347656,378.3374636707092,374.40214170963634,375.1028011958168,93055800,0.0096156064625705,0.009569670750482144,0.18234194915800947,0.17195696084574905,0.23371427902515696
2023-03-21,382.8870544433594,383.36697102971766,379.6907935748145,381.28412015653794,91524200,0.0131305022829353,0.013045044494102258,0.17506082068436327,0.17136120541169247,0.23382828752446946
2023-03-22,376.3601684570313,386.3232414014182,376.3217962204962,382.7142886176193,111746600,-0.0170465047344494,-0.01719346894130812,0.1855975520489612,0.1725091796267889,0.23443319006015206
2023-03-23,377.377685546875,383.2518608756272,374.6709485097319,379.2205491483167,119351300,0.0027035727346367,0.0026999246556230435,0.18472214413722016,0.17223174801390137,0.2341416871984976
2023-03-24,379.85400390625,379.94038538264834,373.7590569871103,376.10105243097433,107682400,0.0065619098696481,0.006540474260338493,0.18250202261841297,0.1724145794138404,0.2339087476973224
2023-03-27,380.5642395019531,382.8966563380157,379.67160169490063,382.1287722364247,74010400,0.0018697594033481,0.0018680135790770573,0.18221662820513948,0.170222278603893,0.2334120046075379
2023-03-28,379.7100524902344,380.5642888800985,377.8767674052834,379.8732077448908,62871700,-0.0022445277907262,-0.0022470505188237283,0.18189360258375686,0.1666333780237596,0.2333579127867326
2023-03-29,385.2290649414063,385.4690232440617,382.6662973806607,383.8660888939379,77497900,0.0145348073219995,0.014430189524636037,0.18808991788833948,0.16888012394488192,0.23371184408363974
2023-03-30,387.4846496582031,388.1085353397573,385.6225710265115,387.8589693504225,69840000,0.0058551779241786,0.005838102988686742,0.1873047752884091,0.16884388594120447,0.23344767529101665
2023-03-31,392.9461669921875,393.2437129705157,388.3005480641613,388.40614495841936,112062600,0.0140947966294973,0.013996388599572564,0.18538727626463106,0.17039285344271962,0.2338230034023241
2023-04-03,394.44342041015625,394.8465339049245,392.0342299787,392.4277650609709,67391100,0.0038103270721012,0.0038030861635610425,0.18568533029292922,0.16842538552768763,0.2333658072174903
2023-04-04,392.2550659179688,395.3745239705445,390.882482113078,395.0865564213889,66601500,-0.0055479553693961,-0.005563402433360141,0.1772048256386837,0.16304456603986742,0.23340343203717795
2023-04-05,391.2279968261719,392.2838191469049,389.577082640603,391.5255427585898,65200200,-0.0026183704967411,-0.0026218044242765108,0.17779857552209652,0.1631792111739335,0.23324423220487478
2023-04-06,392.754150390625,393.0325102209904,389.3851264771968,390.4313411526847,63743300,0.0039009313669624,0.0038933424636558417,0.1616205288342601,0.1628080791880435,0.23295409589283675
2023-04-10,393.15728759765625,393.2340906618624,389.6635097627265,390.277787817443,63681000,0.0010264365293919,0.0010259101036151394,0.14894683490911678,0.16096441009517487,0.23275285541361612
2023-04-11,393.2628784179688,394.6642267543425,392.4950235384784,393.7811965721071,59297900,0.0002685714436523,0.00026853538479826744,0.14837343568255806,0.16084534735512535,0.23269266575162234
2023-04-12,391.6598815917969,395.61441853712375,391.0743974655557,395.3264510343682,86420400,-0.0040761457898605,-0.0040844759163568625,0.1419898111866346,0.1609785526779308,0.2327113847633858
2023-04-13,396.8622131347656,397.2173467130726,391.6023169352439,392.7445207254535,85814800,0.0132827787258302,0.0131953360902033,0.14333399401718525,0.1629985222137963,0.23247721710826275
2023-04-14,395.892822265625,398.4171884519207,393.5892282764297,396.2287697684171,78161500,-0.0024426383693311,-0.0024456264773360563,0.134302303505133,0.15943000210455213,0.2324613402588116
2023-04-17,397.3133239746094,397.3325100919648,394.5777937246766,395.8063789464151,66436400,0.0035880966491261,0.0035816747872673468,0.1237568533643962,0.15858580151312007,0.23220242460519175
2023-04-18,397.5724792480469,399.0218366720418,396.1999248791392,398.8874459715307,63560000,0.0006522692741461,0.0006520566390017479,0.1214864659282953,0.15441214804210948,0.2318739211324157
2023-04-19,397.5053405761719,398.4075568472331,395.60486027089866,395.6624479202901,55227300,-0.0001688715275312,-0.0001688857879330788,0.11521615541515941,0.15267518019469634,0.23187323022190656
2023-04-20,395.3360595703125,397.0829628319808,393.79071305675006,394.6929585087422,75840400,-0.0054572373863331,-0.005472182503780324,0.09527609279809954,0.153148501127852,0.23136390218547914
2023-04-21,395.643310546875,396.104011798768,393.6948500576411,395.63370284019766,73457400,0.0007771893535248,0.000776887498268274,0.0954560853955436,0.1531488318826023,0.2313655837838428
2023-04-24,396.0559692382813,396.4782981802782,394.1075090570705,395.4416619438188,64332100,0.0010430068711027,0.0010424633173570365,0.09425250882777828,0.15161922519586074,0.23088910523314765
2023-04-25,389.7690734863281,394.6450428024144,389.7114858346393,394.0883231137075,97766700,-0.0158737558331577,-0.016001093241706798,0.11406688787788818,0.15522815871516554,0.22976758225799748
2023-04-26,388.11810302734375,391.4583328014488,387.5614127108839,390.3833244029181,80447000,-0.0042357656655955,-0.0042447619340265745,0.11508231427622148,0.15323541241660613,0.2297276422447455
2023-04-27,395.8448486328125,396.1136007809756,390.4025810177756,390.65214704527966,92968400,0.0199082329455897,0.019712655548441187,0.12435476597712,0.15562581082552943,0.22870136273076289
2023-04-28,399.2234191894531,399.23302689490464,394.9041697532796,394.9617574024191,89433100,0.0085350878464369,0.008498869920370326,0.12597394008555318,0.1550987934499045,0.2288414944028087
2023-05-01,398.8202819824219,400.845515871164,398.5899021077479,398.781880454679,62122300,-0.0010098035026345,-0.0010103136976849605,0.11717257818936047,0.152271484432519,0.22747484869830117
2023-05-02,394.3379211425781,398.1580683348258,391.4392350357237,398.1100590933305,103998500,-0.0112390493722215,-0.011302684737554244,0.12400775060956859,0.15246166882449208,0.22460919906705515
2023-05-03,391.6311340332031,397.2461641447407,391.3911757317852,394.83697342513307,91531800,-0.0068641308995396,-0.006887797408228273,0.12487995305969016,0.15259968189121356,0.22463646172309865
2023-05-04,388.8572387695313,390.91126663739385,387.5230565279642,390.5849268562114,94901900,-0.0070829283543036,-0.007108131369282608,0.12708714339839602,0.1508336232643536,0.22470163089754674
2023-05-05,396.0559692382813,397.1021838881152,392.22624422840113,392.485388641624,87891800,0.0185125278663427,0.018343256919671938,0.1427965063009068,0.15393786999764364,0.2234359201292279
2023-05-08,396.1615905761719,396.6415072306633,394.76024214675766,396.3823627822816,50046800,0.0002666828582176,0.0002666473046648455,0.1427791093090893,0.15282871068253595,0.22047658011238064
2023-05-09,394.4242248535156,395.5376348099792,394.1938742734827,394.6162031980649,49220100,-0.0043854976453659,-0.004395142147788967,0.14378382677272294,0.15306712234105607,0.22043852272462777
2023-05-10,396.2671508789063,397.8892713646367,392.44700411687967,397.25577792419296,96142900,0.0046724463389009,0.00466156434536088,0.14372125283206041,0.15148576349247686,0.21804037794901446
2023-05-11,395.5759887695313,395.863926959948,393.5027459231928,395.4032258552812,70157100,-0.0017441821958797,-0.001745705052663417,0.13590654289143841,0.15152767461982097,0.21803890598128195
2023-05-12,395.0577697753906,397.0254455424627,392.6390004941703,396.8142810526254,70481500,-0.0013100365261111,-0.0013108953741246083,0.13571324199986337,0.1514043335293698,0.21743650823766533
2023-05-15,396.4207458496094,396.8238594172024,393.75241054660967,395.6624693691357,54289400,0.0034500677584285,0.003444129928018557,0.13566454687629273,0.14878329555827285,0.21745595485526234
2023-05-16,393.7715759277344,396.2383543170176,393.761968222226,395.31689334176326,57705500,-0.0066827227121963,-0.006705152085656851,0.13761426956745643,0.14936427373307232,0.2162974847537555
2023-05-17,398.551513671875,399.15618392738526,394.1458832024653,395.7871896224144,87287000,0.0121388592685467,0.012065774168425398,0.1446541153306617,0.14509251415704522,0.21658317424823792
2023-05-18,402.3908996582031,402.8132286270494,398.0140624281471,398.23480532655367,97177200,0.0096333494030813,0.009587244552325387,0.1467782131775094,0.14615025931074155,0.21584364447293644
2023-05-19,401.8053283691406,403.82098374117817,400.58635087495577,403.2930872519268,103793300,-0.001455229950677,-0.0014562898261481904,0.14701377269522872,0.14593790105118598,0.21182751195060653
2023-05-22,401.9685363769531,403.50427528786696,400.586374286309,401.8245672616326,60745400,0.0004061867682914,0.00040610429677784065,0.14701564077271176,0.14394945368255754,0.21172783133335993
2023-05-23,397.4573364257813,401.9013689419868,397.0638012887145,400.3272283937197,86383500,-0.0112227688063162,-0.011286219249246165,0.14071177553538058,0.1460264781005819,0.2120475737720859
2023-05-24,394.577880859375,396.2384030684528,393.4164907295839,395.854475594086,89213700,-0.0072446909454493,-0.007271061158784607,0.14259859173201864,0.1466713546645241,0.2113896354485004
2023-05-25,397.994873046875,399.444230707108,395.8448558225196,398.0812545290906,90961600,0.0086598675527831,0.008622585980804976,0.12778021355082653,0.14725463816540568,0.21140832136939988
2023-05-26,403.1491088867188,403.8689837488059,398.5707153088868,398.6474890724581,93830000,0.0129505081318892,0.012867367342404606,0.13236957292175958,0.14864127893438867,0.2116122643506192
2023-05-30,403.3027038574219,405.6062976614237,401.9205417166639,405.07840112218025,72216000,0.0003809879950553,0.00038091543755762133,0.13225260176378714,0.14534447421929778,0.21070495985574753
2023-05-31,401.0663146972656,402.3812815149699,399.5017818703205,401.4790359496369,110811800,-0.0055451876190417,-0.005560619245857435,0.12688377877696305,0.14591156159111243,0.20939460187370257
2023-06-01,404.8768310546875,405.93265339027886,400.048871425913,401.2966428186588,88865000,0.0095009633514051,0.009456113055990895,0.12693439145974797,0.143107814484409,0.2095242550655322
2023-06-02,410.7319030761719,411.51894416726753,406.92136347665047,407.4492601063623,91426200,0.0144613659572274,0.014357797702737573,0.13009145372158604,0.14569299347905934,0.20983879893535776
2023-06-05,409.94476318359375,412.36353228842165,409.2440744066445,411.0773593229492,65460200,-0.0019164323167566,-0.001918271022714898,0.11708266537363576,0.13987558268572933,0.20901446038191565
2023-06-06,410.83740234375,411.3652988856477,408.8793344192004,409.53204325524,64022200,0.0021774620395784,0.0021750948048645615,0.11696366077633934,0.13582141671367023,0.20834958243964588
2023-06-07,409.4168090820313,412.36350381538136,408.99448016231673,411.2309077542299,85373300,-0.0034577992500549,-0.003463791254635156,0.11635252825072541,0.13609140061075078,0.20836309520258461
2023-06-08,411.8931884765625,412.3443112113528,408.716143215812,409.4839979895144,61952800,0.0060485533070409,0.006030334237583905,0.11688902437930036,0.13295085701588913,0.20823447703301134
2023-06-09,412.6322937011719,414.6383416076032,411.64366666036057,412.6898813507892,85742800,0.0017944099229778,0.0017928018928481224,0.11608376349444838,0.13193860128965004,0.20794057966069382
2023-06-12,416.3756103515625,416.4524134072559,412.8914406087862,413.61131547404943,76104300,0.0090717975968732,0.009030896022152872,0.1178320798655489,0.12877014616265683,0.20668567291781773
2023-06-13,419.1207885742188,419.76386044542505,417.1723282571571,417.8346155400201,95899700,0.0065930331998513,0.006571394215420066,0.11863955410155738,0.12611199263099887,0.20459927149282062
2023-06-14,419.6198425292969,421.4243335080621,416.1740450929453,419.4566872999007,100612100,0.0011907163010831,0.0011900079606606512,0.11346103504653397,0.1250959184262299,0.20077414164843974
2023-06-15,424.8221740722656,426.0699454976172,418.7080413628314,418.8040012480244,110303100,0.012397725311585,0.012321502858556932,0.11373000871967294,0.12482523761917727,0.20107658721000632
2023-06-16,423.3751831054688,427.3732818174655,422.9031271521805,426.80488011436864,114165800,-0.0034061097916012,-0.003411923789388044,0.1133945717764366,0.11895792839200428,0.2006665130415695
2023-06-20,421.1785583496094,422.3250049416328,419.107257409602,421.4386947666536,76160400,-0.005188364466115,-0.005201870766358786,0.11589792430553077,0.11984744925938307,0.197776810794541
2023-06-21,419.0205993652344,420.9955547817965,418.4329109170005,420.1959468611093,76982300,-0.0051236202356335,-0.00513679098499941,0.118768340966414,0.12027575401400444,0.19786031167295337
2023-06-22,420.5331115722656,420.6390713007603,417.72961825633774,418.0668136298408,70637200,0.0036096368754245,0.00360313777114728,0.1078016330907017,0.12034262472807283,0.1963960145283734
2023-06-23,417.3538818359375,419.13617505158805,416.6409763099136,417.0841314152319,92074500,-0.0075599986037765,-0.007588720241816502,0.10820124351909086,0.12157578931844824,0.1965540596062147
2023-06-26,415.6487121582031,418.7026693868189,415.407862497876,416.7855154988048,72823600,-0.0040856686662008,-0.004094037813913829,0.10854939696736486,0.11911231579168159,0.19639734271966647
2023-06-27,420.20556640625,420.82212620155866,416.0725783167209,416.5253768197751,72813700,0.0109632343725689,0.0109035737713221,0.10618058811173943,0.12038821009840069,0.19424261143191332
2023-06-28,420.4175720214844,421.4291288943605,418.5100320148264,419.1265918933675,75636000,0.0005045283360891,0.0005044011044610444,0.10615540719895983,0.11747532233834285,0.19419385565533465
2023-06-29,422.0745239257813,422.2383146152685,419.59861200085055,420.0032229268465,67882300,0.0039412051602167,0.003933458957405087,0.10237655062849957,0.117488313907456,0.1930559457084771
2023-06-30,427.0553588867188,428.0380149404403,424.9647708481831,425.2827088718478,104964000,0.0118008424545741,0.011731755504897528,0.10470398723257869,0.11862189841171569,0.193369627718065
2023-07-03,427.5466613769531,427.82602579498047,426.4291155030701,426.7085093216887,32793400,0.0011504421616792,0.0011497809102013654,0.09520959124245629,0.1183249163532902,0.19316683296331563
2023-07-05,426.9107971191406,427.6429894132442,425.7258063379871,425.7354497315169,58418400,-0.0014872394413387,-0.001488346479673569,0.09498652540334664,0.11837001637851952,0.1929275389014447
2023-07-06,423.5678405761719,423.991738320798,421.0629982853608,423.3366343156822,80658300,-0.0078305738939552,-0.007861393835023909,0.10125410110277581,0.11987837349711437,0.19311155573180072
2023-07-07,422.4984130859375,426.43873894163033,422.25756345371417,422.5755014325792,86134200,-0.0025248080420355,-0.002528000744967055,0.10069543014530537,0.1201121133194266,0.19311735645986838
2023-07-10,423.5678405761719,423.7412452715391,421.5735983776706,422.1420000351028,62443500,0.0025311988332057,0.002528000744967138,0.09939810858920889,0.11963418996284511,0.1925956601651263
2023-07-11,426.2653198242188,426.7566624993896,423.3558667490492,424.3289087055748,64463800,0.0063684703833453,0.006348277362923964,0.10094173672352942,0.11753210961888191,0.19267782180127566
2023-07-12,429.6949768066406,431.101559747161,428.6256186127397,430.0514589385291,91924500,0.0080458269132384,0.008013631823334139,0.10001218526943081,0.11810300593536989,0.1924383289330894
2023-07-13,433.1054992675781,433.8954932249754,431.0727422071223,431.506253963796,72425200,0.0079370777994274,0.007905744882763339,0.10100367482849663,0.11878008772929827,0.19233485053167473
2023-07-14,432.835693359375,434.83954937929775,432.0746002832751,433.9917833635624,69815800,-0.00062295655137,-0.000623150669424723,0.10131565403218037,0.11884484115744626,0.19224574576295547
2023-07-17,434.3386535644531,435.3887545883977,432.64306249429234,432.6912500682276,52680200,0.0034723573590087,0.0034663426456623516,0.09339599950982402,0.11887124016515412,0.19223849533271764
2023-07-18,437.5660095214844,438.2114701147798,433.5775252322227,434.0110663595222,80668200,0.0074305059670503,0.007403035752056122,0.09433959114988685,0.11858462270961231,0.1914895412029536
2023-07-19,438.5390930175781,439.7240545833296,437.4889625787752,438.35604491544507,65891700,0.0022238553153566,0.002221386209070644,0.090804030120851,0.11857398646973397,0.19128138347358836
2023-07-20,435.6296081542969,438.442745236727,434.9167025391431,437.5467915202886,70591600,-0.0066344937306754,-0.006656599813568376,0.09253639917704091,0.11980408416331105,0.18964673859699357
2023-07-21,435.6296081542969,437.5467915202886,435.6199941598992,437.3444566290197,71275600,0.0,0.0,0.09256323260991665,0.11412387187361918,0.18956059028936503
2023-07-24,437.5756530761719,438.38490436691495,435.7451722274282,436.7760157789645,54023400,0.0044672007720507,0.004457252447121948,0.08606933408193793,0.11352950841024632,0.1893590396615105
2023-07-25,438.7703247070313,440.0227313093904,437.25778162836633,437.3059692057472,55191200,0.0027302059025926,0.002726485660270715,0.08261567009937693,0.10738009422538729,0.18910962228266612
2023-07-26,438.8377380371094,440.2635492538146,436.7856941637762,437.8357951870991,71052900,0.0001536414982556,0.00015362969660928107,0.07709768814249565,0.10648680524873143,0.1891092976106884
2023-07-27,435.9281921386719,442.6238236932695,435.0225951669556,442.2191833737535,92194400,-0.0066301178003781,-0.006652194666991992,0.08309900327027223,0.10769315499889089,0.18883287541157232
2023-07-28,440.1961364746094,441.024645224626,435.9282579906258,439.1941936182639,80011800,0.0097904756170938,0.009742859448399071,0.08750821960461856,0.1056385451300293,0.18738452309596668
2023-07-31,441.0343017578125,441.3907545748612,439.3579680173253,440.6682055455154,62040400,0.0019040723299292,0.0019022618819954107,0.07977595334232568,0.10406319530270848,0.18700939439498365
2023-08-01,439.772216796875,440.5140231570704,438.8184321616605,439.5698819163366,55291500,-0.0028616480756876,-0.0028657504187194435,0.08134150571473882,0.10283668667114688,0.186515533509545
2023-08-02,433.6546325683594,436.9205386548979,432.9031828085776,436.6604316074864,93933400,-0.0139108019898884,-0.014008463957871262,0.09774457330267629,0.10231637100355702,0.18704597188754063
2023-08-03,432.4118347167969,434.2904737931767,430.9956375639887,431.6411275781037,64276100,-0.0028658701146622,-0.002869984583321383,0.09339851168885839,0.1026806580242946,0.18694169959939097
2023-08-04,430.4561767578125,436.32327139401457,429.9359332204392,434.2230692550645,100128900,-0.0045226744551642,-0.004532932688730573,0.09467486394373255,0.10271459613690541,0.1863911051120077
2023-08-07,434.2133483886719,434.3674956833761,431.5929031798807,432.2865513057545,58357500,0.0087283487465745,0.008690476923425193,0.09850158121956475,0.10357969834497317,0.18657395768673044
2023-08-08,432.32513427734375,434.2037733620173,428.9724964679823,431.6796442603791,71361300,-0.0043485860541485,-0.004358068655073096,0.09847036906612987,0.10406913737216514,0.18662301283231666
2023-08-09,429.4349060058594,432.7586427817327,428.67381291504086,432.5948520910791,78789600,-0.0066853116840305,-0.006707758478666694,0.09784343134937576,0.1052682664720964,0.18675165254803136
2023-08-10,429.5890502929688,435.1671361209915,428.4233462814403,431.7855978075418,93005500,0.0003589468041689,0.00035888239817656907,0.09328588856014897,0.10520107493826042,0.18670067260649986
2023-08-11,429.3385925292969,430.3501787286785,427.1227874459535,427.72008989099777,68690900,-0.0005830171032084,-0.0005831871237664179,0.09328477175282665,0.10394222711589003,0.1855757651734422
2023-08-14,431.7085876464844,431.7085876464844,428.1151292261153,428.4234238736149,47867400,0.0055201073428445,0.005504927388004198,0.09467730814966158,0.10192801712306232,0.18564847717022984
2023-08-15,426.6795959472656,430.2923404930472,426.1111649328765,429.9358583347008,75707500,-0.0116490425326838,-0.011717424201375691,0.09829261244435582,0.10389053873320593,0.18529821253156245
2023-08-16,423.548583984375,427.9223925566891,423.4425948477228,426.2653457520146,80107200,-0.0073380869219665,-0.007365143123567518,0.09967030987860705,0.10517936121034727,0.1854108597386118
2023-08-17,420.3211669921875,425.273020314269,419.8009235363625,425.012913286652,95711300,-0.0076199451827385,-0.007649125293440791,0.10037954393043547,0.10661949774728534,0.18556631557228087
2023-08-18,420.5234680175781,421.5543115245304,417.1612164787308,417.5080258452247,98852000,0.0004813010651789,0.00048118527697246,0.1005077154113473,0.10363394073218649,0.18542387044806558
2023-08-21,423.2595825195313,424.001388936402,419.3867303188605,421.5350906095178,68719000,0.0065064490094968,0.0064853734388281865,0.1024126707320843,0.10280988082132246,0.1855117724003705
2023-08-22,422.1130676269531,425.0321640493009,421.5543094057689,425.0321640493009,64994200,-0.0027087748037581,-0.0027124501728922985,0.10113242496905382,0.10192070826053502,0.18502459752223865
2023-08-23,426.81451416015625,427.4311034249485,423.0283644204359,423.1728683416858,68441000,0.0111378843579372,0.01107631487134409,0.11106849007207976,0.10109123462934146,0.1841058104921675
2023-08-24,420.8992004394531,428.9242973068176,420.8702702588112,428.413697258841,88517300,-0.0138592140718145,-0.01395614965527389,0.11844035441300238,0.10560558144511874,0.1846400283006455
2023-08-25,423.8664245605469,425.1477315849705,419.0783330051314,422.623632306367,102325100,0.0070497262004673,0.007024993053957101,0.11529228223576611,0.10556258107037662,0.18474012832062062
2023-08-28,426.5543823242188,427.1709421526019,423.8664919427265,426.05339622552776,61595400,0.0063415208375108,0.006321497999822604,0.11824951440068418,0.10467184851146717,0.18432650555926244
2023-08-29,432.7200927734375,432.9994865828607,426.26531078000176,426.44835885508,83081900,0.0144546878539211,0.01435121477556932,0.131039662787508,0.10466822603882375,0.18153728963437385
2023-08-30,434.50238037109375,435.13822692888783,432.3539910652405,433.057282576268,69053900,0.0041188001838163,0.004110341145775956,0.12232549224372292,0.10471166800956969,0.1814329630322202
2023-08-31,433.86663818359375,436.2558482960728,433.6835900668348,435.11904481348375,66084600,-0.001463150068262,-0.0014642215175781166,0.12197443820489191,0.10479830860565091,0.18107312807103537
2023-09-01,434.6758117675781,437.0650508527564,433.2210704898494,436.5833515582069,58944100,0.0018650283584191,0.00186329135240531,0.1208125090361848,0.10441687896222515,0.1808908295398446
2023-09-05,432.7972106933594,434.5506033353466,432.7297951306632,434.2326947093396,55166200,-0.0043218440579417,-0.004331210221780315,0.11789320581345596,0.10444309916810542,0.18093948518829786
2023-09-06,429.8877258300781,432.093916863234,427.5659316686508,431.9879277285903,70758500,-0.0067225129723459,-0.006745210844362565,0.1193156639272137,0.10556491349988092,0.18074169340936846
2023-09-07,428.5679016113281,429.2422630358517,426.5447585365695,426.89156794336543,70355400,-0.0030701602754569,-0.0030748828861069306,0.11740254133454973,0.1043846978679178,0.1807259985278921
2023-09-08,429.2133483886719,430.74514868706615,428.25959315019446,428.6160459403085,61659700,0.0015060548746581,0.001504921911409315,0.11753249613993261,0.10363583436710208,0.1798992477476685
2023-09-11,432.0361022949219,432.34436749416994,430.12856253408137,431.8337674259448,60180100,0.0065765753018796,0.0065550439805438145,0.11980721555337942,0.1043917627424416,0.1799005976078561
2023-09-12,429.6661376953125,432.11317840274216,429.0881220484013,430.59102153155527,67565400,-0.0054855707359185,-0.00550067172943258,0.11985094270608182,0.10212641886345664,0.179376309479706
2023-09-13,430.1671142578125,431.3231749266096,428.7894319282897,429.8877204342684,60199300,0.0011659670580213,0.0011652878463388027,0.11194740823338437,0.1018675781435387,0.17908203035209344
2023-09-14,433.876220703125,434.569868937207,431.3328634452209,432.633457559199,83430800,0.0086224779216608,0.008585516671979187,0.11157715523365946,0.10262304290783193,0.17351380070657224
2023-09-15,428.6487121582031,432.6222625307114,428.2136712808251,432.2935551441486,111848900,-0.0120483868335774,-0.012121556961472987,0.1172683671000597,0.10522559417642864,0.17394912914305571
2023-09-18,428.9000549316406,430.1955590603149,427.8655753087938,428.3392962837647,55752200,0.0005863607338791,0.0005861888915951671,0.11726302432757855,0.10501215274388274,0.17353427605616983
2023-09-19,428.0106201171875,428.57137880593234,425.3326034960519,427.981617392204,66514600,-0.0020737577536447,-0.0020759109665981555,0.11586750413227684,0.10383814580768151,0.17335764843415957
2023-09-20,424.0757446289063,429.6831540306982,423.872696066376,429.267438505262,82562600,-0.0091934061991356,-0.009235926361963263,0.1205297982258155,0.105317085827062,0.17348847465121378
2023-09-21,417.06646728515625,421.4943834516094,416.91177626347593,421.2333589486901,104095800,-0.0165283618139574,-0.016666479203769964,0.1274545228083303,0.10860472546949135,0.1739218017771967
2023-09-22,416.1287231445313,419.6865285568745,415.712978065788,418.0913196169548,100829700,-0.002248428522027,-0.0022509600327620303,0.11830621559225574,0.1086832970407896,0.1729911046754663
2023-09-25,417.8785705566406,417.9172211836111,414.485104517223,414.92017485715184,70874500,0.0042050627961618,0.004196246227111081,0.11630687224539452,0.10872700981416186,0.1727909790278543
2023-09-26,411.7394409179688,415.54862280920696,410.9079802974168,414.84285049792544,96168400,-0.0146911808147859,-0.014800164932359031,0.12332105348863709,0.10991556703859699,0.17259002900624118
2023-09-27,411.9038391113281,413.4700749933557,408.268702550775,412.90931622583537,104705800,0.0003992772540635,0.0003991975641120464,0.10814496348687065,0.10987503352620893,0.17226281785848377
2023-09-28,414.291748046875,415.964317107926,410.762945679416,411.35270706101295,92258300,0.0057972485536885,0.005780509172037897,0.10964393693821226,0.11063721296326448,0.1723071447613737
2023-09-29,413.2863464355469,417.5112441372113,411.76846823252566,417.3372277775056,115111300,-0.0024267961311514,-0.002429745573645929,0.10959034934696546,0.1096491939672569,0.1713011830168567
2023-10-02,413.1219177246094,414.3690937958554,410.36654108063146,412.4548256054054,83798600,-0.0003978566249662,-0.0003979357909117835,0.10870584379597308,0.1095602800121185,0.16990868228536474
2023-10-03,407.5918884277344,413.1799731499237,406.2287013020404,410.94667474306095,103760600,-0.013385949908766,-0.01347634936434413,0.11534542519046104,0.11261654225939452,0.1697186607348233
2023-10-04,410.55999755859375,411.3044205907774,406.5961241508476,408.0559969911016,87453000,0.0072820613342152,0.007255675145374146,0.11993161454024748,0.1128721325327039,0.16793237681661935
2023-10-05,410.40521240234375,411.2463208378169,407.1857922692752,410.2698466979117,70142700,-0.0003770098333262,-0.0003770809194007649,0.12008268429889286,0.1114297086376585,0.16523529749497542
2023-10-06,415.2778930664063,416.8150963910029,406.63472757769614,407.9592344326086,113273300,0.0118728527728482,0.011802923419442552,0.12945512371025528,0.11300020194337838,0.16559432788429104
2023-10-09,417.9366149902344,418.5070215863633,412.8319288458573,413.3829806224,80374400,0.0064022717515641,0.006381864266304451,0.1293109161218337,0.1139288048866728,0.16532948127154998
2023-10-10,420.1119079589844,422.70291641435927,418.16863686530417,418.5650271110164,78607300,0.0052048394199699,0.005191341060878042,0.13066044333001164,0.11424513769072894,0.1628174639552536
2023-10-11,421.832763671875,422.0841107631383,418.79700772466646,421.1753489650396,62451700,0.0040961840887847,0.004087817566169491,0.1317470055632704,0.11345810009076036,0.16262966880406815
2023-10-12,419.2611083984375,422.8189135801861,416.9117992298615,422.44187816631086,81154200,-0.0060963858071438,-0.0061150446400467405,0.12787029111056936,0.11385504235426985,0.16261928498740422
2023-10-13,417.1728515625,421.95850789546967,415.6066453456879,420.75965970754623,95143100,-0.0049808026408997,-0.004993248181426313,0.12256823652037963,0.11353701436660214,0.16267112352964294
2023-10-16,421.5621337890625,422.62561629317145,419.1741442361407,419.4158434641518,75433200,0.0105214953708581,0.010466529649996278,0.1294691050596416,0.11582429535710861,0.1609822659627371
2023-10-17,421.5427551269531,423.5923892481788,418.09131276942526,418.4393454760135,75324700,-4.596869727169217e-05,-4.596975386463686e-05,0.12941734534724714,0.11536000743477855,0.15920011172671236
2023-10-18,415.9255981445313,420.7305789017386,414.842790566168,419.7734596144878,93559800,-0.0133252366790889,-0.013414814297319205,0.13382188360751043,0.11806981246917055,0.15792120637608767
2023-10-19,412.2710876464844,418.448932391076,411.5943476952613,416.64102737947263,121323000,-0.00878645246734,-0.008825280951225561,0.12417012982517181,0.11915935284264931,0.1578202667963778
2023-10-20,407.2051696777344,412.3775387523352,407.0988066814596,411.8361348739324,123919900,-0.0122878322553968,-0.012363951872292674,0.13097932918597577,0.12087085392597637,0.1581653989073888
2023-10-23,406.4994201660156,410.3569598965053,403.92773684712256,405.6776368923659,92035100,-0.0017331545969253,-0.0017346582469769383,0.12949170790300954,0.11872835681563329,0.15792401753914873
2023-10-24,409.5641784667969,410.7146691465656,406.7701212432729,408.6167068763109,78564200,0.0075393915679624,0.007511112404865026,0.12287394773251682,0.11993035034248763,0.15632415573348019
2023-10-25,403.6860046386719,407.91093157015536,403.17360349885,407.881928845422,94223200,-0.0143522654987306,-0.014456255454738633,0.13272887593297544,0.1229190566895817,0.15660558024021481
2023-10-26,398.85205078125,403.4733388003184,397.9336114254036,402.6225823087564,115156800,-0.0119745391266378,-0.012046811451573889,0.13568839049754733,0.12212463557237295,0.15633617343934575
2023-10-27,397.0440979003906,400.833954292058,395.6229054415524,400.43756406837696,107367700,-0.0045328910239224,-0.004543195726293098,0.13600505280381303,0.12225905837189337,0.15621209775951395
2023-10-30,401.79107666015625,402.8448816266276,398.5329761803426,399.8284803456642,86562700,0.0119557973153816,0.011884891369225515,0.14464373920814103,0.12507234930932928,0.15653109746938892
2023-10-31,404.314453125,404.63348310254605,400.4569136434261,402.361504611754,79665200,0.0062803198264607,0.006260680801248639,0.13965172479030513,0.12435299687673801,0.15491804076468607
2023-11-01,408.6263122558594,409.4384179741357,404.7494479004914,405.2812038082296,98068100,0.0106646178427025,0.010608151909468571,0.1425670160006312,0.12648820866462937,0.1550678320895961
2023-11-02,416.4573974609375,416.612088488878,412.3968391143164,412.4161644286976,94938900,0.0191644173911511,0.018983092933486993,0.15803674509551313,0.13230823311281045,0.15609817793847894
2023-11-03,420.25689697265625,421.8037777300333,418.6326854543438,418.75837375712325,100167800,0.0091233810105992,0.009082014382045936,0.15578780574563034,0.13375317546547125,0.15414483460986853
2023-11-06,421.22369384765625,421.6684121077968,419.2804228673673,421.0109973746679,67831700,0.0023004902048351,0.0022978481285151394,0.1544447588643284,0.13386347331652695,0.15375709576163588
2023-11-07,422.4225463867188,423.0606358569916,420.0829145000172,421.2237277176419,64256100,0.0028461184794985,0.0028420759528225603,0.15369978335082848,0.13347941984734454,0.15316620476355122
2023-11-08,422.73193359375,423.5440394282341,420.4309523105621,423.02196085453033,61746000,0.0007324116803841,0.0007321435978390503,0.15305569770650285,0.13137780738178015,0.1529073771046672
2023-11-09,419.4350891113281,423.911362684537,419.0096961904857,423.8726825541983,83174400,-0.0077989009592782,-0.007829471435171358,0.15409743521089206,0.1314900486838371,0.15306494010027963
2023-11-10,425.9803466796875,426.28972875327344,419.42546520511473,421.5041020397778,89462200,0.0156049356343244,0.015484430657692444,0.16219142150154883,0.1343795707571095,0.15227583553356652
2023-11-13,425.5743408203125,426.6764739726906,423.863120884433,424.64622403342025,52236100,-0.0009531093688702,-0.0009535638664183192,0.15841441159991484,0.13439995979977148,0.14276343099276687
2023-11-14,433.8307800292969,435.1166069139446,431.2784220719966,431.50079597873554,97176900,0.0194006978735366,0.019214903516013154,0.17176733929982294,0.1393825850028377,0.1436977578587336
2023-11-15,434.7492065429688,436.3927730128096,433.8984205823122,435.1649221132853,77327600,0.0021170155644785,0.00211477784466387,0.16255699544298483,0.13927156675365315,0.14341687671855374
2023-11-16,435.2809753417969,435.6000053342908,433.2410185572766,434.3045010394223,66665800,0.0012231622066813,0.0012224147532319213,0.1573364892264478,0.13752603775812186,0.14319801171158314
2023-11-17,435.8224182128906,436.43150503005313,434.3722227450952,435.2906621721176,83133200,0.0012438927997453,0.0012431198060445176,0.14712178528556905,0.13427265020760312,0.14296243928006352
2023-11-20,439.1771240234375,440.01823251916,435.5612839267532,435.5709613361329,69936200,0.0076974145210404,0.007667940578034953,0.14655760039733226,0.13441084337857476,0.14309041328049266
2023-11-21,438.2199401855469,439.05140070988807,436.9534388382608,438.13293202095787,49244600,-0.0021794938432165,-0.002181872396579598,0.14739649123295911,0.13399155821925693,0.14306388790791794
2023-11-22,439.911865234375,441.2267242124144,438.8194096441167,439.8732146058272,59394900,0.0038609038377206,0.0038534696774067323,0.13147729616927142,0.13103419400248406,0.14303720239367895
2023-11-24,440.18255615234375,440.3759273074353,439.631504418495,439.9602117787139,29737400,0.000615329886191,0.0006151406483817833,0.11754551374357892,0.13079276636816592,0.1424641885853632
2023-11-27,439.3898315429688,440.36627627306393,439.00308920962266,439.55417048077294,50506000,-0.0018008996456021,-0.0018025232149185572,0.11499083815162987,0.13081316998376905,0.14236850286884187
2023-11-28,439.8248901367188,441.1203943936042,438.4423777026132,439.00310690168646,62115000,0.0009901426080394,0.0009896527401799893,0.11290767905652702,0.13077828121933432,0.1423670977530633
2023-11-29,439.5155334472656,443.1023712619962,439.1191726740231,441.9712058841977,63146000,-0.000703363307513,-0.0007036107835348783,0.11418451432612481,0.1304527872798378,0.14139021470276386
2023-11-30,441.2460632324219,441.5941254302393,438.287667320312,440.35662667945024,79752700,0.003937357507215,0.00392962640191761,0.11162547020988145,0.12983848701619105,0.14140960382869608
2023-12-01,443.8564147949219,444.388141230824,440.0472330596215,440.6369649429203,89183400,0.0059158636869809,0.005898433674003992,0.09675492418521105,0.1301045780944092,0.13818567623508365
2023-12-04,441.52642822265625,443.8757373404589,439.2544498661346,440.4726232624604,72430900,-0.0052494151139894,-0.005263241702403796,0.09854326045458899,0.13063828809328884,0.13830153993947336
2023-12-05,441.4394226074219,442.3965419933345,439.7668535301099,440.143918442316,69793500,-0.0001970564153648,-0.00019707583353126984,0.09899749622231563,0.13002671087867393,0.1382932496969332
2023-12-06,439.6605529785156,443.6050712166776,439.225482586349,443.57606849081975,69124700,-0.0040297026903467,-0.00403784382048264,0.10151835299743034,0.1297794750060246,0.1370949932673139
2023-12-07,443.0153503417969,443.6630877368815,441.13976201140014,441.7391713636157,66995400,0.0076304261106754,0.0076014616568002985,0.103293473631089,0.1306127536189691,0.1364327263477312
2023-12-08,444.919921875,445.451648340426,442.0291792325049,442.2708784448437,83194400,0.004299109572013,0.004289894801223126,0.09617614344900786,0.12976959081068892,0.136460012362963
2023-12-11,446.6505126953125,446.8245585692723,444.214195007191,444.42689151598506,65002200,0.0038896680845832,0.0038821228848985655,0.08419074208795367,0.127284879818303,0.13631095378217117
2023-12-12,448.6904602050781,448.7871457987425,445.30667095693167,446.3024706126428,68327600,0.0045672118396451,0.004556813775737505,0.08357624031946209,0.1275315013582536,0.1361185043588511
2023-12-13,454.8779296875,455.1293063163757,448.7097609043121,449.0674710273743,93278000,0.0137900624844884,0.013695844763532672,0.07030575002121285,0.13010784433500866,0.13605788845110242
2023-12-14,456.3377685546875,458.0006602364905,453.6693999362765,456.8114895469167,119026000,0.0032092980817741,0.003204159276388774,0.07035988283245245,0.128408390750488,0.13590851108517232
2023-12-15,455.58642578125,456.91633245678577,453.7420700974645,455.7417439978948,141553700,-0.0016464619525513,-0.0016478188606348465,0.07173380324142963,0.12304902514340066,0.135741529372347
2023-12-18,458.1491394042969,459.12957270241793,456.1300618027728,457.1881393985243,70375300,0.0056250877506991,0.005609326024369213,0.07256643559008327,0.12308758510724403,0.1333944318370177
2023-12-19,460.93505859375,461.012732509764,458.6150613654376,458.6927056575324,55761800,0.0060808128834979,0.006062399349302928,0.07126137865441265,0.12331469819115135,0.13288291419986634
2023-12-20,454.54779052734375,461.96405036999886,454.1206728290634,460.0808576886502,102921000,-0.0138571973368503,-0.013954104579225074,0.09088835461398692,0.12284438279990995,0.13338054970364605
2023-12-21,458.8577270507813,459.1295265010188,455.1107457468796,457.5278204873464,86667500,0.0094818116230139,0.009437141394985247,0.09462222334965363,0.12384409950151726,0.13365348087338555
2023-12-22,459.7799682617188,461.4593188510491,457.887088433067,459.9838104781131,67160400,0.0020098630938722,0.002007846021285226,0.09445974032523063,0.12356711123708944,0.13292558126025178
2023-12-26,461.7214050292969,462.6241644751892,460.1100117084557,460.187685635972,55387000,0.0042225344764759,0.004213644594210261,0.09350648915755552,0.12336033560232904,0.13208305362625564
2023-12-27,462.5561828613281,462.7017844285322,460.9836266876839,461.5175089754055,68000300,0.0018079686645202,0.0018063362564399376,0.09337884397570602,0.12327168211101573,0.1319983401138698
2023-12-28,462.7308654785156,463.56566747559816,462.3134644799744,462.9153039892976,77158100,0.0003776462701394,0.0003775749797346061,0.09296180438154955,0.11909752841766079,0.131908658251379
2023-12-29,461.3912963867188,463.060930093317,459.44014657654174,462.5367348441508,122283100,-0.0028949205504404,-0.0028991189375595686,0.09478306595097735,0.11904352710188068,0.13127346768094245
2024-01-02,458.8092041015625,459.7993540123723,456.7124526493962,458.3335624378489,123623700,-0.0055963177142207,-0.005612035769785578,0.09764117726216785,0.11995966190308467,0.1303414701546959
2024-01-03,455.0621948242188,457.391908491728,454.46035533603646,456.6541544745154,103585900,-0.0081668136642575,-0.008200344773306696,0.1009040533960958,0.1198814163116835,0.13061103952888933
2024-01-04,453.596435546875,457.1686653982138,453.3731600721968,454.5865557790852,84232200,-0.0032210086753304,-0.00322620728996398,0.10214887317186432,0.11983583588058701,0.13057599543764334
2024-01-05,454.2177429199219,456.66393818647634,452.7713549830218,453.8003122508208,86118900,0.0013697360128013,0.0013687987801721815,0.10014389207901273,0.11957023707125568,0.13039745851150877
2024-01-08,460.7021179199219,460.8477194894472,454.5865853845721,454.7127832861343,74879100,0.0142759174450461,0.014174976088312662,0.1077716954182977,0.12232962202275165,0.13048638418016328
2024-01-09,460.0032043457031,461.02244496424106,457.54729244084217,458.0520544271024,65931400,-0.001517061778171,-0.001518213681543528,0.10807599342729224,0.12147211674449655,0.12867259613097343
2024-01-10,462.6046752929688,463.4686272393253,459.9934454114867,460.2749615048287,67310600,0.005655332229622,0.005639400874822373,0.10873172246207455,0.12098091774571022,0.12875351056583048
2024-01-11,462.4009399414063,464.1190979620236,458.4307119015927,463.6046192581828,77940700,-0.0004404091926513,-0.0004405062012631687,0.10847034772980554,0.11967190527068226,0.12861373249075977
2024-01-12,462.7211608886719,464.5849497110556,461.3136396565664,463.84719564870727,58026400,0.0006925179419103,0.0006922782620089352,0.09844439765406753,0.11963964794374685,0.12807432157817975
2024-01-16,461.0224609375,462.6532578332319,459.2072255045687,461.3428140279713,85014900,-0.0036711092873069,-0.0036778643464478082,0.0992933675648173,0.11604669125057628,0.12812061419655354
2024-01-17,458.4597473144531,458.9451056102245,456.1106001283949,458.0035093314712,68843900,-0.0055587608851758,-0.0055742682911396665,0.1013816720708949,0.11497168369879575,0.12823928377991736
2024-01-18,462.5367431640625,463.09005873569527,458.5859491170127,460.129384955841,91856200,0.0088928109250407,0.008853502750193617,0.10424259654808865,0.11201575570377502,0.12846956418368924
2024-01-19,468.30279541015625,468.5843115147551,462.5852901238366,463.662771314668,110834500,0.0124661496222981,0.012389086967875359,0.1109427547942665,0.11366556502259079,0.12789429618353432
2024-01-22,469.29296875,471.0111265282756,468.6425755704272,469.83656769535,75844900,0.0021143869939459,0.0021121548236599694,0.09631100032730645,0.11315769853026696,0.127634900898239
2024-01-23,470.6616516113281,470.9043307691421,468.7493682867175,469.836566173897,49945300,0.0029164785165516,0.002912233844077575,0.09195174883935488,0.10765768199314817,0.12643214132780456
2024-01-24,471.1761779785156,474.4571754342008,470.6811029978881,473.525295727068,81765000,0.0010931979808126,0.0010926008750302867,0.09191172088898529,0.10332458973487477,0.12594362718781937
2024-01-25,473.7388000488281,474.0105994997861,471.1761237432126,473.30196574868353,72525000,0.0054387768102091,0.005424040072683398,0.09253219548879847,0.10232264169206418,0.12601306102094975
2024-01-26,473.1369934082031,474.79691054106985,472.29247468488353,473.3117152908374,76641600,-0.0012703342866637,-0.0012711418452490799,0.09294599820769935,0.10095540972155834,0.12603000383200516
2024-01-29,476.8839111328125,477.029542315143,472.9039969579279,473.4475958586122,61322800,0.0079193083119939,0.007888115167118546,0.09591470122601936,0.10125355871670567,0.12582203119038712
2024-01-30,476.5151062011719,477.2237103899132,475.7579187820987,476.19475312019154,58618400,-0.0007733641731895,-0.0007736633735321996,0.09491136520368328,0.10016224318059917,0.12582354279937696
2024-01-31,468.7396545410156,474.758079917689,468.7202212489611,474.31155855924624,126011100,-0.0163173245904898,-0.01645191827906883,0.1120986464874984,0.10166318953254554,0.12629118328343947
2024-02-01,474.8746032714844,474.9037235864103,469.6327095934461,470.43842101293257,91891600,0.0130881794852113,0.013003269341093398,0.11408976250724602,0.10314154757328192,0.1261264307105115
2024-02-02,479.873779296875,481.5239798187347,474.971642466127,475.311399216602,99228200,0.0105273602566877,0.010472333454108524,0.11590628287901653,0.10458053462488187,0.12611872795425735
2024-02-05,478.1265258789063,479.90295413015167,475.87448552123806,479.24287384642,75757100,-0.0036410687421364,-0.0036477135673426207,0.11808427939847738,0.10524670763799746,0.12544788471335952
2024-02-06,479.51458740234375,479.8446274850516,477.64108188661896,479.0680364458104,55918600,0.0029031259474381,0.002898920015571558,0.10987845476913974,0.1052232256619457,0.12494204158648047
2024-02-07,483.5139770507813,483.93137810724,480.854193242822,481.756982255993,70556500,0.0083404963133724,0.008305906571320295,0.11123043357881031,0.10390713765903388,0.12497482340324535
2024-02-08,483.72747802734375,484.1060420771884,482.6985208548494,483.51391920151,52343600,0.0004415611268671,0.00044146366744097896,0.11080938333683338,0.1003085979164828,0.12437756467864658
2024-02-09,486.5231323242188,486.95993698445255,483.89246922228017,484.232225929518,63979400,0.0057793994012409,0.00576276274167817,0.11101234666174899,0.10037430191451101,0.12391226347091973
2024-02-12,486.3096008300781,488.7557959365899,485.59125041969,486.4940393494017,56502300,-0.000438892788346,-0.00043898912997615027,0.11133459221526668,0.09405249886522124,0.12354729232542205
2024-02-13,479.6116638183594,482.53353038052535,476.3500701317823,480.0484981553464,113099200,-0.0137729894706707,-0.013868717076671037,0.1239766426591546,0.09944830176670484,0.12441573982298035
2024-02-14,483.9701843261719,484.4555426281319,479.9222830533005,482.2423099561509,68387800,0.009087603235319,0.009046559441444368,0.12302531339117534,0.10059513714362817,0.12421344991299972
2024-02-15,487.3094787597656,487.4939172946228,484.1934569596569,484.6691282661458,61683000,0.0068997937099017,0.006876099062960471,0.1219102936792657,0.1011307651656352,0.12435477409344405
2024-02-16,484.8826599121094,488.1442534791648,484.1449058140717,487.0085316428908,75532900,-0.0049800362058063,-0.0049924779100584404,0.11899315414140672,0.10135394000375392,0.12446752084711583
2024-02-20,482.2132263183594,483.8149029118612,479.9708731626724,483.14510603430045,71736700,-0.0055053187388344,-0.005520528856091245,0.12172915871023829,0.10212112480829325,0.12375784875970583
2024-02-21,482.6499328613281,482.8052510530416,479.10682363311867,480.9123716908608,59293400,0.0009056295413192,0.0009052197063066402,0.1215976750856987,0.10202125812529868,0.12371242886054315
2024-02-22,492.63873291015625,493.5997329784438,488.2899113619232,489.25094105413393,76402500,0.0206957452363265,0.020484497942411764,0.1394248601489872,0.10912646672184793,0.12344000882616027
2024-02-23,492.97845458984375,495.1916873577398,492.2504171053527,494.35685563775104,61321800,0.0006895959594583,0.0006893582974189832,0.13899728726905983,0.10888688129644004,0.12341709008322532
2024-02-26,491.1728820800781,493.8520693709636,491.0466841824756,493.4152350521733,50386700,-0.0036625789483393,-0.003669302612937959,0.14000069969199508,0.10947357391048283,0.12343065685178897
2024-02-27,492.0853271484375,492.308602616629,489.9691722068436,491.8620813041637,48854500,0.001857686166417,0.0018559628014546544,0.13818754157705537,0.1093451261303288,0.12287070458594114
2024-02-28,491.4350280761719,492.01743437576624,490.1730786379002,490.5322390639573,56506600,-0.0013215168922715,-0.0013223908657851993,0.13832457837521817,0.10945495024587681,0.12287023671730839
2024-02-29,493.2016906738281,494.8130838290683,490.5516532421677,493.1920036518268,83924800,0.0035949057285806,0.003588459499420105,0.12094956541695524,0.1091871534792046,0.12280534020416187
2024-03-01,497.8320007324219,498.2591184201671,493.6676477127876,494.0753617325155,76844800,0.0093882688282509,0.00934447293084189,0.11739807401139325,0.10927964706622205,0.12298614642563697
2024-03-04,497.298095703125,499.1424809176813,497.0068925765737,497.03604251314806,49799300,-0.0010724602446435,-0.0010730357416336405,0.11391910372120254,0.10936959022463778,0.12282359139230867
2024-03-05,492.32806396484375,495.745005535815,490.1245478315941,495.2984545471132,72855600,-0.0099940695152958,-0.010044345482853647,0.12006102188864297,0.11145540660291228,0.12241537157476681
2024-03-06,494.8228149414063,497.0748846909984,493.53177482463775,495.5993764159242,68382400,0.0050672532385653,0.005054457917425322,0.12064521681526351,0.11101888897137975,0.1224834759602902
2024-03-07,499.7346496582031,500.78304025779806,494.8810662776538,498.113569398496,58652100,0.0099264515872787,0.009877507991032536,0.12193091605435227,0.11212985945787693,0.12168934870743359
2024-03-08,496.735107421875,503.04473579557066,496.1623881738849,500.36560770630734,86532500,-0.0060022698813854,-0.006020355911053105,0.12490152283037437,0.11322703765981729,0.12189483502258994
2024-03-11,496.3079833984375,496.89041928478855,493.6093924281333,495.5314219659159,62557200,-0.0008598627660008,-0.000860232660042928,0.12399090515893144,0.1132020862868134,0.12030084841897325
2024-03-12,501.64697265625,502.2293789399501,495.9002875004815,498.4144696621104,73114400,0.0107574116000594,0.01069996228461096,0.1285037595295556,0.11200413767943261,0.11964920574999426
2024-03-13,500.8606262207031,502.1419792694536,499.4239845817287,501.9672573875113,55104100,-0.0015675295145969,-0.0015687593743822002,0.11570617094765279,0.11214486259838491,0.1196524498563388
2024-03-14,499.8704833984375,501.9866383004977,496.8321359535948,501.8312904786425,110171800,-0.0019768829299616,-0.0019788395421084233,0.1136121093115981,0.11218724240780399,0.11871969267017699
2024-03-15,496.4381408691406,498.2590460217431,494.7730662340284,496.8081640582688,107646300,-0.0068664637006802,-0.006890146335452598,0.11564954470397354,0.11317383131372194,0.1187599410511167
2024-03-18,499.3884887695313,501.9396634361586,498.9795377169975,500.4985582011873,88893300,0.0059430322884241,0.005925442130212798,0.11472625846967639,0.11314975608969231,0.11773376576417828
2024-03-19,502.1636657714844,502.4460268329335,497.69420694089,498.6971800566581,60755300,0.0055571505238156,0.005541766530638201,0.1124792493097198,0.10887103786069441,0.11710624348252195
2024-03-20,506.8084106445313,506.9447474953313,501.55028937128384,502.2221673565908,69594600,0.009249464247699,0.009206949908760096,0.11520819710271947,0.10880180771890444,0.11708066910174843
2024-03-21,508.4832153320313,510.34301859328446,508.2007948195373,509.6419595938359,60256100,0.0033046110765408,0.003299162848906642,0.09364439701515612,0.10885178915669867,0.11649192540796607
2024-03-22,507.5192565917969,508.8824467519345,507.28551081424,508.3955803879005,79070800,-0.0018957533133221,-0.0018975525279056767,0.09441876416659274,0.10896421790808075,0.11507250815439775
2024-03-25,506.1170043945313,507.2660017122536,505.9611738991571,506.1461854674636,48512100,-0.0027629536792008,-0.0027667776810349366,0.09382176755441694,0.1093254190099101,0.11513015993643168
2024-03-26,505.1821899414063,507.8794481661175,504.78298573958654,507.5386061090331,65463700,-0.001847032296896,-0.0018487401643639029,0.09455335329134239,0.10951808390165929,0.11504250250868002
2024-03-27,509.4277038574219,509.4666912006187,505.8443747669276,508.00609219695343,82999800,0.0084039263468651,0.008368809964334254,0.09719128490334096,0.11003455865512793,0.11526774067425687
2024-03-28,509.3303527832031,510.8298796934876,509.0479917055304,509.4666896201177,96294900,-0.0001910989007499,-0.00019111716247147617,0.09719373468583427,0.10906286270904801,0.11522510579533647
2024-04-01,508.4442443847656,510.6059618999613,507.2855000855941,510.070420797236,62477500,-0.0017397518007623,-0.0017412669264766194,0.09338275423128328,0.10733781417824041,0.11448847482794601
2024-04-02,505.2114868164063,505.3477642225264,502.9134325371014,504.6272115527488,74230300,-0.0063581358311394,-0.0063784348651845365,0.09682163204467384,0.10816558674593514,0.11463270875000385
2024-04-03,505.7664184570313,507.2660046821648,504.0721332594207,504.12080800254,59155800,0.0010984145355084,0.001097811719649918,0.08795834595398201,0.10817158523118042,0.1138937779779197
2024-04-04,499.5931091308594,510.1094117855476,499.2912543314948,509.7686290685647,96858100,-0.0122058505683416,-0.012280953719981693,0.09908625511434352,0.10882164221067245,0.1146298888591228
2024-04-05,504.8122253417969,506.7694375345306,500.5083435441168,500.94653513579135,74546500,0.0104467337830522,0.010392543738925087,0.09974878922137309,0.11020928367012119,0.11483166958899838
2024-04-08,505.0945739746094,506.5162450455588,504.28641866242464,505.5133313161047,48401800,0.0005593141739412,0.0005591578160680972,0.09672808274473997,0.10989531580737011,0.11477495574044869
2024-04-09,505.6788330078125,507.0712635271461,500.8393509659492,506.8278303713481,68049200,0.0011567319533956,0.0011560634544559975,0.09652412801384638,0.1098257907970626,0.11473864059133922
2024-04-10,500.6153869628906,502.601780021425,498.6387407392185,499.9921838509081,82652800,-0.0100131658958397,-0.01006363482661904,0.09680332714091744,0.11234323605052186,0.1152710724151719
2024-04-11,504.3934326171875,505.8345376921666,498.62895288535583,502.13436609602974,70099000,0.0075468029003609,0.007518468251397878,0.10028969569996196,0.11256229058793156,0.11545532651618975
2024-04-12,497.4313049316406,502.270757144988,495.70777921046096,500.8588329878134,92561100,-0.0138029705292194,-0.01389911729279392,0.11218391416454467,0.11603583371846696,0.11630226876021897
2024-04-15,491.199462890625,501.7644387082916,490.3522904966187,501.5989207934361,92101400,-0.0125280455396188,-0.012607183156612729,0.11834216750292872,0.11842667521387115,0.11643659180826917
2024-04-16,490.3036193847656,493.19560665785394,489.0182851042901,491.6765860412786,73484000,-0.0018237876332101,-0.0018254527587405383,0.11590723111172438,0.1161499978126288,0.1164206388888741
2024-04-17,487.4019165039063,492.9229942757104,486.0094858021586,492.7574466330574,75910300,-0.0059181755266266,-0.005935757329859727,0.11457582317345964,0.11691983551639525,0.11658524043223749
2024-04-18,486.3988952636719,490.887817979909,485.4641202927352,488.7942988433905,74548100,-0.002057893508973,-0.0020600138813199977,0.10737577872513282,0.11694952730202579,0.116620491353598
2024-04-19,482.1535034179688,487.31427501412566,480.8876330360681,486.3210783246666,102212600,-0.0087282102962049,-0.008766524227977154,0.10793594568340716,0.11848877073359752,0.11700849787164408
2024-04-22,486.59375,489.1838827819534,482.41642801907807,484.7533807670464,67961000,0.0092091969685059,0.00916705087097196,0.11582773714012375,0.11941351530630141,0.11714060379040965
2024-04-23,492.367919921875,492.7963646750655,486.4086807205422,488.5995792337359,64633600,0.0118665106608439,0.011796655703234777,0.12582880317184789,0.12159399997336152,0.11765334626271547
2024-04-24,492.13427734375,494.0427852311199,489.9141678416356,493.2540640735244,55928100,-0.0004745284342694,-0.00047464105851724084,0.12585502186197137,0.12067625068981316,0.11766086753618886
2024-04-25,490.2646484375,491.02415872515365,484.4222524660216,486.0678630419317,69122400,-0.0037990219180447,-0.0038062565305919203,0.12075542172361309,0.12097527263989442,0.11653271035365122
2024-04-26,494.9093627929688,496.4868049205615,492.4166096033967,493.0495298783495,64306100,0.0094738920504908,0.009429296178263812,0.12723403585722065,0.11707352837650535,0.11672750339411435
2024-04-29,496.662109375,497.3339873298741,493.9259228058318,496.6913201679961,46415400,0.0035415506632159,0.003535294140176689,0.12843908322591463,0.1144737993252111,0.11523024953739407
2024-04-30,488.7943420410156,496.1752226900087,488.7943420410156,495.20149000874,77483600,-0.0158412876389648,-0.0159681018863766,0.1377666483190196,0.11766053148964842,0.11620385569402467
2024-05-01,487.2071838378906,494.8412449760708,486.7397814235659,488.2101273744075,80242800,-0.0032470879194256,-0.0032523711492450625,0.13748020736565708,0.11760655370414726,0.11626060190845393
2024-05-02,491.7641906738281,492.6016161908802,486.4281251448712,490.9073012018536,62550200,0.0093533243907457,0.009309852910502436,0.13715478718520632,0.1189348874693951,0.11593410132686396
2024-05-03,497.85980224609375,499.0866852455328,495.2015012680421,497.73321224009646,72756700,0.0123953953701128,0.012319201446675981,0.13939046266044178,0.12034738735140166,0.11623335138289617
2024-05-06,503.0010681152344,503.039996024656,499.8169434203136,500.2551349869788,47264700,0.0103267342451545,0.010273777791195272,0.14471208356710313,0.12200686809869897,0.11632279409174731
2024-05-07,503.55615234375,504.9485829994704,502.8842743906612,503.9651034446084,52561300,0.0011035448306213,0.0011029363726240758,0.1447055659996728,0.12154588815416016,0.11501552518258722
2024-05-08,503.6047058105469,504.1402467903994,501.6085661045977,501.7254092481323,42047200,9.642115694719068e-05,9.641650872622597e-05,0.1399457173011384,0.12153179041286,0.11501667095314609
2024-05-09,506.5064697265625,506.5454570669787,503.1373929681529,503.7897771689901,43643700,0.0057619872938741,0.0057454505377310516,0.13886974998182883,0.11817135247803208,0.11499035824526126
2024-05-10,507.1589965820313,508.9117036626552,505.9418306327187,508.1034888313709,52233200,0.0012882892805319,0.0012874601479287945,0.1284810971844532,0.11695289519471064,0.11493175720956877
2024-05-13,507.2270812988281,508.9408603825465,506.0878306657376,508.83376404779614,36716400,0.0001342472819287,0.0001342382715688391,0.11817200996967996,0.11626606883889208,0.11490238111669093
2024-05-14,509.5543212890625,510.070428158798,506.8863031411852,507.4218442516397,57535900,0.0045881619417385,0.004577668411837334,0.11789183427994956,0.11592989760761363,0.11493505564485346
2024-05-15,515.8641967773438,516.1563047340521,511.38499019072265,512.0179402902028,59504900,0.0123831262431817,0.012307082464969813,0.11953057061219577,0.11750706686951094,0.11546401646608953
2024-05-16,514.802734375,517.558414507879,514.6566506998298,515.9614786446474,50244800,-0.0020576392177918,-0.002059759065787944,0.11953043213480555,0.11768764539316552,0.1152442010814015
2024-05-17,515.542724609375,515.6108930215729,513.4686694664939,514.9195214966393,59187600,0.0014374248327826,0.0014363927266393083,0.11161780199500701,0.11052606822865559,0.11471435811786285
2024-05-20,516.1367797851562,517.5973789121299,515.2701433728218,515.6596602461204,37764200,0.0011522908721703,0.001151627494597059,0.10968489624726924,0.11052891284722556,0.11439165542933573
2024-05-21,517.402587890625,517.5584184029028,515.1727614260365,515.3772666864285,33437000,0.0024524663907805,0.002449464002916573,0.10458214108598071,0.11019121798457134,0.11437454683436878
2024-05-22,515.9127807617188,517.4220544657823,513.741316563043,516.7112486575287,48390000,-0.002879396361313,-0.0028835497978586025,0.10582685936966993,0.11043736983046747,0.11443908489542567
2024-05-23,512.1444091796875,519.0676335599267,510.9369308576571,518.9605372397859,57211200,-0.0073042803406953,-0.007331087212715895,0.10923532788675078,0.11160815069395852,0.11408089040595465
2024-05-24,515.5330200195312,516.3412347653415,513.0402667962413,513.9847589456947,41291100,0.006616514364125,0.006594721309515062,0.10718556509255,0.11211076736913107,0.11391338094103799
2024-05-28,515.8932495117188,516.5748741957514,513.2641596915468,516.3411878885217,36269600,0.0006987515410241,0.0006985075278292397,0.10713413303906741,0.11066680021188757,0.1136606156325376
2024-05-29,512.2807006835938,513.458938533357,511.5698948988185,511.8717496296608,45190300,-0.0070025123056838,-0.007027144955959344,0.090814677024233,0.11171760549674373,0.1133209497269915
2024-05-30,508.8824157714844,511.4044095336918,507.6360688600374,510.7422784507473,46377600,-0.0066336383696958,-0.006655738740170981,0.09433299331304415,0.11056210460905518,0.11357465509415894
2024-05-31,513.5173950195312,513.6439850215788,504.7440541264526,509.8367164200918,90785800,0.0091081536802957,0.009066924606624118,0.09409298130384612,0.11156142834848777,0.11367823238816095
2024-06-03,513.9360961914062,515.4064420460951,508.87267437322015,515.1240809646227,46835700,0.0008153592768926,0.0008150270520935997,0.08615174808541466,0.10988208204366405,0.11335939840374168
2024-06-04,514.5106201171875,515.2506664560023,511.17072418863216,512.631323194632,34632700,0.0011178898116688,0.0011172654381305324,0.07980665018662819,0.10905270937909228,0.11255711586320456
2024-06-05,520.6256103515625,520.645104022442,514.8416361330836,516.8280887412405,47610400,0.0118850612509848,0.011814988576102055,0.08835664791734918,0.11140322666961511,0.11304935683305439
2024-06-06,520.6159057617188,521.3559521321091,518.6879340097541,520.9275073614583,30808500,-1.864024675468645e-05,-1.8640420486244925e-05,0.08838470960538711,0.10948285032922882,0.11304674357917134
2024-06-07,519.9829711914062,522.787325920015,518.5515533208824,519.6421291117942,43224500,-0.0012157418997532,-0.0012164815134503508,0.08756868604292557,0.10945516590389208,0.11298117353990271
2024-06-10,521.589599609375,521.9109480214009,518.5807990347079,519.1747616812378,35686100,0.0030897712174835,0.0030850076840254494,0.0877939193365487,0.10943271899417867,0.11288652214791874
2024-06-11,522.8458251953125,522.9042467845098,518.0745108271142,520.0414700499772,36383400,0.0024084559716648,0.0024055602900635792,0.08772879979981998,0.10832831950908331,0.11289284905488267
2024-06-12,527.1398315429688,529.8273428520355,526.107677431855,527.402758345961,63251300,0.0082127582180697,0.008179217037893441,0.0902897579803583,0.10887519686976109,0.11283476018466343
2024-06-13,528.2013549804688,529.0582445758802,525.4164935113477,528.8829798084458,44760900,0.002013741656351,0.0020117167965291445,0.08117901971823228,0.10847218189135466,0.11269817247876698
2024-06-14,528.522705078125,528.551886156822,525.6696157422205,526.6725890295746,40089900,0.0006083855988368,0.0006082006073453367,0.08031387383825202,0.10706240103809217,0.11269826407193945
2024-06-17,532.7290649414062,534.1215548157255,527.3832826445532,527.8409678567655,55839500,0.0079587117504431,0.007927208245233472,0.08367824705221043,0.10795880891306231,0.11233684869361459
2024-06-18,534.0826416015625,534.2092316077063,532.3688625324717,532.7875604635906,41376400,0.0025408350120808,0.0025376125481467527,0.08371565714269308,0.10787221960680338,0.11226519472347794
2024-06-20,532.6317749023438,535.669816103357,530.8595742964317,535.0076850141029,70328200,-0.0027165584241195,-0.002720254965052706,0.08510880044730897,0.10786559872456175,0.1121566677167574
2024-06-21,531.9176635742188,533.0313142277637,530.4621308750893,531.810221745453,64338600,-0.0013407223559952,-0.0013416219283542625,0.08423892807858023,0.10781638124460743,0.11201462610468736
2024-06-24,530.1885986328125,534.3012597413704,530.0713785197397,531.7418545665156,45528700,-0.0032506251621496,-0.0032559199214208224,0.07967329385499475,0.10698710329658877,0.11206130751446762
2024-06-25,532.2302856445312,532.5917242597523,529.8955424418219,531.4096852385123,37936200,0.0038508693264691,0.0038434737094737987,0.07802738981506122,0.10716844559455953,0.11177263446447751
2024-06-26,532.8945922851562,533.6076912884868,530.4719636310322,531.1166742934914,38550600,0.0012481564062454,0.001247378106597345,0.07796816783329505,0.1070486900246602,0.11165748518643112
2024-06-27,533.7345581054688,534.3109399086211,532.0152505978965,532.7576842601343,35041500,0.0015762325842163,0.0015749916334834248,0.07097881092027336,0.10601206956537662,0.1112144158117412
2024-06-28,531.6343994140625,537.5543137581463,530.3938098387125,534.5064116818106,76144500,-0.0039348373822015,-0.003942599222557315,0.06711259223871223,0.10647726098969865,0.11132112264501738
2024-07-01,532.728515625,533.2560061424955,529.9737236752046,533.0117876323043,40297800,0.0020580237323681,0.0020559089026094984,0.0619994533701851,0.10293116090936798,0.11128611557119335
2024-07-02,536.3136596679688,536.3136596679688,531.0776287968915,531.1264605772033,40434800,0.0067297768709877,0.006707233009539323,0.06420078494308917,0.10177617545544823,0.1109089910939492
2024-07-03,538.70703125,539.068469909586,535.9620173191718,536.0010708200014,32789900,0.004462634018147,0.0044527059927613995,0.06459275985841471,0.10201520948090824,0.11096550700590493
2024-07-05,541.8134765625,542.213968717536,538.3748605783948,539.0098526062544,41488400,0.0057664836957704,0.005749921169851079,0.05571850033369328,0.10246446791812105,0.11104402298567713
2024-07-08,542.438720703125,543.3862600338458,541.3739016175886,542.5949943367658,36110500,0.0011539841064711,0.0011533187786148236,0.05531068835888028,0.0997641999923266,0.11069154642501362
2024-07-09,542.9661865234375,544.2947210316149,542.6731362089374,543.396013525926,27289700,0.0009723970656607,0.0009719245938960807,0.05412774837650201,0.09893040725096025,0.11063545281832284
2024-07-10,548.3389282226562,548.6808102777995,543.894163387503,544.1872136667199,38701200,0.0098951681201733,0.009846531525781839,0.06059136186190586,0.09532542590943976,0.11097876039787698
2024-07-11,543.6109008789062,549.3256503566656,542.9759684638211,548.4562180647349,53054200,-0.008622454289494,-0.008659842723666648,0.07240166196867792,0.09312631596540634,0.11127036083096715
2024-07-12,547.039794921875,550.6346849623752,544.2655054755963,544.7343860301963,53084400,0.0063076256149847,0.006287815802814737,0.07052950793259834,0.09330247272323322,0.11117394170533648
2024-07-15,548.5440673828125,551.7775178290722,546.6879829958002,549.0325043663784,40584300,0.002749841007732,0.002746067111774296,0.0705995908106562,0.09190409446703757,0.11096975681805538
2024-07-16,551.7970581054688,552.090108393895,549.1008762046278,549.8530882979716,36475300,0.0059302267877525,0.005912712202406217,0.07182303340150124,0.09186342650316427,0.11106989181906785
2024-07-17,544.0602416992188,547.5476892504238,543.7378565645935,545.8772131422685,57119000,-0.0140211265946459,-0.014120351175631823,0.0889233565185658,0.09516493468224269,0.11205994513838453
2024-07-18,539.879150390625,546.580551242634,537.7007404833427,545.593898977862,56270400,-0.0076849785890167,-0.007714660203140911,0.09395644420981727,0.09602962603404502,0.11219796067948107
2024-07-19,536.2940673828125,541.2663824595259,535.2390267295067,539.644738170822,65509100,-0.0066405287279913,-0.006662675135904506,0.09677072983588564,0.09521425638292041,0.11243912089933512
2024-07-22,541.8231811523438,542.4288382548532,538.2771238069361,540.2113152231016,43346700,0.0103098544358584,0.01025707037394761,0.10267160063245347,0.09682657409789312,0.11258523725746314
2024-07-23,540.9732666015625,543.8647752379528,540.4848296428585,541.7156406949248,34439600,-0.0015686197644287,-0.001569851336492151,0.10193328376096134,0.09640046496599194,0.11260829826367301
2024-07-24,528.7135009765625,536.4698829953903,527.7952370228695,536.1670544374522,74515300,-0.0226624241564039,-0.02292316374903761,0.13192286715413964,0.1074082068228527,0.1150326544380155
2024-07-25,525.958740234375,534.7994982405838,525.0209792890996,528.8307523766035,61158300,-0.0052103090560375,-0.005223930049926091,0.13289197533161193,0.10805847389473623,0.11517022274422312
2024-07-26,531.8493041992188,534.5357078065754,528.9675138593225,529.7392825093052,53763800,0.0111996693166822,0.011137417389716396,0.13920518162929588,0.10413402660802286,0.1156388748130526
2024-07-29,532.161865234375,534.3988851266782,530.169004207153,533.3927359573876,39515800,0.0005876872126906,0.0005875145921885963,0.1385068516944499,0.1036966188963193,0.11539917642056464
2024-07-30,529.4657592773438,534.6822931769603,526.0662565076813,533.6272524601584,46853600,-0.0050663268700094,-0.00507920421629594,0.13944847861208828,0.10324266634041022,0.1151965819609576
2024-07-31,538.072021484375,540.6998152024645,534.9167372159726,536.2843251839307,65663400,0.0162546152536431,0.016123923324570313,0.14938306567418017,0.1052626407814115,0.11621491314633439
2024-08-01,530.4523315429688,542.0380422456446,526.955106117804,539.7912440920945,76428700,-0.0141610967252783,-0.014262321830854486,0.1568413937962825,0.10828987327187753,0.11712995690271541
2024-08-02,520.5762329101562,524.5716145988897,516.3756265717791,523.3603002519518,82789100,-0.0186182585041809,-0.018793760048189233,0.16716216189623043,0.11555281047436967,0.11783071595981251
2024-08-05,505.4150390625,511.47166935789465,498.4694499127016,499.80779223976646,146267400,-0.0291238686847097,-0.02955638698971215,0.1930231138188081,0.131001441920974,0.12160953076986993
2024-08-06,510.0748596191406,517.4990792856169,505.89380965132887,507.212565900089,84826300,0.0092197900665642,0.009177547250212102,0.19770497119116917,0.1318239127343596,0.12179909682688426
2024-08-07,506.66552734375,519.2965627450678,506.0696484137689,516.2486605015515,70698300,-0.0066839841468294,-0.0067064220076272895,0.1919485174730093,0.13253681215687724,0.1217547803146438
2024-08-08,518.3782348632812,519.0033889369354,509.77197692780607,511.79405372836936,63276600,0.0231172378767041,0.022854082433192306,0.21312491848846846,0.14058169216597896,0.1236654267381742
2024-08-09,520.6640625,522.1489300560904,516.3365178449808,517.5576103421191,45619600,0.0044095748682844,0.004399881179276231,0.21221035810591848,0.14055939368863396,0.12349430177227882
2024-08-12,520.9376220703125,523.3406939742863,518.6712672136742,521.8558860240913,42542100,0.0005254051316678,0.0005252671547187688,0.21163188184906395,0.1383383074862202,0.12349386529113648
2024-08-13,529.5048217773438,529.7393216479126,523.878076980635,524.1222955084382,52333100,0.0164457304369445,0.016311964010714445,0.22021338561546544,0.14214858038808234,0.12446059974258547
2024-08-14,531.1751708984375,532.3572097547438,527.6291139531684,530.2959605592147,42446900,0.0031545494061546,0.0031495842543142537,0.2161661974676041,0.14224169229256714,0.12439408644645665
2024-08-15,540.2796630859375,540.562935056648,536.1865589989441,536.7922160560852,60846800,0.0171402819376902,0.016995044562533444,0.2239416745999171,0.14620341386216112,0.12480106186347366
2024-08-16,541.4910888671875,542.1846909540823,538.5116347380534,538.6679083622046,44430700,0.0022422198428322,0.002239709819236684,0.22263495807864292,0.14619370461702066,0.12452889834340436
2024-08-19,546.66845703125,546.66845703125,541.0514314058853,541.9013070349608,39121800,0.0095613173891626,0.009515897281917143,0.2222185105818203,0.14708015992044815,0.12451844865666613
2024-08-20,545.779541015625,547.8700657821756,544.4412283435015,546.2191462607274,33732300,-0.0016260605567995,-0.0016273840281577406,0.2222255234896123,0.14616768911927305,0.12454584938313705
2024-08-21,547.6551513671875,549.1106842316043,541.9013486274712,546.8248322343893,41514600,0.0034365713820496,0.0034306798645063366,0.20445322568348126,0.14579934584502313,0.12444905016560477
2024-08-22,543.3568725585938,550.1559376249218,542.1455582382872,549.5502804647684,56121500,-0.0078485134264936,-0.007879475116558792,0.20586872835848688,0.1469323919457949,0.124711726645828
2024-08-23,549.1302490234375,550.0680696349215,544.4021520897437,546.5904001832064,50639400,0.0106253859229896,0.010569333214828289,0.20553026071883077,0.14732063699029163,0.12467163296669462
2024-08-26,547.8212280273438,550.8690705771505,546.1214765619129,550.1559715338451,35788600,-0.0023838078459922,-0.002386653639364808,0.20599496498374006,0.14661164169861754,0.1238120413741744
2024-08-27,548.5733642578125,549.0618012606642,545.4083020191189,546.5512279111676,32693900,0.0013729592647899,0.0013720176180151574,0.20455067939778362,0.14569984552555623,0.12366692591420038
2024-08-28,545.388671875,548.6612351267629,542.2040535062941,548.2314082372999,41066000,-0.0058054083379006,-0.005822325225619437,0.1988842999807284,0.14638875073338714,0.12374082018672844
2024-08-29,545.4376220703125,550.644377643334,544.2946960843145,547.352316743397,38715200,8.97528640340095e-05,8.974883648669582e-05,0.19095409464439173,0.146400080476437,0.12301275453650018
2024-08-30,550.6443481445312,551.1523417216108,544.2556134288437,547.8016709409602,62700100,0.0095459606443275,0.009500685861501327,0.1771994954383172,0.145743384146418,0.12327099990064287
2024-09-03,539.312744140625,547.8408371292351,536.8021702028251,547.5086736550506,60600100,-0.0205788074318561,-0.020793501630541035,0.1576206489593713,0.15239077197891587,0.12515061210408054
2024-09-04,538.2088012695312,541.6083040829072,536.7532683896355,537.4761456891545,47224900,-0.0020469437874175,-0.0020490416401318856,0.15705364374605088,0.15244242372152472,0.12518037585984634
2024-09-05,536.8997192382812,540.9928237930679,534.4477558926965,538.1501466111926,44264300,-0.0024322939873189,-0.0024352568196338385,0.15437531153092798,0.15247386430023285,0.12511596447996515
2024-09-06,527.8635864257812,538.8436399407501,526.964879098129,537.2220554393132,68493800,-0.0168302058815003,-0.016973443213532616,0.1507816917975873,0.15654765587695382,0.12615356060617505
2024-09-09,533.7737426757812,535.0437266855093,530.1300214174476,532.054494369654,40445800,0.011196370429751,0.011134155034701504,0.1546950276562469,0.15730951836830803,0.126513405250197
2024-09-10,536.0986328125,536.4503527479894,530.8137709847371,535.678584169421,36394600,0.0043555723162105,0.004346114264649517,0.155053918031442,0.15749645023607897,0.12655959040282921
2024-09-11,541.5985107421875,542.5167747623394,527.4729497044474,536.0108196239122,75248600,0.0102590784476241,0.01020681127373226,0.14866732911942648,0.1588133504327225,0.12677642036986805
2024-09-12,546.1604614257812,546.4632899534062,539.957276313442,542.1747991721596,51819600,0.0084231226510247,0.00838784610743805,0.15075959690657093,0.15890928787707892,0.12683350681549105
2024-09-13,549.0130004882812,550.0094311099382,546.5122052774053,546.7662020730168,39310500,0.0052228955846662,0.005209303571424828,0.14000117664953834,0.15915585018441447,0.12690478499703717
2024-09-16,549.8238525390625,550.0875680057417,546.9518402590558,548.7492552395013,36656100,0.0014769268670506,0.0014758372832571732,0.1399233533769921,0.15903005041064552,0.12667527365123532
2024-09-17,550.0485229492188,553.4773606816602,547.8212213158272,552.0315464267048,49321000,0.0004086225235933,0.0004085390601458334,0.1360485584645274,0.1589825403342801,0.12599604429207983
2024-09-18,548.4171752929688,555.5385664291312,547.8603498689396,550.7030274298603,59044900,-0.0029658249921354,-0.0029702317663818267,0.136385036297778,0.15895433837924655,0.1260576528441297
2024-09-19,557.7755737304688,559.6316584337985,554.9426745171918,557.8049085738365,75315500,0.0170643788325934,0.01692041774980828,0.14844221332710467,0.16233028283915435,0.12702362505871717
2024-09-20,556.8114013671875,557.8500616857909,553.793383536953,556.4096807844697,77503100,-0.0017286027009622,-0.0017300984585733826,0.14517889437001083,0.16240844106441196,0.12663452268084133
2024-09-23,558.2027587890625,558.8495067502496,556.6643550711399,557.8794446150124,44116900,0.0024987947776549,0.0024956779810614547,0.14105523812995752,0.162439817009954,0.1253819592927003
2024-09-24,559.7999267578125,559.8587165873663,556.1743944512203,558.9964258828836,46805700,0.0028612684971582,0.0028571828599997123,0.14070217301871643,0.16219890518397612,0.12534662735491087
2024-09-25,558.5653076171875,560.378103761662,557.4580492681129,559.6432009533316,38428600,-0.0022054649913506,-0.00220790061103961,0.14117717482781186,0.162300020656981,0.12535534948589663
2024-09-26,560.77978515625,563.1413061737785,558.4281322177342,562.817932214862,48336000,0.0039645812385114,0.003956742996381432,0.13925333264780154,0.16196921036953785,0.12435832471920431
2024-09-27,559.966552734375,562.6611965458859,558.9377006949258,561.8479471107624,42100900,-0.0014501814141685,-0.001451233944932296,0.13955150046195006,0.16184360620626434,0.1243844398798152
2024-09-30,562.21044921875,562.8179640810873,556.6447925339722,558.9376557740085,63557400,0.0040071973467303,0.003999189915884862,0.1366064500669382,0.16164739799012895,0.12433159211366007
2024-10-01,557.173828125,562.5043247858904,554.6065728022052,561.8576367225866,72668800,-0.008958604559465,-0.008998974141567216,0.11654773506411698,0.16283784715028055,0.12469775827327621
2024-10-02,557.4090576171875,558.4281611024765,553.8913563966638,556.282242548741,38097800,0.0004221833121256,0.0004220942178263071,0.11584133601666566,0.16283417113216356,0.12469000021272732
2024-10-03,556.3900146484375,558.3301388916863,554.106899883147,555.9392527365582,40846500,-0.0018281779867485,-0.0018298511436541753,0.11557066693460104,0.16170682049656956,0.12385589534610983
2024-10-04,561.446044921875,561.818400406846,556.6642732473864,560.8287218708198,42939100,0.0090872052702675,0.009046165060293734,0.09455852931133443,0.1616145126823402,0.12395618064211941
2024-10-07,556.3704223632812,560.4467168743025,555.22399069742,559.7999688939893,49964700,-0.0090402677238558,-0.009081378902386927,0.09886165161210918,0.1623467158692292,0.1243752322968174
2024-10-08,561.6322631835938,562.230029540932,558.0655806170524,558.9376197622599,37398700,0.009457441677007,0.009413000058420974,0.101993209405606,0.16335077824665845,0.12419365466283001
2024-10-09,565.5223999023438,566.0809331902332,561.0247685875196,561.6224751598685,37912200,0.0069264837042994,0.006902605812523331,0.0992445378164385,0.16350616882235072,0.1242165666600578
2024-10-10,564.53271484375,565.9535388259317,562.9257131010544,564.1799758679994,44138100,-0.0017500368840644,-0.001751569987531797,0.0973146517223762,0.16075324740357425,0.12418662045095678
2024-10-11,567.913330078125,568.6482329129351,564.3171624790748,564.4543586951436,42268000,0.0059883424742013,0.005970483612594294,0.09772012308516914,0.16016976561884821,0.12424524898237455
2024-10-14,572.5578002929688,573.4886890058166,569.0400397275337,569.5201665882303,36217200,0.008178132064984,0.00814487235477078,0.10035597105177987,0.16008049180601897,0.12422296398364314
2024-10-15,568.1093139648438,573.1262458468478,566.8942243784207,572.8224884018784,54203600,-0.0077694973779918,-0.007799837174898581,0.10617162001007356,0.15994140098966267,0.12439586091547275
2024-10-16,570.5785522460938,571.097912292803,567.3058184280349,568.1093193754714,30725400,0.0043464140096862,0.004336995633228163,0.1051491931180959,0.1600273117225026,0.12408933485133339
2024-10-17,570.6275634765625,574.3216944108202,570.441385688738,574.1159000748407,34393700,8.589742862885608e-05,8.58937396559809e-05,0.08919513421440545,0.15215832832484344,0.12408807440191578
2024-10-18,572.8224487304688,573.6063330690159,570.8528997080355,572.3128969974695,37416800,0.0038464409965299,0.0038390623573078863,0.08900964848218679,0.1516385934456513,0.12324429265917146
2024-10-21,571.8818359375,573.0772492638474,568.9127995570122,572.0973787445921,36439000,-0.0016420669180361,-0.00164341658761867,0.08955556530825687,0.15039839028163807,0.12286231959381996
2024-10-22,571.5779418945312,572.7341816541917,568.6971208640092,569.3536172092114,34183800,-0.0005313930673642,-0.000531534306698245,0.08953697623854386,0.15043563890169454,0.12210874302814305
2024-10-23,566.355224609375,570.0003732214365,562.8570804647936,569.5594196255329,49314600,-0.0091373667567458,-0.009179368545310611,0.09607325827407975,0.15139715931628384,0.12252352579338328
2024-10-24,567.5802001953125,568.3837012123148,564.9639626077603,568.3052948235324,34979900,0.0021629103656319,0.002160574642374119,0.09547352491308661,0.1481574483404707,0.12236864156407885
2024-10-25,567.3841552734375,572.6950960929863,566.4435179318251,569.8044663478088,47268200,-0.0003454047935561,-0.0003454644595315361,0.09523840964232141,0.14478517961033271,0.1213544737233898
2024-10-28,569.1381225585938,570.9802836348513,568.8343651367928,570.8528957024953,30174700,0.0030913222881787,0.0030865539758335395,0.09486813101595609,0.13874826751755423,0.12061844751705371
2024-10-29,570.0592041015625,571.1762108700161,566.7864107519835,568.1778099310847,42899700,0.0016183796278272,0.0016170714627323846,0.08782594188845667,0.12274369940032667,0.12047036800617847
2024-10-30,568.3346557617188,571.5780244818477,567.6291179550885,569.5888588084969,41435800,-0.0030252091843017,-0.003029794379390693,0.08904805275729989,0.12224585993735426,0.12009417346217881
2024-10-31,557.1934814453125,564.0427655154251,556.9974954170759,563.9741674152153,60182500,-0.0196031936526449,-0.019797884833123065,0.1154652043641751,0.12890092982307655,0.12184447046775884
2024-11-01,559.5451049804688,563.9643295266857,559.1335762073604,559.8194973668982,45667500,0.0042204792652209,0.004211598022571536,0.11169537599311082,0.12119365082308825,0.12151989791166047
2024-11-04,558.3399047851562,560.9757583388703,556.4585705161212,559.6823223393656,38217000,-0.0021538928400679,-0.002156215803460078,0.10697213035020291,0.12121610326272181,0.12025441493513798
2024-11-05,565.0911865234375,565.1303598031815,559.0355955403569,559.2511382887498,39478300,0.0120917055729323,0.01201918491476833,0.1103047960508086,0.12322927677838258,0.12048424414108025
2024-11-06,579.1426391601562,580.014738259286,573.6064067155438,577.3397109306703,68182000,0.0248658145301581,0.02456169136705787,0.13851339603394328,0.1285506997651023,0.12272866459629049
2024-11-07,583.62060546875,584.639708979933,581.063158030651,581.1415644099445,47233200,0.007732061163874,0.007702321977389281,0.13990866797569826,0.1291384795582114,0.12288756422393292
2024-11-08,586.1486206054688,587.569444510154,584.1692634497057,584.1692634497057,46444900,0.004331607062928,0.0043222526564014215,0.1393568081177087,0.12522516819688015,0.12292385174321838
2024-11-11,586.7072143554688,588.0888053142032,584.9826328704219,587.7360663213191,37586800,0.0009529899591387,0.0009525361525001799,0.13718480503462696,0.12521424722634683,0.12258246810836608
2024-11-12,584.8846435546875,587.2264882691159,582.4055428293386,586.6287817012992,43006100,-0.0031064400712772,-0.0031112750719250325,0.13407004145417245,0.12436243993947615,0.12183517117568736
2024-11-13,585.1687622070312,587.1676761411395,582.9836705187753,585.3451316888757,47388600,0.0004857686989643,0.0004856507515451121,0.13366840915977884,0.1242379409542043,0.1218174413617801
2024-11-14,581.4060668945312,585.7763103260314,580.7202054727688,585.296183408181,38904100,-0.006430102827616,-0.006450864988544518,0.13641717563303393,0.1251144365019619,0.12071904714592079
2024-11-15,573.9590454101562,578.3194803370213,572.1070761341368,577.8491019104924,75988800,-0.0128086408250809,-0.012891378731031031,0.14438819067630854,0.12703993264721408,0.12153008106889274
2024-11-18,576.3108520507812,577.6238450144261,573.5574183688442,574.4196493771738,37001700,0.0040975164681731,0.004089144509270652,0.14490354952706597,0.125622400267531,0.12156673045147619
2024-11-19,578.41748046875,579.142574989824,572.2737337790142,572.9400384688264,49412000,0.0036553682972868,0.003648703674754749,0.1453117435461011,0.1255763315181275,0.12159309959508845
2024-11-20,578.613525390625,578.897666302881,572.8616903884546,578.4959457161364,50032600,0.0003389332592718,0.000338875834369798,0.1406741487325499,0.12557779772854738,0.12141779957185896
2024-11-21,581.7196655273438,583.1404896221547,575.6249001169805,581.455141177832,46750300,0.0053682466800646,0.005353889004630169,0.14145679362176308,0.12511473985565447,0.12144751139728086
2024-11-22,583.5226440429688,584.1497754660484,581.2101642027249,581.7098478799927,38226400,0.0030993941282533,0.0030946009077713224,0.1414755763384433,0.1251652300408188,0.12143275877058518
2024-11-25,585.501953125,588.7648782973704,583.2188384863542,587.4518855330788,42441400,0.0033920004685978,0.0033862606110790184,0.14152688871662103,0.12403981619454951,0.12145278454058785
2024-11-26,588.5592041015625,589.2255088244219,586.0311216188419,586.746407902425,45621300,0.0052215897150214,0.005208004485919695,0.1421666699060736,0.11567039745854246,0.12148504616395309
2024-11-27,586.7757568359375,588.7550542016285,585.256969810655,588.3729502321648,34000200,-0.0030301917856291,-0.0030347921123566476,0.1421688281931508,0.1158155421323513,0.12155734540082752
2024-11-29,590.4208374023438,591.2047216811674,587.314665296655,587.5889978813017,30177400,0.0062120503854172,0.006192835136758061,0.11820877401717055,0.11593224668825468,0.12164770843577932
2024-12-02,591.4791870117188,592.1552999944694,590.3425038316959,590.8324390421951,31746000,0.0017925343116806,0.0017909296393853397,0.11816378023000064,0.10929108081189286,0.12161781716285686
2024-12-03,591.7535400390625,591.9985076527607,590.2151960547985,591.2440480710218,26906600,0.0004638422337899,0.00046373469223459206,0.11707455365991812,0.10761376524989534,0.12152674918010797
2024-12-04,595.427978515625,595.6729460981672,592.7725681970518,593.438872844782,42787600,0.0062094068356903,0.006190207904060442,0.11280729779785167,0.1078721271791405,0.12146045148725629
2024-12-05,594.4481201171875,596.2314913306755,594.0953811448159,595.4279904670244,28762200,-0.0016456371446975,-0.0016469926928679725,0.07824549828656169,0.1066309144970319,0.12148568711446134
2024-12-06,595.5750732421875,596.8097196143469,594.8009970944031,595.212525949607,31241500,0.0018957972729021,0.00189400251722277,0.07457656427953431,0.10567900234799428,0.1213746203207036
2024-12-09,592.508056640625,595.6240374954255,591.9201582931329,595.457476264727,34742700,-0.0051496725423149,-0.005162977804112134,0.07656925668117258,0.10623675088393995,0.12137038567680092
2024-12-10,590.6658325195312,593.6054435570935,590.0093361336401,593.184106485161,37234500,-0.0031091967450007,-0.0031140403395983267,0.07763162362754192,0.10661465965834409,0.1214041392168142
2024-12-11,595.2321166992188,596.1825623151827,593.3115491139272,593.5859415432025,28677700,0.007730740341302,0.0077010112882800645,0.08069015163062365,0.10742950729662121,0.12155120522944839
2024-12-12,592.1650390625,594.9380289691392,592.1650390625,594.369747252086,31543800,-0.0051527421835482,-0.00516606333957846,0.08349859251701446,0.1078969176770614,0.12166558455682865
2024-12-13,592.0474853515625,594.9086900260288,590.6756429397628,594.1934038090473,35904700,-0.000198515115184,-0.00019853482191767245,0.07934814052183967,0.10288472721639685,0.12101313462954667
2024-12-16,594.575439453125,595.5455612250375,593.0272875396962,593.8013634964105,43695200,0.0042698502469973,0.004260760302380281,0.0610329875116911,0.10293981858562724,0.1210366648723318
2024-12-17,592.1258544921875,592.9881452170704,590.7540718346318,592.0278913761272,55773500,-0.0041198892493617,-0.004128399374967782,0.06378985179947168,0.10344836010807912,0.12111756868618435
2024-12-18,574.4784545898438,594.2031909866316,574.0962907751041,591.822113059209,108248700,-0.0298034611535048,-0.03025661064131427,0.12841166131131687,0.12156023288646649,0.12500709606157215
2024-12-19,574.302001953125,581.0631314525076,574.057034359764,579.456129686489,85919500,-0.0003071527492615,-0.00030719993032865203,0.12838672463054365,0.12144632825507859,0.12490513203827085
2024-12-20,581.1998901367188,585.7224397345614,571.1321976271144,571.9777678628068,125716700,0.0120109074322132,0.01193934890226291,0.13427650339218122,0.12351145040038622,0.12450250626502678
2024-12-23,584.6803588867188,585.2800771480029,577.7686569320756,580.9443313472664,57635800,0.0059884194905495,0.005970560170484667,0.1355503165081409,0.12392185518447674,0.12431408062083357
2024-12-24,591.1790771484375,591.2184422848073,585.4471892507113,586.0272849416975,33160100,0.0111149932829843,0.01105367568985796,0.1406527723658828,0.12555184159377658,0.12471896919090407
2024-12-26,591.218505859375,592.3392722176656,588.0133673077331,589.4094496188982,41219100,6.669503786849162e-05,6.669281385334011e-05,0.13954135945508286,0.12388178874681255,0.12468054319085682
2024-12-27,584.9950561523438,587.7184519013749,580.8165903318666,587.482441071987,64969300,-0.0105264798807085,-0.01058227516743698,0.14436848064564614,0.12612907267356957,0.12521256212339588
2024-12-30,578.3192749023438,581.7800467977985,574.5734057798932,577.9948725430215,56578800,-0.0114116883207667,-0.011477301283325712,0.1476565087902106,0.12851692497799447,0.12582495281924969
2024-12-31,576.2152709960938,580.6985158642835,574.583178079053,579.9807622286955,57052700,-0.0036381355378571,-0.003644769648369693,0.1475371076639977,0.12760171103620926,0.1258496732506374
2025-01-02,574.7996215820312,581.1803752720315,570.7292897647728,579.4696717566784,50204000,-0.0024568064841726,-0.002459829385360168,0.14743659729188224,0.1262069330266529,0.12572578574346097
2025-01-03,581.9864501953125,582.6254735449975,576.5593423217554,577.6408633877121,37888500,0.0125031895349909,0.012425670151611185,0.15327014996129026,0.12725792464735144,0.12591955594543483
2025-01-06,585.339111328125,589.6060884935793,583.6087253809885,586.2338281568046,47679400,0.0057607202567815,0.005744190758671316,0.15518052869068694,0.12703456745866204,0.12593850459430164
2025-01-07,578.722412109375,587.6889029930588,576.9035745975999,587.3644406233403,60393100,-0.0113040442551956,-0.011368420565008202,0.15924600142718942,0.1292952535737379,0.1265449095028293
2025-01-08,579.56787109375,580.6395509433228,575.350100693004,578.7911897402016,47304700,0.0014609058966514,0.0014598398118055042,0.15892469587779298,0.128796759694201,0.12584880823937053
2025-01-10,570.7193603515625,576.0874809051687,568.8120114375996,576.0186519228087,73105000,-0.015267427998534,-0.015385175179108918,0.16675920675964412,0.13170005257387551,0.12687730559893975
2025-01-13,571.6043090820312,571.9582353156698,565.6659333477378,566.0789072948215,47910100,0.0015505847390977,0.00154938382383483,0.16354972613682608,0.1307416065465145,0.12678837913509625
2025-01-14,572.3907470703125,575.1534475548353,568.6153544470202,574.5242054496483,48420600,0.0013758433513983,0.0013748977461716769,0.16353175163162995,0.13047246669661527,0.12678297406059175
2025-01-15,582.802490234375,583.9429389739179,579.2827311805529,580.3937160773642,56900200,0.0181899222119736,0.01802646478633443,0.1779121147509277,0.13557270292667079,0.12794146605377013
2025-01-16,581.6817016601562,584.34604932179,580.9836305712422,584.1690862304802,43319700,-0.0019231018964384,-0.0019249534310644269,0.176936682764308,0.13545402873983203,0.1278902791878191
2025-01-17,587.5217895507812,589.27179809953,585.5849165977943,586.9122299431212,58070600,0.0100400061991927,0.009989940166919514,0.18078312635621815,0.13684832515434597,0.12804345921557964
2025-01-21,592.8995971679688,592.9094384516549,588.5933154613438,590.5596519481012,42532900,0.0091533756072252,0.009111737358867486,0.14498809774091045,0.13797537558007333,0.12805965223952887
2025-01-22,596.2325439453125,597.5893209036658,595.170705454465,595.7212772630847,48196000,0.0056214353884938,0.005605694085506099,0.14548665136682795,0.13681693128316,0.12763212768859267
2025-01-23,599.4868774414062,599.4868774414062,595.3280946897063,595.6033506126263,41152100,0.0054581614659265,0.005443319684034052,0.14129263167550277,0.1371156228997218,0.12770581046573276
2025-01-24,597.73681640625,600.4995770008244,596.5865262707722,599.54587252364,34604700,-0.0029192649597693,-0.002923534324684772,0.14112814766054926,0.1373182135462069,0.1277501075073078
2025-01-27,589.2815551757812,589.5961762199101,584.6311885086425,584.798310310645,70361100,-0.0141454583328227,-0.014246458926308145,0.14596276923150106,0.14067588722820515,0.1286504451302778
2025-01-28,594.3448486328125,595.1805175844501,587.1971967465958,590.5104687195756,44433300,0.0085923162070138,0.008555612355654503,0.14921233982995125,0.141610010354202,0.12879933786062045
2025-01-29,591.6804809570312,593.9614384934404,589.1340487911447,593.5583059073574,37177400,-0.0044828649258257,-0.004492943095458172,0.14484338405772293,0.14180601463428705,0.12889412415134993
2025-01-30,594.8560791015625,596.389819126707,590.6087851839717,593.7943006280343,39281300,0.005367082820435,0.005352731358855029,0.1384593492775032,0.13552869348285262,0.12878075210533696
2025-01-31,591.6903686523438,599.6933732210748,590.9333098394596,597.2747575383468,66566900,-0.005321809023117,-0.005336020290949308,0.1394051185890484,0.13600110392827416,0.1289202101813625
2025-02-03,587.7085571289062,590.1861005375324,580.5510628181718,582.6943625959686,65857200,-0.0067295527093108,-0.006752298251460411,0.1417635758457947,0.13677071722896936,0.1279740028264424
2025-02-04,591.6510009765625,592.1622076462813,587.2267439810199,587.7674745011321,33457800,0.0067081613834516,0.006685761786487206,0.13707371475563457,0.13534042491000486,0.12752917713926934
2025-02-05,594.0499267578125,594.1974260072697,588.5049031019603,590.5302274178379,30653100,0.0040546298025194,0.00404643194315376,0.13639617330119816,0.12615248755334338,0.12720501693045863
2025-02-06,596.1145629882812,596.2423796576439,592.4866698522919,595.7901006731433,35771500,0.0034755264456256,0.0034695007611694672,0.12889031652143765,0.12540539551870789,0.12715162879630496
2025-02-07,590.6580200195312,597.8941240756534,589.9501076619601,596.6750050236558,50788500,-0.0091535139510713,-0.009195664775840797,0.1343471382874585,0.12663194682069107,0.12753301232798128
2025-02-10,594.66943359375,595.30851711154,592.5949624942194,593.8632882437039,26048700,0.0067914316546249,0.006768473768658611,0.12097491795577306,0.12735263414474007,0.12745173753951156
2025-02-11,595.12158203125,595.662312577201,592.2900526181724,592.4080280097315,30056700,0.000760335762959,0.000760046854158722,0.12105113130090288,0.12716650109797345,0.12745118289335736
2025-02-12,593.2044067382812,594.3743794070193,588.4360645213627,589.1144530437037,45076100,-0.0032214850727226,-0.0032266852269089608,0.12246804937782749,0.1273694260132942,0.12741835817461517
2025-02-13,599.4671630859375,599.6736500230521,593.0471055616473,594.3055297285264,40921300,0.0105575013882512,0.010502160139902631,0.1116703971425017,0.1283080065169101,0.12778191756267152
2025-02-14,599.4376831054688,600.7059485220444,598.8182823186273,599.6736338799176,26910400,-4.917697295880874e-05,-4.917818218578768e-05,0.11112466090217474,0.12524161770085657,0.12693036133807004
2025-02-18,601.1976318359375,601.1976318359375,598.1399925315113,600.5979135172886,26749000,0.0029359994876383,0.002931697858805862,0.10671215953451728,0.12513119574438247,0.12668266122545024
2025-02-19,602.61328125,602.9082197102092,599.3000091966954,599.8112758662747,31011100,0.0023547155529195,0.002351947554632801,0.10264353103551753,0.125029060337461,0.1265476935551293
2025-02-20,600.1062622070312,601.3843689751305,596.8028311734677,601.2467110134413,36554000,-0.0041602452534209,-0.004168923150187155,0.10245362090479253,0.12542273371773557,0.12651224215003196
2025-02-21,589.8419799804688,600.0275889538111,589.3798596850504,599.8899309928074,76519800,-0.0171041078438561,-0.01725207272834491,0.11791811873860886,0.1302332079920793,0.12764384366192882
2025-02-24,587.157958984375,592.8800056614799,586.4500466079941,591.8869960824046,50737200,-0.0045504068669079,-0.004560791483029168,0.1184491785887879,0.13045907539914872,0.12775628172075362
2025-02-25,584.2379150390625,587.8265033006376,579.6366946428752,587.098968367302,58266500,-0.0049731829410324,-0.004985590368680154,0.108767745701978,0.1306873063838194,0.1263429068610673
2025-02-26,584.5328979492188,589.4881049123491,581.8980139327481,585.8995163780398,43321600,0.0005049020314549,0.0005047746113122283,0.10357697526365044,0.1302359004386595,0.12634302315184595
2025-02-27,575.2025756835938,587.9542991571739,574.809344386224,586.8039490929929,74196700,-0.0159620139402925,-0.01609077895577309,0.11640099821476702,0.13417535005842438,0.12737830413757384
2025-02-28,584.1788940429688,584.70978328648,572.636508577737,575.7039886670112,88744100,0.0156054905503633,0.015484977047206543,0.12907735447876953,0.1374175789121822,0.12823659157147005
2025-03-03,573.9441528320312,587.2857532860544,570.1392964764723,586.1452445030724,74249200,-0.017519875016547,-0.017675164467805603,0.14152560183348692,0.1419430471132505,0.1295291945877663
2025-03-04,567.1505126953125,575.5369680083471,562.6181207422406,569.9525786591505,109648200,-0.0118367616486667,-0.011907373878382277,0.14518773615676994,0.14383533076935506,0.13009781301183565
2025-03-05,573.24609375,575.035467216836,563.434093538414,566.9833166199888,71230500,0.0107477308373027,0.010690384507583731,0.14893246529493043,0.14504768858319625,0.13019603697078125
2025-03-06,563.0702514648438,570.4046474415857,560.523819558892,565.793586428619,80094900,-0.0177512631941179,-0.01791070656538532,0.1580456152453497,0.14930062252344573,0.13149037329460622
2025-03-07,566.226318359375,567.6716070865215,556.1095373006934,561.2908538818324,81158800,0.0056051032465676,0.005589453108557134,0.1593133461922068,0.14978769617161955,0.13116152804733136
2025-03-10,551.14453125,559.9536812738498,546.2385307775894,558.0365509948175,99326600,-0.0266356165730233,-0.026996772115598047,0.18028068718032916,0.1588849548287447,0.1339442026933779
2025-03-11,546.5628662109375,554.5265648872522,542.7285461144836,549.9843324603625,88102100,-0.0083130009993408,-0.008347746686762214,0.1768559697973672,0.15951417998152187,0.13389320063272864
2025-03-12,549.4632568359375,553.631880779765,544.3704523001988,552.7077001878538,69588200,0.0053066002180262,0.005292569828978419,0.17926343666091138,0.1590097098493422,0.13383026119971594
2025-03-13,542.1386108398438,549.6991769603108,540.4279077137791,549.0896174558009,74079400,-0.0133305474114364,-0.013420196766636885,0.18231263514780532,0.16074971537061097,0.1345365492926658
2025-03-14,553.3369750976562,554.3398260143258,542.2075022062043,546.7497351697265,62660300,0.0206559061352682,0.0204454658618424,0.19606335150385282,0.16689761362457842,0.13563769064910464
2025-03-17,557.6038818359375,560.1207900872192,552.8846263579363,553.3172227764923,49008700,0.0077112264864067,0.007681646945156242,0.20001210050580281,0.16751539450147182,0.13581894405110326
2025-03-18,551.5770263671875,555.5096990502625,549.6499951496645,555.2933708486255,66041400,-0.0108084890817228,-0.010867325136481944,0.20001729608834712,0.16860665693127194,0.13626705260343489
2025-03-19,557.584228515625,561.3399385264869,552.1768030039566,553.3566169353411,66556000,0.0108909578558815,0.010832078490410152,0.205939191451015,0.15910388355714083,0.13646866496346394
2025-03-20,555.9718017578125,560.9663132490421,553.1304311253591,553.8481847501696,62958200,-0.0028918084037365,-0.0028959977601519405,0.20596532691745312,0.15917909916100767,0.13639912209650926
2025-03-21,556.1552734375,557.0526817242638,550.2878724028328,551.5205297947124,83763000,0.0003300017718657,0.0003299473332572183,0.200129796122352,0.15705537751545234,0.13630240437763755
2025-03-24,566.1151733398438,567.1703352751009,562.2890000340255,562.880651498493,58766800,0.0179084877516009,0.01775001993397574,0.21299027002881643,0.16100876002161024,0.1371215366763244
2025-03-25,567.4760131835938,568.4127846067184,565.73055113845,567.3181993393742,38355700,0.0024038215328545,0.0024009369755894215,0.21315019916673655,0.15931569797934844,0.13710566828615298
2025-03-26,560.7013549804688,568.3339598573967,559.3207546377017,567.2097618801449,51848300,-0.0119382283052257,-0.012010061230411853,0.2162306162902648,0.1609869996933915,0.13765029154428732
2025-03-27,559.2123413085938,562.9793497998379,557.1020172521603,559.3109298319079,42164200,-0.002655627026132,-0.0026591594588515457,0.20985076728588128,0.15976239659767882,0.13764785143725763
2025-03-28,547.95068359375,558.4135249923543,547.3689030262066,557.6838014665011,71662700,-0.0201384284339839,-0.02034397079880046,0.21013165229843864,0.16329922281855194,0.13918464296133756
2025-03-31,551.6289672851562,552.93066066187,539.2826520783074,542.201606334121,95328200,0.0067128006251988,0.006690370104205908,0.2056226594431791,0.16392939370667572,0.13909731787103338
2025-04-01,553.18701171875,555.1297110203275,545.9981756472096,549.715889513425,54609600,0.0028244427432113,0.002820461499574517,0.2028212432500615,0.1640480909797937,0.1391188984003478
2025-04-02,556.687744140625,559.547472787333,547.1124411566806,547.3491017135567,76014500,0.0063282982928292,0.006308358691470958,0.19997719971740094,0.1624384410828734,0.13923153963875393
2025-04-03,529.2537841796875,540.3673821784607,529.2537841796875,537.5470765410741,125986000,-0.0492806968532927,-0.050536419682427336,0.26006749215099256,0.19123815215139334,0.14809728766317237
2025-04-04,498.2697143554688,518.574043873056,498.0527654446422,516.4045547647906,217965100,-0.058542934883767,-0.060326534562857394,0.327403488992855,0.22514752708899435,0.15997846501617835
2025-04-07,497.3821716308594,515.9114550791749,475.115432610906,482.40291724281104,256611400,-0.0017812495904099,-0.0017828379018613586,0.3184692529579012,0.2250022903417892,0.159517045593178
2025-04-08,489.591796875,517.6963548854247,482.3733480760591,514.6196468974629,165816600,-0.015662754316898,-0.015786711295426383,0.32055342780443424,0.2251016164649656,0.15994939837494757
2025-04-09,541.0084228515625,541.0084228515625,486.2093956781114,486.593999250198,241867300,0.1050193779894761,0.09986287145801089,0.4924703957078959,0.30775535540084126,0.1886286222558256
2025-04-10,517.3018798828125,526.098105010763,502.2535908103832,524.7865408671853,162331200,-0.0438191753906471,-0.044808236735876514,0.5152367769440077,0.320573438973374,0.19393796092424945
2025-04-11,526.5320434570312,528.9874872153164,512.8544826104954,515.7536950429114,97866300,0.017842895866355,0.01768557995786035,0.5137085234666784,0.32048465501492795,0.19446384198435412
2025-04-14,531.64013671875,536.7285795544979,526.4531053782949,536.5017296923237,68034000,0.0097013910647882,0.009654634728277014,0.5142737205813369,0.3213262554847186,0.19455626252632613
2025-04-15,530.151123046875,535.6931457102869,529.3622343758641,532.1825399641931,56892900,-0.002800792432763,-0.0028047219908549285,0.5133051846910134,0.3204409186874216,0.19406426966674223
2025-04-16,518.3668823242188,530.4272422697393,513.0713913810127,524.3033791384568,83484800,-0.022228078391931,-0.02247884513446928,0.5158891154838607,0.32241714685709344,0.19496999963671985
2025-04-17,519.1064453125,523.8004136549424,516.6411308627585,520.3194209498447,79868100,0.001426717279787,0.0014257004856924008,0.5162004930885787,0.3220963960842039,0.19496296888710432
2025-04-21,506.7503662109375,514.4618777265953,501.4055507612705,513.9293312369678,69368100,-0.0238025923452447,-0.024090451079885663,0.5210960785219481,0.32473645789795275,0.19637920522216418
2025-04-22,519.9348754882812,521.9564215250564,511.9867032226325,512.9235348557764,75948100,0.0260177597421915,0.025685056289012017,0.5263551122600056,0.32994135783600265,0.19801820347943205
2025-04-23,527.991455078125,537.8625838932508,526.4728430251603,532.9319549297188,90590700,0.0154953629188225,0.015376535724403154,0.5305298797825982,0.33095306995572654,0.1983841774099465
2025-04-24,539.1051635742188,539.8348871004667,528.0211182344198,529.2734571828396,64150400,0.0210490309818542,0.020830560538646615,0.536404645884672,0.33354432208405327,0.19924500239160084
2025-04-25,543.0003662109375,543.4046513367819,536.1467793425768,539.0657336001437,61119600,0.0072253113119784,0.007199333805528579,0.5373757685524194,0.33397548728666077,0.19903407310152463
2025-04-28,543.2073974609375,545.8699492792146,537.4583271221219,543.7399439376,47613800,0.0003812727631191,0.00038120009712900725,0.5327374196806335,0.33369947563558056,0.19903218718205706
2025-04-29,546.6293334960938,547.7436606136026,540.9393676118534,541.2943585019403,47775100,0.0062995019050755,0.006279742980455942,0.5326665688126512,0.3339801868763729,0.199074151670794
2025-04-30,546.8462524414062,548.7988227140515,534.0069337400583,539.9729835885655,93101500,0.0003968300492129,0.00039675133299295497,0.5325383452134717,0.3338048618299688,0.19886909625567642
2025-05-01,550.7216186523438,556.2439589647481,550.1200963901105,552.5952816524762,63186100,0.0070867564578449,0.007061763409591448,0.5326742285925943,0.3338436933742068,0.19895623353483868
2025-05-02,558.8966674804688,560.4941864598073,554.5774316657111,556.894803218062,60717300,0.0148442489839601,0.014735151442319313,0.5008551869712894,0.33527603071554535,0.19878768538860694
2025-05-05,555.6918334960938,558.788283367358,553.9069479669498,554.7648727126054,38659200,-0.0057342155909114,-0.005750719326023617,0.44396633289163423,0.33528156629618683,0.19885112389577375
2025-05-06,551.047119140625,555.533979770925,549.2326812616892,550.1891944565425,48264700,-0.0083584355131636,-0.008393563113417038,0.4460108942242956,0.33520358343033296,0.19885368484966653
2025-05-07,553.3645629882812,555.9975022415719,548.3254139860352,552.3784371058738,55588000,0.0042055275622716,0.004196709046927182,0.4391735029820136,0.33498523498055993,0.19853263440743898
2025-05-08,557.22021484375,562.3973750401349,553.9068467632651,557.3977102564539,65130800,0.006967652273661,0.006943490354199879,0.26572392215019636,0.3353792133287994,0.1983945580870209
2025-05-09,556.5103149414062,559.6264462916283,554.9522191721212,558.6205786168767,37603400,-0.0012740024202869,-0.0012748146512998905,0.20258258928591596,0.335350121877119,0.1984004232785451
2025-05-12,574.9014892578125,574.9113601462691,569.0340285188223,573.402558732667,78993600,0.0330473197398732,0.0325129971617932,0.22210157818376725,0.34156884208682115,0.20098261383772723
2025-05-13,578.6981811523438,580.907093658496,574.7536773375426,575.3157161654024,67947200,0.0066040738552142,0.006582362495996304,0.22140313037491707,0.3418928171754876,0.20100617826555225
2025-05-14,579.437744140625,580.8084133986617,577.4161378946785,579.6546629482465,66283500,0.0012779770394448,0.0012771611218635117,0.22015091125245856,0.34183689958645214,0.20100613950000215
2025-05-15,582.2678833007812,582.770756919371,576.9822030720642,577.4358426248243,71268100,0.0048842851346415,0.004872395712505169,0.19585328428142013,0.3419693186356448,0.20105264302800685
2025-05-16,585.9559936523438,586.2518193704545,581.1042713102905,583.0469103495059,76052100,0.0063340439294972,0.006314068180387681,0.19516859230081463,0.3421732020659939,0.20109508212595623
2025-05-19,586.596923828125,587.2773530559552,579.9405744991373,579.9405744991373,68168500,0.0010938196429841,0.0010932218581512902,0.16106724505285094,0.34037438408757736,0.2007494623776745
2025-05-20,584.6246337890625,585.8079967408526,581.4197250633151,584.8613545300925,60614500,-0.0033622577257844,-0.0033679228161853933,0.14973821806614365,0.34031626533925097,0.2007705351579774
2025-05-21,574.7733154296875,584.3584902721909,573.7477661832594,580.2759146876367,95197700,-0.0168506727051968,-0.01699426061135411,0.165698186014434,0.3419427973458505,0.20152919589260246
2025-05-22,575.000244140625,578.4812376730355,573.3434994709072,574.5761569887384,70860400,0.0003948142769429,0.0003947363582946059,0.1540357108001509,0.3419418037570775,0.20152790210742969
2025-05-23,571.0753173828125,573.7378691727489,567.6140060747297,567.988738706783,76029000,-0.006825956680555,-0.006849360084071996,0.15726406051392766,0.340638022587443,0.20164877825624777
2025-05-27,582.9482421875,583.105995819489,570.4046917584021,577.9387066880435,72588500,0.0207904709646706,0.020577298694785574,0.1694850735135327,0.3417923361626772,0.2026286017199658
2025-05-28,579.5757446289062,584.545857588394,578.8460211072919,583.3526236048898,68445500,-0.0057852435508485,-0.005802042895854713,0.1722883335764926,0.34003668495301276,0.20257515005180923
2025-05-29,581.863525390625,584.9698457847473,577.9387639052553,584.8317737253767,69973300,0.0039473369666005,0.00393956667330179,0.17205725933336652,0.3391839288244883,0.20251221836810993
2025-05-30,581.2127685546875,582.9286180198035,575.1480700909575,580.7591289651484,90601200,-0.0011184011499958,-0.0011190270272600825,0.17201154829086737,0.3385204421100506,0.2025184081651424
2025-06-02,584.4866943359375,584.5655410710423,576.9428072484826,579.6053591727813,61630500,0.0056329212955719,0.0056171157210044296,0.1665029757163656,0.33656358632901345,0.2024429737745277
2025-06-03,587.8197631835938,588.7960181097066,583.6385391723649,584.121791379625,63606200,0.0057025572694056,0.005686359240649595,0.16415729438369533,0.3365697536177661,0.20237976977981773
2025-06-04,587.6619873046875,589.6539808386906,587.2280895107962,588.6777258495218,57314200,-0.0002684085986693,-0.00026844462670427653,0.1592628977055321,0.33162219174823065,0.20220159826016873
2025-06-05,584.8218994140625,590.6893600195378,582.8496477946317,589.3383724752952,92278700,-0.0048328596233543,-0.004844575652615554,0.16173926321952292,0.33127483163797744,0.20227292773784242
2025-06-06,590.8275756835938,592.4941311146165,588.5791794005468,590.3541942517979,66588700,0.0102692397045123,0.010216869293505532,0.16327112900149027,0.33169271563358615,0.20250478007011616
2025-06-09,591.3599243164062,592.9081490758875,590.1864321834666,591.3993476813894,53016400,0.0009010219812379,0.0009006163045967372,0.1627100244156626,0.3302903072557437,0.20218902996939317
2025-06-10,594.7128295898438,595.0973729509094,590.7781968461302,591.8924637491524,66247000,0.0056698216019852,0.005653808661982898,0.12067908902902588,0.328039976110033,0.20225382607583636
2025-06-11,593.0166625976562,596.6653405011278,590.9556931519085,595.8074157747775,73658200,-0.0028520773519503,-0.0028561522744014393,0.12025816141059528,0.32786173823683035,0.2022746705770064
2025-06-12,595.37353515625,595.37353515625,591.2022416981604,591.6854337777163,64129000,0.003974378305442,0.00396650132781289,0.12065274766026961,0.3269715478833502,0.20228780676551483
2025-06-13,588.7171020507812,593.4997881009825,587.2181715759101,590.1962907494013,89506000,-0.0111802636704734,-0.01124323259772184,0.1277751451774961,0.3273447914634598,0.20262060087443054
2025-06-16,594.318359375,596.0638215052488,591.8924679557008,592.0700235861916,79984100,0.009514344503849,0.009469368183272006,0.13013190495786903,0.3277121414186865,0.20267397834400483
2025-06-17,589.2398071289062,593.4012293190596,588.4804709653109,591.8826171802143,82209400,-0.0085451713984311,-0.008581890707043106,0.13422011669396683,0.3283113203266827,0.20287015205533285
2025-06-18,589.1510009765625,592.8785252065284,588.1944276516227,590.1371267775953,76605000,-0.0001507130904417,-0.0001507244488008549,0.13356216795542414,0.32644630064253916,0.20287091714645686
2025-06-20,587.7673950195312,592.8906208578056,586.3629131433069,591.8224395288368,94051400,-0.0023484742531844,-0.0023512362440002437,0.11742968290038523,0.3264836231617303,0.20274994830205637
2025-06-23,593.5730590820312,593.9587392448562,585.4035696790836,588.5190130228361,87426000,0.0098774857395875,0.009829022247643619,0.1213682694699549,0.32595232973352234,0.20295848586842247
2025-06-24,600.1304321289062,601.1886530620405,596.7973078378046,597.7072691809916,67735300,0.0110472888662029,0.010986713292819549,0.12143312464113538,0.32650626983246306,0.20320832510145634
2025-06-25,600.4666748046875,601.940336500435,598.903972841808,601.247995602986,62114800,0.0005602826615349,0.0005601257618072818,0.10092578192151427,0.3234171606051934,0.2032001692967989
2025-06-26,605.16455078125,605.5997312639034,601.7029070585035,602.3161076886594,78548400,0.007823708081869,0.007793261577728368,0.09944141709042795,0.3235002776640268,0.20329654161195565
2025-06-27,608.1712646484375,609.6350865938839,604.1360202356653,606.1635425121184,86258400,0.0049684236515603,0.004956121765265285,0.09974766893321022,0.3235658788189783,0.20331782044742272
2025-06-30,611.0791015625,612.4340832221852,608.2998981128763,610.6142811588834,92502500,0.004781279687299,0.004769885673784504,0.09932957507281166,0.3234851915566818,0.20336082044158638
2025-07-01,610.8812866210938,612.0483479268365,608.7746241554748,609.6053849111585,70030100,-0.0003237141327537,-0.00032376653948382644,0.09909948248950523,0.3047767832997498,0.20336001319049213
2025-07-02,613.650634765625,613.6901746824169,609.8526899336259,610.4757907292374,66510400,0.0045333654920893,0.004523120741211659,0.09864299442927918,0.27533343485023665,0.20334905144512955
2025-07-03,618.4869995117188,619.4167005776212,615.6088560521965,615.628656191773,51065800,0.0078812999972548,0.007850404775935078,0.1002001817518914,0.27525603020192085,0.20347410046443212
2025-07-07,613.8780517578125,617.1913758193931,611.0988485499288,616.5286747873084,74814500,-0.0074519719210669,-0.007479876580079352,0.10317427881118843,0.2732722937852055,0.20354062604652168
2025-07-08,613.5418090820312,615.2923708557059,612.7307881009865,614.5406899285775,59024600,-0.0005477352950125,-0.0005478853567877983,0.09939767856426564,0.18601223168704392,0.2035054417319688
2025-07-09,617.2210693359375,617.8738099884296,614.1055653060555,615.945227877469,66113300,0.0059967555583719,0.005978846581265316,0.10035968619970319,0.15838024665014966,0.20351148135299119
2025-07-10,618.9617309570312,620.0002120765442,616.1825277796053,617.3594891460615,57529000,0.0028201591092256,0.002816189921268174,0.09954417119197345,0.1553716846038188,0.20352349388249105
2025-07-11,616.7858276367188,618.0122289852302,614.7187654701638,615.9154666088177,63670200,-0.0035154084840562,-0.0035216020520023017,0.10000155492719656,0.15519743422172644,0.2035631595622289
2025-07-14,617.9628295898438,618.3089698632363,614.9858059200452,616.3308874637725,51898500,0.0019082830706971,0.0019064646116137784,0.09972165292114954,0.15481261564679907,0.20335211431773115
2025-07-15,615.3220825195312,620.9793689858044,615.242942324076,620.6431287961128,74317300,-0.0042733105356275,-0.004282467222650002,0.09019488531385833,0.14651423411202943,0.2032017659523248
2025-07-16,617.3792724609375,617.883693134462,611.2769051241828,616.9045519994012,88987500,0.0033432733845384,0.0033376970713795665,0.08618645000728917,0.14648681127656774,0.20313868726899253
2025-07-17,621.1573486328125,621.5134493059918,617.3396644874989,617.557284919235,68885700,0.0061195384108301,0.006100890076443559,0.07785013467669273,0.1353826241590712,0.2032039520606011
2025-07-18,620.7024536132812,622.5716954836944,619.5947323692288,622.4035753929759,65621600,-0.0007323346017438,-0.0007326028897206542,0.0781533558001681,0.12739275602608433,0.20313466532448574
2025-07-21,621.87939453125,624.6189973413707,621.4541141003111,621.87939453125,63375000,0.0018961434921311,0.0018943480812726298,0.07600330052532397,0.12474561207952423,0.2026106584308227
2025-07-22,621.9683837890625,622.8288447335428,619.3276609031153,622.2057439990875,60046300,0.0001430972928111,0.00014308705537016195,0.07181885652339963,0.11899504498795008,0.20244191778741008
2025-07-23,627.2598266601562,627.2598266601562,622.8288811376781,624.6289433239532,70511000,0.0085075753189542,0.008471589855365448,0.06826810681095616,0.11924329575277896,0.20246539007032816
2025-07-24,627.4674072265625,629.1784892953694,627.0421268182102,627.6454273719465,71307100,0.0003309323466664,0.0003308776006352662,0.06834642542416143,0.11924698672834178,0.20223431230996666
2025-07-25,630.1181030273438,630.5928838363332,627.8829206987424,628.1301809903662,56865400,0.0042244358356355,0.004215537956781221,0.06558673747525422,0.11903523183216386,0.20225524951019996
2025-07-28,629.9598388671875,631.0477599275997,628.5751571845921,630.4938993278172,54917100,-0.0002511658677887,-0.00025119741521783395,0.0650980943250991,0.11908847900625166,0.2008732936943265
2025-07-29,628.29833984375,631.670943868378,627.388438817005,631.3544434316219,60556300,-0.0026374681700745,-0.0026409524169906454,0.06586399553263139,0.11911174996912428,0.20081347493886645
2025-07-30,627.5070190429688,630.6917023127537,624.6189756546709,628.9509803708415,80418900,-0.001259466642834,-0.0012602604375215438,0.06626971608254031,0.11639981361440059,0.20054939822275727
2025-07-31,625.1531372070312,632.8379457731452,623.8574957354674,632.4522656090571,103385200,-0.003751164153554,-0.003758217413957386,0.06750642099728592,0.11590885413576801,0.2005979735360146
2025-08-01,614.9066772460938,619.4761032114768,612.5033143296554,619.4365029283234,140103600,-0.0163903199889792,-0.016526127278378714,0.08699665983640827,0.12013381151605572,0.20125112221320512
2025-08-04,624.2530517578125,624.3024917393647,618.7243458354196,618.813325728958,73218000,0.015199663392138,0.015085305849957983,0.09839053546552193,0.12308721107018608,0.20117331926511153
2025-08-05,621.088134765625,625.6773001361546,620.1683337507773,624.866279158634,68051400,-0.0050699263436125,-0.00508282202541377,0.100531274220263,0.12349485189125972,0.20070180868421456
2025-08-06,625.845458984375,626.4981995520814,621.2463937026511,622.1562946160922,64357500,0.0076596604450434,0.007630474189105244,0.10186300694472225,0.1238930909531511,0.19987262103935807
2025-08-07,625.3212280273438,629.9993730574174,622.2156245224251,629.2674923107387,74205800,-0.0008376364316551,-0.0008379874450790588,0.10167887667628561,0.1063757474028118,0.1975532335852822
2025-08-08,630.1972045898438,630.6620853000642,626.7949007710238,627.1114011688534,64051600,0.0077975548309496,0.007767311017072898,0.10361817423955909,0.10664962674791006,0.1974985389863134
2025-08-11,628.9509887695312,631.9478122276477,627.7047873460086,630.474150672182,58742300,-0.0019775013459851,-0.0019794591832815807,0.10412175953173253,0.10687695710668169,0.19737375013059089
2025-08-12,635.6468505859375,635.8050706066525,629.8114837326607,631.2950454377703,64730800,0.0106460788455169,0.01058980836909497,0.107662180483164,0.10831067209769116,0.1963800570823437
2025-08-13,637.82275390625,639.10849531226,635.6369512596368,637.8424936799373,60092800,0.0034231323860203,0.003417286804688239,0.10767934384450362,0.10791837628517115,0.19636447740218033
2025-08-14,637.882080078125,638.5447207235369,635.300697252298,635.7457174616427,59327500,9.301357079483096e-05,9.300924530087265e-05,0.1064750544501795,0.10795052135315934,0.19636557223156484
2025-08-15,636.388671875,639.0096552004113,635.4787708739423,638.9107148606824,68592500,-0.0023411979263346,-0.0023439428152555583,0.10704086830872571,0.10777773302704835,0.19577163389588256
2025-08-18,636.2501220703125,636.942462907598,635.1424008771667,635.814941575414,43804900,-0.0002177125565093,-0.00021773625932833604,0.10713419680307813,0.10079695479975413,0.19575880323652609
2025-08-19,632.7984008789062,637.0512656505922,631.4829592777961,636.0721245937336,69750700,-0.0054251010281531,-0.005439870329590304,0.10962867503906105,0.10182211132315057,0.1951704345429799
2025-08-20,631.1170043945312,632.6500060324975,626.013578858981,632.3929060531275,88890300,-0.0026570808049446,-0.002660617109700641,0.1064573328384803,0.10069374727177631,0.1951913049391496
2025-08-21,628.5851440429688,630.978606926108,626.8642219548319,629.3071851926883,54805800,-0.0040117130958806,-0.004019781603116135,0.10755858202138092,0.09330992198426581,0.19504036752162793
2025-08-22,638.2380981445312,639.4150594466402,630.2664294390896,630.7708500494616,84083200,0.0153566373514271,0.01523991762757209,0.11961173256421215,0.09642427363415923,0.19557956617008912
2025-08-25,635.4292602539062,638.218363635622,635.3105801411765,636.9820621561176,51274300,-0.0044009248253759,-0.004410637401722861,0.12092688368327831,0.09707780483763978,0.19562365525286507
2025-08-26,638.0897216796875,638.4359222802034,634.5390979794016,635.1621986940528,51581600,0.0041868727051035,0.004178132142168754,0.1210508819173951,0.0970819211343915,0.19547108703091362
2025-08-27,639.543701171875,640.2755819843173,637.3578984386413,637.5062787617181,48341100,0.0022786442764821,0.002276052103625867,0.12091375828764918,0.09672578252047491,0.19522381316709514
2025-08-28,641.8085327148438,642.3623933153343,638.267809046051,640.146950913372,61519500,0.0035413241328445,0.0035350684092173997,0.11991448966350605,0.09642814928892869,0.19522252251293534
2025-08-29,637.9810180664062,640.7404816664739,636.0919759234915,640.374480883152,74522200,-0.0059636393929621,-0.005981492907034908,0.10387596269943702,0.097570712986191,0.19533286082285362
2025-09-02,633.2533569335938,633.4709169972102,627.9619508913343,630.5136938017484,81983500,-0.0074103476419111,-0.007437940668457636,0.09627961917316526,0.09841722324187474,0.19539285731046285
2025-09-03,636.6853637695312,637.1502445176759,633.4413400681225,635.6270824559713,70820900,0.0054196425464783,0.005405009131919811,0.09509215042221132,0.09704505289115711,0.19545140638862993
2025-09-04,642.00634765625,642.0360478647699,636.4578416280056,637.3578424589464,65219200,0.0083573208832941,0.008322591837480268,0.09573857766420635,0.09811836557637744,0.19540117107432625
2025-09-05,640.14697265625,645.0625384730564,636.2798483910566,644.3404973975818,85178900,-0.0028961941058495,-0.0029003961913302155,0.09661807713505285,0.09808915400758202,0.19424934784258222
2025-09-08,641.7195434570312,642.718484610511,640.1370415028089,641.5118230975241,63133100,0.0024565777359784,0.0024535652814358087,0.09360093374367487,0.09774810415983404,0.1942380178527817
2025-09-09,643.203125,643.7272854003053,640.1271612550325,641.8579832056892,66133900,0.002311884620151,0.0023092163266358,0.09308401389453273,0.09761504329483535,0.1942191224267474
2025-09-10,645.0625,647.3768223058731,643.4997982019892,646.4570213518696,78034500,0.002890805295761,0.002886634953297581,0.0864716548372186,0.09409943972885382,0.19341672389053952
2025-09-11,650.4232177734375,651.1155587384138,646.4275127588113,647.011013305281,69934400,0.0083103850765429,0.008276043953938566,0.09011371690286872,0.09369997462644451,0.19328441573659427
2025-09-12,650.2054443359375,651.8868261792371,649.7010841125947,650.393364548417,72780100,-0.0003348180562272,-0.0003348741203071742,0.0901822334672882,0.09140479545422128,0.1932544923907631
2025-09-15,653.6671142578125,653.7956944276398,652.114372883025,652.4110731340584,63772400,0.0053239632981088,0.005309841107350581,0.09055838022257118,0.09163240670408822,0.19307626890853585
2025-09-16,652.7671508789062,654.5276730798186,651.9858301119879,654.2210123755038,61169000,-0.0013767915798059,-0.0013777402281604336,0.0909158406887475,0.09146869856495757,0.19293514392233393
2025-09-17,651.9561157226562,654.4682584259048,647.1295902463727,652.7770367516476,101952200,-0.0012424570616919,-0.0012432295513901252,0.08797370813127978,0.09009498060518764,0.19289188246385774
2025-09-18,655.0023803710938,657.603563340362,653.0341982051615,654.6364399867887,90459200,0.0046724995363542,0.004661617295406556,0.08722668869284138,0.08818158412443042,0.1929313501562065
2025-09-19,658.2465209960938,659.0895125014193,654.9438659954435,656.8877828567474,97945600,0.0049528684508932,0.004940643347549601,0.08498949399381345,0.08844760847209991,0.19297782912608125
2025-09-22,661.3607177734375,661.8069717744121,656.7290467709187,656.7588293222589,69452200,0.0047310493531074,0.004719893112429032,0.07076859393155693,0.08773965930563975,0.19298370953928368
2025-09-23,657.7606201171875,661.8566899635472,656.540685502851,661.2417286303936,81708900,-0.0054434706499808,-0.005458340322640168,0.0720698017433983,0.08856936356948915,0.1923969335995403
2025-09-24,655.6678466796875,659.1490153831234,654.2496039734066,659.0498612769777,68082200,-0.0031816642308674,-0.0031867364861726762,0.07347543360576199,0.0887412981071021,0.1924205704902827
2025-09-25,652.6429443359375,653.9917550046746,649.0328388399253,652.5338627083877,89622100,-0.0046134675645117,-0.0046241424508109445,0.07635877872870139,0.08948577118510305,0.19248366209152384
2025-09-26,656.3819580078125,656.9274266555326,652.4743298182361,654.0909412604747,69179200,0.0057290340826092,0.005712685577890228,0.07769204379736454,0.08971292918525035,0.1925381520337908
2025-09-29,658.2266845703125,659.8135740530697,656.4216318338509,658.9010899003678,73499000,0.0028104467833012,0.0028065048617203843,0.07316467805692474,0.08868682848671966,0.19252920291097805
2025-09-30,660.7061157226562,661.1722852976668,656.173659297658,657.4828203674869,86288000,0.0037668347553583,0.003759757999068319,0.06526612048095673,0.08705239617968198,0.19252590844320558
2025-10-01,662.95751953125,663.8699431635192,657.611793334362,657.7208749627936,72545400,0.0034075722246513,0.0034017796058662298,0.06430996809682643,0.0870851052687355,0.1925338782708816
2025-10-02,663.7210693359375,665.0600128657511,661.3011766397112,664.9410037342527,56896000,0.0011517326256851,0.0011510698904782946,0.05987626795357435,0.0865354178949826,0.19250549735576092
2025-10-03,663.7113037109375,667.1527626006609,662.6698828508305,664.4848631838105,70494400,-1.4713447336833774e-05,-1.4713555580661802e-05,0.057799334554075765,0.08650554610269806,0.1922624727655595
2025-10-06,666.0914916992188,666.9841207809839,663.9591941673339,666.1014192164715,54623300,0.0035861796762737,0.0035797646662827694,0.05810374562155553,0.08608605671387402,0.1922839130929445
2025-10-07,663.6219482421875,667.4601442579947,662.1838505424819,667.0138297258598,72020100,-0.0037075138893177,-0.003714403753721363,0.061335556167052774,0.08668049822612206,0.19231810622117204
2025-10-08,667.5791625976562,667.6783772359653,663.919480237528,664.7426772273783,60702200,0.0059630552695713,0.005945346619066807,0.06314554318288704,0.08645752247215767,0.1922079578986762
2025-10-09,665.6452026367188,668.4023890582872,663.7112737749407,667.9957845708525,66501900,-0.0028969747249332,-0.002901179078111572,0.060136126390620895,0.08679229909817959,0.19199185123592036
2025-10-10,647.6542358398438,668.4122493878771,647.4757221413303,666.6071968358344,159422600,-0.0270278621788456,-0.027399832538963102,0.11796965478856153,0.104209659728695,0.193837191055153
2025-10-13,657.5919189453125,659.664772492732,654.3488290056752,655.2216030747315,79560500,0.0153441181351683,0.015227587680655873,0.12885973259943234,0.1083268583631567,0.19428868898316456
2025-10-14,656.78857421875,660.3590300864076,647.8030207789583,651.7701536094826,88779600,-0.0012216462876413,-0.0012223931057610573,0.1288340947270933,0.10840059885739443,0.19428298311234427
2025-10-15,659.7044067382812,664.7228272522149,653.5156893256119,661.3408732132422,81702600,0.0044395299096053,0.004429704266786335,0.12950067595679043,0.10862675873503976,0.19424633367139732
2025-10-16,655.2116088867188,663.2153058553965,651.7105854492366,661.340821247798,110563300,-0.0068103196002219,-0.0068336156560533596,0.1311261757515692,0.1086479276903624,0.19423930308593113
2025-10-17,658.9308471679688,660.2895852935891,652.7322022395391,654.0810128478913,96500900,0.0056763925284679,0.005660342521182839,0.13150900025362613,0.1091130092474708,0.19412575801013354
2025-10-20,665.7840576171875,666.6866142382812,661.7872027532737,661.8367798071084,60493400,0.0104005002629232,0.010346787167762106,0.13561083190942028,0.11064184218104521,0.19433518015070392
2025-10-21,665.7741088867188,667.4601523988813,664.4748753427003,665.9229005771253,56249000,-1.494287878323064e-05,-1.4942990429156014e-05,0.13389312616917334,0.11063224106080037,0.1943354805725851
2025-10-22,662.3128051757812,666.4783066993808,657.8497808005621,666.4783066993808,80564000,-0.005198916065879,-0.005212477453439929,0.13484380131520007,0.11111041355844375,0.1943953603461268
2025-10-23,666.2402954101562,667.1825015615415,662.3128121266341,662.6301900162397,65604500,0.0059299627059643,0.005912449677416068,0.1347158078752897,0.11149235609939599,0.19445558304027094
2025-10-24,671.6851806640625,672.8951271271609,670.0983517375236,670.9016937183009,74356500,0.0081725546944804,0.008139340211438471,0.13610255791191989,0.11198949320306452,0.1945979239280087
2025-10-27,679.6095581054688,679.9070809796764,676.515199146416,677.1201724129126,63339800,0.0117977553614803,0.011728704412554258,0.14113267793345108,0.10778242569045689,0.19466185382186996
2025-10-28,681.41455078125,683.2493254549719,679.2028936555786,681.4046232640447,61738100,0.0026559259713958,0.0026524052325165312,0.1409623962454675,0.10412114714996185,0.19466612071746914
2025-10-29,681.7418823242188,684.0328991417463,677.2590027977353,683.0609104229828,85657100,0.000480370638686,0.00048025529764689906,0.14083287369057954,0.10324851110225532,0.19466331173002455
2025-10-30,674.2440185546875,680.3037996369978,674.2440185546875,678.2805836148408,76335800,-0.0109980976142601,-0.011059023816543079,0.14762128587829926,0.10562676707613683,0.19500494381660843
2025-10-31,676.4556274414062,679.4508319897004,673.6587916341136,679.4111219213156,87164100,0.0032801312668069,0.0032747633713081084,0.14784610858653496,0.10561722702661389,0.19502005066886852
2025-11-03,677.72509765625,680.1648453676048,674.3530108656404,680.0359087204932,57315000,0.0018766496475834,0.0018748909406077333,0.14756764776734957,0.10476543330118526,0.19498807525115353
2025-11-04,669.691650390625,674.3728983771498,669.0371001406891,670.5544968959969,78427000,-0.0118535484275361,-0.01192436188279818,0.1536976125866194,0.107992079312941,0.1943149450505491
2025-11-05,672.012451171875,675.2654684624238,668.6304366940664,669.4337786331213,74402400,0.0034654766561541,0.0034594857288829657,0.1527704031029578,0.10627565777750424,0.19430286987592452
2025-11-06,664.8021850585938,671.8140994484131,663.2252231578799,670.9115428502156,85035300,-0.0107293638692375,-0.010787338554332244,0.15747552026622563,0.10881088453140786,0.19462288422680968
2025-11-07,665.4567260742188,665.5658682287408,655.7769731606511,662.4218719882706,100592400,0.000984565078659,0.0009840807123627038,0.11986448108339552,0.10880531017781803,0.1942906672177841
2025-11-10,675.8406982421875,676.5746080726943,669.4833950163819,671.6751969912248,75842900,0.0156042786271433,0.015483783745324687,0.12026051900212112,0.11273461938487594,0.19337885929175377
2025-11-11,677.387939453125,677.9532631527235,673.1530057317516,674.3630127379913,58953400,0.0022893578545384,0.002286741267620282,0.1199023109425721,0.11273567897547947,0.1932553164010855
2025-11-12,677.7648315429688,679.3318660026857,675.3548055474994,679.1632192686196,62312500,0.0005563903162315,0.0005562355885295636,0.11945341718903286,0.11192951534847186,0.19321901082065784
2025-11-13,666.5180053710938,675.265541055433,665.0105359672095,674.9085136071693,103457800,-0.0165939949204372,-0.016733217576366387,0.13286487287351104,0.11754726417014925,0.19399229593548867
2025-11-14,666.4088134765625,670.1081450818862,657.8199984349773,659.9126462553079,96846700,-0.0001638243733123,-0.00016383779399072634,0.13167441654913098,0.11712146598223379,0.19395950413829277
2025-11-17,660.2003173828125,668.1742931923078,656.7290761218832,664.1972328051172,90456100,-0.0093163475155154,-0.00936001611387412,0.13083442333083042,0.11515729141229548,0.19421087051678323
2025-11-18,654.65625,659.6548153709225,650.4708935566339,656.6596108350068,114467500,-0.0083975533437948,-0.008433011441929867,0.13386498899751664,0.11618985589262795,0.1942919750527735
2025-11-19,657.185302734375,661.856623370592,653.3371790986623,655.3505280387882,94703000,0.0038631766432766,0.0038557337390654808,0.13380831101611027,0.11614809800405894,0.19385689532254852
2025-11-20,647.1683349609375,670.0090710879778,646.5335791707308,667.3808213360044,165293500,-0.015242227316648,-0.015359584109870688,0.14160040097865972,0.12053130768484721,0.1944737567341129
2025-11-21,653.6148681640625,659.0894699034471,645.5020288545189,649.6675301260088,123956200,0.009961138168965,0.009911853052476355,0.14332214583486372,0.1219851955325668,0.1946776025345302
2025-11-24,663.2351684570312,664.5542570793402,656.1538823239337,657.2448196444445,80437900,0.0147186068762346,0.014611339452438529,0.14712935886359366,0.12472290410409273,0.19518935460697942
2025-11-25,669.4735717773438,670.6537963067218,659.0201372218106,663.1360620641211,81077100,0.0094060200921275,0.009362058936483453,0.1513387386993634,0.12482356844454796,0.1953296696429068
2025-11-26,674.09521484375,676.0986363282427,671.1595147067713,672.0620713400136,71879600,0.0069033988214599,0.006879679464035952,0.1537888050042205,0.12508583794151454,0.1954156826890874
2025-11-28,677.7747192382812,678.0523870500939,674.9084513312986,675.2654787466182,49212000,0.0054584342293309,0.005443590966696786,0.14996064193066289,0.12449899835922099,0.1954562486812656
2025-12-01,674.6803588867188,677.3779800628074,673.1629015749381,673.2323336611282,61201200,-0.0045654703011644,-0.004575923889866952,0.15045659779140033,0.12476473202504379,0.1954685753101896
2025-12-02,675.9299926757812,678.2011542749951,673.748057660358,676.316742094939,62953800,0.0018521864059071,0.001850473223761602,0.1504523041978573,0.1247382740427749,0.1954398737151535
2025-12-03,678.2706298828125,679.2822075879724,674.105128319461,674.9779023816353,57238500,0.0034628396910831,0.0034568578671407297,0.14424184679875737,0.12481715031034601,0.19537986466448928
2025-12-04,678.7664794921875,679.7384076011712,675.7415530139849,679.6689755171525,61970300,0.0007310498015529,0.0007307827148079579,0.1438582268642765,0.12474764402101157,0.19537598303195294
2025-12-05,680.0557861328125,682.7336127271673,678.9549213715281,679.8375623637357,79241000,0.0018994848443159,0.0018976831042035792,0.13756673439848865,0.12380696175973294,0.1953806372576521
2025-12-08,678.0126953125,680.997972172105,675.9696245182643,680.9483951231146,55231500,-0.0030042988560257,-0.003008820820994432,0.13835244342678013,0.1240274306786167,0.19533066521862308
2025-12-09,677.4276123046875,679.7583392727543,676.9813582671167,677.5367544682442,58310100,-0.0008629381305947,-0.0008633106760412765,0.12727740395497586,0.12369177965255791,0.19532352685453902
2025-12-10,681.92041015625,683.3088703732143,675.711837383319,676.9515664343469,85671300,0.0066321445567851,0.006610248643996283,0.12916607860122534,0.1242297551573963,0.19541378906181311
2025-12-11,683.5072021484375,683.5865617528303,676.5647198382891,679.51034738166,86173700,0.0023269460314641,0.002324242885119065,0.12935884338922288,0.1242030835145705,0.1953379372287769
2025-12-12,676.1581420898438,683.2196338188487,673.5893968987631,682.5154459360199,113160300,-0.0107519862782626,-0.010810206581406788,0.12033459994879389,0.12617363323903238,0.19563492923575065
2025-12-15,675.1365966796875,680.1252955149479,673.6687768311533,680.1054404790556,90811000,-0.0015108084138407,-0.001511950835671096,0.12056056541040068,0.12590285610102045,0.19551307870459061
2025-12-16,673.2918701171875,675.4837328267965,669.4338188610296,673.6488975485244,122030600,-0.0027323753023793,-0.0027361150535985287,0.11545019953299104,0.12574295558152807,0.19545747135684843
2025-12-17,665.8832397460938,674.8489377460819,665.6848710067972,674.3034691132465,110625200,-0.0110035939834002,-0.011064581322954193,0.11863057453548188,0.12735372326424857,0.1957987293571409
2025-12-18,670.9115600585938,675.1464937426624,669.3545136860721,672.0322799303326,108650100,0.0075513543702006,0.007522985619272264,0.1205613595020142,0.12802517684198403,0.19588935503539867
2025-12-19,676.9923095703125,677.4896664833268,672.8940327515619,673.0134542661981,103599500,0.009063414425573,0.00902258818306423,0.10687860149571592,0.12879794183729745,0.19602018472377872
2025-12-22,681.2098999023438,681.7370666700199,676.9923229108747,680.3245900087294,69556700,0.0062298940067844,0.00621056843974087,0.10413289570595995,0.1288861942903353,0.19364738530163023
2025-12-23,684.3233032226562,684.562024812114,680.2548972126992,680.3046207584179,64840000,0.0045704023396588,0.0045599897652677645,0.09365979851336727,0.12906329615946904,0.19368373248737136
2025-12-24,686.7305297851562,687.1781631452748,684.164151137988,684.313382495532,39445600,0.0035176743962448,0.003511501850767283,0.0894057905913345,0.129038731434891,0.19337564349448716
2025-12-26,686.660888671875,688.0037280321676,685.6264081645946,686.989161229118,41613300,-0.0001014096654521,-0.00010141480775991423,0.08700066008022286,0.1289186038042261,0.19330361034328594
2025-12-29,684.2138671875,685.5567672531378,682.4433081832867,683.9055083361335,62559500,-0.0035636535074947,-0.003570018446780222,0.08667208362767737,0.12919291608481648,0.19306551513315162
2025-12-30,683.3783569335938,684.9201512250444,682.9506372729019,683.8160334465714,47160700,-0.0012211244085722,-0.0012218705884970561,0.08487997086101638,0.12923740890378685,0.19307325441574685
2025-12-31,678.3152465820312,683.726492314561,678.1063955310838,683.5076844111845,74144800,-0.0074089416209803,-0.007436524151640613,0.08940501707371562,0.13008051162018627,0.1929163097377235
