snapshot_date,expiry,option_type,strike,bid,ask,last,volume,open_interest,spot,multiplier,mid,spread,quote_valid,invalid_reason,time_to_expiry_days,time_to_expiry,forward,log_moneyness,no_arbitrage_pass,arbitrage_note,iv,iv_error,arb_lower_bound,arb_upper_bound,quality,iv_bid,iv_mid,iv_ask,iv_status,iv_source_type,moneyness,delta
2026-09-04,2026-09-08,put,670.0,0.0,0.01,0.01,15.0,22.0,773.17,100,0.005,0.01,True,,4.0,0.010958904109589,773.4072830881462,-0.14322165507263185,True,,0.4226167714090645,,0.0,669.7063657327606,good,,0.4218509894879425,0.4457439474851203,ok,put,0.8665619697500555,-0.0005455737099836799
2026-09-04,2026-09-08,put,675.0,0.01,0.02,0.02,0.0,426.0,773.17,100,0.015,0.01,True,,4.0,0.010958904109589,773.4072830881462,-0.13578667658511376,True,,0.4402426809078307,,0.0,674.7041744322587,good,0.4243551115306289,0.4394214672516237,0.4509884600764807,ok,put,0.8730288501213246,-0.0014621960419730488
2026-09-04,2026-09-08,put,680.0,0.01,0.02,0.03,0.0,9260.0,773.17,100,0.015,0.01,True,,4.0,0.010958904109589,773.4072830881462,-0.1284065692874912,True,,0.4182965903668777,,0.0,679.701983131757,good,0.4030531545504509,0.4174682978863778,0.4285409099580112,ok,put,0.8794957304925937,-0.0015342800605360552
2026-09-04,2026-09-08,put,685.0,0.01,0.02,0.02,0.0,5672.0,773.17,100,0.015,0.01,True,,4.0,0.010958904109589,773.4072830881462,-0.12108052919541827,True,,0.3964302210223675,,0.0,684.6997918312552,good,0.381831914501992,0.3955946006815399,0.4061717361473214,ok,put,0.8859626108638627,-0.0016137169652859315
2026-09-04,2026-09-08,put,690.0,0.01,0.02,0.01,16.0,228.0,773.17,100,0.015,0.01,True,,4.0,0.010958904109589,773.4072830881462,-0.11380776986633849,True,,0.3746364948241486,,0.0,689.6976005307533,good,0.3606847591870531,0.3737932890717927,0.3838734950337097,ok,put,0.8924294912351318,-0.0017017387305443962
2026-09-04,2026-09-08,put,695.0,0.01,0.02,0.02,4.0,174.0,773.17,100,0.015,0.01,True,,4.0,0.010958904109589,773.4072830881462,-0.10658752189285153,True,,0.3529077749286369,,0.0,694.6954092302516,good,0.3396044802209976,0.3520566437781503,0.3616380626982994,ok,put,0.8988963716064008,-0.0017998742274618188
2026-09-04,2026-09-08,put,700.0,0.01,0.02,0.02,77.0,405.0,773.17,100,0.015,0.01,True,,4.0,0.010958904109589,773.4072830881462,-0.09941903241423898,True,,0.3312355676756501,,0.0,699.6932179297498,good,0.3185831652392876,0.3303761714888277,0.339456492781087,ok,put,0.9053632519776699,-0.00191004574256294
2026-09-04,2026-09-08,put,705.0,0.01,0.02,0.02,69.0,200.0,773.17,100,0.015,0.01,True,,4.0,0.010958904109589,773.4072830881462,-0.09230156464537499,True,,0.309610485335514,,0.0,704.691026629248,good,0.2976120197431398,0.3087424149500442,0.3173188071276456,ok,put,0.911830132348939,-0.002034705728974778
2026-09-04,2026-09-08,put,710.0,0.01,0.02,0.02,42.0,2239.0,773.17,100,0.015,0.01,True,,4.0,0.010958904109589,773.4072830881462,-0.08523439742228253,True,,0.2880219926251963,,0.0,709.6888353287462,good,0.2766811516849265,0.2871447151329764,0.2952137309107046,ok,put,0.918297012720208,-0.0021770361705050435
2026-09-04,2026-09-08,put,715.0,0.02,0.03,0.03,34.0,143.0,773.17,100,0.025,0.0099999999999999,True,,4.0,0.010958904109589,773.4072830881462,-0.07821682476363598,True,,0.2803016958668101,,0.0,714.6866440282445,good,0.2731283583764879,0.2793816861179974,0.2847686810501776,ok,put,0.9247638930914771,-0.0035749578350444925
2026-09-04,2026-09-08,put,718.0,0.02,0.03,0.03,4.0,32.0,773.17,100,0.025,0.0099999999999999,True,,4.0,0.010958904109589,773.4072830881462,-0.07402979840941937,True,,0.2668075091867556,,0.0,717.6853292479434,good,0.259880444376068,0.2658806037486458,0.2710514761815595,ok,put,0.9286440213142386,-0.0037426310189994875
2026-09-04,2026-09-08,put,719.0,0.02,0.03,0.03,4.0,11.0,773.17,100,0.025,0.0099999999999999,True,,4.0,0.010958904109589,773.4072830881462,-0.07263800973659695,True,,0.2623088950644054,,0.0,718.684890987843,good,0.2554642301392673,0.2613796280755325,0.2664781306086817,ok,put,0.9299373973884923,-0.0038021921636763193
2026-09-04,2026-09-08,put,720.0,0.02,0.03,0.03,21.0,137.0,773.17,100,0.025,0.0099999999999999,True,,4.0,0.010958904109589,773.4072830881462,-0.07124815544754262,True,,0.2578097619331743,,0.0,719.6844527277426,good,0.2510476545076192,0.256878091583485,0.2619040508509573,ok,put,0.9312307734627462,-0.003863747137066434
2026-09-04,2026-09-08,put,721.0,0.02,0.03,0.03,21.0,6.0,773.17,100,0.025,0.0099999999999999,True,,4.0,0.010958904109589,773.4072830881462,-0.06986023017269452,True,,0.2533099482428005,,0.0,720.6840144676423,good,0.2466305633111686,0.2523758342456741,0.2573290685280101,ok,put,0.932524149537,-0.003927401544924187
2026-09-04,2026-09-08,put,722.0,0.02,0.03,0.03,20.0,62.0,773.17,100,0.025,0.0099999999999999,True,,4.0,0.010958904109589,773.4072830881462,-0.06847422856481733,True,,0.248809285523251,,0.0,721.6835762075419,good,0.2422127979924298,0.2478726952452461,0.2527530121011682,ok,put,0.9338175256112539,-0.003993269411480288
2026-09-04,2026-09-08,put,723.0,0.02,0.03,0.04,11.0,18.0,773.17,100,0.025,0.0099999999999999,True,,4.0,0.010958904109589,773.4072830881462,-0.06709014529887897,True,,0.2443076160597865,,0.0,722.6831379474415,good,0.2377941979434918,0.2433684904849168,0.2481757006723745,ok,put,0.9351109016855076,-0.004061471163169335
2026-09-04,2026-09-08,put,724.0,0.02,0.03,0.03,155.0,37.0,773.17,100,0.025,0.0099999999999999,True,,4.0,0.010958904109589,773.4072830881462,-0.06570797507192727,True,,0.2398047305909412,,0.0,723.6826996873413,good,0.2333745833997298,0.2388630462106843,0.243596946488446,ok,put,0.9364042777597614,-0.004132138651820951
2026-09-04,2026-09-08,put,725.0,0.03,0.04,0.03,167.0,145.0,773.17,100,0.035,0.01,True,,4.0,0.010958904109589,773.4072830881462,-0.06432771260296884,True,,0.2441128623276156,,0.0,724.6822614272409,good,0.2390165516799934,0.2431433758975843,0.2468657140868753,ok,put,0.9376976538340153,-0.00552930319543398
2026-09-04,2026-09-08,put,726.0,0.03,0.04,0.04,17.0,95.0,773.17,100,0.035,0.01,True,,4.0,0.010958904109589,773.4072830881462,-0.0629493526328475,True,,0.2394687502947588,,0.0,725.6818231671405,good,0.2344343192276231,0.2384963979925916,0.2421607803942712,ok,put,0.9389910299082691,-0.005628226396384607
2026-09-04,2026-09-08,put,727.0,0.03,0.04,0.03,1.0,306.0,773.17,100,0.035,0.01,True,,4.0,0.010958904109589,773.4072830881462,-0.06157288992412419,True,,0.2348224371444127,,0.0,726.6813849070402,good,0.2298500286062566,0.2338471574737203,0.2374534004337654,ok,put,0.9402844059825229,-0.00573092640759803
2026-09-04,2026-09-08,put,728.0,0.03,0.04,0.03,25.0,361.0,773.17,100,0.035,0.01,True,,4.0,0.010958904109589,773.4072830881462,-0.06019831926095768,True,,0.2301736799827127,,0.0,727.6809466469398,good,0.2252634593084092,0.229195426271421,0.2327433335527979,ok,put,0.9415777820567767,-0.0058376330057486785
2026-09-04,2026-09-08,put,729.0,0.03,0.04,0.03,341.0,237.0,773.17,100,0.035,0.01,True,,4.0,0.010958904109589,773.4072830881462,-0.058825635448985475,True,,0.2255222538010497,,0.0,728.6805083868394,good,0.2206743779290392,0.2245409614514591,0.2280303330422688,ok,put,0.9428711581310305,-0.005948594612688432
2026-09-04,2026-09-08,put,730.0,0.03,0.04,0.04,252.0,448.0,773.17,100,0.035,0.01,True,,4.0,0.010958904109589,773.4072830881462,-0.05745483331520679,True,,0.2208679073728175,,0.0,729.6800701267391,good,0.2160825398137291,0.2198835093298758,0.2233141297941323,ok,put,0.9441645342052843,-0.006064081232076211
2026-09-04,2026-09-08,put,731.0,0.03,0.04,0.04,18.0,222.0,773.17,100,0.035,0.01,True,,4.0,0.010958904109589,773.4072830881462,-0.05608590770786507,True,,0.2162103656508919,,0.0,730.6796318666387,good,0.2114876882265815,0.2152228036424895,0.2185944560590017,ok,put,0.9454579102795382,-0.006184386680579741
2026-09-04,2026-09-08,put,732.0,0.03,0.04,0.05,47.0,157.0,773.17,100,0.035,0.01,True,,4.0,0.010958904109589,773.4072830881462,-0.05471885349633199,True,,0.2115493642361043,,0.0,731.6791936065383,good,0.2068895533906189,0.2105585645559387,0.2138710204445126,ok,put,0.946751286353792,-0.006309831306539718
2026-09-04,2026-09-08,put,733.0,0.03,0.04,0.04,33.0,436.0,773.17,100,0.035,0.01,True,,4.0,0.010958904109589,773.4072830881462,-0.05335366557099215,True,,0.206884609947298,,0.0,732.678755346438,good,0.2022878514408461,0.2058904975763581,0.2091435190137682,ok,put,0.9480446624280457,-0.006440765093416596
2026-09-04,2026-09-08,put,734.0,0.04,0.05,0.04,250.0,815.0,773.17,100,0.045,0.01,True,,4.0,0.010958904109589,773.4072830881462,-0.05199033884312804,True,,0.2083539359812672,,0.0,733.6783170863376,good,0.204411628473829,0.2073348978814407,0.2100390874007154,ok,put,0.9493380385022996,-0.008040561749275433
2026-09-04,2026-09-08,put,735.0,0.04,0.05,0.04,186.0,986.0,773.17,100,0.045,0.01,True,,4.0,0.010958904109589,773.4072830881462,-0.05062886824480691,True,,0.2035665354293169,,0.0,734.6778788262372,good,0.199675016486652,0.2025438203337054,0.2051979721298822,ok,put,0.9506314145765534,-0.008213880533642848
2026-09-04,2026-09-08,put,736.0,0.04,0.05,0.05,101.0,1781.0,773.17,100,0.045,0.01,True,,4.0,0.010958904109589,773.4072830881462,-0.049269248728767326,True,,0.1987738988901432,,0.0,735.677440566137,good,0.194933320612317,0.197747409353316,0.2003512903968203,ok,put,0.9519247906508073,-0.008395329406158683
2026-09-04,2026-09-08,put,737.0,0.04,0.05,0.04,5159.0,482.0,773.17,100,0.045,0.01,True,,4.0,0.010958904109589,773.4072830881462,-0.04791147526830705,True,,0.193975637763375,,0.0,736.6770023060366,good,0.1901861626042013,0.1929452749239462,0.1954986415068317,ok,put,0.953218166725061,-0.008585519059905363
2026-09-04,2026-09-08,put,738.0,0.04,0.05,0.05,138.0,769.0,773.17,100,0.045,0.01,True,,4.0,0.010958904109589,773.4072830881462,-0.04655554285717114,True,,0.1891713438007471,,0.0,737.6765640459362,good,0.185433142916698,0.1881370052597045,0.190639602139425,ok,put,0.9545115427993148,-0.008785124897989827
2026-09-04,2026-09-08,put,739.0,0.04,0.05,0.05,307.0,849.0,773.17,100,0.045,0.01,True,,4.0,0.010958904109589,773.4072830881462,-0.045201446509441835,True,,0.1843605842188707,,0.0,738.6761257858359,good,0.1806738284363856,0.1833221544100451,0.1857737150483094,ok,put,0.9558049188735687,-0.008994892770673817
2026-09-04,2026-09-08,put,740.0,0.05,0.06,0.04,3360.0,1250.0,773.17,100,0.055,0.0099999999999999,True,,4.0,0.010958904109589,773.4072830881462,-0.04384918125942815,True,,0.1842029499440718,,0.0,739.6756875257355,good,0.1809005039814261,0.183141163849305,0.185246922659286,ok,put,0.9570982949478225,-0.010791305154363412
2026-09-04,2026-09-08,put,741.0,0.05,0.06,0.05,83.0,539.0,773.17,100,0.055,0.0099999999999999,True,,4.0,0.010958904109589,773.4072830881462,-0.04249874216155667,True,,0.1792785999966079,,0.0,740.6752492656351,good,0.1760194526130962,0.1782122627610049,0.1802733339043287,ok,put,0.9583916710220763,-0.011061489311411633
2026-09-04,2026-09-08,put,742.0,0.05,0.06,0.06,162.0,594.0,773.17,100,0.055,0.0099999999999999,True,,4.0,0.010958904109589,773.4072830881462,-0.0411501242902632,True,,0.1743457158927027,,0.0,741.6748110055348,good,0.1711300157166986,0.1732746804997066,0.175290794087038,ok,put,0.9596850470963301,-0.011346628786547701
2026-09-04,2026-09-08,put,743.0,0.06,0.07,0.07,64.0,914.0,773.17,100,0.065,0.01,True,,4.0,0.010958904109589,773.4072830881462,-0.039803322739884454,True,,0.173255014359366,,0.0,742.6743727454344,good,0.170298685511655,0.172161970166728,0.1739317606422912,ok,put,0.9609784231705839,-0.013261914586692238
2026-09-04,2026-09-08,put,744.0,0.06,0.07,0.07,141.0,1203.0,773.17,100,0.065,0.01,True,,4.0,0.010958904109589,773.4072830881462,-0.038458332624551735,True,,0.1682151085926866,,0.0,743.673934485334,good,0.1652963448049092,0.1671168317867013,0.1688462106142297,ok,put,0.9622717992448377,-0.01362258358199294
2026-09-04,2026-09-08,put,745.0,0.06,0.07,0.07,1473.0,1507.0,773.17,100,0.065,0.01,True,,4.0,0.010958904109589,773.4072830881462,-0.03711514907808406,True,,0.163164137143064,,0.0,744.6734962252337,good,0.1602830591742331,0.162060444085878,0.1637491267501257,ok,put,0.9635651753190916,-0.0140051592747325
2026-09-04,2026-09-08,put,746.0,0.07,0.08,0.07,1406.0,600.0,773.17,100,0.075,0.0099999999999999,True,,4.0,0.010958904109589,773.4072830881462,-0.0357737672538827,True,,0.1613366871986794,,0.0,745.6730579651334,good,0.1586396975935587,0.1602115723280679,0.1617162454516557,ok,put,0.9648585513933454,-0.01608341084737571
2026-09-04,2026-09-08,put,747.0,0.07,0.08,0.07,680.0,488.0,773.17,100,0.075,0.0099999999999999,True,,4.0,0.010958904109589,773.4072830881462,-0.03443418232482633,True,,0.1561809043259454,,0.0,746.672619705033,good,0.1535170505364385,0.1550497314933639,0.1565170941762931,ok,put,0.9661519274675991,-0.01656333035721121
2026-09-04,2026-09-08,put,748.0,0.08,0.09,0.09,303.0,1085.0,773.17,100,0.0849999999999999,0.0099999999999999,True,,4.0,0.010958904109589,773.4072830881462,-0.03309638948316637,True,,0.1538283287355352,,0.0,747.6721814449327,good,0.1513031423007673,0.1526761989624582,0.1539982563021452,ok,put,0.967445303541853,-0.01877572528093693
2026-09-04,2026-09-08,put,749.0,0.08,0.09,0.08,315.0,862.0,773.17,100,0.0849999999999999,0.0099999999999999,True,,4.0,0.010958904109589,773.4072830881462,-0.03176038394042411,True,,0.148569042925426,,0.0,748.6717431848323,good,0.1460733092570418,0.1474101186147872,0.1486974544429622,ok,put,0.9687386796161068,-0.019374347869774912
2026-09-04,2026-09-08,put,750.0,0.09,0.1,0.09,4883.0,860.0,773.17,100,0.095,0.01,True,,4.0,0.010958904109589,773.4072830881462,-0.03042616092728744,True,,0.145767634967464,,0.0,749.6713049247319,good,0.1433789314412699,0.1445878152474177,0.1457571788654057,ok,put,0.9700320556903607,-0.02175703649010602
2026-09-04,2026-09-08,put,751.0,0.1,0.11,0.1,637.0,550.0,773.17,100,0.105,0.0099999999999999,True,,4.0,0.010958904109589,773.4072830881462,-0.02909371569350891,True,,0.1426549712752985,,0.0,750.6708666646316,good,0.1403529020362094,0.1414545595917356,0.142524055996666,ok,put,0.9713254317646144,-0.024239799265827554
2026-09-04,2026-09-08,put,752.0,0.11,0.12,0.12,639.0,581.0,773.17,100,0.1149999999999999,0.0099999999999999,True,,4.0,0.010958904109589,773.4072830881462,-0.027763043507803804,True,,0.1392667801498635,,0.0,751.6704284045312,good,0.1370358557948389,0.1380458684448048,0.1390293178875868,ok,put,0.9726188078388682,-0.026839828030831944
2026-09-04,2026-09-08,put,753.0,0.12,0.13,0.13,1565.0,923.0,773.17,100,0.125,0.01,True,,4.0,0.010958904109589,773.4072830881462,-0.026434139657750027,True,,0.1356300239496815,,0.0,752.6699901444308,good,0.133458116450628,0.1343885263726199,0.1352967335832659,ok,put,0.9739121839131221,-0.029576014672737832
2026-09-04,2026-09-08,put,754.0,0.14,0.15,0.14,677.0,927.0,773.17,100,0.145,0.0099999999999999,True,,4.0,0.010958904109589,773.4072830881462,-0.025106999449687507,True,,0.1334414033882951,,0.0,753.6695518843305,good,0.1313445382047013,0.1321685081588589,0.1329759012814071,ok,put,0.9752055599873759,-0.034180925383525206
2026-09-04,2026-09-08,put,755.0,0.15,0.16,0.17,2090.0,1413.0,773.17,100,0.155,0.01,True,,4.0,0.010958904109589,773.4072830881462,-0.023781618208618852,True,,0.1292474159656217,,0.0,754.6691136242301,good,0.1271867230454335,0.127953604809848,0.1287062645559568,ok,put,0.9764989360616297,-0.03727378414216896
2026-09-04,2026-09-08,put,756.0,0.18,0.19,0.17,877.0,1033.0,773.17,100,0.185,0.01,True,,4.0,0.010958904109589,773.4072830881462,-0.022457991278110646,True,,0.1276264534793608,,0.0,755.6686753641297,good,0.1256229889660208,0.1262924796821578,0.1269518831942778,ok,put,0.9777923121358835,-0.04396477094417981
2026-09-04,2026-09-08,put,757.0,0.2,0.21,0.2,541.0,656.0,773.17,100,0.205,0.0099999999999999,True,,4.0,0.010958904109589,773.4072830881462,-0.021136114020194843,True,,0.1241253124348174,,0.0,756.6682371040295,good,0.122149991930622,0.1227607344671912,0.123363366513913,ok,put,0.9790856882101373,-0.049239535395119056
2026-09-04,2026-09-08,put,758.0,0.23,0.24,0.24,1518.0,670.0,773.17,100,0.235,0.0099999999999999,True,,4.0,0.010958904109589,773.4072830881462,-0.01981598181527194,True,,0.1213912294426793,,0.0,757.6677988439291,good,0.1194403139598894,0.1199875445695227,0.1205286330700925,ok,put,0.9803790642843911,-0.0564747436130989
2026-09-04,2026-09-08,put,759.0,0.26,0.27,0.27,2258.0,1210.0,773.17,100,0.265,0.01,True,,4.0,0.010958904109589,773.4072830881462,-0.018497590062013645,True,,0.1181507710849061,,0.0,758.6673605838287,good,0.1162125642668276,0.116707841444955,0.1171983469616291,ok,put,0.981672440358645,-0.06408484040942003
2026-09-04,2026-09-08,put,760.0,0.31,0.32,0.32,6351.0,1687.0,773.17,100,0.315,0.01,True,,4.0,0.010958904109589,773.4072830881462,-0.017180934177266786,True,,0.1162448791768158,,0.0,759.6669223237284,good,0.1143112290264323,0.1147483408757021,0.1151820727655919,ok,put,0.9829658164328988,-0.07528097330551335
2026-09-04,2026-09-08,put,761.0,0.36,0.37,0.37,4661.0,1551.0,773.17,100,0.365,0.01,True,,4.0,0.010958904109589,773.4072830881462,-0.0158660095959578,True,,0.1135982573729709,,0.0,760.666484063628,good,0.1116565135963739,0.1120483337632123,0.112437663006903,ok,put,0.9842591925071525,-0.08694388351447897
2026-09-04,2026-09-08,put,762.0,0.42,0.43,0.42,2293.0,1045.0,773.17,100,0.425,0.01,True,,4.0,0.010958904109589,773.4072830881462,-0.014552811770997338,True,,0.1110264095880443,,0.0,761.6660458035276,good,0.1090650203225873,0.1094163911306409,0.1097659499003606,ok,put,0.9855525685814064,-0.10069162460797258
2026-09-04,2026-09-08,put,763.0,0.49,0.5,0.5,3471.0,807.0,773.17,100,0.495,0.01,True,,4.0,0.010958904109589,773.4072830881462,-0.013241336173186583,True,,0.1083985089632009,,0.0,762.6656075434273,good,0.1064055665278166,0.106721624767842,0.1070363736171944,ok,put,0.9868459446556602,-0.11658549023510399
2026-09-04,2026-09-08,put,764.0,0.58,0.59,0.59,3314.0,935.0,773.17,100,0.585,0.01,True,,4.0,0.010958904109589,773.4072830881462,-0.011931578291123072,True,,0.1061860319935388,,0.0,763.6651692833269,good,0.1041465439668628,0.1044302766111918,0.1047130939622646,ok,put,0.9881393207299141,-0.13601987189719586
2026-09-04,2026-09-08,put,765.0,0.69,0.7,0.69,8620.0,1723.0,773.17,100,0.695,0.01,True,,4.0,0.010958904109589,773.4072830881462,-0.010623533631107815,True,,0.1041440775414309,,0.0,764.6647310232265,good,0.1020421305278257,0.1022976886443366,0.1025526200334775,ok,put,0.9894326968041678,-0.15890873842032038
2026-09-04,2026-09-08,put,766.0,0.81,0.83,0.82,4799.0,890.0,773.17,100,0.8200000000000001,0.0199999999999999,True,,4.0,0.010958904109589,773.4072830881462,-0.009317197717052328,True,,0.1018539778888761,,0.0,765.6642927631262,good,0.0994419377397929,0.0999066075259361,0.1003695684379418,ok,put,0.9907260728784216,-0.18465840455648816
2026-09-04,2026-09-08,put,767.0,0.97,0.98,0.96,6330.0,741.0,773.17,100,0.975,0.01,True,,4.0,0.010958904109589,773.4072830881462,-0.008012566090387417,True,,0.0998760392951623,,0.0,766.6638545030258,good,0.0975982429722474,0.0978100566746277,0.098021589870712,ok,put,0.9920194489526755,-0.21493081832638908
2026-09-04,2026-09-08,put,768.0,1.14,1.16,1.16,9555.0,325.0,773.17,100,1.15,0.02,True,,4.0,0.010958904109589,773.4072830881462,-0.006709634309971413,True,,0.0975937618350782,,0.0,767.6634162429255,good,0.0950025097084107,0.0953932339058269,0.0957832369922996,ok,put,0.9933128250269293,-0.24864086862009177
2026-09-04,2026-09-08,put,769.0,1.36,1.38,1.36,5660.0,351.0,773.17,100,1.37,0.0199999999999997,True,,4.0,0.010958904109589,773.4072830881462,-0.005408397951999581,True,,0.0958331870092322,,0.0,768.6629779828252,good,0.0931084104887681,0.0934712828619254,0.0938337253991966,ok,put,0.9946062011011831,-0.2878598029492906
2026-09-04,2026-09-08,put,770.0,1.62,1.64,1.63,11896.0,1217.0,773.17,100,1.63,0.0199999999999997,True,,4.0,0.010958904109589,773.4072830881462,-0.00410885260991411,True,,0.0941689716545331,,0.0,769.6625397227248,good,0.0912759116064114,0.0916170082408902,0.0919578719824102,ok,put,0.9958995771754369,-0.3316328010056735
2026-09-04,2026-09-08,put,771.0,1.93,1.94,1.92,6118.0,354.0,773.17,100,1.935,0.01,True,,4.0,0.010958904109589,773.4072830881462,-0.0028109938943141296,True,,0.0926025522520598,,0.0,770.6621014626245,good,0.0896623307045003,0.0898248864401521,0.0899874158978772,ok,put,0.9971929532496907,-0.37978602306067166
2026-09-04,2026-09-08,put,772.0,2.28,2.3,2.28,6580.0,329.0,773.17,100,2.29,0.02,True,,4.0,0.010958904109589,773.4072830881462,-0.0015148174328674245,True,,0.091143021949352,,0.0,771.6616632025241,good,0.0877799248383388,0.0880948375962167,0.0884097200079155,ok,put,0.9984863293239445,-0.43190860590967944
2026-09-04,2026-09-08,put,773.0,2.69,2.71,2.68,7365.0,158.0,773.17,100,2.7,0.02,True,,4.0,0.010958904109589,773.4072830881462,-0.00022031887022160983,True,,0.0898159140945187,,0.0,772.6612249424237,good,0.0861297110407779,0.0864402802392089,0.0867508487990152,ok,put,0.9997797053981984,-0.4873086015788917
2026-09-04,2026-09-08,call,774.0,2.33,2.35,2.33,5750.0,846.0,773.17,100,2.34,0.02,True,,4.0,0.010958904109589,773.4072830881462,0.001072506132083568,True,,0.0812927030912747,,0.0,773.0683295346428,good,0.0845140008431994,0.0848265566385976,0.0851390956580707,ok,call,1.0010730814724522,0.4526016020139011
2026-09-04,2026-09-08,call,775.0,1.87,1.89,1.88,12913.0,2305.0,773.17,100,1.88,0.0199999999999997,True,,4.0,0.010958904109589,773.4072830881462,0.0023636618957033604,True,,0.080410562355771,,0.0,773.0683295346428,good,0.0832385734850869,0.0835602236563358,0.0838817834744233,ok,call,1.002366457546706,0.3942320649222255
2026-09-04,2026-09-08,call,776.0,1.47,1.48,1.46,3676.0,880.0,773.17,100,1.475,0.01,True,,4.0,0.010958904109589,773.4072830881462,0.0036531527255752503,True,,0.079320689049874,,0.0,773.0683295346428,good,0.0819700383326487,0.0821396409486105,0.0823091803858295,ok,call,1.00365983362096,0.33623253318762447
2026-09-04,2026-09-08,call,777.0,1.13,1.15,1.13,3921.0,1615.0,773.17,100,1.14,0.02,True,,4.0,0.010958904109589,773.4072830881462,0.0049409829100038535,True,,0.0785597574605019,,0.0,773.0683295346428,good,0.0807308208452277,0.0810979292237405,0.0814644755953794,ok,call,1.0049532096952136,0.2810385403019135
2026-09-04,2026-09-08,call,778.0,0.86,0.87,0.86,4456.0,2018.0,773.17,100,0.865,0.01,True,,4.0,0.010958904109589,773.4072830881462,0.0062271567207479285,True,,0.0779294722935343,,0.0,773.0683295346428,good,0.0800238471883459,0.0802276822653798,0.0804312330393824,ok,call,1.0062465857694673,0.2299305829471527
2026-09-04,2026-09-08,call,779.0,0.63,0.65,0.65,4323.0,2712.0,773.17,100,0.64,0.02,True,,4.0,0.010958904109589,773.4072830881462,0.007511678413104724,True,,0.0772216329822391,,0.0,773.0683295346428,good,0.0788446114308963,0.0793114247770921,0.0797759998423626,ok,call,1.0075399618437213,0.18346463322741627
2026-09-04,2026-09-08,call,780.0,0.46,0.47,0.47,11890.0,2905.0,773.17,100,0.4649999999999999,0.0099999999999999,True,,4.0,0.010958904109589,773.4072830881462,0.008794552225993795,True,,0.0766860938712819,,0.0,773.0683295346428,good,0.0783229947340018,0.078597148541637,0.0788702141581483,ok,call,1.008833337917975,0.1431489122230992
2026-09-04,2026-09-08,call,781.0,0.33,0.34,0.34,5283.0,708.0,773.17,100,0.335,0.01,True,,4.0,0.010958904109589,773.4072830881462,0.010075782382042254,True,,0.0764981445320626,,0.0,773.0683295346428,good,0.0779282342779367,0.0782583104128042,0.078586293985924,ok,call,1.0101267139922288,0.10987407450658365
2026-09-04,2026-09-08,call,782.0,0.24,0.25,0.25,2873.0,707.0,773.17,100,0.245,0.01,True,,4.0,0.010958904109589,773.4072830881462,0.011355373087667502,True,,0.0770008242163447,,0.0,773.0683295346428,good,0.0782373847458512,0.0786389537273772,0.0790366584156069,ok,call,1.0114200900664827,0.08432341832864647
2026-09-04,2026-09-08,call,783.0,0.17,0.18,0.17,5505.0,1188.0,773.17,100,0.175,0.0099999999999999,True,,4.0,0.010958904109589,773.4072830881462,0.012633328533159436,True,,0.0773115646744265,,0.0,773.0683295346428,good,0.0783390792577694,0.078840534795562,0.0793346263611375,ok,call,1.0127134661407364,0.06328338850125041
2026-09-04,2026-09-08,call,784.0,0.12,0.13,0.13,2040.0,890.0,773.17,100,0.125,0.01,True,,4.0,0.010958904109589,773.4072830881462,0.013909652892764315,True,,0.0778489162014003,,0.0,773.0683295346428,good,0.0786499251398869,0.0792848424894798,0.0799057907674085,ok,call,1.0140068422149904,0.04717519042270782
2026-09-04,2026-09-08,call,785.0,0.08,0.09,0.09,1357.0,744.0,773.17,100,0.0849999999999999,0.0099999999999999,True,,4.0,0.010958904109589,773.4072830881462,0.015184350324764815,True,,0.0778598286368287,,0.0,773.0683295346428,good,0.0783679379584771,0.0792066877356311,0.0800166602359902,ok,call,1.015300218289244,0.033759667868920304
2026-09-04,2026-09-08,call,786.0,0.06,0.07,0.07,531.0,293.0,773.17,100,0.065,0.01,True,,4.0,0.010958904109589,773.4072830881462,0.016457424971562842,True,,0.0796071290507659,,0.0,773.0683295346428,good,0.0798537097577519,0.0808963024240478,0.081890468098153,ok,call,1.0165935943634978,0.026180884401435907
2026-09-04,2026-09-08,call,787.0,0.05,0.06,0.06,1703.0,1545.0,773.17,100,0.055,0.0099999999999999,True,,4.0,0.010958904109589,773.4072830881462,0.017728880959759656,True,,0.0825968361379718,,0.0,773.0683295346428,good,0.0826310008194304,0.0838497700702619,0.085000248846988,ok,call,1.0178869704377518,0.02188108473811547
2026-09-04,2026-09-08,call,788.0,0.04,0.05,0.05,753.0,465.0,773.17,100,0.045,0.01,True,,4.0,0.010958904109589,773.4072830881462,0.01899872240023547,True,,0.0850478620382853,,0.0,773.0683295346428,good,0.0848025360464832,0.0862627446530332,0.0876210229605032,ok,call,1.0191803465120055,0.017850071090205255
2026-09-04,2026-09-08,call,789.0,0.03,0.04,0.04,621.0,805.0,773.17,100,0.035,0.01,True,,4.0,0.010958904109589,773.4072830881462,0.02026695338823072,True,,0.0867995770068649,,0.0,773.0683295346428,good,0.0861522962392731,0.0879729160343236,0.089627292890134,ok,call,1.0204737225862595,0.014009680799291546
2026-09-04,2026-09-08,call,790.0,0.02,0.03,0.03,1099.0,2136.0,773.17,100,0.025,0.0099999999999999,True,,4.0,0.010958904109589,773.4072830881462,0.021533578003423568,True,,0.0875447716628863,,0.0,773.0683295346428,good,0.0862293317398128,0.0886700656454891,0.0907945377952367,ok,call,1.0217670986605132,0.010276607633542555
2026-09-04,2026-09-08,call,791.0,0.02,0.03,0.03,298.0,571.0,773.17,100,0.025,0.0099999999999999,True,,4.0,0.010958904109589,773.4072830881462,0.02279860031001018,True,,0.0920737183137541,,0.0,773.0683295346428,good,0.090654756677073,0.0931935760759451,0.0954021956283949,ok,call,1.023060474734767,0.009826287279839682
2026-09-04,2026-09-08,call,792.0,0.02,0.03,0.03,297.0,691.0,773.17,100,0.025,0.0099999999999999,True,,4.0,0.010958904109589,773.4072830881462,0.024062024356782293,True,,0.0965709970552965,,0.0,773.0683295346428,good,0.0950503784947384,0.0976858336966671,0.0999773367915698,ok,call,1.0243538508090209,0.009418096957296626
2026-09-04,2026-09-08,call,793.0,0.02,0.03,0.02,143.0,81.0,773.17,100,0.025,0.0099999999999999,True,,4.0,0.010958904109589,773.4072830881462,0.025323854177204338,True,,0.1010383870155986,,0.0,773.0683295346428,good,0.0994178369332661,0.1021485782325461,0.1045217766787195,ok,call,1.0256472268832746,0.009046210262322501
2026-09-04,2026-09-08,call,794.0,0.01,0.02,0.02,165.0,144.0,773.17,100,0.015,0.01,True,,4.0,0.010958904109589,773.4072830881462,0.026584093789492207,True,,0.0993270737867419,,0.0,773.0683295346428,good,0.0960534499559293,0.1003784256826188,0.1037585875753527,ok,call,1.0269406029575285,0.005777339139247708
2026-09-04,2026-09-08,call,795.0,0.01,0.02,0.02,15.0,454.0,773.17,100,0.015,0.01,True,,4.0,0.010958904109589,773.4072830881462,0.0278427471966883,True,,0.1035331455852621,,0.0,773.0683295346428,good,0.1001086802592059,0.1045809182279948,0.1080739383268229,ok,call,1.0282339790317823,0.00556576238534117
2026-09-04,2026-09-08,call,796.0,0.01,0.02,0.01,42.0,343.0,773.17,100,0.015,0.01,True,,4.0,0.010958904109589,773.4072830881462,0.029099818386739328,True,,0.1077160876778117,,0.0,773.0683295346428,good,0.1041426976243763,0.1087605122872387,0.1123650562159763,ok,call,1.029527355106036,0.005370759982522073
2026-09-04,2026-09-08,call,797.0,0.01,0.02,0.01,1.0,75.0,773.17,100,0.015,0.01,True,,4.0,0.010958904109589,773.4072830881462,0.030355311332571484,True,,0.1118769160658585,,0.0,773.0683295346428,good,0.1081563992517631,0.1129181938930027,0.1166329976450503,ok,call,1.03082073118029,0.0051904030111494534
2026-09-04,2026-09-08,call,798.0,0.01,0.02,0.01,245.0,35.0,773.17,100,0.015,0.01,True,,4.0,0.010958904109589,773.4072830881462,0.03160922999216512,True,,0.1160165293650802,,0.0,773.0683295346428,good,0.1121506004738281,0.1170548615468366,0.1208787266572951,ok,call,1.0321141072545437,0.005023055903128964
2026-09-04,2026-09-08,call,799.0,0.01,0.02,0.01,19.0,263.0,773.17,100,0.015,0.01,True,,4.0,0.010958904109589,773.4072830881462,0.03286157830863116,True,,0.120135775079723,,0.0,773.0683295346428,good,0.1161260450644846,0.1211713301855844,0.1251031205907761,ok,call,1.0334074833287976,0.004867319959344051
2026-09-04,2026-09-08,call,800.0,0.01,0.02,0.01,15.0,500.0,773.17,100,0.015,0.01,True,,4.0,0.010958904109589,773.4072830881462,0.0341123602102837,True,,0.1242354153114325,,0.0,773.0683295346428,good,0.1200834140470962,0.1252683505000826,0.1293069788869486,ok,call,1.0347008594030513,0.004721994201930951
2026-09-04,2026-09-08,call,801.0,0.01,0.02,0.01,0.0,14.0,773.17,100,0.015,0.01,True,,4.0,0.010958904109589,773.4072830881462,0.035361579610715545,True,,0.1283161503758165,,0.0,773.0683295346428,good,0.1240233356412259,0.1293466073340439,0.1334910395959068,ok,call,1.035994235477305,0.004586038752932141
2026-09-04,2026-09-08,call,802.0,0.01,0.02,0.01,11.0,20.0,773.17,100,0.015,0.01,True,,4.0,0.010958904109589,773.4072830881462,0.036609240408870945,True,,0.1323786257936274,,0.0,773.0683295346428,good,0.1279463875678675,0.1334067374229361,0.1376559801345107,ok,call,1.037287611551559,0.004458551122951523
2026-09-04,2026-09-08,call,803.0,0.01,0.02,0.01,17.0,1.0,773.17,100,0.015,0.01,True,,4.0,0.010958904109589,773.4072830881462,0.03785534648911804,True,,0.1364234383069744,,0.0,773.0683295346428,good,0.1318531003687138,0.1374493262077292,0.1418024297903015,ok,call,1.0385809876258127,0.0043387419086968635
2026-09-04,2026-09-08,call,804.0,0.01,0.02,0.01,0.0,1.0,773.17,100,0.015,0.01,True,,4.0,0.010958904109589,773.4072830881462,0.03909990172132287,True,,0.1404511410988161,,0.0,773.0683295346428,good,0.1357439757903694,0.1414749174249766,0.1459309702932985,ok,call,1.0398743637000667,0.004225918442350734
2026-09-04,2026-09-08,call,805.0,0.01,0.02,0.02,5.0,50.0,773.17,100,0.015,0.01,True,,4.0,0.010958904109589,773.4072830881462,0.040342909960919784,True,,0.1444622483350017,,0.0,773.0683295346428,good,0.139619473090909,0.145484019031303,0.1500421427416295,ok,call,1.0411677397743204,0.004119470629474436
2026-09-04,2026-09-08,call,806.0,0.01,0.02,0.01,1236.0,0.0,773.17,100,0.015,0.01,True,,4.0,0.010958904109589,773.4072830881462,0.04158437504898462,True,,0.1484572391216588,,0.0,773.0683295346428,good,0.1434800222812098,0.149477100635192,0.154136451466552,ok,call,1.0424611158485741,0.004018857565936728
2026-09-04,2026-09-08,call,807.0,0.01,0.02,0.01,16.0,0.0,773.17,100,0.015,0.01,True,,4.0,0.010958904109589,773.4072830881462,0.04282430081230526,True,,0.1524365637523886,,0.0,773.0683295346428,good,0.1473260281340854,0.1534546034541387,0.158214367757077,ok,call,1.043754491922828,0.003923599203618606
2026-09-04,2026-09-08,call,808.0,0.01,0.02,0.01,1014.0,34.0,773.17,100,0.015,0.01,True,,4.0,0.010958904109589,773.4072830881462,0.04406269106345176,True,,0.1564006333057265,,0.0,773.0683295346428,good,0.1511578654514529,0.1574169404931957,0.1622763328597651,ok,call,1.0450478679970818,0.0038332674479805004
2026-09-04,2026-09-08,call,809.0,0.01,0.02,0.01,341.0,1.0,773.17,100,0.015,0.01,True,,4.0,0.010958904109589,773.4072830881462,0.045299549600847984,True,,0.1603498475976552,,0.0,773.0683295346428,good,0.1549758902344925,0.1613644993439107,0.1663227630677792,ok,call,1.0463412440713356,0.0037474792925786308
2026-09-04,2026-09-08,call,810.0,0.0,0.01,0.01,25.0,24.0,773.17,100,0.005,0.01,True,,4.0,0.010958904109589,773.4072830881462,0.046534880208840876,True,,0.1481032410405492,,0.0,773.0683295346428,good,,0.1490267783575331,0.1587804364732259,ok,call,1.0476346201455895,0.001461205974909093
2026-09-04,2026-09-08,call,815.0,0.0,0.01,0.01,0.0,344.0,773.17,100,0.005,0.01,True,,4.0,0.010958904109589,773.4072830881462,0.05268874578321914,True,,0.1659740974572759,,0.0,773.0683295346428,good,,0.166892058012653,0.1776113622450966,ok,call,1.0541015005168586,0.0013158646059817092
2026-09-04,2026-09-08,call,820.0,0.0,0.01,0.01,0.0,128.0,773.17,100,0.005,0.01,True,,4.0,0.010958904109589,773.4072830881462,0.058804972800655234,True,,0.1835763013243642,,0.0,773.0683295346428,good,,0.18448971682878,0.1961458939532099,ok,call,1.0605683808881277,0.0011992282255968273
2026-09-04,2026-09-08,call,825.0,0.0,0.01,0.01,0.0,50.0,773.17,100,0.005,0.01,True,,4.0,0.010958904109589,773.4072830881462,0.06488401887703743,True,,0.2009328135929163,,0.0,773.0683295346428,good,,0.2018424691693759,0.2144101430298568,ok,call,1.0670352612593967,0.0011034151149721552
2026-09-04,2026-09-08,call,830.0,0.0,0.01,0.02,0.0,1.0,773.17,100,0.005,0.01,True,,4.0,0.010958904109589,773.4072830881462,0.07092633333300007,True,,0.2180619976571056,,0.0,773.0683295346428,good,,0.2189685417826719,0.2324250032668768,ok,call,1.0735021416306658,0.0010232105177294128
2026-09-04,2026-09-08,call,835.0,0.0,0.01,0.01,160.0,160.0,773.17,100,0.005,0.01,True,,4.0,0.010958904109589,773.4072830881462,0.07693235739321194,True,,0.2349789887981683,,0.0,773.0683295346428,good,,0.235882913600039,0.2502076103348838,ok,call,1.079969022001935,0.0009550210014515026
2026-09-04,2026-09-08,call,840.0,0.0,0.01,0.01,1.0,21.0,773.17,100,0.005,0.01,True,,4.0,0.010958904109589,773.4072830881462,0.08290252437971576,True,,0.2516964385543107,,0.0,773.0683295346428,good,,0.2525981580039717,0.2677723010551493,ok,call,1.086435902373204,0.000896287359468485
2026-09-04,2026-09-08,call,875.0,0.0,0.01,0.02,0.0,593.0,773.17,100,0.005,0.01,True,,4.0,0.010958904109589,773.4072830881462,0.12372451889997076,True,,0.3638850484027565,,0.0,773.0683295346428,good,,0.3647786247346816,0.3854740662054984,ok,call,1.1317040649720873,0.0006374284791773069
2026-09-04,2026-09-08,call,880.0,0.0,0.01,0.01,0.0,1.0,773.17,100,0.005,0.01,True,,4.0,0.010958904109589,773.4072830881462,0.12942254001460848,True,,0.3793011906442344,,0.0,773.0683295346428,good,,0.3801942890351105,0.401628053489852,ok,call,1.1381709453433564,0.0006134214866735942
2026-09-04,2026-09-09,put,670.0,0.01,0.02,0.03,0.0,40.0,773.17,100,0.015,0.01,True,,5.0,0.0136986301369863,773.4666152376419,-0.14329606685608245,True,,0.4136755176874622,,0.0,669.6329772756828,good,0.3987628929018364,0.4128154391753106,0.4235985864932521,ok,put,0.8664974897274824,-0.0013964697026361858
2026-09-04,2026-09-09,put,675.0,0.01,0.02,0.01,1.0,1.0,773.17,100,0.015,0.01,True,,5.0,0.0136986301369863,773.4666152376419,-0.1358610883685643,True,,0.3939698162839263,,0.0,674.6302383001282,good,0.3796374921103901,0.3931087553374494,0.4034507466379009,ok,put,0.8729638889045532,-0.0014621755306594866
2026-09-04,2026-09-09,put,680.0,0.01,0.02,0.08,0.0,1.0,773.17,100,0.015,0.01,True,,5.0,0.0136986301369863,773.4666152376419,-0.12848098107094183,True,,0.3743413401328326,,0.0,679.6274993245736,good,0.3605898442207517,0.3734790832374426,0.3833792315908562,ok,put,0.8794302880816239,-0.0015342236284933855
2026-09-04,2026-09-09,put,685.0,0.01,0.02,0.05,0.0,3.0,773.17,100,0.015,0.01,True,,5.0,0.0136986301369863,773.4666152376419,-0.12115494097886886,True,,0.3547842032766863,,0.0,684.624760349019,good,0.3416144468917549,0.3539205542710266,0.3633778812828944,ok,put,0.8858966872586947,-0.0016136165646265823
2026-09-04,2026-09-09,put,690.0,0.01,0.02,0.02,1.0,100.0,773.17,100,0.015,0.01,True,,5.0,0.0136986301369863,773.4666152376419,-0.11388218164978917,True,,0.3352921099761426,,0.0,689.6220213734643,good,0.3227053773875939,0.3344268403626259,0.3434400538595217,ok,put,0.8923630864357655,-0.0017015841759027539
2026-09-04,2026-09-09,put,695.0,0.02,0.03,0.03,50.0,19.0,773.17,100,0.025,0.0099999999999999,True,,5.0,0.0136986301369863,773.4666152376419,-0.10666193367630204,True,,0.3315365338186696,,0.0,694.6192823979097,good,0.3235584964017039,0.3306300215325647,0.3367092771993499,ok,put,0.8988294856128363,-0.0027570903470976833
2026-09-04,2026-09-09,put,700.0,0.02,0.03,0.03,29.0,137.0,773.17,100,0.025,0.0099999999999999,True,,5.0,0.0136986301369863,773.4666152376419,-0.09949344419768957,True,,0.3113395971081742,,0.0,699.6165434223552,good,0.3037252222697578,0.3104306645984596,0.3161977635343924,ok,put,0.905295884789907,-0.002923678421336289
2026-09-04,2026-09-09,put,705.0,0.02,0.03,0.03,7666.0,1067.0,773.17,100,0.025,0.0099999999999999,True,,5.0,0.0136986301369863,773.4666152376419,-0.09237597642882553,True,,0.2911802398371866,,0.0,704.6138044468006,good,0.2839313234472749,0.2902684992679153,0.2957214992354595,ok,put,0.9117622839669778,-0.0031119609283724323
2026-09-04,2026-09-09,put,710.0,0.02,0.03,0.03,8016.0,95.0,773.17,100,0.025,0.0099999999999999,True,,5.0,0.0136986301369863,773.4666152376419,-0.08530880920573315,True,,0.2710480205438501,,0.0,709.611065471246,good,0.2641667397216657,0.2701330153940965,0.2752695715468046,ok,put,0.9182286831440485,-0.0033266656581869797
2026-09-04,2026-09-09,put,715.0,0.03,0.04,0.03,84.0,203.0,773.17,100,0.035,0.01,True,,5.0,0.0136986301369863,773.4666152376419,-0.07829123654708654,True,,0.2600383260358142,,0.0,714.6083264956914,good,0.2548294593016186,0.259090032935734,0.26292883550959,ok,put,0.9246950823211193,-0.004706981412263832
2026-09-04,2026-09-09,put,718.0,0.03,0.04,0.05,13.0,126.0,773.17,100,0.035,0.01,True,,5.0,0.0136986301369863,773.4666152376419,-0.07410421019286999,True,,0.2476072820944476,,0.0,717.6066831103586,good,0.2425650915735384,0.2466562068551326,0.2503434082431131,ok,put,0.9285749218273618,-0.004925357571741346
2026-09-04,2026-09-09,put,719.0,0.03,0.04,0.05,21.0,18.0,773.17,100,0.035,0.01,True,,5.0,0.0136986301369863,773.4666152376419,-0.07271242152004746,True,,0.2434625748722013,,0.0,718.6061353152477,good,0.2384761470994039,0.2425105104792457,0.2461469366404103,ok,put,0.929868201662776,-0.0050028917496451435
2026-09-04,2026-09-09,put,720.0,0.03,0.04,0.04,10.0,624.0,773.17,100,0.035,0.01,True,,5.0,0.0136986301369863,773.4666152376419,-0.07132256723099314,True,,0.2393171134439886,,0.0,719.6055875201367,good,0.2343865520321411,0.238364029400915,0.2419495498458164,ok,put,0.9311614814981901,-0.005083001297213956
2026-09-04,2026-09-09,put,721.0,0.03,0.04,0.03,2.0,19.0,773.17,100,0.035,0.01,True,,5.0,0.0136986301369863,773.4666152376419,-0.06993464195614518,True,,0.2351707461474123,,0.0,720.6050397250258,good,0.2302961642701043,0.2342166054474962,0.2377510908480788,ok,put,0.9324547613336042,-0.005165821090578281
2026-09-04,2026-09-09,put,722.0,0.03,0.04,0.05,122.0,171.0,773.17,100,0.035,0.01,True,,5.0,0.0136986301369863,773.4666152376419,-0.068548640348268,True,,0.2310233144586706,,0.0,721.604491929915,good,0.2262048283026485,0.2300680823351677,0.2335513928547305,ok,put,0.9337480411690183,-0.005251497117383332
2026-09-04,2026-09-09,put,723.0,0.04,0.05,0.04,125.0,139.0,773.17,100,0.045,0.01,True,,5.0,0.0136986301369863,773.4666152376419,-0.06716455708232955,True,,0.2334682867215636,,0.0,722.603944134804,good,0.2293502851818002,0.2324878177443662,0.2353866597229897,ok,put,0.9350413210044325,-0.006539952414482086
2026-09-04,2026-09-09,put,724.0,0.04,0.05,0.06,7.0,34.0,773.17,100,0.045,0.01,True,,5.0,0.0136986301369863,773.4666152376419,-0.06578238685537785,True,,0.2292200945341875,,0.0,723.6033963396931,good,0.2251475877249624,0.2282383881102856,0.2310943279566527,ok,put,0.9363346008398467,-0.006651517554229577
2026-09-04,2026-09-09,put,725.0,0.04,0.05,0.04,216.0,1640.0,773.17,100,0.045,0.01,True,,5.0,0.0136986301369863,773.4666152376419,-0.06440212438641943,True,,0.2249700277530742,,0.0,724.6028485445821,good,0.2209431153000669,0.2239870448847066,0.2267999442545722,ok,put,0.9376278806752608,-0.006767141891541141
2026-09-04,2026-09-09,put,726.0,0.04,0.05,0.04,121.0,97.0,773.17,100,0.045,0.01,True,,5.0,0.0136986301369863,773.4666152376419,-0.06302376441629812,True,,0.2207178898317714,,0.0,725.6023007494712,good,0.216736672898707,0.2197335808924837,0.2225033034978647,ok,put,0.938921160510675,-0.006887058771726605
2026-09-04,2026-09-09,put,727.0,0.04,0.05,0.05,5.0,109.0,773.17,100,0.045,0.01,True,,5.0,0.0136986301369863,773.4666152376419,-0.06164730170757482,True,,0.2164634680057402,,0.0,726.6017529543603,good,0.2125280572266104,0.215477789382558,0.2182041917764017,ok,put,0.9402144403460891,-0.0070115222663082455
2026-09-04,2026-09-09,put,728.0,0.04,0.05,0.05,92.0,453.0,773.17,100,0.045,0.01,True,,5.0,0.0136986301369863,773.4666152376419,-0.06027273104440821,True,,0.2122065516804919,,0.0,727.6012051592494,good,0.2083170556558936,0.2112194516259972,0.2139023849917797,ok,put,0.9415077201815033,-0.007140806777936401
2026-09-04,2026-09-09,put,729.0,0.04,0.05,0.05,6.0,68.0,773.17,100,0.045,0.01,True,,5.0,0.0136986301369863,773.4666152376419,-0.05890004723243602,True,,0.2079469159007137,,0.0,728.6006573641384,good,0.204103445541838,0.2069583404690993,0.2095976477868732,ok,put,0.9428010000169175,-0.007275210166350686
2026-09-04,2026-09-09,put,730.0,0.05,0.06,0.07,13.0,185.0,773.17,100,0.055,0.0099999999999999,True,,5.0,0.0136986301369863,773.4666152376419,-0.057529245098657346,True,,0.2087205949095741,,0.0,729.6001095690275,good,0.2052897331624116,0.2077096531977161,0.2099812259889114,ok,put,0.9440942798523316,-0.008697899414786615
2026-09-04,2026-09-09,put,731.0,0.05,0.06,0.05,13.0,489.0,773.17,100,0.055,0.0099999999999999,True,,5.0,0.0136986301369863,773.4666152376419,-0.05616031949131564,True,,0.204370178208009,,0.0,730.5995617739167,good,0.2009783821164519,0.2033575727731389,0.2055911335870926,ok,put,0.9453875596877458,-0.008867438518762585
2026-09-04,2026-09-09,put,732.0,0.05,0.06,0.06,320.0,986.0,773.17,100,0.055,0.0099999999999999,True,,5.0,0.0136986301369863,773.4666152376419,-0.0547932652797827,True,,0.2000159564362426,,0.0,731.5990139788057,good,0.1966633227019821,0.1990016192968458,0.2011970124481467,ok,put,0.9466808395231598,-0.009044128783546504
2026-09-04,2026-09-09,put,733.0,0.05,0.06,0.08,260.0,128.0,773.17,100,0.055,0.0099999999999999,True,,5.0,0.0136986301369863,773.4666152376419,-0.05342807735444275,True,,0.1956576293820238,,0.0,732.5984661836948,good,0.1923442687086937,0.1946414995220125,0.1967985627435156,ok,put,0.947974119358574,-0.009228452357027201
2026-09-04,2026-09-09,put,734.0,0.05,0.06,0.07,9.0,551.0,773.17,100,0.055,0.0099999999999999,True,,5.0,0.0136986301369863,773.4666152376419,-0.05206475062657865,True,,0.1912949042753306,,0.0,733.5979183885838,good,0.1880209204400421,0.1902769061641008,0.192395469947436,ok,put,0.9492673991939882,-0.009420937297615456
2026-09-04,2026-09-09,put,735.0,0.06,0.07,0.06,28.0,1209.0,773.17,100,0.065,0.01,True,,5.0,0.0136986301369863,773.4666152376419,-0.050703280028257545,True,,0.1909902827768812,,0.0,734.597370593473,good,0.1879873955886087,0.1899517706751814,0.1918158113262689,ok,put,0.9505606790294023,-0.0109706743517585
2026-09-04,2026-09-09,put,736.0,0.06,0.07,0.06,61.0,291.0,773.17,100,0.065,0.01,True,,5.0,0.0136986301369863,773.4666152376419,-0.049343660512217974,True,,0.1865424921052856,,0.0,735.596822798362,good,0.1835739908655111,0.1855018726020008,0.1873314703139799,ok,put,0.9518539588648165,-0.011209107554332291
2026-09-04,2026-09-09,put,737.0,0.06,0.07,0.06,9.0,730.0,773.17,100,0.065,0.01,True,,5.0,0.0136986301369863,773.4666152376419,-0.047985887051757596,True,,0.1820889044034804,,0.0,736.5962750032511,good,0.1791548807171505,0.1810460861812261,0.1828410665911595,ok,put,0.9531472387002307,-0.011458891843359232
2026-09-04,2026-09-09,put,738.0,0.06,0.07,0.07,109.0,294.0,773.17,100,0.065,0.01,True,,5.0,0.0136986301369863,773.4666152376419,-0.046629954640621696,True,,0.1776291183062743,,0.0,737.5957272081401,good,0.1747296681177371,0.1765840059915398,0.1783441867121543,ok,put,0.9544405185356448,-0.01172089510621878
2026-09-04,2026-09-09,put,739.0,0.07,0.08,0.07,219.0,1125.0,773.17,100,0.075,0.0099999999999999,True,,5.0,0.0136986301369863,773.4666152376419,-0.04527585829289241,True,,0.1765491414921267,,0.0,738.5951794130292,good,0.1738403915995213,0.1754847284444562,0.1770574173054576,ok,put,0.955733798371059,-0.01340439130785851
2026-09-04,2026-09-09,put,740.0,0.07,0.08,0.08,453.0,609.0,773.17,100,0.075,0.0099999999999999,True,,5.0,0.0136986301369863,773.4666152376419,-0.04392359304287873,True,,0.1720071964248438,,0.0,739.5946316179184,good,0.1693292128798998,0.1709401875343485,0.1724811305276407,ok,put,0.9570270782064731,-0.01372567423474152
2026-09-04,2026-09-09,put,741.0,0.08,0.09,0.09,157.0,679.0,773.17,100,0.0849999999999999,0.0099999999999999,True,,5.0,0.0136986301369863,773.4666152376419,-0.04257315394500727,True,,0.170429700245418,,0.0,740.5940838228074,good,0.1678965676961784,0.1693444638467925,0.1707373870697805,ok,put,0.9583203580418873,-0.015483658733762723
2026-09-04,2026-09-09,put,742.0,0.08,0.09,0.09,902.0,665.0,773.17,100,0.0849999999999999,0.0099999999999999,True,,5.0,0.0136986301369863,773.4666152376419,-0.0412245360737137,True,,0.1658085624414776,,0.0,741.5935360276965,good,0.163303174494191,0.1647203859502759,0.166083933680627,ok,put,0.9596136378773015,-0.01587411766493162
2026-09-04,2026-09-09,put,743.0,0.09,0.1,0.09,416.0,124.0,773.17,100,0.095,0.01,True,,5.0,0.0136986301369863,773.4666152376419,-0.03987773452333509,True,,0.1638129204990702,,0.0,742.5929882325855,good,0.1614206528193045,0.1627072394271333,0.1639506928008699,ok,put,0.9609069177127155,-0.017725170394496566
2026-09-04,2026-09-09,put,744.0,0.09,0.1,0.1,142.0,808.0,773.17,100,0.095,0.01,True,,5.0,0.0136986301369863,773.4666152376419,-0.038532744408002376,True,,0.1591138968625566,,0.0,743.5924404374747,good,0.1567468871839189,0.1580048849665785,0.159220837643772,ok,put,0.9622001975481297,-0.01819731681527168
2026-09-04,2026-09-09,put,745.0,0.1,0.11,0.1,967.0,1198.0,773.17,100,0.105,0.0099999999999999,True,,5.0,0.0136986301369863,773.4666152376419,-0.037189560861534715,True,,0.1567562265409658,,0.0,744.5918926423637,good,0.1544793717491024,0.1556301506595879,0.156746515274961,ok,put,0.9634934773835439,-0.02016272461761298
2026-09-04,2026-09-09,put,746.0,0.11,0.12,0.12,219.0,479.0,773.17,100,0.1149999999999999,0.0099999999999999,True,,5.0,0.0136986301369863,773.4666152376419,-0.03584817903733337,True,,0.1541418135154034,,0.0,745.5913448472528,good,0.1519397271983068,0.1529991876669403,0.1540300348102436,ok,put,0.964786757218958,-0.022192262899943267
2026-09-04,2026-09-09,put,747.0,0.12,0.13,0.12,644.0,527.0,773.17,100,0.125,0.01,True,,5.0,0.0136986301369863,773.4666152376419,-0.034508594108276905,True,,0.1512988614376483,,0.0,746.5907970521419,good,0.1491596172491705,0.1501400433573135,0.1510963816025056,ok,put,0.9660800370543722,-0.024295747487387935
2026-09-04,2026-09-09,put,748.0,0.13,0.14,0.13,105.0,780.0,773.17,100,0.135,0.01,True,,5.0,0.0136986301369863,773.4666152376419,-0.03317080126661696,True,,0.1482493438527456,,0.0,747.5902492570309,good,0.1461634659715528,0.1470745668675311,0.1479651822149958,ok,put,0.9673733168897863,-0.026483602763802516
2026-09-04,2026-09-09,put,749.0,0.14,0.15,0.15,189.0,595.0,773.17,100,0.145,0.0099999999999999,True,,5.0,0.0136986301369863,773.4666152376419,-0.031834795723874716,True,,0.1450106142459891,,0.0,748.5897014619201,good,0.1429704017150765,0.1438200088007617,0.1446520329937348,ok,put,0.9686665967252005,-0.028767135465303507
2026-09-04,2026-09-09,put,750.0,0.15,0.16,0.15,1078.0,1220.0,773.17,100,0.155,0.01,True,,5.0,0.0136986301369863,773.4666152376419,-0.03050057271073806,True,,0.1415964971270399,,0.0,749.5891536668091,good,0.1395955813808553,0.1403900791710442,0.1411693840503655,ok,put,0.9699598765606147,-0.031158797620133526
2026-09-04,2026-09-09,put,751.0,0.17,0.18,0.17,2955.0,723.0,773.17,100,0.175,0.0099999999999999,True,,5.0,0.0136986301369863,773.4666152376419,-0.02916812747695943,True,,0.1394782734189274,,0.0,750.5886058716982,good,0.1375272284709796,0.1382461488080301,0.1389531208635767,ok,put,0.9712531563960288,-0.035122116836388564
2026-09-04,2026-09-09,put,752.0,0.19,0.2,0.19,243.0,514.0,773.17,100,0.195,0.01,True,,5.0,0.0136986301369863,773.4666152376419,-0.027837455291254337,True,,0.1369898474485527,,0.0,751.5880580765872,good,0.1350765341885534,0.1357327569780789,0.1363793795260725,ok,put,0.972546436231443,-0.03922128579492975
2026-09-04,2026-09-09,put,753.0,0.21,0.22,0.21,458.0,517.0,773.17,100,0.215,0.01,True,,5.0,0.0136986301369863,773.4666152376419,-0.026508551441200574,True,,0.1341766089020834,,0.0,752.5875102814764,good,0.1322919347415912,0.1328949880760118,0.1334901959467023,ok,put,0.9738397160668572,-0.04348514202947407
2026-09-04,2026-09-09,put,754.0,0.23,0.24,0.24,754.0,271.0,773.17,100,0.235,0.0099999999999999,True,,5.0,0.0136986301369863,773.4666152376419,-0.025181411233138183,True,,0.1310721618834091,,0.0,753.5869624863655,good,0.12920903789898,0.1297661846803804,0.1303168327564105,ok,put,0.9751329959022712,-0.04794442724550796
2026-09-04,2026-09-09,put,755.0,0.26,0.27,0.27,959.0,1669.0,773.17,100,0.265,0.01,True,,5.0,0.0136986301369863,773.4666152376419,-0.023856029992069542,True,,0.1287271328223813,,0.0,754.5864146912545,good,0.1268828263982886,0.1273890306750561,0.1278901370328929,ok,put,0.9764262757376854,-0.05402555766735259
2026-09-04,2026-09-09,put,756.0,0.3,0.31,0.3,683.0,440.0,773.17,100,0.305,0.01,True,,5.0,0.0136986301369863,773.4666152376419,-0.022532403061561238,True,,0.1269014525294907,,0.0,755.5858668961436,good,0.1250690026884039,0.1255245630619203,0.12597626723053,ok,put,0.9777195555730995,-0.06171151798226556
2026-09-04,2026-09-09,put,757.0,0.34,0.35,0.34,1173.0,920.0,773.17,100,0.345,0.0099999999999999,True,,5.0,0.0136986301369863,773.4666152376419,-0.02121052580364545,True,,0.1245617953609792,,0.0,756.5853191010327,good,0.1227325173426174,0.1231469551780148,0.1235583943811588,ok,put,0.9790128354085137,-0.06966243242158122
2026-09-04,2026-09-09,put,758.0,0.38,0.39,0.38,1006.0,1071.0,773.17,100,0.385,0.01,True,,5.0,0.0136986301369863,773.4666152376419,-0.019890393598722557,True,,0.1217737022571179,,0.0,757.5847713059218,good,0.1199410408367049,0.120321138116146,0.1206988550253076,ok,put,0.9803061152439279,-0.07795679691575526
2026-09-04,2026-09-09,put,759.0,0.44,0.45,0.46,1809.0,861.0,773.17,100,0.445,0.01,True,,5.0,0.0136986301369863,773.4666152376419,-0.01857200184546428,True,,0.1199789797860769,,0.0,758.5842235108108,good,0.1181334205282316,0.1184767370698965,0.1188182782979845,ok,put,0.981599395079342,-0.08919378184005397
2026-09-04,2026-09-09,put,760.0,0.5,0.51,0.51,3150.0,3202.0,773.17,100,0.505,0.01,True,,5.0,0.0136986301369863,773.4666152376419,-0.01725534596071743,True,,0.1175923128764526,,0.0,759.5836757156999,good,0.1157272878355295,0.116040774870588,0.1163529008278649,ok,put,0.9828926749147562,-0.10084568109658357
2026-09-04,2026-09-09,put,761.0,0.57,0.58,0.57,382.0,805.0,773.17,100,0.575,0.01,True,,5.0,0.0136986301369863,773.4666152376419,-0.015940421379408348,True,,0.1152621834161237,,0.0,760.5831279205889,good,0.1133693127695972,0.1136557783946541,0.113941210980617,ok,put,0.9841859547501703,-0.11421733993154898
2026-09-04,2026-09-09,put,762.0,0.66,0.67,0.66,1092.0,938.0,773.17,100,0.665,0.01,True,,5.0,0.0136986301369863,773.4666152376419,-0.0146272235544479,True,,0.1134260045620064,,0.0,761.5825801254781,good,0.1114935774372999,0.1117544242273614,0.1120145118323438,ok,put,0.9854792345855845,-0.1304521802899822
2026-09-04,2026-09-09,put,763.0,0.76,0.77,0.76,519.0,700.0,773.17,100,0.765,0.01,True,,5.0,0.0136986301369863,773.4666152376419,-0.01331574795663716,True,,0.1113971087451199,,0.0,762.5820323303672,good,0.1094161935988759,0.1096550635046409,0.1098933746045731,ok,put,0.9867725144209987,-0.14839718198965596
2026-09-04,2026-09-09,put,764.0,0.87,0.89,0.89,1882.0,392.0,773.17,100,0.88,0.02,True,,5.0,0.0136986301369863,773.4666152376419,-0.012005990074573663,True,,0.1093537127922818,,0.0,763.5814845352562,good,0.1070936053462723,0.1075332058207907,0.1079711770423096,ok,put,0.9880657942564128,-0.16863150841487823
2026-09-04,2026-09-09,put,765.0,1.01,1.02,1.01,1512.0,831.0,773.17,100,1.015,0.01,True,,5.0,0.0136986301369863,773.4666152376419,-0.01069794541455842,True,,0.1074123481758397,,0.0,764.5809367401453,good,0.1053002902078861,0.1055028865707591,0.1057051913595472,ok,put,0.9893590740918269,-0.19164105623866715
2026-09-04,2026-09-09,put,766.0,1.16,1.18,1.17,783.0,329.0,773.17,100,1.17,0.02,True,,5.0,0.0136986301369863,773.4666152376419,-0.009391609500502947,True,,0.1054564325292885,,0.0,765.5803889450344,good,0.103070827577725,0.1034468459401319,0.1038220437572864,ok,put,0.990652353927241,-0.2173911497812891
2026-09-04,2026-09-09,put,767.0,1.34,1.36,1.34,2028.0,308.0,773.17,100,1.35,0.02,True,,5.0,0.0136986301369863,773.4666152376419,-0.00808697787383805,True,,0.1035682330947475,,0.0,766.5798411499235,good,0.1010937691068658,0.1014444259059738,0.1017945213293975,ok,put,0.9919456337626552,-0.24625946583088834
2026-09-04,2026-09-09,put,768.0,1.55,1.57,1.57,6174.0,270.0,773.17,100,1.56,0.02,True,,5.0,0.0136986301369863,773.4666152376419,-0.006784046093422059,True,,0.1018015026193983,,0.0,767.5792933548125,good,0.099217074285479,0.099546211881387,0.0998749809605656,ok,put,0.9932389135980694,-0.2784981213539223
2026-09-04,2026-09-09,put,769.0,1.79,1.81,1.79,11283.0,370.0,773.17,100,1.8,0.02,True,,5.0,0.0136986301369863,773.4666152376419,-0.0054828097354502415,True,,0.1000356418443241,,0.0,768.5787455597016,good,0.0973179030211266,0.0976293494740855,0.0979405673778948,ok,put,0.9945321934334835,-0.3139449136370942
2026-09-04,2026-09-09,put,770.0,2.07,2.09,2.08,3357.0,604.0,773.17,100,2.08,0.02,True,,5.0,0.0136986301369863,773.4666152376419,-0.004183264393364673,True,,0.0984706630110057,,0.0,769.5781977645906,good,0.09559064903997,0.0958879597354826,0.096185142433673,ok,put,0.9958254732688977,-0.35291783779974956
2026-09-04,2026-09-09,put,771.0,2.4,2.41,2.41,1898.0,621.0,773.17,100,2.405,0.0100000000000002,True,,5.0,0.0136986301369863,773.4666152376419,-0.0028854056777647065,True,,0.0971308322725957,,0.0,770.5776499694798,good,0.0941978163580068,0.0943411952213081,0.0944845592127647,ok,put,0.9971187531043119,-0.39517247121245547
2026-09-04,2026-09-09,put,772.0,2.76,2.78,2.76,4814.0,483.0,773.17,100,2.77,0.02,True,,5.0,0.0136986301369863,773.4666152376419,-0.0015892292163180155,True,,0.0957686619937582,,0.0,771.5771021743689,good,0.0924569180442708,0.092736849714743,0.0930167632961123,ok,put,0.998412032939726,-0.44007239602636533
2026-09-04,2026-09-09,put,773.0,3.17,3.2,3.17,2966.0,290.0,773.17,100,3.185,0.0300000000000002,True,,5.0,0.0136986301369863,773.4666152376419,-0.0002947306536722146,True,,0.0945869721206712,,0.0,772.5765543792579,good,0.0908528811920454,0.0912681780905787,0.0916834736044187,ok,put,0.9997053127751402,-0.48732722496471326
2026-09-04,2026-09-09,call,774.0,2.87,2.89,2.87,2361.0,400.0,773.17,100,2.88,0.02,True,,5.0,0.0136986301369863,773.4666152376419,0.0009980943486328385,True,,0.0869438812662147,,0.0,773.042914007354,good,0.0896603920182581,0.0899382217673654,0.0902160438244165,ok,call,1.0009985926105542,0.464762106034507
2026-09-04,2026-09-09,call,775.0,2.39,2.41,2.41,3172.0,453.0,773.17,100,2.4000000000000004,0.02,True,,5.0,0.0136986301369863,773.4666152376419,0.002289250112252728,True,,0.0859730638866981,,0.0,773.042914007354,good,0.0884187844127824,0.0887020097586661,0.0889851911635787,ok,call,1.0022918724459684,0.4151549629076409
2026-09-04,2026-09-09,call,776.0,1.97,1.98,2.01,1692.0,506.0,773.17,100,1.975,0.01,True,,5.0,0.0136986301369863,773.4666152376419,0.003578740942124493,True,,0.0850976587087243,,0.0,773.042914007354,good,0.087445835862138,0.0875926388781221,0.0877394119253067,ok,call,1.0035851522813826,0.3657881067182829
2026-09-04,2026-09-09,call,777.0,1.59,1.61,1.61,1493.0,493.0,773.17,100,1.6,0.02,True,,5.0,0.0136986301369863,773.4666152376419,0.004866571126553193,True,,0.0841832703721351,,0.0,773.042914007354,good,0.0861610220479501,0.086471027746109,0.0867807767033123,ok,call,1.0048784321167967,0.3174118984544958
2026-09-04,2026-09-09,call,778.0,1.27,1.29,1.28,948.0,636.0,773.17,100,1.28,0.02,True,,5.0,0.0136986301369863,773.4666152376419,0.006152744937297365,True,,0.083426332797763,,0.0,773.042914007354,good,0.0851979896686207,0.0855314543220153,0.0858644286060277,ok,call,1.006171711952211,0.27131727041764797
2026-09-04,2026-09-09,call,779.0,1.0,1.02,1.01,1445.0,1243.0,773.17,100,1.01,0.02,True,,5.0,0.0136986301369863,773.4666152376419,0.007437266629654036,True,,0.0827656833368349,,0.0,773.042914007354,good,0.0843437685719112,0.084709483267583,0.0850743116703924,ok,call,1.007464991787625,0.22829722894590507
2026-09-04,2026-09-09,call,780.0,0.78,0.79,0.79,2790.0,995.0,773.17,100,0.785,0.01,True,,5.0,0.0136986301369863,773.4666152376419,0.008720140442543203,True,,0.082156610261615,,0.0,773.042914007354,good,0.0837529332733491,0.083957358431477,0.0841613923694848,ok,call,1.0087582716230392,0.18893254535959855
2026-09-04,2026-09-09,call,781.0,0.6,0.61,0.61,1236.0,600.0,773.17,100,0.605,0.01,True,,5.0,0.0136986301369863,773.4666152376419,0.010001370598591759,True,,0.0817941117594548,,0.0,773.042914007354,good,0.0832368785918084,0.0834697162837052,0.0837018752561683,ok,call,1.0100515514584534,0.15428105235185002
2026-09-04,2026-09-09,call,782.0,0.45,0.46,0.46,1209.0,479.0,773.17,100,0.455,0.01,True,,5.0,0.0136986301369863,773.4666152376419,0.011280961304216883,True,,0.081220877983842,,0.0,773.042914007354,good,0.0825110009249248,0.0827825784276962,0.0830529534964909,ok,call,1.0113448312938675,0.12325032048820105
2026-09-04,2026-09-09,call,783.0,0.33,0.35,0.34,930.0,774.0,773.17,100,0.3399999999999999,0.0199999999999999,True,,5.0,0.0136986301369863,773.4666152376419,0.012558916749708913,True,,0.0809150770563184,,0.0,773.042914007354,good,0.0817306015382547,0.0823772393340982,0.08301537669319,ok,call,1.0126381111292817,0.09727641266824914
2026-09-04,2026-09-09,call,784.0,0.25,0.26,0.26,1072.0,692.0,773.17,100,0.255,0.01,True,,5.0,0.0136986301369863,773.4666152376419,0.013835241109313669,True,,0.081001827035704,,0.0,773.042914007354,good,0.081992050207781,0.082378618047895,0.0827614863246706,ok,call,1.0139313909646959,0.07641402513760569
2026-09-04,2026-09-09,call,785.0,0.18,0.19,0.2,3707.0,1198.0,773.17,100,0.185,0.01,True,,5.0,0.0136986301369863,773.4666152376419,0.015109938541314264,True,,0.0807290088693003,,0.0,773.042914007354,good,0.0815481179375046,0.082025399712262,0.0824958991100225,ok,call,1.01522467080011,0.05836835112574977
2026-09-04,2026-09-09,call,786.0,0.14,0.15,0.14,304.0,447.0,773.17,100,0.145,0.0099999999999999,True,,5.0,0.0136986301369863,773.4666152376419,0.016383013188112385,True,,0.0819577409704528,,0.0,773.042914007354,good,0.0826258947063497,0.0831965505401896,0.0837563355529922,ok,call,1.0165179506355242,0.04675591778716618
2026-09-04,2026-09-09,call,787.0,0.1,0.11,0.1,280.0,534.0,773.17,100,0.105,0.0099999999999999,True,,5.0,0.0136986301369863,773.4666152376419,0.017654469176309077,True,,0.0820173840885839,,0.0,773.042914007354,good,0.0824732857677472,0.0831931421075097,0.0838930820327442,ok,call,1.0178112304709384,0.03531657085430554
2026-09-04,2026-09-09,call,788.0,0.07,0.08,0.08,243.0,141.0,773.17,100,0.075,0.0099999999999999,True,,5.0,0.0136986301369863,773.4666152376419,0.018924310616784987,True,,0.0820665451433002,,0.0,773.042914007354,good,0.0822590890899319,0.0831848584453178,0.0840732516244668,ok,call,1.0191045103063525,0.026283688342142272
2026-09-04,2026-09-09,call,789.0,0.06,0.07,0.07,317.0,710.0,773.17,100,0.065,0.01,True,,5.0,0.0136986301369863,773.4666152376419,0.020192541604780113,True,,0.0847590810600896,,0.0,773.042914007354,good,0.084791741885132,0.0858497297043199,0.0868575208106417,ok,call,1.0203977901417667,0.022524632757557388
2026-09-04,2026-09-09,call,790.0,0.04,0.05,0.05,246.0,765.0,773.17,100,0.045,0.01,True,,5.0,0.0136986301369863,773.4666152376419,0.02145916621997306,True,,0.0845270196267527,,0.0,773.042914007354,good,0.084154147620704,0.0855665855509298,0.0868793729953122,ok,call,1.0216910699771808,0.01628457350410764
2026-09-04,2026-09-09,call,791.0,0.04,0.05,0.04,103.0,942.0,773.17,100,0.045,0.01,True,,5.0,0.0136986301369863,773.4666152376419,0.022724188526559764,True,,0.0888356476435204,,0.0,773.042914007354,good,0.0884012320998034,0.0898678835819769,0.0912305712148221,ok,call,1.022984349812595,0.015588044880264008
2026-09-04,2026-09-09,call,792.0,0.03,0.04,0.02,158.0,282.0,773.17,100,0.035,0.01,True,,5.0,0.0136986301369863,773.4666152376419,0.023987612573331756,True,,0.0899646823609761,,0.0,773.042914007354,good,0.089142473722436,0.0909640795420507,0.0926172078837352,ok,call,1.0242776296480092,0.012307225274065971
2026-09-04,2026-09-09,call,793.0,0.02,0.03,0.03,437.0,101.0,773.17,100,0.025,0.0099999999999999,True,,5.0,0.0136986301369863,773.4666152376419,0.025249442393753676,True,,0.0901295200139481,,0.0,773.042914007354,good,0.0886559510222265,0.0910908923269249,0.0932070117639969,ok,call,1.025570909483423,0.0090729958141364
2026-09-04,2026-09-09,call,794.0,0.02,0.03,0.01,706.0,124.0,773.17,100,0.025,0.0099999999999999,True,,5.0,0.0136986301369863,773.4666152376419,0.026509682006041424,True,,0.09410117465887,,0.0,773.042914007354,good,0.0925382672430605,0.0950572915966134,0.0972454853991808,ok,call,1.0268641893188373,0.008730644294979596
2026-09-04,2026-09-09,call,795.0,0.02,0.03,0.02,45.0,207.0,773.17,100,0.025,0.0099999999999999,True,,5.0,0.0136986301369863,773.4666152376419,0.027768335413237612,True,,0.0980487111975142,,0.0,773.042914007354,good,0.0963978115516649,0.0989998515131516,0.1012591879484491,ok,call,1.0281574691542514,0.008416077143150274
2026-09-04,2026-09-09,call,796.0,0.02,0.03,0.02,2.0,17.0,773.17,100,0.025,0.0099999999999999,True,,5.0,0.0136986301369863,773.4666152376419,0.029025406603288735,True,,0.1019732744107602,,0.0,773.042914007354,good,0.1002356418003845,0.1029196911267463,0.1052492901879155,ok,call,1.0294507489896656,0.008125943722806043
2026-09-04,2026-09-09,call,797.0,0.01,0.02,0.02,286.0,238.0,773.17,100,0.015,0.01,True,,5.0,0.0136986301369863,773.4666152376419,0.03028089954912077,True,,0.099839137292704,,0.0,773.042914007354,good,0.0964915474480608,0.1007391135148046,0.1040527111635847,ok,call,1.0307440288250798,0.005203658360233393
2026-09-04,2026-09-09,call,798.0,0.01,0.02,0.02,1.0,27.0,773.17,100,0.015,0.01,True,,5.0,0.0136986301369863,773.4666152376419,0.03153481820871451,True,,0.1035425884378635,,0.0,773.042914007354,good,0.1000637868510669,0.1044387526342219,0.1078498789393577,ok,call,1.032037308660494,0.0050354784778869725
2026-09-04,2026-09-09,call,799.0,0.01,0.02,0.02,3.0,74.0,773.17,100,0.015,0.01,True,,5.0,0.0136986301369863,773.4666152376419,0.03278716652518042,True,,0.1072277790441193,,0.0,773.042914007354,good,0.1036192248248177,0.1081202988115562,0.1116279335438336,ok,call,1.033330588495908,0.004878994212194325
2026-09-04,2026-09-09,call,800.0,0.01,0.02,0.02,98.0,273.0,773.17,100,0.015,0.01,True,,5.0,0.0136986301369863,773.4666152376419,0.03403794842683305,True,,0.1108953954429597,,0.0,773.042914007354,good,0.1071584732362328,0.1117844242531078,0.1153875974843999,ok,call,1.0346238683313222,0.004732992562516431
2026-09-04,2026-09-09,call,801.0,0.01,0.02,0.02,2.0,91.0,773.17,100,0.015,0.01,True,,5.0,0.0136986301369863,773.4666152376419,0.035287167827264994,True,,0.1145460753045914,,0.0,773.042914007354,good,0.1106820950752873,0.1154317465847278,0.1191295264235032,ok,call,1.0359171481667364,0.004596425060061376
2026-09-04,2026-09-09,call,802.0,0.01,0.02,0.02,0.0,350.0,773.17,100,0.015,0.01,True,,5.0,0.0136986301369863,773.4666152376419,0.036534828625420276,True,,0.1181803792718713,,0.0,773.042914007354,good,0.1141906087853529,0.1190628372115757,0.1228543336911038,ok,call,1.0372104280021506,0.004468381132009659
2026-09-04,2026-09-09,call,803.0,0.01,0.02,0.01,0.0,62.0,773.17,100,0.015,0.01,True,,5.0,0.0136986301369863,773.4666152376419,0.037780934705667464,True,,0.1217988581723222,,0.0,773.042914007354,good,0.1176844945854345,0.1226782163161852,0.1265625840652567,ok,call,1.0385037078375647,0.004348063141662719
2026-09-04,2026-09-09,call,804.0,0.01,0.02,0.01,0.0,3.0,773.17,100,0.015,0.01,True,,5.0,0.0136986301369863,773.4666152376419,0.039025489937872165,True,,0.1254020076786467,,0.0,773.042914007354,good,0.1211641977705638,0.126278378448396,0.1302547976312381,ok,call,1.039796987672979,0.004234774588567859
2026-09-04,2026-09-09,call,805.0,0.01,0.02,0.01,160.0,305.0,773.17,100,0.015,0.01,True,,5.0,0.0136986301369863,773.4666152376419,0.04026849817746918,True,,0.1289902889467635,,0.0,773.042914007354,good,0.1246301324351783,0.1298637736565209,0.1339314612259049,ok,call,1.041090267508393,0.004127898962276339
2026-09-04,2026-09-09,call,806.0,0.01,0.02,0.02,0.0,320.0,773.17,100,0.015,0.01,True,,5.0,0.0136986301369863,773.4666152376419,0.04150996326553411,True,,0.1325641319360779,,0.0,773.042914007354,good,0.1280826856773355,0.133434830475741,0.1375930269861765,ok,call,1.0423835473438072,0.0040268929803834175
2026-09-04,2026-09-09,call,809.0,0.01,0.02,0.01,0.0,1.0,773.17,100,0.015,0.01,True,,5.0,0.0136986301369863,773.4666152376419,0.04522513781739754,True,,0.1432029224354883,,0.0,773.042914007354,good,0.1383635527555068,0.1440657749908143,0.1484912326540245,ok,call,1.0462633868500497,0.00375450402069875
2026-09-04,2026-09-09,call,810.0,0.01,0.02,0.01,0.0,3.0,773.17,100,0.015,0.01,True,,5.0,0.0136986301369863,773.4666152376419,0.046460468425390304,True,,0.1467227844536903,,0.0,773.042914007354,good,0.1417659697681226,0.1475831776512139,0.1520963772976048,ok,call,1.0475566666854639,0.0036726262058139553
2026-09-04,2026-09-09,call,820.0,0.0,0.01,0.01,17.0,1.0,773.17,100,0.005,0.01,True,,5.0,0.0136986301369863,773.4666152376419,0.05873056101720454,True,,0.1639994309452408,,0.0,773.042914007354,good,,0.1647742719152651,0.1751816051723668,ok,call,1.0604894650396053,0.0012010304896613844
2026-09-04,2026-09-09,call,825.0,0.0,0.01,0.03,0.0,2.0,773.17,100,0.005,0.01,True,,5.0,0.0136986301369863,773.4666152376419,0.06480960709358677,True,,0.179525081955772,,0.0,773.042914007354,good,,0.1802926853319357,0.1915149565783361,ok,call,1.066955864216676,0.001104956994629044
2026-09-04,2026-09-09,call,830.0,0.0,0.01,0.02,0.0,58.0,773.17,100,0.005,0.01,True,,5.0,0.0136986301369863,773.4666152376419,0.07085192154954945,True,,0.1948472350166595,,0.0,773.042914007354,good,,0.195608290271417,0.2076251821151665,ok,call,1.073422263393747,0.0010245507057157813
2026-09-04,2026-09-09,call,840.0,0.0,0.01,0.02,0.0,1.0,773.17,100,0.005,0.01,True,,5.0,0.0136986301369863,773.4666152376419,0.08282811259626502,True,,0.2249331266097158,,0.0,773.042914007354,good,,0.2256825952145624,0.2392351504036414,ok,call,1.0863550617478883,0.0008973387039535901
2026-09-04,2026-09-09,call,850.0,0.0,0.01,0.01,0.0,405.0,773.17,100,0.005,0.01,True,,5.0,0.0136986301369863,773.4666152376419,0.09466257024326795,True,,0.2543420293247507,,0.0,773.042914007354,good,,0.2550814560157604,0.2701075604353425,ok,call,1.09928786010203,0.00080101529016285
2026-09-04,2026-09-09,call,855.0,0.0,0.01,0.01,1.0,406.0,773.17,100,0.005,0.01,True,,5.0,0.0136986301369863,773.4666152376419,0.10052768969566607,True,,0.2688129414723683,,0.0,773.042914007354,good,,0.2695477970466053,0.285290111517888,ok,call,1.1057542592791008,0.0007610650538794192
2026-09-04,2026-09-10,put,670.0,0.01,0.02,0.01,3.0,11.0,773.17,100,0.015,0.01,True,,6.0,0.0164383561643835,773.5259519388196,-0.14339344707642931,True,,0.3778187489193528,,0.0,669.559596860735,good,0.364238644715578,0.377072907689061,0.3869211254768983,ok,put,0.8664131141193271,-0.0013955765067888415
2026-09-04,2026-09-10,put,675.0,0.02,0.03,0.02,2.0,6.0,773.17,100,0.025,0.0099999999999999,True,,6.0,0.0164383561643835,773.5259519388196,-0.13595846858891122,True,,0.3770932487788275,,0.0,674.5563102701435,good,0.3685300054315617,0.3763125102373451,0.3829930679710654,ok,put,0.8728788836276803,-0.0022438348030286246
2026-09-04,2026-09-10,put,680.0,0.02,0.03,0.02,1.0,6.0,773.17,100,0.025,0.0099999999999999,True,,6.0,0.0164383561643835,773.5259519388196,-0.12857836129128877,True,,0.3584430709173529,,0.0,679.553023679552,good,0.3502086152050089,0.3576618088207823,0.3640618036972382,ok,put,0.8793446531360334,-0.0023530879841755135
2026-09-04,2026-09-10,put,685.0,0.02,0.03,0.03,4.0,5.0,773.17,100,0.025,0.0099999999999999,True,,6.0,0.0164383561643835,773.5259519388196,-0.12125232119921585,True,,0.3398563719898686,,0.0,684.5497370889605,good,0.3319513476767006,0.339074425250182,0.3451931210810501,ok,put,0.8858104226443866,-0.0024733759440069276
2026-09-04,2026-09-10,put,690.0,0.02,0.03,0.02,10.0,111.0,773.17,100,0.025,0.0099999999999999,True,,6.0,0.0164383561643835,773.5259519388196,-0.11397956187013605,True,,0.3213269121363721,,0.0,689.5464504983689,good,0.3137521393065237,0.3205440577439128,0.3263805092781264,ok,put,0.8922761921527398,-0.0026065332335435047
2026-09-04,2026-09-10,put,695.0,0.02,0.03,0.03,10.0,27.0,773.17,100,0.025,0.0099999999999999,True,,6.0,0.0164383561643835,773.5259519388196,-0.10675931389664897,True,,0.3028478448975825,,0.0,694.5431639077774,good,0.2956043857244652,0.302063824479776,0.3076168401775222,ok,put,0.898741961661093,-0.0027548334542961943
2026-09-04,2026-09-10,put,700.0,0.03,0.04,0.03,73.0,172.0,773.17,100,0.035,0.01,True,,6.0,0.0164383561643835,773.5259519388196,-0.0995908244180364,True,,0.2943580527746636,,0.0,699.5398773171859,good,0.2888942575809206,0.2935470735764284,0.2977341250178796,ok,put,0.9052077311694462,-0.003854319474442762
2026-09-04,2026-09-10,put,705.0,0.03,0.04,0.03,13.0,3.0,773.17,100,0.035,0.01,True,,6.0,0.0164383561643835,773.5259519388196,-0.0924733566491724,True,,0.2754183329902296,,0.0,704.5365907265943,good,0.2702039761023878,0.2746054519704898,0.2785677925281314,ok,put,0.9116735006777994,-0.004099985924307391
2026-09-04,2026-09-10,put,710.0,0.04,0.05,0.04,56.0,200.0,773.17,100,0.045,0.01,True,,6.0,0.0164383561643835,773.5259519388196,-0.08540618942607994,True,,0.2636674082881186,,0.0,709.5333041360028,good,0.2594201210979848,0.2628314896143513,0.2659799968310433,ok,put,0.9181392701861526,-0.005372320448246466
2026-09-04,2026-09-10,put,715.0,0.04,0.05,0.05,68.0,283.0,773.17,100,0.045,0.01,True,,6.0,0.0164383561643835,773.5259519388196,-0.0783886167674335,True,,0.2443217746715828,,0.0,714.5300175454113,good,0.240278975906875,0.2434828939932861,0.2464410274946996,ok,put,0.9246050396945057,-0.005764238488212758
2026-09-04,2026-09-10,put,718.0,0.05,0.06,0.07,3.0,1.0,773.17,100,0.055,0.0099999999999999,True,,6.0,0.0164383561643835,773.5259519388196,-0.0742015904132169,True,,0.2382192580459324,,0.0,717.5280455910564,good,0.2347128601001957,0.2373605426941689,0.2398434214212297,ok,put,0.9284845013995177,-0.007082716988899246
2026-09-04,2026-09-10,put,719.0,0.05,0.06,0.09,5.0,47.0,773.17,100,0.055,0.0099999999999999,True,,6.0,0.0164383561643835,773.5259519388196,-0.07280980174039442,True,,0.2342733069561575,,0.0,718.5273882729381,good,0.2308018822583602,0.2334138123672599,0.2358633379792332,ok,put,0.9297776553011883,-0.007192408615155605
2026-09-04,2026-09-10,put,720.0,0.05,0.06,0.06,26.0,359.0,773.17,100,0.055,0.0099999999999999,True,,6.0,0.0164383561643835,773.5259519388196,-0.07141994745134013,True,,0.230326257142853,,0.0,719.5267309548198,good,0.2268898751715183,0.2294659528102055,0.2318820380622991,ok,put,0.9310708092028589,-0.0073057001504696975
2026-09-04,2026-09-10,put,721.0,0.05,0.06,0.1,1000.0,0.0,773.17,100,0.055,0.0099999999999999,True,,6.0,0.0164383561643835,773.5259519388196,-0.07003202217649207,True,,0.2263779553635154,,0.0,720.5260736367015,good,0.222976676721611,0.2255168089213002,0.2278993607060515,ok,put,0.9323639631045295,-0.007422779431244892
2026-09-04,2026-09-10,put,722.0,0.05,0.06,0.08,2.0,17.0,773.17,100,0.055,0.0099999999999999,True,,6.0,0.0164383561643835,773.5259519388196,-0.06864602056861482,True,,0.2224282454644449,,0.0,721.5254163185832,good,0.219062136232045,0.2215662188737483,0.2239151405706266,ok,put,0.9336571170062002,-0.007543847752093048
2026-09-04,2026-09-10,put,723.0,0.05,0.06,0.11,2.0,107.0,773.17,100,0.055,0.0099999999999999,True,,6.0,0.0164383561643835,773.5259519388196,-0.06726193730267639,True,,0.2184769463762576,,0.0,722.5247590004649,good,0.2151460870504452,0.217614014573528,0.2199292056889029,ok,put,0.9349502709078709,-0.007669121313537304
2026-09-04,2026-09-10,put,724.0,0.06,0.07,0.19,0.0,123.0,773.17,100,0.065,0.01,True,,6.0,0.0164383561643835,773.5259519388196,-0.06587976707572472,True,,0.2189734787896745,,0.0,723.5241016823466,good,0.2159413768276358,0.2180938716224446,0.2201344957252289,ok,put,0.9362434248095415,-0.008904109575510055
2026-09-04,2026-09-10,put,725.0,0.06,0.07,0.07,22.0,62.0,773.17,100,0.065,0.01,True,,6.0,0.0164383561643835,773.5259519388196,-0.06449950460676633,True,,0.2149527328813021,,0.0,724.5234443642282,good,0.2119514668933303,0.2140721022885088,0.2160826710984356,ok,put,0.9375365787112121,-0.009056582421560698
2026-09-04,2026-09-10,put,726.0,0.06,0.07,0.51,0.0,18.0,773.17,100,0.065,0.01,True,,6.0,0.0164383561643835,773.5259519388196,-0.06312114463664505,True,,0.2109296458393168,,0.0,725.52278704611,good,0.2079592804660621,0.2100479500800275,0.2120283621196453,ok,put,0.9388297326128827,-0.009214654260896094
2026-09-04,2026-09-10,put,727.0,0.06,0.07,0.18,0.0,13.0,773.17,100,0.065,0.01,True,,6.0,0.0164383561643835,773.5259519388196,-0.06174468192792179,True,,0.2069040119807287,,0.0,726.5221297279917,good,0.2039646133599281,0.2060212067481185,0.2079713566488986,ok,put,0.9401228865145533,-0.009378652920925133
2026-09-04,2026-09-10,put,728.0,0.06,0.07,0.1,3.0,16.0,773.17,100,0.065,0.01,True,,6.0,0.0164383561643835,773.5259519388196,-0.06037011126475509,True,,0.2028756138270178,,0.0,727.5214724098734,good,0.1999672520426803,0.2019916544294093,0.2039114327088754,ok,put,0.9414160404162241,-0.009548932922074189
2026-09-04,2026-09-10,put,729.0,0.07,0.08,0.11,31.0,89.0,773.17,100,0.075,0.0099999999999999,True,,6.0,0.0164383561643835,773.5259519388196,-0.05899742745278293,True,,0.2025468403232043,,0.0,728.520815091755,good,0.1998483577624285,0.2016474289343466,0.2033665870555511,ok,put,0.9427091943178947,-0.01088173332414284
2026-09-04,2026-09-10,put,730.0,0.07,0.08,0.08,24.0,200.0,773.17,100,0.075,0.0099999999999999,True,,6.0,0.0164383561643835,773.5259519388196,-0.05762662531900428,True,,0.1984526675716318,,0.0,729.5201577736367,good,0.1957818855109482,0.1975519601461169,0.1992435335800222,ok,put,0.9440023482195653,-0.011086407963487746
2026-09-04,2026-09-10,put,731.0,0.07,0.08,0.08,7.0,90.0,773.17,100,0.075,0.0099999999999999,True,,6.0,0.0164383561643835,773.5259519388196,-0.05625769971166261,True,,0.1943547813827328,,0.0,730.5195004555185,good,0.1917117675126186,0.1934527188022152,0.1951165951281692,ok,put,0.9452955021212359,-0.011299426892150272
2026-09-04,2026-09-10,put,732.0,0.08,0.09,0.11,22.0,91.0,773.17,100,0.0849999999999999,0.0099999999999999,True,,6.0,0.0164383561643835,773.5259519388196,-0.05489064550012958,True,,0.1934705460001996,,0.0,731.5188431374002,good,0.1909854966336054,0.1925540083229146,0.1940617796539031,ok,put,0.9465886560229065,-0.012698923524312629
2026-09-04,2026-09-10,put,733.0,0.08,0.09,0.09,33.0,46.0,773.17,100,0.0849999999999999,0.0099999999999999,True,,6.0,0.0164383561643835,773.5259519388196,-0.053525457574789666,True,,0.1893098508785599,,0.0,732.5181858192818,good,0.1868499437857327,0.1883917929578468,0.189874046399844,ok,put,0.9478818099245772,-0.012952545359024108
2026-09-04,2026-09-10,put,734.0,0.08,0.09,0.1,15.0,29.0,773.17,100,0.0849999999999999,0.0099999999999999,True,,6.0,0.0164383561643835,773.5259519388196,-0.052162130846925475,True,,0.1851443360564439,,0.0,733.5175285011635,good,0.1827096266718648,0.1842246902452264,0.1856813071034542,ok,put,0.9491749638262479,-0.013217231181852748
2026-09-04,2026-09-10,put,735.0,0.09,0.1,0.1,47.0,80.0,773.17,100,0.095,0.01,True,,6.0,0.0164383561643835,773.5259519388196,-0.050800660248604405,True,,0.1837956808084717,,0.0,734.5168711830452,good,0.1814832241401124,0.1828622374239748,0.1841940804013579,ok,put,0.9504681177279185,-0.014700834050429903
2026-09-04,2026-09-10,put,736.0,0.09,0.1,0.1,124.0,383.0,773.17,100,0.095,0.01,True,,6.0,0.0164383561643835,773.5259519388196,-0.04944104073256486,True,,0.17956883886159,,0.0,735.516213864927,good,0.1772794406690832,0.1786336105020927,0.1799415601190116,ok,put,0.9517612716295891,-0.01501424679329406
2026-09-04,2026-09-10,put,737.0,0.1,0.11,0.1,35.0,225.0,773.17,100,0.105,0.0099999999999999,True,,6.0,0.0164383561643835,773.5259519388196,-0.04808326727210452,True,,0.1778736928951169,,0.0,736.5155565468086,good,0.1756827063332834,0.1769252430827203,0.178129761788298,ok,put,0.9530544255312597,-0.01656160512487176
2026-09-04,2026-09-10,put,738.0,0.1,0.11,0.11,157.0,700.0,773.17,100,0.105,0.0099999999999999,True,,6.0,0.0164383561643835,773.5259519388196,-0.046727334860968646,True,,0.1735868192004593,,0.0,737.5148992286903,good,0.1714170977629286,0.1726363597608163,0.1738184052782596,ok,put,0.9543475794329304,-0.01693100545669597
2026-09-04,2026-09-10,put,739.0,0.11,0.12,0.12,99.0,128.0,773.17,100,0.1149999999999999,0.0099999999999999,True,,6.0,0.0164383561643835,773.5259519388196,-0.04537323851323927,True,,0.1715887341667487,,0.0,738.514241910572,good,0.1694995973489587,0.1706254590474313,0.1717202382922716,ok,put,0.9556407333346011,-0.01855470811431787
2026-09-04,2026-09-10,put,740.0,0.11,0.12,0.12,194.0,415.0,773.17,100,0.1149999999999999,0.0099999999999999,True,,6.0,0.0164383561643835,773.5259519388196,-0.04402097326322563,True,,0.1672422602778014,,0.0,739.5135845924536,good,0.1651728547201399,0.1662767225409409,0.1673501974500085,ok,put,0.9569338872362717,-0.018989015792004682
2026-09-04,2026-09-10,put,741.0,0.12,0.13,0.13,51.0,130.0,773.17,100,0.125,0.01,True,,6.0,0.0164383561643835,773.5259519388196,-0.0426705341653542,True,,0.1649739774704371,,0.0,740.5129272743354,good,0.1629714357361519,0.1639958858020708,0.1649946373015977,ok,put,0.9582270411379423,-0.020703490884022412
2026-09-04,2026-09-10,put,742.0,0.13,0.14,0.13,43.0,108.0,773.17,100,0.135,0.01,True,,6.0,0.0164383561643835,773.5259519388196,-0.04132191629406065,True,,0.1625106116887249,,0.0,741.5122699562171,good,0.1605653222624353,0.1615202888226423,0.1624532898687984,ok,put,0.9595201950396129,-0.022468259581115816
2026-09-04,2026-09-10,put,743.0,0.14,0.15,0.15,448.0,104.0,773.17,100,0.145,0.0099999999999999,True,,6.0,0.0164383561643835,773.5259519388196,-0.039975114743681955,True,,0.1598703048573987,,0.0,742.5116126380988,good,0.1579745060162991,0.1588679929797579,0.1597425330937908,ok,put,0.9608133489412836,-0.02428973158002329
2026-09-04,2026-09-10,put,744.0,0.15,0.16,0.15,266.0,85.0,773.17,100,0.155,0.01,True,,6.0,0.0164383561643835,773.5259519388196,-0.03863012462834928,True,,0.1570677169070281,,0.0,743.5109553199804,good,0.1552150364587052,0.1560535907632496,0.156875675969989,ok,put,0.9621065028429542,-0.026174680574659135
2026-09-04,2026-09-10,put,745.0,0.16,0.17,0.17,574.0,384.0,773.17,100,0.165,0.01,True,,6.0,0.0164383561643835,773.5259519388196,-0.03728694108188153,True,,0.1541148182377421,,0.0,744.5102980018621,good,0.1522999332389392,0.1530889855458389,0.1538636275562485,ok,put,0.9633996567446249,-0.028130375766502815
2026-09-04,2026-09-10,put,746.0,0.17,0.18,0.19,695.0,54.0,773.17,100,0.175,0.0099999999999999,True,,6.0,0.0164383561643835,773.5259519388196,-0.03594555925768021,True,,0.1510214372065254,,0.0,745.5096406837439,good,0.1492398434368592,0.1499839506457525,0.1507153771748166,ok,put,0.9646928106462955,-0.030164719898881507
2026-09-04,2026-09-10,put,747.0,0.19,0.2,0.18,649.0,236.0,773.17,100,0.195,0.01,True,,6.0,0.0164383561643835,773.5259519388196,-0.03460597432862378,True,,0.1491762832582629,,0.0,746.5089833656256,good,0.1474383465063442,0.1481194462004887,0.1487903016977654,ok,put,0.9659859645479661,-0.033532330289956315
2026-09-04,2026-09-10,put,748.0,0.21,0.22,0.21,2461.0,262.0,773.17,100,0.215,0.01,True,,6.0,0.0164383561643835,773.5259519388196,-0.033268181486963866,True,,0.1470244474741888,,0.0,747.5083260475072,good,0.1453210165223022,0.1459488603837068,0.1465682814400084,ok,put,0.9672791184496368,-0.0369929152470054
2026-09-04,2026-09-10,put,749.0,0.23,0.24,0.24,2539.0,415.0,773.17,100,0.235,0.0099999999999999,True,,6.0,0.0164383561643835,773.5259519388196,-0.031932175944221645,True,,0.1446010992185412,,0.0,748.5076687293889,good,0.1429251514910872,0.1435071747979749,0.1440821740449833,ok,put,0.9685722723513074,-0.04056444182571136
2026-09-04,2026-09-10,put,750.0,0.25,0.26,0.26,1174.0,868.0,773.17,100,0.255,0.01,True,,6.0,0.0164383561643835,773.5259519388196,-0.03059795293108502,True,,0.1419331653682308,,0.0,749.5070114112706,good,0.1402791429594971,0.1408211570805993,0.1413572445370552,ok,put,0.969865426252978,-0.04426557460268676
2026-09-04,2026-09-10,put,751.0,0.28,0.29,0.28,272.0,199.0,773.17,100,0.285,0.0099999999999999,True,,6.0,0.0164383561643835,773.5259519388196,-0.029265507697306306,True,,0.1400459902042836,,0.0,750.5063540931524,good,0.1384131827958006,0.138909877456534,0.1394018223647886,ok,put,0.9711585801546487,-0.049311511153209676
2026-09-04,2026-09-10,put,752.0,0.31,0.32,0.3,3724.0,477.0,773.17,100,0.315,0.01,True,,6.0,0.0164383561643835,773.5259519388196,-0.027934835511601246,True,,0.1378123591381197,,0.0,751.505696775034,good,0.1361942926464548,0.1366526888206725,0.1371072090544305,ok,put,0.9724517340563194,-0.05451118613025503
2026-09-04,2026-09-10,put,753.0,0.34,0.35,0.33,785.0,151.0,773.17,100,0.345,0.0099999999999999,True,,6.0,0.0164383561643835,773.5259519388196,-0.02660593166154751,True,,0.1352699574831294,,0.0,752.5050394569157,good,0.1336615985070948,0.1340870248299485,0.1345092426676728,ok,put,0.97374488795799,-0.05989743963561531
2026-09-04,2026-09-10,put,754.0,0.38,0.39,0.39,254.0,198.0,773.17,100,0.385,0.01,True,,6.0,0.0164383561643835,773.5259519388196,-0.025278791453485036,True,,0.1332375429315933,,0.0,753.5043821387974,good,0.1316349511482169,0.1320262418830313,0.1324149633505228,ok,put,0.9750380418596606,-0.06664625919021044
2026-09-04,2026-09-10,put,755.0,0.42,0.43,0.43,838.0,1055.0,773.17,100,0.425,0.01,True,,6.0,0.0164383561643835,773.5259519388196,-0.023953410212416426,True,,0.1308374670327374,,0.0,754.503724820679,good,0.1292358604351945,0.1295981308745603,0.1299583090054505,ok,put,0.9763311957613312,-0.07362849396843836
2026-09-04,2026-09-10,put,756.0,0.47,0.48,0.49,588.0,543.0,773.17,100,0.475,0.01,True,,6.0,0.0164383561643835,773.5259519388196,-0.02262978328190815,True,,0.128779368950113,,0.0,755.5030675025608,good,0.1271736626585151,0.1275073919180649,0.1278394558286414,ok,put,0.9776243496630018,-0.08198985384308623
2026-09-04,2026-09-10,put,757.0,0.53,0.54,0.54,298.0,362.0,773.17,100,0.535,0.01,True,,6.0,0.0164383561643835,773.5259519388196,-0.02130790602399228,True,,0.1269426982385267,,0.0,756.5024101844425,good,0.1253270946916617,0.1256338832880616,0.1259393665555742,ok,put,0.9789175035646726,-0.09171778028939866
2026-09-04,2026-09-10,put,758.0,0.59,0.6,0.59,657.0,239.0,773.17,100,0.595,0.01,True,,6.0,0.0164383561643835,773.5259519388196,-0.019987773819069417,True,,0.1246574022515215,,0.0,757.5017528663242,good,0.1230278028139044,0.1233119273525008,0.1235950094183843,ok,put,0.9802106574663432,-0.10177649304928159
2026-09-04,2026-09-10,put,759.0,0.66,0.68,0.68,318.0,343.0,773.17,100,0.67,0.02,True,,6.0,0.0164383561643835,773.5259519388196,-0.018669382065811167,True,,0.1227618292270066,,0.0,758.5010955482059,good,0.1208484154025952,0.1213735632391668,0.1218954609803459,ok,put,0.9815038113680138,-0.11375106917199909
2026-09-04,2026-09-10,put,760.0,0.75,0.76,0.75,3064.0,1050.0,773.17,100,0.755,0.01,True,,6.0,0.0164383561643835,773.5259519388196,-0.01735272618106435,True,,0.1208744428934494,,0.0,759.5004382300875,good,0.1191971277156845,0.1194394875494869,0.1196812175749365,ok,put,0.9827969652696844,-0.12711834287823923
2026-09-04,2026-09-10,put,761.0,0.84,0.86,0.85,586.0,831.0,773.17,100,0.85,0.02,True,,6.0,0.0164383561643835,773.5259519388196,-0.016037801599755295,True,,0.1189359887195063,,0.0,760.4997809119693,good,0.117000528614588,0.1174503748716437,0.1178982753010534,ok,put,0.984090119171355,-0.14189653746091943
2026-09-04,2026-09-10,put,762.0,0.95,0.96,0.94,623.0,352.0,773.17,100,0.955,0.01,True,,6.0,0.0164383561643835,773.5259519388196,-0.014724603774794877,True,,0.1168975718216008,,0.0,761.499123593851,good,0.1151481320012156,0.1153571151432666,0.1155657237284585,ok,put,0.9853832730730256,-0.15812007506363635
2026-09-04,2026-09-10,put,763.0,1.07,1.09,1.08,585.0,413.0,773.17,100,1.08,0.02,True,,6.0,0.0164383561643835,773.5259519388196,-0.013413128176984052,True,,0.1151102280908853,,0.0,762.4984662757327,good,0.1131179557117763,0.1135073029544493,0.1138955190410062,ok,put,0.9866764269746964,-0.17665889107407914
2026-09-04,2026-09-10,put,764.0,1.21,1.23,1.22,409.0,388.0,773.17,100,1.22,0.02,True,,6.0,0.0164383561643835,773.5259519388196,-0.012103370294920585,True,,0.1132785665813797,,0.0,763.4978089576143,good,0.111243180046303,0.1116069427186709,0.1119698591743108,ok,put,0.987969580876367,-0.1970570034064352
2026-09-04,2026-09-10,put,765.0,1.37,1.39,1.39,1785.0,642.0,773.17,100,1.38,0.0199999999999997,True,,6.0,0.0164383561643835,773.5259519388196,-0.010795325634905258,True,,0.1115166926038091,,0.0,764.497151639496,good,0.1094271448915087,0.1097682076944,0.1101086481561422,ok,put,0.9892627347780376,-0.21968686530583065
2026-09-04,2026-09-10,put,766.0,1.55,1.57,1.57,655.0,298.0,773.17,100,1.56,0.02,True,,6.0,0.0164383561643835,773.5259519388196,-0.009488989720849815,True,,0.1097450644862795,,0.0,765.4964943213778,good,0.1075896860224892,0.1079109289448307,0.1082317227021935,ok,put,0.9905558886797082,-0.24450826188740513
2026-09-04,2026-09-10,put,767.0,1.76,1.78,1.78,2725.0,190.0,773.17,100,1.77,0.02,True,,6.0,0.0164383561643835,773.5259519388196,-0.008184358094184947,True,,0.1082029141990607,,0.0,766.4958370032595,good,0.1059671028885075,0.1062709652842256,0.1065745145520113,ok,put,0.9918490425813788,-0.2720732547160658
2026-09-04,2026-09-10,put,768.0,1.99,2.01,2.01,1393.0,101.0,773.17,100,2.0,0.0199999999999997,True,,6.0,0.0164383561643835,773.5259519388196,-0.006881426313768986,True,,0.106496181772683,,0.0,767.4951796851411,good,0.1041662150415854,0.1044554893763426,0.104744552392651,ok,put,0.9931421964830495,-0.30169293630622
2026-09-04,2026-09-10,put,769.0,2.25,2.27,2.26,1416.0,70.0,773.17,100,2.26,0.02,True,,6.0,0.0164383561643835,773.5259519388196,-0.005580189955797086,True,,0.1048574173705762,,0.0,768.4945223670228,good,0.1024158786266209,0.10269298500865,0.1029699571764085,ok,put,0.9944353503847202,-0.33383258122785736
2026-09-04,2026-09-10,put,770.0,2.55,2.57,2.56,3244.0,1196.0,773.17,100,2.56,0.02,True,,6.0,0.0164383561643835,773.5259519388196,-0.004280644613711546,True,,0.103479543763736,,0.0,769.4938650489045,good,0.1009050934741517,0.1011723723663094,0.1014395744137427,ok,put,0.9957285042863908,-0.3686713796065741
2026-09-04,2026-09-10,put,771.0,2.88,2.91,2.91,673.0,216.0,773.17,100,2.895,0.0300000000000002,True,,6.0,0.0164383561643835,773.5259519388196,-0.002982785898111609,True,,0.1021430573985169,,0.0,770.4932077307863,good,0.0992825991290305,0.0996724872320217,0.1000622923253357,ok,put,0.9970216581880614,-0.405705672974477
2026-09-04,2026-09-10,put,772.0,3.26,3.28,3.25,3346.0,163.0,773.17,100,3.27,0.02,True,,6.0,0.0164383561643835,773.5259519388196,-0.001686609436664947,True,,0.1009149919024696,,0.0,771.4925504126679,good,0.098000924639389,0.0982559555797639,0.0985109746816057,ok,put,0.998314812089732,-0.44476505642575437
2026-09-04,2026-09-10,put,773.0,3.67,3.7,3.68,1822.0,176.0,773.17,100,3.685,0.0300000000000002,True,,6.0,0.0164383561643835,773.5259519388196,-0.00039211087401917516,True,,0.0997387183310903,,0.0,772.4918930945496,good,0.096482396695858,0.0968614651773375,0.0972405322370911,ok,put,0.9996079659914027,-0.4854836363793762
2026-09-04,2026-09-10,call,774.0,3.43,3.46,3.43,1987.0,937.0,773.17,100,3.4450000000000003,0.0299999999999998,True,,6.0,0.0164383561643835,773.5259519388196,0.00090071412828596,True,,0.0929685432600443,,0.0,773.0174993156305,good,0.0951253684968875,0.0955050321447602,0.0958846876827755,ok,call,1.0009011198930733,0.4736573178680606
2026-09-04,2026-09-10,call,775.0,2.94,2.96,2.95,3764.0,934.0,773.17,100,2.95,0.02,True,,6.0,0.0164383561643835,773.5259519388196,0.0021918698919059314,True,,0.0919529069675927,,0.0,773.0174993156305,good,0.094040056431904,0.0942965073905889,0.0945529354524958,ok,call,1.002194273794744,0.43093214811778835
2026-09-04,2026-09-10,call,776.0,2.49,2.51,2.49,894.0,466.0,773.17,100,2.5,0.0199999999999995,True,,6.0,0.0164383561643835,773.5259519388196,0.0034813607217775567,True,,0.0909544426518799,,0.0,773.0174993156305,good,0.0928610588969707,0.0931241349148064,0.093387147788541,ok,call,1.0034874276964145,0.38803072464417376
2026-09-04,2026-09-10,call,777.0,2.09,2.1,2.09,755.0,283.0,773.17,100,2.095,0.0100000000000002,True,,6.0,0.0164383561643835,773.5259519388196,0.0047691909062063395,True,,0.0899667208628455,,0.0,773.0174993156305,good,0.0918426680917367,0.0919793857964815,0.0921160702805535,ok,call,1.0047805815980853,0.3455186305958748
2026-09-04,2026-09-10,call,778.0,1.73,1.75,1.71,1347.0,514.0,773.17,100,1.74,0.02,True,,6.0,0.0164383561643835,773.5259519388196,0.006055364716950592,True,,0.0891432826488218,,0.0,773.0174993156305,good,0.090726630036597,0.091014811725536,0.0913027479441298,ok,call,1.006073735499756,0.304293242107504
2026-09-04,2026-09-10,call,779.0,1.42,1.44,1.44,2366.0,268.0,773.17,100,1.43,0.02,True,,6.0,0.0164383561643835,773.5259519388196,0.007339886409307124,True,,0.0883930185015338,,0.0,773.0174993156305,good,0.0898293792322123,0.0901374292946414,0.0904450553043499,ok,call,1.0073668894014265,0.26486502550225804
2026-09-04,2026-09-10,call,780.0,1.15,1.17,1.17,1538.0,777.0,773.17,100,1.16,0.02,True,,6.0,0.0164383561643835,773.5259519388196,0.008622760222196373,True,,0.0876247234614176,,0.0,773.0174993156305,good,0.0889196038010445,0.0892539569531248,0.0895876004886669,ok,call,1.0086600433030972,0.2275530103736452
2026-09-04,2026-09-10,call,781.0,0.92,0.94,0.92,2783.0,881.0,773.17,100,0.93,0.0199999999999999,True,,6.0,0.0164383561643835,773.5259519388196,0.009903990378244788,True,,0.086915820267009,,0.0,773.0174993156305,good,0.0880724061694016,0.0884409777130423,0.0888083812094678,ok,call,1.0099531972047677,0.19298308975438994
2026-09-04,2026-09-10,call,782.0,0.74,0.75,0.74,1994.0,1605.0,773.17,100,0.745,0.01,True,,6.0,0.0164383561643835,773.5259519388196,0.011183581083869994,True,,0.0866014224043025,,0.0,773.0174993156305,good,0.0878296956885679,0.0880350682080656,0.0882399714631003,ok,call,1.0112463511064385,0.16245320996361212
2026-09-04,2026-09-10,call,783.0,0.58,0.6,0.58,1565.0,502.0,773.17,100,0.59,0.02,True,,6.0,0.0164383561643835,773.5259519388196,0.012461536529362107,True,,0.0862883712093269,,0.0,773.0174993156305,good,0.0871733669883501,0.0876390858101095,0.0881017803430528,ok,call,1.0125395050081092,0.13507746381959423
2026-09-04,2026-09-10,call,784.0,0.45,0.47,0.46,1270.0,409.0,773.17,100,0.4599999999999999,0.0199999999999999,True,,6.0,0.0164383561643835,773.5259519388196,0.013737860888966724,True,,0.0858844042198648,,0.0,773.0174993156305,good,0.0866225254629924,0.0871589989555173,0.0876905276660563,ok,call,1.0138326589097797,0.11064588808256837
2026-09-04,2026-09-10,call,785.0,0.35,0.36,0.35,1628.0,277.0,773.17,100,0.355,0.01,True,,6.0,0.0164383561643835,773.5259519388196,0.015012558320967399,True,,0.085544609193478,,0.0,773.0174993156305,good,0.0864375989337232,0.0867502568277335,0.0870608751330052,ok,call,1.0151258128114504,0.08954504229183205
2026-09-04,2026-09-10,call,786.0,0.27,0.28,0.28,790.0,64.0,773.17,100,0.275,0.01,True,,6.0,0.0164383561643835,773.5259519388196,0.016285632967765383,True,,0.0855387784418749,,0.0,773.0174993156305,good,0.0863159620369397,0.0866840918996875,0.0870488950951217,ok,call,1.016418966713121,0.07225832219193307
2026-09-04,2026-09-10,call,787.0,0.21,0.22,0.21,1371.0,246.0,773.17,100,0.215,0.01,True,,6.0,0.0164383561643835,773.5259519388196,0.017557088955962155,True,,0.0858878806054276,,0.0,773.0174993156305,good,0.0865460148013171,0.0869809185007808,0.0874104981496885,ok,call,1.0177121206147917,0.05841772635611535
2026-09-04,2026-09-10,call,788.0,0.16,0.17,0.17,180.0,214.0,773.17,100,0.165,0.01,True,,6.0,0.0164383561643835,773.5259519388196,0.018826930396437926,True,,0.086038938276619,,0.0,773.0174993156305,good,0.0865598477783605,0.0870826811918714,0.0875967378612276,ok,call,1.0190052745164622,0.04646802636561705
2026-09-04,2026-09-10,call,789.0,0.12,0.13,0.14,256.0,99.0,773.17,100,0.125,0.01,True,,6.0,0.0164383561643835,773.5259519388196,0.020095161384433135,True,,0.0861231971254693,,0.0,773.0174993156305,good,0.0864830649509809,0.0871211864007737,0.0877445277907723,ok,call,1.020298428418133,0.03649245847854943
2026-09-04,2026-09-10,call,790.0,0.09,0.1,0.12,774.0,397.0,773.17,100,0.095,0.01,True,,6.0,0.0164383561643835,773.5259519388196,0.02136178599962616,True,,0.0863892497002282,,0.0,773.0174993156305,good,0.0865632937151326,0.0873465047671158,0.088104961583618,ok,call,1.0215915823198036,0.028625200346862233
2026-09-04,2026-09-10,call,791.0,0.07,0.08,0.08,593.0,88.0,773.17,100,0.075,0.0099999999999999,True,,6.0,0.0164383561643835,773.5259519388196,0.02262680830621273,True,,0.0872761171405197,,0.0,773.0174993156305,good,0.0872561669186482,0.0882004783744309,0.0891059551740059,ok,call,1.0228847362214741,0.023034854231805377
2026-09-04,2026-09-10,call,792.0,0.06,0.07,0.08,6578.0,110.0,773.17,100,0.065,0.01,True,,6.0,0.0164383561643835,773.5259519388196,0.023890232352984802,True,,0.0894259367623471,,0.0,773.0174993156305,good,0.0892547223563621,0.090329202685604,0.0913518788677041,ok,call,1.0241778901231449,0.019863963568933673
2026-09-04,2026-09-10,call,793.0,0.05,0.06,0.06,51.0,199.0,773.17,100,0.055,0.0099999999999999,True,,6.0,0.0164383561643835,773.5259519388196,0.025152062173406802,True,,0.091195991750193,,0.0,773.0174993156305,good,0.0908329605486778,0.0920773256296905,0.0932496965364645,ok,call,1.0254710440248154,0.01682721427813375
2026-09-04,2026-09-10,call,794.0,0.04,0.05,0.04,97.0,43.0,773.17,100,0.045,0.01,True,,6.0,0.0164383561643835,773.5259519388196,0.02641230178569463,True,,0.0924908915448005,,0.0,773.0174993156305,good,0.091869737361185,0.0933488328131727,0.094721817561037,ok,call,1.026764197926486,0.013889433466433567
2026-09-04,2026-09-10,call,795.0,0.03,0.04,0.03,155.0,82.0,773.17,100,0.035,0.01,True,,6.0,0.0164383561643835,773.5259519388196,0.027670955192890898,True,,0.0931504628477039,,0.0,773.0174993156305,good,0.0921503699597618,0.0939825430891448,0.0956435300489886,ok,call,1.0280573518281568,0.011012308004377627
2026-09-04,2026-09-10,call,796.0,0.03,0.04,0.02,60.0,267.0,773.17,100,0.035,0.01,True,,6.0,0.0164383561643835,773.5259519388196,0.028928026382941886,True,,0.0968551058663877,,0.0,773.0174993156305,good,0.0957939944613093,0.0976826637126053,0.0993943280665516,ok,call,1.0293505057298273,0.010636760156189971
2026-09-04,2026-09-10,call,797.0,0.02,0.03,0.04,24.0,64.0,773.17,100,0.025,0.0099999999999999,True,,6.0,0.0164383561643835,773.5259519388196,0.030183519328774,True,,0.0964341514654898,,0.0,773.0174993156305,good,0.0947137862811367,0.0972320452554844,0.099416967592877,ok,call,1.030643659631498,0.007877228944894548
2026-09-04,2026-09-10,call,798.0,0.02,0.03,0.02,9.0,124.0,773.17,100,0.025,0.0099999999999999,True,,6.0,0.0164383561643835,773.5259519388196,0.0314374379883676,True,,0.0999784433656769,,0.0,773.0174993156305,good,0.0981810637911411,0.1007725431831534,0.103020171686923,ok,call,1.0319368135331686,0.007626525420095572
2026-09-04,2026-09-10,call,799.0,0.02,0.03,0.03,961.0,1250.0,773.17,100,0.025,0.0099999999999999,True,,6.0,0.0164383561643835,773.5259519388196,0.03268978630483359,True,,0.1035042914249145,,0.0,773.0174993156305,good,0.1016308463805218,0.1042947564092822,0.1066044059021461,ok,call,1.0332299674348393,0.00739312037852601
2026-09-04,2026-09-10,call,800.0,0.02,0.03,0.02,1304.0,1430.0,773.17,100,0.025,0.0099999999999999,True,,6.0,0.0164383561643835,773.5259519388196,0.033940568206486096,True,,0.1070123984170192,,0.0,773.0174993156305,good,0.1050637925911166,0.1077993894921122,0.1101704024364517,ok,call,1.0345231213365098,0.007175231521294399
2026-09-04,2026-09-10,call,801.0,0.01,0.02,0.02,149.0,39.0,773.17,100,0.015,0.01,True,,6.0,0.0164383561643835,773.5259519388196,0.035189787606918106,True,,0.1043618105851736,,0.0,773.0174993156305,good,0.1007851685284589,0.1051118906472712,0.1084805110572886,ok,call,1.0358162752381805,0.004606552464293031
2026-09-04,2026-09-10,call,802.0,0.01,0.02,0.02,86.0,122.0,773.17,100,0.015,0.01,True,,6.0,0.0164383561643835,773.5259519388196,0.03643744840507347,True,,0.1076801239428709,,0.0,773.0174993156305,good,0.1039886612863474,0.1084273380436892,0.1118815615365565,ok,call,1.0371094291398513,0.0044778896317709494
2026-09-04,2026-09-10,call,803.0,0.01,0.02,0.02,0.0,32.0,773.17,100,0.015,0.01,True,,6.0,0.0164383561643835,773.5259519388196,0.03768355448532052,True,,0.1109839618832956,,0.0,773.0174993156305,good,0.1071787699132525,0.1117284170070216,0.115267461775882,ok,call,1.0384025830415218,0.004357011558151431
2026-09-04,2026-09-10,call,804.0,0.01,0.02,0.02,6.0,8.0,773.17,100,0.015,0.01,True,,6.0,0.0164383561643835,773.5259519388196,0.038928109717525305,True,,0.1142737800725816,,0.0,773.0174993156305,good,0.1103559046335149,0.1150155682884941,0.1186386899893833,ok,call,1.0396957369431925,0.004243210836610536
2026-09-04,2026-09-10,call,805.0,0.01,0.02,0.02,10.0,172.0,773.17,100,0.015,0.01,True,,6.0,0.0164383561643835,773.5259519388196,0.040171117957122186,True,,0.1175500086545104,,0.0,773.0174993156305,good,0.1135204450272115,0.1182892149471969,0.121995693001634,ok,call,1.040988890844863,0.00413586815134155
2026-09-04,2026-09-10,call,806.0,0.01,0.02,0.01,0.0,19.0,773.17,100,0.015,0.01,True,,6.0,0.0164383561643835,773.5259519388196,0.04141258304518719,True,,0.1208130246320948,,0.0,773.0174993156305,good,0.1166727456246385,0.1215497430646009,0.1253388876280585,ok,call,1.0422820447465337,0.004034433239219808
2026-09-04,2026-09-10,call,807.0,0.01,0.02,0.01,0.0,10.0,773.17,100,0.015,0.01,True,,6.0,0.0164383561643835,773.5259519388196,0.04265250880850779,True,,0.124063208979976,,0.0,773.0174993156305,good,0.1198131373837949,0.1247975158358253,0.1286686563367109,ok,call,1.0435751986482045,0.003938418145898119
2026-09-04,2026-09-10,call,808.0,0.01,0.02,0.02,0.0,82.0,773.17,100,0.015,0.01,True,,6.0,0.0164383561643835,773.5259519388196,0.043890899059654244,True,,0.1273009052841174,,0.0,773.0174993156305,good,0.122941931821181,0.1280328721940817,0.1319853694374951,ok,call,1.044868352549875,0.003847387700642204
2026-09-04,2026-09-10,call,809.0,0.01,0.02,0.01,0.0,121.0,773.17,100,0.015,0.01,True,,6.0,0.0164383561643835,773.5259519388196,0.04512775759705064,True,,0.130526436220137,,0.0,773.0174993156305,good,0.1260594180872047,0.1312561315708111,0.1352893589420832,ok,call,1.0461615064515457,0.0037609530923222757
2026-09-04,2026-09-10,call,810.0,0.01,0.02,0.02,0.0,20.0,773.17,100,0.015,0.01,True,,6.0,0.0164383561643835,773.5259519388196,0.04636308820504328,True,,0.1337401052817627,,0.0,773.0174993156305,good,0.1291658729320834,0.1344675927958001,0.1385809518075544,ok,call,1.0474546603532162,0.0036787651637936666
2026-09-04,2026-09-10,call,820.0,0.01,0.02,0.01,42.0,0.0,773.17,100,0.015,0.01,True,,6.0,0.0164383561643835,773.5259519388196,0.058633180796857656,True,,0.1652802157976339,,0.0,773.0174993156305,good,0.1596740781494956,0.1659884755899977,0.1708737894889576,ok,call,1.0603861993699226,0.0030340546897169593
2026-09-04,2026-09-10,call,825.0,0.01,0.02,0.01,1.0,2.0,773.17,100,0.015,0.01,True,,6.0,0.0164383561643835,773.5259519388196,0.06471222687323987,True,,0.1806844089164335,,0.0,773.0174993156305,good,0.1745859301350383,0.1813845375151482,0.1866384868648975,ok,call,1.0668519688782758,0.002797313210647702
2026-09-04,2026-09-10,call,830.0,0.0,0.01,0.02,1.0,0.0,773.17,100,0.005,0.01,True,,6.0,0.0164383561643835,773.5259519388196,0.0707545413292025,True,,0.1776938593157832,,0.0,773.0174993156305,good,,0.1783363205850891,0.189293897583533,ok,call,1.073317738386629,0.001025689037373026
2026-09-04,2026-09-10,call,840.0,0.0,0.01,0.02,0.0,1.0,773.17,100,0.005,0.01,True,,6.0,0.0164383561643835,773.5259519388196,0.08273073237591821,True,,0.2051605368348475,,0.0,773.0174993156305,good,,0.2057923533376393,0.2181520822076927,ok,call,1.0862492774033354,0.0008981850230421205
2026-09-04,2026-09-11,put,670.0,0.03,0.04,0.03,78.0,2875.0,773.17,100,0.035,0.01,True,,7.0,0.0191780821917808,773.5852931920283,-0.14367042797498603,True,,0.3787842694658041,,0.0,669.4862244870361,good,0.3727809855788415,0.3784681578015256,0.3835771843948281,ok,put,0.8661731674683105,-0.0028315608505719695
2026-09-04,2026-09-11,put,675.0,0.03,0.04,0.04,15.0,2469.0,773.17,100,0.035,0.01,True,,7.0,0.0191780821917808,773.5852931920283,-0.13623544948746796,True,,0.3609677182741426,,0.0,674.4823903414169,good,0.3551947787067954,0.3606550375638809,0.3655613885725318,ok,put,0.8726371463300143,-0.0029619439142882413
2026-09-04,2026-09-11,put,680.0,0.03,0.04,0.05,66.0,8379.0,773.17,100,0.035,0.01,True,,7.0,0.0191780821917808,773.5852931920283,-0.12885534218984543,True,,0.3432144224990979,,0.0,679.4785561957979,good,0.3376722566516364,0.3429051294869185,0.3476083574085764,ok,put,0.8791011251917181,-0.0031046935756325333
2026-09-04,2026-09-11,put,685.0,0.04,0.05,0.05,125.0,6469.0,773.17,100,0.045,0.01,True,,7.0,0.0191780821917808,773.5852931920283,-0.1215293020977724,True,,0.3341315146422274,,0.0,684.4747220501787,good,0.3297122423816108,0.3338144913925197,0.3375952120163462,ok,put,0.885565104053422,-0.004009294658324848
2026-09-04,2026-09-11,put,690.0,0.04,0.05,0.05,353.0,1529.0,773.17,100,0.045,0.01,True,,7.0,0.0191780821917808,773.5852931920283,-0.11425654276869263,True,,0.3160971271439305,,0.0,689.4708879045595,good,0.3118667047046417,0.3157835753622592,0.3193943130597257,ok,put,0.8920290829151258,-0.004221323502148445
2026-09-04,2026-09-11,put,691.0,0.04,0.05,0.07,300.0,244.0,773.17,100,0.045,0.01,True,,7.0,0.0191780821917808,773.5852931920283,-0.1128083165923278,True,,0.3124956258956908,,0.0,690.4701210754357,good,0.3083030681303741,0.3121827647385916,0.315759413319731,ok,put,0.8933218786874666,-0.004266454297167925
2026-09-04,2026-09-11,put,692.0,0.04,0.05,0.05,2.0,164.0,773.17,100,0.045,0.01,True,,7.0,0.0191780821917808,773.5852931920283,-0.11136218474232813,True,,0.3088957794643455,,0.0,691.4693542463119,good,0.3047411207709414,0.3085836076457936,0.3121261328555639,ok,put,0.8946146744598074,-0.004312565099773617
2026-09-04,2026-09-11,put,693.0,0.04,0.05,0.05,1627.0,265.0,773.17,100,0.045,0.01,True,,7.0,0.0191780821917808,773.5852931920283,-0.10991814117009446,True,,0.3052975313395339,,0.0,692.468587417188,good,0.3011808035932149,0.3049860424587711,0.3084944095543384,ok,put,0.8959074702321481,-0.004359689439416629
2026-09-04,2026-09-11,put,694.0,0.05,0.06,0.06,1655.0,6834.0,773.17,100,0.055,0.0099999999999999,True,,7.0,0.0191780821917808,773.5852931920283,-0.1084761798531932,True,,0.308415064864098,,0.0,693.4678205880642,good,0.3048641788744513,0.3080950264677104,0.3111206042212115,ok,put,0.8972002660044889,-0.005188469976473586
2026-09-04,2026-09-11,put,695.0,0.05,0.06,0.05,19.0,433.0,773.17,100,0.055,0.0099999999999999,True,,7.0,0.0191780821917808,773.5852931920283,-0.10703629479520557,True,,0.3047538738659617,,0.0,694.4670537589404,good,0.3012353762309211,0.3044345451710979,0.3074305962339188,ok,put,0.8984930617768296,-0.005246105579009078
2026-09-04,2026-09-11,put,696.0,0.05,0.06,0.06,7.0,89.0,773.17,100,0.055,0.0099999999999999,True,,7.0,0.0191780821917808,773.5852931920283,-0.10559848002557806,True,,0.3010940089425002,,0.0,695.4662869298165,good,0.2976079326732069,0.3007753883379318,0.303741874276138,ok,put,0.8997858575491704,-0.005305050863607944
2026-09-04,2026-09-11,put,697.0,0.05,0.06,0.06,78.0,314.0,773.17,100,0.055,0.0099999999999999,True,,7.0,0.0191780821917808,773.5852931920283,-0.10416272959947383,True,,0.2974354004737375,,0.0,696.4655201006927,good,0.2939817819301348,0.2971174822825128,0.3000543671614396,ok,put,0.9010786533215112,-0.005365352331707547
2026-09-04,2026-09-11,put,698.0,0.05,0.06,0.09,3.0,91.0,773.17,100,0.055,0.0099999999999999,True,,7.0,0.0191780821917808,773.5852931920283,-0.10272903759762524,True,,0.2937779770594646,,0.0,697.464753271569,good,0.29035685320651,0.2934607594669287,0.2963680072698194,ok,put,0.9023714490938519,-0.005427059796646435
2026-09-04,2026-09-11,put,699.0,0.05,0.06,0.07,37.0,2569.0,773.17,100,0.055,0.0099999999999999,True,,7.0,0.0191780821917808,773.5852931920283,-0.10129739812618746,True,,0.2901216655848198,,0.0,698.463986442445,good,0.2867330749218585,0.2898051454591301,0.2926827149581344,ok,put,0.9036642448661927,-0.005490224877660493
2026-09-04,2026-09-11,put,700.0,0.05,0.06,0.06,88.0,1804.0,773.17,100,0.055,0.0099999999999999,True,,7.0,0.0191780821917808,773.5852931920283,-0.09986780531659305,True,,0.2864663911858623,,0.0,699.4632196133213,good,0.2831103737309454,0.2861505653571644,0.2889984155768927,ok,put,0.9049570406385334,-0.005554901986987485
2026-09-04,2026-09-11,put,701.0,0.05,0.06,0.07,29.0,570.0,773.17,100,0.055,0.0099999999999999,True,,7.0,0.0191780821917808,773.5852931920283,-0.09844025332540762,True,,0.2828120771593315,,0.0,700.4624527841975,good,0.279488674422553,0.2824969423896337,0.2853150308720432,ok,put,0.9062498364108742,-0.005621148332621302
2026-09-04,2026-09-11,put,702.0,0.05,0.06,0.1,5.0,251.0,773.17,100,0.055,0.0099999999999999,True,,7.0,0.0191780821917808,773.5852931920283,-0.0970147363341866,True,,0.279158649673941,,0.0,701.4616859550737,good,0.2758678998694919,0.2788441978117683,0.281632480585764,ok,put,0.907542632183215,-0.00568902410012181
2026-09-04,2026-09-11,put,703.0,0.06,0.07,0.07,5.0,197.0,773.17,100,0.065,0.01,True,,7.0,0.0191780821917808,773.5852931920283,-0.09559124854933282,True,,0.2808715958443697,,0.0,702.4609191259498,good,0.277950682359671,0.2805499067784159,0.2830110128845453,ok,put,0.9088354279555557,-0.006586444623872823
2026-09-04,2026-09-11,put,704.0,0.06,0.07,0.1,1.0,237.0,773.17,100,0.065,0.01,True,,7.0,0.0191780821917808,773.5852931920283,-0.09416978420195532,True,,0.2771617117308118,,0.0,703.460152296826,good,0.2742695516407284,0.2768407307080527,0.2792753950805756,ok,put,0.9101282237278965,-0.006667577499757407
2026-09-04,2026-09-11,put,705.0,0.06,0.07,0.07,505.0,1239.0,773.17,100,0.065,0.01,True,,7.0,0.0191780821917808,773.5852931920283,-0.09275033754772907,True,,0.2734523661963568,,0.0,704.4593854677022,good,0.2705890027607913,0.2731320910845223,0.275540271723754,ok,put,0.9114210195002372,-0.006750783959240392
2026-09-04,2026-09-11,put,706.0,0.06,0.07,0.08,157.0,264.0,773.17,100,0.065,0.01,True,,7.0,0.0191780821917808,773.5852931920283,-0.09133290286675565,True,,0.2697434678604928,,0.0,705.4586186385783,good,0.2669089429796629,0.2694238920218578,0.2718055419534746,ok,put,0.912713815272578,-0.006836147063364055
2026-09-04,2026-09-11,put,707.0,0.06,0.07,0.11,10.0,277.0,773.17,100,0.065,0.01,True,,7.0,0.0191780821917808,773.5852931920283,-0.08991747446342498,True,,0.2660349275833054,,0.0,706.4578518094545,good,0.2632292838215401,0.2657160435993961,0.2680711149762128,ok,put,0.9140066110449188,-0.006923755983884978
2026-09-04,2026-09-11,put,708.0,0.06,0.07,0.09,4.0,465.0,773.17,100,0.065,0.01,True,,7.0,0.0191780821917808,773.5852931920283,-0.08850404666627797,True,,0.2623266366233584,,0.0,707.4570849803307,good,0.2595499298527322,0.262008448812384,0.2643368923490394,ok,put,0.9152994068172595,-0.007013704181936785
2026-09-04,2026-09-11,put,709.0,0.06,0.07,0.11,1.0,2025.0,773.17,100,0.065,0.01,True,,7.0,0.0191780821917808,773.5852931920283,-0.08709261382787023,True,,0.258618508358145,,0.0,708.4563181512068,good,0.2558707829601713,0.2583010082939226,0.2606027731091359,ok,put,0.9165922025896003,-0.007106090581525456
2026-09-04,2026-09-11,put,710.0,0.07,0.08,0.07,269.0,1420.0,773.17,100,0.075,0.0099999999999999,True,,7.0,0.0191780821917808,773.5852931920283,-0.08568317032463663,True,,0.2593562480932083,,0.0,709.455551322083,good,0.2568686511319683,0.2590324368665404,0.2610977460351074,ok,put,0.917884998361941,-0.008070130390026976
2026-09-04,2026-09-11,put,711.0,0.07,0.08,0.1,19.0,820.0,773.17,100,0.075,0.0099999999999999,True,,7.0,0.0191780821917808,773.5852931920283,-0.08427571055675687,True,,0.2555959500492898,,0.0,710.4547844929592,good,0.2531344263155247,0.2552728423316145,0.257314035199529,ok,put,0.9191777941342818,-0.00817892804775941
2026-09-04,2026-09-11,put,712.0,0.07,0.08,0.1,4.0,177.0,773.17,100,0.075,0.0099999999999999,True,,7.0,0.0191780821917808,773.5852931920283,-0.08287022894802197,True,,0.2518353852878589,,0.0,711.4540176638353,good,0.2493999810067952,0.2515129745389538,0.2535299995792804,ok,put,0.9204705899066226,-0.00829080420779764
2026-09-04,2026-09-11,put,713.0,0.07,0.08,0.08,13.0,615.0,773.17,100,0.075,0.0099999999999999,True,,7.0,0.0191780821917808,773.5852931920283,-0.0814667199457018,True,,0.2480744360549236,,0.0,712.4532508347115,good,0.2456652033009611,0.2477527183621808,0.2497455217128283,ok,put,0.9217633856789633,-0.008405897362439707
2026-09-04,2026-09-11,put,714.0,0.07,0.08,0.11,2.0,218.0,773.17,100,0.075,0.0099999999999999,True,,7.0,0.0191780821917808,773.5852931920283,-0.08006517802041335,True,,0.2443129845463608,,0.0,713.4524840055877,good,0.2419299745578598,0.2439919535634049,0.2459604796529079,ok,put,0.9230561814513041,-0.008524354337442447
2026-09-04,2026-09-11,put,715.0,0.07,0.08,0.08,544.0,1954.0,773.17,100,0.075,0.0099999999999999,True,,7.0,0.0191780821917808,773.5852931920283,-0.07866559766599009,True,,0.2405509063941856,,0.0,714.4517171764638,good,0.2381941761717943,0.240230560009112,0.2421747468392253,ok,put,0.9243489772236448,-0.008646332191062586
2026-09-04,2026-09-11,put,716.0,0.08,0.09,0.1,13.0,951.0,773.17,100,0.0849999999999999,0.0099999999999999,True,,7.0,0.0191780821917808,773.5852931920283,-0.07726797339935214,True,,0.2405528056286958,,0.0,715.45095034734,good,0.2383881963244382,0.2402268461581305,0.2419925594607576,ok,put,0.9256417729959856,-0.009682239729265069
2026-09-04,2026-09-11,put,717.0,0.08,0.09,0.11,5.0,2438.0,773.17,100,0.0849999999999999,0.0099999999999999,True,,7.0,0.0191780821917808,773.5852931920283,-0.07587229976037739,True,,0.2367412749700017,,0.0,716.4501835182162,good,0.2346006889559788,0.2364160076386715,0.238159407903033,ok,put,0.9269345687683264,-0.009824507880499187
2026-09-04,2026-09-11,put,718.0,0.08,0.09,0.09,19.0,301.0,773.17,100,0.0849999999999999,0.0099999999999999,True,,7.0,0.0191780821917808,773.5852931920283,-0.07447857131177357,True,,0.2329285970415014,,0.0,717.4494166890923,good,0.2308120865106479,0.2326040145159381,0.2343250377930375,ok,put,0.9282273645406671,-0.009971211934288134
2026-09-04,2026-09-11,put,719.0,0.08,0.09,0.09,33.0,677.0,773.17,100,0.0849999999999999,0.0099999999999999,True,,7.0,0.0191780821917808,773.5852931920283,-0.07308678263895106,True,,0.2291146216735442,,0.0,718.4486498599686,good,0.2270222437193127,0.2287907171223464,0.2304893019868494,ok,put,0.9295201603130079,-0.01012257143625722
2026-09-04,2026-09-11,put,720.0,0.09,0.1,0.09,266.0,5947.0,773.17,100,0.095,0.01,True,,7.0,0.0191780821917808,773.5852931920283,-0.07169692834989676,True,,0.2285948252904523,,0.0,719.4478830308448,good,0.2266520449916335,0.2282658395192236,0.2298229869013014,ok,put,0.9308129560853486,-0.01121331223573007
2026-09-04,2026-09-11,put,721.0,0.09,0.1,0.11,14.0,479.0,773.17,100,0.095,0.01,True,,7.0,0.0191780821917808,773.5852931920283,-0.07030900307504868,True,,0.2247335592334615,,0.0,720.4471162017209,good,0.2228131054905267,0.2244052531232309,0.2259415903406029,ok,put,0.9321057518576894,-0.011388560685318568
2026-09-04,2026-09-11,put,722.0,0.09,0.1,0.1,14.0,470.0,773.17,100,0.095,0.01,True,,7.0,0.0191780821917808,773.5852931920283,-0.06892300146717154,True,,0.2208703785298255,,0.0,721.4463493725971,good,0.2189723156812057,0.2205427500564241,0.2220582128273703,ok,put,0.9333985476300302,-0.011569666495355633
2026-09-04,2026-09-11,put,723.0,0.09,0.1,0.12,104.0,642.0,773.17,100,0.095,0.01,True,,7.0,0.0191780821917808,773.5852931920283,-0.06753891820123308,True,,0.2170051148608494,,0.0,722.4455825434733,good,0.2151295008544254,0.2166781531759738,0.2181726748647075,ok,put,0.9346913434023709,-0.011756942033194452
2026-09-04,2026-09-11,put,724.0,0.1,0.11,0.11,84.0,681.0,773.17,100,0.105,0.0099999999999999,True,,7.0,0.0191780821917808,773.5852931920283,-0.0661567479742814,True,,0.2160412090104212,,0.0,723.4448157143495,good,0.2142847893714018,0.2157095929334487,0.2170896762028796,ok,put,0.9359841391747117,-0.012915593408923525
2026-09-04,2026-09-11,put,725.0,0.1,0.11,0.1,147.0,1617.0,773.17,100,0.105,0.0099999999999999,True,,7.0,0.0191780821917808,773.5852931920283,-0.06477648550532299,True,,0.2121298045414325,,0.0,724.4440488852256,good,0.2103943597205256,0.2117988526685502,0.2131593385261291,ok,put,0.9372769349470524,-0.013131472592797299
2026-09-04,2026-09-11,put,726.0,0.1,0.11,0.13,43.0,2050.0,773.17,100,0.105,0.0099999999999999,True,,7.0,0.0191780821917808,773.5852931920283,-0.06339812553520167,True,,0.2082155921434756,,0.0,725.4432820561018,good,0.2065011880753139,0.2078852991772023,0.2092261073302116,ok,put,0.9385697307193932,-0.013355134462664278
2026-09-04,2026-09-11,put,727.0,0.11,0.12,0.11,21.0,1023.0,773.17,100,0.1149999999999999,0.0099999999999999,True,,7.0,0.0191780821917808,773.5852931920283,-0.062021662826478405,True,,0.2069061694620994,,0.0,726.442515226978,good,0.2052897691983337,0.2065715657246347,0.2078170289897982,ok,put,0.939862526491734,-0.014572713123044322
2026-09-04,2026-09-11,put,728.0,0.11,0.12,0.12,281.0,1087.0,773.17,100,0.1149999999999999,0.0099999999999999,True,,7.0,0.0191780821917808,773.5852931920283,-0.0606470921633118,True,,0.2029466804939225,,0.0,727.4417483978541,good,0.201350095338914,0.2026127274206615,0.2038396332096467,ok,put,0.9411553222640747,-0.014829665040364478
2026-09-04,2026-09-11,put,729.0,0.12,0.13,0.12,157.0,2062.0,773.17,100,0.125,0.01,True,,7.0,0.0191780821917808,773.5852931920283,-0.059274408351339625,True,,0.2013721612792813,,0.0,728.4409815687303,good,0.1998585110651525,0.2010341795896346,0.2021794816387188,ok,put,0.9424481180364155,-0.016090416639399474
2026-09-04,2026-09-11,put,730.0,0.12,0.13,0.12,1037.0,4860.0,773.17,100,0.125,0.01,True,,7.0,0.0191780821917808,773.5852931920283,-0.057903606217560966,True,,0.1973682718198212,,0.0,729.4402147396065,good,0.1958734051159593,0.1970309309495813,0.1981586172191711,ok,put,0.9437409138087562,-0.016384679333392035
2026-09-04,2026-09-11,put,731.0,0.13,0.14,0.13,198.0,653.0,773.17,100,0.135,0.01,True,,7.0,0.0191780821917808,773.5852931920283,-0.056534680610219275,True,,0.1955570910588931,,0.0,730.4394479104826,good,0.1941333436560425,0.195215960719638,0.1962729401109991,ok,put,0.945033709581097,-0.01769550530942701
2026-09-04,2026-09-11,put,732.0,0.13,0.14,0.15,130.0,8540.0,773.17,100,0.135,0.01,True,,7.0,0.0191780821917808,773.5852931920283,-0.05516762639868622,True,,0.1915092147376383,,0.0,731.4386810813588,good,0.1901033697559157,0.1911687100338514,0.1922088756914647,ok,put,0.9463265053534378,-0.0180318340343762
2026-09-04,2026-09-11,put,733.0,0.14,0.15,0.15,365.0,2074.0,773.17,100,0.145,0.0099999999999999,True,,7.0,0.0191780821917808,773.5852931920283,-0.05380243847334629,True,,0.1894838131201817,,0.0,732.437914252235,good,0.1881396458219773,0.1891397212203964,0.1901179702193796,ok,put,0.9476193011257785,-0.019400418551602343
2026-09-04,2026-09-11,put,734.0,0.14,0.15,0.16,177.0,2385.0,773.17,100,0.145,0.0099999999999999,True,,7.0,0.0191780821917808,773.5852931920283,-0.0524391117454822,True,,0.1853919407553992,,0.0,733.4371474231111,good,0.1840649196370418,0.1850484552967652,0.1860105789250468,ok,put,0.9489120968981193,-0.019784470429937376
2026-09-04,2026-09-11,put,735.0,0.15,0.16,0.16,664.0,3674.0,773.17,100,0.155,0.01,True,,7.0,0.0191780821917808,773.5852931920283,-0.05107764114716111,True,,0.1831701867110143,,0.0,734.4363805939873,good,0.1818971782736013,0.1828232883905486,0.183730688851762,ok,put,0.95020489267046,-0.021219536584068513
2026-09-04,2026-09-11,put,736.0,0.16,0.17,0.16,1228.0,2102.0,773.17,100,0.165,0.01,True,,7.0,0.0191780821917808,773.5852931920283,-0.04971802163112155,True,,0.1808041250213686,,0.0,735.4356137648635,good,0.1795794607387702,0.1804539656838698,0.1813120105602239,ok,put,0.9514976884428008,-0.02269094604845688
2026-09-04,2026-09-11,put,737.0,0.17,0.18,0.18,206.0,749.0,773.17,100,0.175,0.0099999999999999,True,,7.0,0.0191780821917808,773.5852931920283,-0.04836024817066119,True,,0.17830468540288,,0.0,736.4348469357396,good,0.1771236131389698,0.1779514011545724,0.1787646203436463,ok,put,0.9527904842151416,-0.024202401714962372
2026-09-04,2026-09-11,put,738.0,0.18,0.19,0.18,1837.0,2691.0,773.17,100,0.185,0.01,True,,7.0,0.0191780821917808,773.5852931920283,-0.047004315759525295,True,,0.1756810471985337,,0.0,737.4340801066159,good,0.1745395377865765,0.1753247563320188,0.1760970115171986,ok,put,0.9540832799874823,-0.025757788991344482
2026-09-04,2026-09-11,put,739.0,0.19,0.2,0.19,1006.0,11015.0,773.17,100,0.195,0.01,True,,7.0,0.0191780821917808,773.5852931920283,-0.04565021941179602,True,,0.1729409691167236,,0.0,738.4333132774921,good,0.1718355751333087,0.1725817753600741,0.1733163869746878,ok,put,0.9553760757598231,-0.027361230507039796
2026-09-04,2026-09-11,put,740.0,0.2,0.21,0.21,35457.0,35691.0,773.17,100,0.205,0.0099999999999999,True,,7.0,0.0191780821917808,773.5852931920283,-0.04429795416178236,True,,0.1700910394782162,,0.0,739.4325464483682,good,0.169018788294939,0.1697290361345724,0.170428876620111,ok,put,0.9566688715321638,-0.029017140679968762
2026-09-04,2026-09-11,put,741.0,0.21,0.22,0.22,1173.0,1138.0,773.17,100,0.215,0.01,True,,7.0,0.0191780821917808,773.5852931920283,-0.04294751506391091,True,,0.1671368685854257,,0.0,740.4317796192444,good,0.1660951708788558,0.1667721299056884,0.167439717905457,ok,put,0.9579616673045046,-0.030730273949329777
2026-09-04,2026-09-11,put,742.0,0.23,0.24,0.24,343.0,1129.0,773.17,100,0.235,0.0099999999999999,True,,7.0,0.0191780821917808,773.5852931920283,-0.04159889719261735,True,,0.1653532162073729,,0.0,741.4310127901206,good,0.164353367221497,0.1649827457782898,0.1656042643915569,ok,put,0.9592544630768454,-0.03353749729573657
2026-09-04,2026-09-11,put,743.0,0.24,0.25,0.25,1198.0,648.0,773.17,100,0.245,0.01,True,,7.0,0.0191780821917808,773.5852931920283,-0.04025209564223864,True,,0.1621486495961248,,0.0,742.4302459609967,good,0.1611736273503416,0.1617756481298015,0.1623705226639414,ok,put,0.9605472588491861,-0.03538748846091243
2026-09-04,2026-09-11,put,744.0,0.26,0.27,0.27,559.0,2744.0,773.17,100,0.265,0.01,True,,7.0,0.0191780821917808,773.5852931920283,-0.03890710552690582,True,,0.1599916436460733,,0.0,743.4294791318729,good,0.1590498096632071,0.1596132992796776,0.1601706976901399,ok,put,0.961840054621527,-0.03834301186568867
2026-09-04,2026-09-11,put,745.0,0.28,0.29,0.29,1279.0,3491.0,773.17,100,0.285,0.0099999999999999,True,,7.0,0.0191780821917808,773.5852931920283,-0.037563921980438175,True,,0.1576324154188787,,0.0,744.4287123027491,good,0.1567195951422453,0.1572489462707666,0.1577730477708767,ok,put,0.9631328503938678,-0.041383290014811024
2026-09-04,2026-09-11,put,746.0,0.3,0.31,0.32,821.0,918.0,773.17,100,0.305,0.01,True,,7.0,0.0191780821917808,773.5852931920283,-0.03622254015623684,True,,0.1550871912729323,,0.0,745.4279454736253,good,0.1541999711163121,0.1546987728142811,0.1551930187350982,ok,put,0.9644256461662085,-0.04451970836556305
2026-09-04,2026-09-11,put,747.0,0.33,0.34,0.34,657.0,1568.0,773.17,100,0.335,0.01,True,,7.0,0.0191780821917808,773.5852931920283,-0.034882955227180386,True,,0.1533022339901573,,0.0,746.4271786445014,good,0.1524431524501617,0.152906523816783,0.1533661160384713,ok,put,0.9657184419385493,-0.048769802158049096
2026-09-04,2026-09-11,put,748.0,0.36,0.37,0.36,771.0,2939.0,773.17,100,0.365,0.01,True,,7.0,0.0191780821917808,773.5852931920283,-0.03354516238552045,True,,0.1512441913125631,,0.0,747.4264118153776,good,0.1504088411251327,0.1508415025881566,0.151270987298949,ok,put,0.96701123771089,-0.05312835117558999
2026-09-04,2026-09-11,put,749.0,0.39,0.4,0.39,4217.0,1215.0,773.17,100,0.395,0.01,True,,7.0,0.0191780821917808,773.5852931920283,-0.03220915684277822,True,,0.1489389911928505,,0.0,748.4256449862538,good,0.1481238970515778,0.1485295787311483,0.1489325615545677,ok,put,0.9683040334832308,-0.057614951239117494
2026-09-04,2026-09-11,put,750.0,0.43,0.44,0.43,4574.0,8094.0,773.17,100,0.435,0.01,True,,7.0,0.0191780821917808,773.5852931920283,-0.030874933829641574,True,,0.1471656606972132,,0.0,749.4248781571299,good,0.1463704373003048,0.1467475616293996,0.1471224622159201,ok,put,0.9695968292555716,-0.06321504461828334
2026-09-04,2026-09-11,put,751.0,0.47,0.48,0.48,790.0,836.0,773.17,100,0.475,0.01,True,,7.0,0.0191780821917808,773.5852931920283,-0.02954248859586296,True,,0.1450895508696726,,0.0,750.4241113280061,good,0.1443106808550016,0.1446630913339122,0.1450136448355353,ok,put,0.9708896250279123,-0.06896454704313948
2026-09-04,2026-09-11,put,752.0,0.51,0.52,0.52,783.0,1559.0,773.17,100,0.515,0.01,True,,7.0,0.0191780821917808,773.5852931920283,-0.02821181641015788,True,,0.1427384180790562,,0.0,751.4233444988823,good,0.1419731288504162,0.1423038478697181,0.142632999243278,ok,put,0.9721824208002531,-0.07489308296755315
2026-09-04,2026-09-11,put,753.0,0.56,0.57,0.56,1037.0,952.0,773.17,100,0.565,0.0099999999999998,True,,7.0,0.0191780821917808,773.5852931920283,-0.026882912560104128,True,,0.140754537975786,,0.0,752.4225776697584,good,0.1400013499202652,0.1403101514020698,0.1406176522028506,ok,put,0.9734752165725938,-0.08194996832892956
2026-09-04,2026-09-11,put,754.0,0.62,0.63,0.6,1337.0,1941.0,773.17,100,0.625,0.01,True,,7.0,0.0191780821917808,773.5852931920283,-0.025555772352041636,True,,0.1390390462192648,,0.0,753.4218108406346,good,0.138295778109879,0.1385832971076618,0.1388697623291932,ok,put,0.9747680123449346,-0.09012031803726976
2026-09-04,2026-09-11,put,755.0,0.68,0.7,0.68,36454.0,35932.0,773.17,100,0.69,0.0199999999999999,True,,7.0,0.0191780821917808,773.5852931920283,-0.024230391110973006,True,,0.1372371469830932,,0.0,754.4210440115108,good,0.1362320325606059,0.1367694953523832,0.137303523745727,ok,put,0.9760608081172754,-0.09895257594717397
2026-09-04,2026-09-11,put,756.0,0.75,0.76,0.77,1205.0,1410.0,773.17,100,0.755,0.01,True,,7.0,0.0191780821917808,773.5852931920283,-0.022906764180464712,True,,0.1350776938104545,,0.0,755.4202771823869,good,0.134346760592782,0.1345984161263343,0.1348493628490829,ok,put,0.9773536038896161,-0.10804590666067923
2026-09-04,2026-09-11,put,757.0,0.83,0.84,0.84,1265.0,1290.0,773.17,100,0.835,0.01,True,,7.0,0.0191780821917808,773.5852931920283,-0.021584886922548938,True,,0.1332993553879834,,0.0,756.4195103532631,good,0.1325709582089293,0.1328062410870009,0.1330409512515205,ok,put,0.9786463996619569,-0.11869429268345638
2026-09-04,2026-09-11,put,758.0,0.92,0.93,0.93,5906.0,1458.0,773.17,100,0.925,0.01,True,,7.0,0.0191780821917808,773.5852931920283,-0.02026475471762606,True,,0.1315744657753225,,0.0,757.4187435241394,good,0.1308460304281365,0.1310662254214207,0.1312859602795949,ok,put,0.9799391954342976,-0.13045753300476048
2026-09-04,2026-09-11,put,759.0,1.02,1.03,1.03,1784.0,2030.0,773.17,100,1.025,0.01,True,,7.0,0.0191780821917808,773.5852931920283,-0.018946362964367792,True,,0.1298537280062052,,0.0,758.4179766950155,good,0.1291226691725181,0.1293291018865824,0.1295351665472695,ok,put,0.9812319912066384,-0.14333489937183205
2026-09-04,2026-09-11,put,760.0,1.13,1.14,1.14,29290.0,37267.0,773.17,100,1.1349999999999998,0.01,True,,7.0,0.0191780821917808,773.5852931920283,-0.017629707079620957,True,,0.1280955794773664,,0.0,759.4172098658917,good,0.1273593366522001,0.1275533053423591,0.127746980684164,ok,put,0.9825247869789792,-0.15733305463898725
2026-09-04,2026-09-11,put,761.0,1.25,1.26,1.26,1914.0,1621.0,773.17,100,1.255,0.01,True,,7.0,0.0191780821917808,773.5852931920283,-0.016314782498311885,True,,0.1262646154880337,,0.0,760.4164430367679,good,0.1255206592971999,0.1257033950829856,0.1258858978592912,ok,put,0.9838175827513199,-0.17246797309321207
2026-09-04,2026-09-11,put,762.0,1.38,1.4,1.38,1988.0,1347.0,773.17,100,1.39,0.02,True,,7.0,0.0191780821917808,773.5852931920283,-0.01500158467335145,True,,0.1245031848850285,,0.0,761.415676207644,good,0.1235758915633064,0.1239210015496263,0.1242653787285714,ok,put,0.9851103785236607,-0.18909336128093546
2026-09-04,2026-09-11,put,763.0,1.53,1.55,1.54,2055.0,1513.0,773.17,100,1.54,0.02,True,,7.0,0.0191780821917808,773.5852931920283,-0.013690109075540718,True,,0.1227562873754808,,0.0,762.4149093785202,good,0.1218245826984283,0.1221510797617219,0.1224770063022115,ok,put,0.9864031742960014,-0.20719217216721594
2026-09-04,2026-09-11,put,764.0,1.7,1.72,1.71,1960.0,1532.0,773.17,100,1.71,0.02,True,,7.0,0.0191780821917808,773.5852931920283,-0.012380351193477235,True,,0.1211320351028475,,0.0,763.4141425493964,good,0.1201914282336111,0.1205010394763769,0.1208102135421156,ok,put,0.9876959700683422,-0.22704252350970988
2026-09-04,2026-09-11,put,765.0,1.88,1.9,1.89,7111.0,4411.0,773.17,100,1.89,0.02,True,,7.0,0.0191780821917808,773.5852931920283,-0.011072306533461891,True,,0.119271058203981,,0.0,764.4133757202725,good,0.1183177095517271,0.1186125705766147,0.1189070989706132,ok,put,0.988988765840683,-0.24806065747838923
2026-09-04,2026-09-11,put,766.0,2.09,2.11,2.11,2189.0,1861.0,773.17,100,2.1,0.02,True,,7.0,0.0191780821917808,773.5852931920283,-0.009765970619406431,True,,0.1177238662132862,,0.0,765.4126088911487,good,0.1167521500754615,0.1170336345987525,0.1173148735673381,ok,put,0.9902815616130237,-0.27129051916630986
2026-09-04,2026-09-11,put,767.0,2.32,2.34,2.32,3016.0,4610.0,773.17,100,2.33,0.02,True,,7.0,0.0191780821917808,773.5852931920283,-0.008461338992741546,True,,0.1161328619633355,,0.0,766.4118420620249,good,0.1151376972081812,0.1154075612371539,0.1156772485485807,ok,put,0.9915743573853645,-0.2961243927833583
2026-09-04,2026-09-11,put,768.0,2.58,2.6,2.58,9107.0,3211.0,773.17,100,2.59,0.02,True,,7.0,0.0191780821917808,773.5852931920283,-0.007158407212325567,True,,0.1147173805636363,,0.0,767.4110752329011,good,0.113692452272086,0.1139522526489827,0.1142119312374602,ok,put,0.9928671531577052,-0.322907378833818
2026-09-04,2026-09-11,put,769.0,2.86,2.88,2.86,7827.0,1032.0,773.17,100,2.87,0.02,True,,7.0,0.0191780821917808,773.5852931920283,-0.005857170854353761,True,,0.1131615414783604,,0.0,768.4103084037772,good,0.1121009928718215,0.1123524209056889,0.1126037692632495,ok,put,0.994159948930046,-0.35115663815221987
2026-09-04,2026-09-11,put,770.0,3.18,3.2,3.19,17992.0,2093.0,773.17,100,3.1900000000000004,0.02,True,,7.0,0.0191780821917808,773.5852931920283,-0.0045576255122682045,True,,0.1119240575705986,,0.0,769.4095415746534,good,0.1108196004463072,0.11106416797568,0.1113086882581298,ok,put,0.9954527447023868,-0.38137540113809315
2026-09-04,2026-09-11,put,771.0,3.52,3.55,3.55,3303.0,1848.0,773.17,100,3.535,0.0299999999999998,True,,7.0,0.0191780821917808,773.5852931920283,-0.0032597667966682503,True,,0.1105795753354432,,0.0,770.4087747455296,good,0.1093038290006258,0.1096628637843268,0.1100218444854057,ok,put,0.9967455404747275,-0.4129467064469478
2026-09-04,2026-09-11,put,772.0,3.9,3.93,3.9,3924.0,1925.0,773.17,100,3.915,0.0300000000000002,True,,7.0,0.0191780821917808,773.5852931920283,-0.0019635903352215713,True,,0.109332088434431,,0.0,771.4080079164057,good,0.1079969310814054,0.1083505602505601,0.1087041697205368,ok,put,0.9980383362470683,-0.4459295256686553
2026-09-04,2026-09-11,put,773.0,4.32,4.35,4.32,4322.0,1231.0,773.17,100,4.335,0.0299999999999993,True,,7.0,0.0191780821917808,773.5852931920283,-0.000669091772575782,True,,0.108259707681221,,0.0,772.4072410872819,good,0.1068530330162816,0.107203767434605,0.1075544995854102,ok,put,0.999331132019409,-0.4800953497623434
2026-09-04,2026-09-11,call,774.0,4.29,4.31,4.29,2583.0,1844.0,773.17,100,4.3,0.0199999999999995,True,,7.0,0.0191780821917808,773.5852931920283,0.0006237332297294811,True,,0.1054420087079433,,0.0,772.9920854594448,good,0.1056902702191484,0.1059239155401717,0.1061575599571146,ok,call,1.00062392779175,0.4870071526058397
2026-09-04,2026-09-11,call,775.0,3.78,3.8,3.8,6155.0,9414.0,773.17,100,3.79,0.02,True,,7.0,0.0191780821917808,773.5852931920283,0.0019148889933493585,True,,0.1043691688229138,,0.0,772.9920854594448,good,0.104596983169217,0.1048323088697601,0.1050676254080671,ok,call,1.0019167235640907,0.4513690908928033
2026-09-04,2026-09-11,call,776.0,3.31,3.32,3.32,1769.0,2833.0,773.17,100,3.315,0.0099999999999997,True,,7.0,0.0191780821917808,773.5852931920283,0.0032043798232211118,True,,0.1032670376947572,,0.0,772.9920854594448,good,0.103592414518326,0.1037119217242308,0.1038314220829778,ok,call,1.0032095193364314,0.4154114042845093
2026-09-04,2026-09-11,call,777.0,2.87,2.9,2.88,3499.0,1882.0,773.17,100,2.885,0.0299999999999998,True,,7.0,0.0191780821917808,773.5852931920283,0.0044922100076498,True,,0.102366760185992,,0.0,772.9920854594448,good,0.1024262383386243,0.1027936185435069,0.1031608681076973,ok,call,1.0045023151087722,0.3796823766617795
2026-09-04,2026-09-11,call,778.0,2.47,2.49,2.49,2319.0,1546.0,773.17,100,2.4800000000000004,0.02,True,,7.0,0.0191780821917808,773.5852931920283,0.00577838381839396,True,,0.1011765509105711,,0.0,772.9920854594448,good,0.1013329782517805,0.101586356617035,0.1018396284371793,ok,call,1.005795110881113,0.343949649803219
2026-09-04,2026-09-11,call,779.0,2.12,2.13,2.13,2482.0,2207.0,773.17,100,2.125,0.0099999999999997,True,,7.0,0.0191780821917808,773.5852931920283,0.007062905510750619,True,,0.1003285758715793,,0.0,772.9920854594448,good,0.1005893370799718,0.1007216139170786,0.1008538462364054,ok,call,1.0070879066534537,0.30941611623711573
2026-09-04,2026-09-11,call,780.0,1.8,1.82,1.8,8472.0,15389.0,773.17,100,1.81,0.02,True,,7.0,0.0191780821917808,773.5852931920283,0.008345779323639774,True,,0.0996109570327622,,0.0,772.9920854594448,good,0.0997089176410199,0.0999879085449987,0.1002666169783163,ok,call,1.0083807024257945,0.2762458334130189
2026-09-04,2026-09-11,call,781.0,1.52,1.53,1.52,2098.0,1796.0,773.17,100,1.525,0.01,True,,7.0,0.0191780821917808,773.5852931920283,0.009627009479688317,True,,0.0987829807899465,,0.0,772.9920854594448,good,0.0989960218795957,0.0991446475000245,0.0992931636751879,ok,call,1.0096734981981352,0.24426984974574148
2026-09-04,2026-09-11,call,782.0,1.27,1.29,1.28,2066.0,1241.0,773.17,100,1.28,0.02,True,,7.0,0.0191780821917808,773.5852931920283,0.01090660018531343,True,,0.0981849985319128,,0.0,772.9920854594448,good,0.0982121236887665,0.0985320954918027,0.0988514048661955,ok,call,1.010966293970476,0.21450035050581823
2026-09-04,2026-09-11,call,783.0,1.06,1.07,1.07,2417.0,1954.0,773.17,100,1.065,0.01,True,,7.0,0.0191780821917808,773.5852931920283,0.01218455563080545,True,,0.0975869619147791,,0.0,772.9920854594448,good,0.097746376536772,0.0979202567326908,0.0980938880129558,ok,call,1.0122590897428168,0.18666167376314038
2026-09-04,2026-09-11,call,784.0,0.87,0.89,0.89,1561.0,990.0,773.17,100,0.88,0.02,True,,7.0,0.0191780821917808,773.5852931920283,0.013460879990410193,True,,0.0970635106878926,,0.0,772.9920854594448,good,0.0970013199936418,0.097383757065884,0.0977647037522504,ok,call,1.0135518855151575,0.1610944504474642
2026-09-04,2026-09-11,call,785.0,0.71,0.73,0.73,4259.0,3459.0,773.17,100,0.72,0.02,True,,7.0,0.0191780821917808,773.5852931920283,0.014735577422410776,True,,0.0965169784333365,,0.0,772.9920854594448,good,0.0963997630004271,0.0968248714270786,0.0972477376667978,ok,call,1.0148446812874983,0.1376571661257912
2026-09-04,2026-09-11,call,786.0,0.58,0.59,0.58,2250.0,1844.0,773.17,100,0.585,0.01,True,,7.0,0.0191780821917808,773.5852931920283,0.016008652069208887,True,,0.0960442214501907,,0.0,772.9920854594448,good,0.0961021207364112,0.0963404643648979,0.0965779620649018,ok,call,1.016137477059839,0.11664016404851016
2026-09-04,2026-09-11,call,787.0,0.47,0.48,0.47,1511.0,1556.0,773.17,100,0.475,0.01,True,,7.0,0.0191780821917808,773.5852931920283,0.017280108057405565,True,,0.0957969485956619,,0.0,772.9920854594448,good,0.0958126991887867,0.0960823338831208,0.0963506984271095,ok,call,1.0174302728321798,0.09838526893899109
2026-09-04,2026-09-11,call,788.0,0.38,0.39,0.38,1275.0,1027.0,773.17,100,0.385,0.01,True,,7.0,0.0191780821917808,773.5852931920283,0.018549949497881465,True,,0.095702398771744,,0.0,772.9920854594448,good,0.0956703822678491,0.0959776745822909,0.0962830624209736,ok,call,1.0187230686045206,0.08259560734903433
2026-09-04,2026-09-11,call,789.0,0.31,0.32,0.32,929.0,1254.0,773.17,100,0.315,0.01,True,,7.0,0.0191780821917808,773.5852931920283,0.01981818048587658,True,,0.0959753323910956,,0.0,772.9920854594448,good,0.0958907833304986,0.0962414069875764,0.0965892288046249,ok,call,1.0200158643768613,0.06954590656729691
2026-09-04,2026-09-11,call,790.0,0.25,0.26,0.26,3539.0,2514.0,773.17,100,0.255,0.01,True,,7.0,0.0191780821917808,773.5852931920283,0.021084805101069512,True,,0.0961325743057804,,0.0,772.9920854594448,good,0.0959855937048555,0.0963899379278766,0.0967900938556525,ok,call,1.021308660149202,0.057997033195508
2026-09-04,2026-09-11,call,791.0,0.2,0.21,0.21,3283.0,3354.0,773.17,100,0.205,0.0099999999999999,True,,7.0,0.0191780821917808,773.5852931920283,0.022349827407656207,True,,0.0962664941520876,,0.0,772.9920854594448,good,0.0960451748498876,0.0965156567790034,0.0969798118641808,ok,call,1.0226014559215428,0.048013044435692785
2026-09-04,2026-09-11,call,792.0,0.16,0.17,0.17,1748.0,4132.0,773.17,100,0.165,0.01,True,,7.0,0.0191780821917808,773.5852931920283,0.023613251454428184,True,,0.0965272021951112,,0.0,772.9920854594448,good,0.0962189895048376,0.0967687688361921,0.0973090173059638,ok,call,1.0238942516938836,0.039684734309909035
2026-09-04,2026-09-11,call,793.0,0.13,0.14,0.13,275.0,683.0,773.17,100,0.135,0.01,True,,7.0,0.0191780821917808,773.5852931920283,0.024875081274850313,True,,0.0971501626380281,,0.0,772.9920854594448,good,0.0967459623407795,0.0973849326876349,0.098009949075406,ok,call,1.0251870474662244,0.0331226295885691
2026-09-04,2026-09-11,call,794.0,0.1,0.11,0.1,122.0,382.0,773.17,100,0.105,0.0099999999999999,True,,7.0,0.0191780821917808,773.5852931920283,0.026135320887138047,True,,0.0969999918315141,,0.0,772.9920854594448,good,0.0964580905863911,0.0972276430932067,0.09797490511452,ok,call,1.0264798432385651,0.026594256552757312
2026-09-04,2026-09-11,call,795.0,0.08,0.09,0.1,748.0,1722.0,773.17,100,0.0849999999999999,0.0099999999999999,True,,7.0,0.0191780821917808,773.5852931920283,0.027393974294334225,True,,0.0975714993375847,,0.0,772.9920854594448,good,0.0968851090874857,0.097793114450787,0.0986678730183717,ok,call,1.0277726390109059,0.021947571105773035
2026-09-04,2026-09-11,call,796.0,0.07,0.08,0.07,1545.0,1086.0,773.17,100,0.075,0.0099999999999999,True,,7.0,0.0191780821917808,773.5852931920283,0.028651045484385337,True,,0.0994425035572987,,0.0,772.9920854594448,good,0.0986447238444177,0.0996597013047377,0.1006319803342221,ok,call,1.0290654347832466,0.019311716260540433
2026-09-04,2026-09-11,call,797.0,0.06,0.07,0.06,475.0,903.0,773.17,100,0.065,0.01,True,,7.0,0.0191780821917808,773.5852931920283,0.02990653843021736,True,,0.1010064941469272,,0.0,772.9920854594448,good,0.1000697317718633,0.1012192849990216,0.1023122909701511,ok,call,1.0303582305555874,0.01676548116820149
2026-09-04,2026-09-11,call,798.0,0.05,0.06,0.06,354.0,2908.0,773.17,100,0.055,0.0099999999999999,True,,7.0,0.0191780821917808,773.5852931920283,0.031160457089811085,True,,0.1021981650211305,,0.0,772.9920854594448,good,0.1010805590424374,0.1024064845721751,0.1036543291406218,ok,call,1.0316510263279282,0.014287953902726021
2026-09-04,2026-09-11,call,799.0,0.04,0.05,0.05,356.0,1151.0,773.17,100,0.045,0.01,True,,7.0,0.0191780821917808,773.5852931920283,0.03241280540627699,True,,0.1029167341319216,,0.0,772.9920854594448,good,0.1015498290087207,0.1031204171007676,0.1045765759390781,ok,call,1.032943822100269,0.011856634322808248
2026-09-04,2026-09-11,call,800.0,0.04,0.05,0.05,869.0,2785.0,773.17,100,0.045,0.01,True,,7.0,0.0191780821917808,773.5852931920283,0.033663587307929614,True,,0.1063582673275632,,0.0,772.9920854594448,good,0.1049485929347152,0.106559981967712,0.1080536516507431,ok,call,1.0342366178726097,0.01151293568151449
2026-09-04,2026-09-11,call,801.0,0.03,0.04,0.03,242.0,1215.0,773.17,100,0.035,0.01,True,,7.0,0.0191780821917808,773.5852931920283,0.034912806708361534,True,,0.1063323362763442,,0.0,772.9920854594448,good,0.1045396823096911,0.1065292386356616,0.1083299803505478,ok,call,1.0355294136449504,0.009177784532501803
2026-09-04,2026-09-11,call,802.0,0.03,0.04,0.03,1111.0,1134.0,773.17,100,0.035,0.01,True,,7.0,0.0191780821917808,773.5852931920283,0.03616046750651681,True,,0.1096547746748257,,0.0,772.9920854594448,good,0.1078113298103466,0.1098499262350192,0.111694618459214,ok,call,1.0368222094172912,0.008927402312765663
2026-09-04,2026-09-11,call,803.0,0.03,0.04,0.04,6.0,736.0,773.17,100,0.035,0.01,True,,7.0,0.0191780821917808,773.5852931920283,0.03740657358676398,True,,0.1129614302886162,,0.0,772.9920854594448,good,0.1110677150174557,0.1131548752556846,0.1150430857851688,ok,call,1.038115005189632,0.008692004902939797
2026-09-04,2026-09-11,call,804.0,0.02,0.03,0.03,1.0,1219.0,773.17,100,0.025,0.0099999999999999,True,,7.0,0.0191780821917808,773.5852931920283,0.03865112881896868,True,,0.1117171857435192,,0.0,772.9920854594448,good,0.1091288694582646,0.1119054918911001,0.1143093359388475,ok,call,1.0394078009619727,0.006467446147712767
2026-09-04,2026-09-11,call,805.0,0.02,0.03,0.02,36.0,567.0,773.17,100,0.025,0.0099999999999999,True,,7.0,0.0191780821917808,773.5852931920283,0.039894137058565676,True,,0.1148917685124746,,0.0,772.9920854594448,good,0.1122385348391733,0.1150785676773356,0.1175366538531467,ok,call,1.0407005967343135,0.006305546456897495
2026-09-04,2026-09-11,call,806.0,0.02,0.03,0.04,41.0,266.0,773.17,100,0.025,0.0099999999999999,True,,7.0,0.0191780821917808,773.5852931920283,0.0411356021466306,True,,0.1180529178950591,,0.0,772.9920854594448,good,0.115335341081811,0.1182382470788896,0.1207500971715891,ok,call,1.0419933925066542,0.006152528230356913
2026-09-04,2026-09-11,call,807.0,0.02,0.03,0.02,1.0,987.0,773.17,100,0.025,0.0099999999999999,True,,7.0,0.0191780821917808,773.5852931920283,0.0423755279099511,True,,0.1212010197239435,,0.0,772.9920854594448,good,0.1184196522472376,0.1213849069791768,0.1239500716135161,ok,call,1.043286188278995,0.006007655954951571
2026-09-04,2026-09-11,call,808.0,0.02,0.03,0.01,0.0,187.0,773.17,100,0.025,0.0099999999999999,True,,7.0,0.0191780821917808,773.5852931920283,0.04361391816109768,True,,0.1243364349175591,,0.0,772.9920854594448,good,0.1214918088348243,0.1245189099956866,0.1271369507425668,ok,call,1.0445789840513358,0.005870277857400899
2026-09-04,2026-09-11,call,809.0,0.02,0.03,0.02,7.0,1203.0,773.17,100,0.025,0.0099999999999999,True,,7.0,0.0191780821917808,773.5852931920283,0.04485077669849399,True,,0.1274595017956243,,0.0,772.9920854594448,good,0.1245521291460509,0.1276405917024263,0.1303110826691324,ok,call,1.0458717798236765,0.0057398095248938664
2026-09-04,2026-09-11,call,810.0,0.02,0.03,0.03,9.0,1688.0,773.17,100,0.025,0.0099999999999999,True,,7.0,0.0191780821917808,773.5852931920283,0.04608610730648675,True,,0.1305705381208963,,0.0,772.9920854594448,good,0.127600917115862,0.1307502686211916,0.1334728028114249,ok,call,1.0471645755960173,0.005615727119007801
2026-09-04,2026-09-11,call,811.0,0.01,0.02,0.02,3.0,561.0,773.17,100,0.015,0.01,True,,7.0,0.0191780821917808,773.5852931920283,0.047319913755415215,True,,0.1266001440415816,,0.0,772.9920854594448,good,0.1217926278217935,0.1267743728537519,0.1306384504886908,ok,call,1.048457371368358,0.003617562749483403
2026-09-04,2026-09-11,call,812.0,0.01,0.02,0.02,0.0,1515.0,773.17,100,0.015,0.01,True,,7.0,0.0191780821917808,773.5852931920283,0.04855219980168025,True,,0.1295546640855999,,0.0,772.9920854594448,good,0.1246500129563834,0.1297277190423746,0.1336649995289395,ok,call,1.0497501671406988,0.0035421822659232383
2026-09-04,2026-09-11,call,813.0,0.01,0.02,0.02,6.0,1177.0,773.17,100,0.015,0.01,True,,7.0,0.0191780821917808,773.5852931920283,0.04978296918781288,True,,0.1324989400385131,,0.0,772.9920854594448,good,0.1274978197197373,0.1326708399814976,0.1366808127674995,ok,call,1.0510429629130396,0.0034702483521254594
2026-09-04,2026-09-11,call,814.0,0.01,0.02,0.01,1.0,933.0,773.17,100,0.015,0.01,True,,7.0,0.0191780821917808,773.5852931920283,0.05101222564254259,True,,0.1354331957104136,,0.0,772.9920854594448,good,0.1303362527215475,0.1356039615299998,0.1396861290060131,ok,call,1.0523357586853803,0.003401524087010031
2026-09-04,2026-09-11,call,815.0,0.01,0.02,0.01,4.0,947.0,773.17,100,0.015,0.01,True,,7.0,0.0191780821917808,773.5852931920283,0.052239972880864995,True,,0.1383576433021217,,0.0,772.9920854594448,good,0.1331655109237281,0.1385272881916057,0.1426811746868014,ok,call,1.053628554457721,0.003335792176382537
2026-09-04,2026-09-11,call,816.0,0.01,0.02,0.02,9.0,624.0,773.17,100,0.015,0.01,True,,7.0,0.0191780821917808,773.5852931920283,0.053466214604109295,True,,0.1412724842530611,,0.0,772.9920854594448,good,0.1359857728603954,0.141441028630241,0.1456661638552882,ok,call,1.0549213502300618,0.003272857589337197
2026-09-04,2026-09-11,call,817.0,0.01,0.02,0.01,3.0,184.0,773.17,100,0.015,0.01,True,,7.0,0.0191780821917808,773.5852931920283,0.05469095450000517,True,,0.1441779100267503,,0.0,772.9920854594448,good,0.1387972151267412,0.144345365471961,0.1486412989733671,ok,call,1.0562141460024026,0.003212539193984775
2026-09-04,2026-09-11,call,818.0,0.01,0.02,0.02,1.0,1284.0,773.17,100,0.015,0.01,True,,7.0,0.0191780821917808,773.5852931920283,0.055914196242749334,True,,0.1470741028331399,,0.0,772.9920854594448,good,0.141600001953065,0.147240487507221,0.1516067734249899,ok,call,1.0575069417747434,0.0031546740824578094
2026-09-04,2026-09-11,call,819.0,0.01,0.02,0.02,0.0,1076.0,773.17,100,0.015,0.01,True,,7.0,0.0191780821917808,773.5852931920283,0.0571359434930717,True,,0.1499612362892683,,0.0,772.9920854594448,good,0.1443942984504991,0.1501265647200486,0.1545627738157877,ok,call,1.0587997375470841,0.0030991110538529966
2026-09-04,2026-09-11,call,820.0,0.01,0.02,0.02,0.0,623.0,773.17,100,0.015,0.01,True,,7.0,0.0191780821917808,773.5852931920283,0.05835619989830108,True,,0.1528394844599974,,0.0,772.9920854594448,good,0.1471802498382824,0.1530037617432253,0.1575094712490383,ok,call,1.0600925333194249,0.0030457116727574058
2026-09-04,2026-09-11,call,821.0,0.01,0.02,0.01,0.0,515.0,773.17,100,0.015,0.01,True,,7.0,0.0191780821917808,773.5852931920283,0.0595749690924305,True,,0.1557089829143985,,0.0,772.9920854594448,good,0.1499580025693139,0.1558722368871347,0.1604470379329905,ok,call,1.0613853290917656,0.0029943487128340092
2026-09-04,2026-09-11,call,822.0,0.01,0.02,0.01,0.0,261.0,773.17,100,0.015,0.01,True,,7.0,0.0191780821917808,773.5852931920283,0.06079225469618219,True,,0.1585699008747877,,0.0,772.9920854594448,good,0.1527276951441128,0.1587321406679607,0.1633756326095866,ok,call,1.0626781248641064,0.002944904732880234
2026-09-04,2026-09-11,call,823.0,0.01,0.02,0.02,0.0,5415.0,773.17,100,0.015,0.01,True,,7.0,0.0191780821917808,773.5852931920283,0.06200806031707209,True,,0.1614223806637192,,0.0,772.9920854594448,good,0.1554894600625514,0.1615836173069857,0.1662954094232873,ok,call,1.0639709206364472,0.0028972712997618545
2026-09-04,2026-09-11,call,824.0,0.01,0.02,0.03,0.0,5949.0,773.17,100,0.015,0.01,True,,7.0,0.0191780821917808,773.5852931920283,0.06322238954947397,True,,0.164266560040268,,0.0,772.9920854594448,good,0.1582434250085074,0.1644268050427421,0.1692065153662268,ok,call,1.065263716408788,0.0028513481193180265
2026-09-04,2026-09-11,call,825.0,0.01,0.02,0.01,0.0,1091.0,773.17,100,0.015,0.01,True,,7.0,0.0191780821917808,773.5852931920283,0.06443524597468325,True,,0.1671025717033017,,0.0,772.9920854594448,good,0.1609897095989088,0.1672618365648196,0.1721090895689525,ok,call,1.0665565121811287,0.002807042288248775
2026-09-04,2026-09-11,call,830.0,0.01,0.02,0.01,2.0,2130.0,773.17,100,0.015,0.01,True,,7.0,0.0191780821917808,773.5852931920283,0.07047756043064587,True,,0.1811644130166002,,0.0,772.9920854594448,good,0.1746098953860783,0.1813189343329239,0.18649858155663,ok,call,1.0730204910428325,0.002606958261713199
2026-09-04,2026-09-11,call,835.0,0.01,0.02,0.03,0.0,1058.0,773.17,100,0.015,0.01,True,,7.0,0.0191780821917808,773.5852931920283,0.07648358449085774,True,,0.195039285872966,,0.0,772.9920854594448,good,0.1880539113922945,0.1951892988069833,0.2006930874239607,ok,call,1.0794844699045363,0.0024366140610972754
2026-09-04,2026-09-11,call,840.0,0.0,0.01,0.01,1.0,2291.0,773.17,100,0.005,0.01,True,,7.0,0.0191780821917808,773.5852931920283,0.08245375147736154,True,,0.1897802893247567,,0.0,772.9920854594448,good,,0.189922592080976,0.201332708259387,ok,call,1.08594844876624,0.0009006606590302696
2026-09-04,2026-09-11,call,845.0,0.0,0.01,0.01,52.0,155.0,773.17,100,0.005,0.01,True,,7.0,0.0191780821917808,773.5852931920283,0.08838848699717608,True,,0.2022774061082717,,0.0,772.9920854594448,good,,0.2024163458342171,0.2144555932272147,ok,call,1.0924124276279439,0.0008489941162702185
2026-09-04,2026-09-11,call,850.0,0.0,0.01,0.01,4.0,279.0,773.17,100,0.005,0.01,True,,7.0,0.0191780821917808,773.5852931920283,0.09428820912436436,True,,0.2146387095522376,,0.0,772.9920854594448,good,,0.2147743825513424,0.2274305916129939,ok,call,1.0988764064896477,0.000803593900106238
2026-09-04,2026-09-11,call,855.0,0.0,0.01,0.02,0.0,95.0,773.17,100,0.005,0.01,True,,7.0,0.0191780821917808,773.5852931920283,0.10015332857676243,True,,0.2268703354281006,,0.0,772.9920854594448,good,,0.2270028879227205,0.2402647098006893,ok,call,1.1053403853513515,0.000763364641370255
2026-09-04,2026-09-11,call,860.0,0.0,0.01,0.01,0.0,161.0,773.17,100,0.005,0.01,True,,7.0,0.0191780821917808,773.5852931920283,0.10598424888755563,True,,0.2389778201361941,,0.0,772.9920854594448,good,,0.239107331744385,0.2529641242919918,ok,call,1.1118043642130553,0.0007274545173743728
2026-09-04,2026-09-11,call,865.0,0.0,0.01,0.02,0.0,245.0,773.17,100,0.005,0.01,True,,7.0,0.0191780821917808,773.5852931920283,0.11178136657188152,True,,0.2509660309308403,,0.0,772.9920854594448,good,,0.2510925855771423,0.2655343443523585,ok,call,1.118268343074759,0.0006951904517230802
2026-09-04,2026-09-11,call,870.0,0.0,0.01,0.02,0.0,182.0,773.17,100,0.005,0.01,True,,7.0,0.0191780821917808,773.5852931920283,0.11754507128863159,True,,0.2628393639304532,,0.0,772.9920854594448,good,,0.2629630404192121,0.2779803106030557,ok,call,1.1247323219364629,0.0006660338217504426
2026-09-04,2026-09-11,call,875.0,0.0,0.01,0.01,0.0,269.0,773.17,100,0.005,0.01,True,,7.0,0.0191780821917808,773.5852931920283,0.12327574599761662,True,,0.2746018144609585,,0.0,772.9920854594448,good,,0.2747226725305797,0.2903064910795826,ok,call,1.1311963007981667,0.0006395480130598986
2026-09-04,2026-09-11,call,880.0,0.0,0.01,0.01,0.0,155.0,773.17,100,0.005,0.01,True,,7.0,0.0191780821917808,773.5852931920283,0.12897376711225433,True,,0.2862570176541805,,0.0,772.9920854594448,good,,0.2863751090778842,0.3025169599033417,ok,call,1.1376602796598705,0.000615375318307962
2026-09-04,2026-09-11,call,885.0,0.0,0.01,0.01,1.0,1437.0,773.17,100,0.005,0.01,True,,7.0,0.0191780821917808,773.5852931920283,0.13463950464793167,True,,0.2978082464897931,,0.0,772.9920854594448,good,,0.2979236765087618,0.3146154385441582,ok,call,1.1441242585215743,0.000593219753858038
2026-09-04,2026-09-11,call,890.0,0.0,0.01,0.01,0.0,1285.0,773.17,100,0.005,0.01,True,,7.0,0.0191780821917808,773.5852931920283,0.1402733223661877,True,,0.3092585944842994,,0.0,772.9920854594448,good,,0.3093714412042155,0.3266053561631954,ok,call,1.150588237383278,0.0005728342242349916
2026-09-04,2026-09-11,call,895.0,0.0,0.01,0.01,0.0,2371.0,773.17,100,0.005,0.01,True,,7.0,0.0191780821917808,773.5852931920283,0.14587557791485772,True,,0.3206109673635512,,0.0,772.9920854594448,good,,0.3207212443012486,0.3384898823621002,ok,call,1.1570522162449821,0.0005540108007118768
2026-09-04,2026-09-14,put,700.0,0.08,0.09,0.08,144.0,276.0,773.17,100,0.0849999999999999,0.0099999999999999,True,,10.0,0.0273972602739726,773.7633442673337,-0.09996708032041374,True,,0.2527554713115166,,0.0,699.2332969003488,good,0.250409298527863,0.252256887387278,0.254030008489449,ok,put,0.9048672054841329,-0.007861792818155742
2026-09-04,2026-09-14,put,705.0,0.09,0.1,0.13,14.0,72.0,773.17,100,0.095,0.01,True,,10.0,0.0273972602739726,773.7633442673337,-0.09284961255154965,True,,0.2401338857299129,,0.0,704.2278204496371,good,0.2380079906361116,0.239626851241669,0.2411878986410216,ok,put,0.9113305426661625,-0.00911356262237766
2026-09-04,2026-09-14,put,710.0,0.1,0.11,0.13,18.0,65.0,773.17,100,0.105,0.0099999999999999,True,,10.0,0.0273972602739726,773.7633442673337,-0.0857824453284572,True,,0.2269411372193804,,0.0,709.2223439989252,good,0.2249986087847194,0.2264256263661548,0.2278070242332445,ok,put,0.917793879848192,-0.010505165884639211
2026-09-04,2026-09-14,put,715.0,0.11,0.12,0.12,7.0,208.0,773.17,100,0.1149999999999999,0.0099999999999999,True,,10.0,0.0273972602739726,773.7633442673337,-0.07876487266981065,True,,0.2132350252696144,,0.0,714.2168675482135,good,0.211448101521655,0.2127108740569114,0.2139372050634838,ok,put,0.9242572170302216,-0.01206894602183559
2026-09-04,2026-09-14,put,720.0,0.13,0.14,0.14,56.0,218.0,773.17,100,0.135,0.01,True,,10.0,0.0273972602739726,773.7633442673337,-0.07179620335371732,True,,0.2012124057386085,,0.0,719.2113910975017,good,0.1996117160347737,0.2006746204765258,0.2017118541521014,ok,put,0.9307205542122511,-0.014691199343420301
2026-09-04,2026-09-14,put,725.0,0.15,0.16,0.17,87.0,1763.0,773.17,100,0.155,0.01,True,,10.0,0.0273972602739726,773.7633442673337,-0.06487576050914355,True,,0.1881807451970756,,0.0,724.2059146467899,good,0.1867231684409685,0.1876293620544848,0.1885168500103117,ok,put,0.9371838913942806,-0.017659034367831762
2026-09-04,2026-09-14,put,730.0,0.18,0.19,0.19,407.0,403.0,773.17,100,0.185,0.01,True,,10.0,0.0273972602739726,773.7633442673337,-0.058002881221381516,True,,0.1757919657480841,,0.0,729.2004381960782,good,0.1744714955363592,0.1752227523003406,0.1759613432846845,ok,put,0.9436472285763101,-0.021972761278795647
2026-09-04,2026-09-14,put,735.0,0.23,0.24,0.25,417.0,471.0,773.17,100,0.235,0.0099999999999999,True,,10.0,0.0273972602739726,773.7633442673337,-0.05117691615098166,True,,0.1646026617634877,,0.0,734.1949617453663,good,0.163410627936445,0.164008517387527,0.1645987597258048,ok,put,0.9501105657583396,-0.028782870691862698
2026-09-04,2026-09-14,put,740.0,0.3,0.31,0.32,811.0,719.0,773.17,100,0.305,0.01,True,,10.0,0.0273972602739726,773.7633442673337,-0.0443972291656029,True,,0.1534065192788726,,0.0,739.1894852946546,good,0.152311778150781,0.1527816218387404,0.153247053720153,ok,put,0.9565739029403691,-0.03848781086872386
2026-09-04,2026-09-14,put,745.0,0.42,0.43,0.43,493.0,641.0,773.17,100,0.425,0.01,True,,10.0,0.0273972602739726,773.7633442673337,-0.03766319698425883,True,,0.1435890327414921,,0.0,744.1840088439427,good,0.142565041472609,0.1429206071588786,0.1432739447122609,ok,put,0.9630372401223987,-0.05433687781708757
2026-09-04,2026-09-14,put,750.0,0.61,0.62,0.61,881.0,1406.0,773.17,100,0.615,0.01,True,,10.0,0.0273972602739726,773.7633442673337,-0.030974208833462226,True,,0.1342545516862336,,0.0,749.178532393231,good,0.133261787930577,0.1335278673335578,0.1337929094909931,ok,put,0.9695005773044282,-0.07886097596650792
2026-09-04,2026-09-14,put,755.0,0.92,0.94,0.92,939.0,695.0,773.17,100,0.93,0.0199999999999999,True,,10.0,0.0273972602739726,773.7633442673337,-0.024329666114793654,True,,0.1257559955943811,,0.0,754.1730559425191,good,0.1245507921151355,0.1249477356853727,0.1253429418210117,ok,put,0.9759639144864577,-0.11760326901146397
2026-09-04,2026-09-14,put,760.0,1.43,1.45,1.43,1778.0,1325.0,773.17,100,1.44,0.02,True,,10.0,0.0273972602739726,773.7633442673337,-0.017728982083441598,True,,0.1176623639748303,,0.0,759.1675794918074,good,0.1164369232226451,0.1167382936312832,0.1170390105549146,ok,put,0.9824272516684872,-0.17682205499194834
2026-09-04,2026-09-14,put,765.0,2.25,2.28,2.25,1236.0,540.0,773.17,100,2.265,0.0299999999999998,True,,10.0,0.0273972602739726,773.7633442673337,-0.011171581537282529,True,,0.1100362240644494,,0.0,764.1621030410955,good,0.1085808033234352,0.1089389929304432,0.1092967311343478,ok,put,0.9888905888505167,-0.26467621130699537
2026-09-04,2026-09-14,put,770.0,3.59,3.62,3.59,1356.0,169.0,773.17,100,3.605,0.0300000000000002,True,,10.0,0.0273972602739726,773.7633442673337,-0.004656900516088838,True,,0.1035632382754617,,0.0,769.1566265903838,good,0.1018813140778878,0.102187214871383,0.1024930463296392,ok,put,0.9953539260325462,-0.3880834165717416
2026-09-04,2026-09-14,call,775.0,4.26,4.29,4.29,2953.0,482.0,773.17,100,4.275,0.0300000000000002,True,,10.0,0.0273972602739726,773.7633442673337,0.00181561398952873,True,,0.0952989037249135,,0.0,772.9158489038392,good,0.0964878208148581,0.0967832553353559,0.0970786783299843,ok,call,1.0018172632145759,0.4578164844901066
2026-09-04,2026-09-14,call,780.0,2.19,2.21,2.18,1640.0,384.0,773.17,100,2.2,0.02,True,,10.0,0.0273972602739726,773.7633442673337,0.00824650431981915,True,,0.0911059686320894,,0.0,772.9158489038392,good,0.0919887056732313,0.0922145011819352,0.0924401354509813,ok,call,1.0082806003966054,0.29698243867933505
2026-09-04,2026-09-14,call,785.0,0.96,0.98,0.98,1608.0,534.0,773.17,100,0.97,0.02,True,,10.0,0.0273972602739726,773.7633442673337,0.014636302418590156,True,,0.0882156223917477,,0.0,772.9158489038392,good,0.0887533734428439,0.0890722043280188,0.0893899144686841,ok,call,1.014743937578635,0.1621358985567291
2026-09-04,2026-09-14,call,790.0,0.37,0.39,0.39,874.0,341.0,773.17,100,0.38,0.02,True,,10.0,0.0273972602739726,773.7633442673337,0.020985530097248895,True,,0.0872408113076553,,0.0,772.9158489038392,good,0.0873793601402859,0.0879310522146108,0.0884756401909002,ok,call,1.0212072747606644,0.07566256758273988
2026-09-04,2026-09-14,call,795.0,0.14,0.15,0.15,5821.0,3297.0,773.17,100,0.145,0.0099999999999999,True,,10.0,0.0273972602739726,773.7633442673337,0.027294699290513612,True,,0.0885090299661778,,0.0,772.9158489038392,good,0.0885501431904387,0.0890914905854894,0.0896217969836928,ok,call,1.027670611942694,0.03260711735703919
2026-09-04,2026-09-14,call,800.0,0.06,0.07,0.06,7281.0,148.0,773.17,100,0.065,0.01,True,,10.0,0.0273972602739726,773.7633442673337,0.033564312304109,True,,0.0929891985743483,,0.0,772.9158489038392,good,0.0924687161147416,0.093506895101037,0.0944935204552142,ok,call,1.0341339491247235,0.015344710277194848
2026-09-04,2026-09-14,call,805.0,0.03,0.04,0.05,460.0,22.0,773.17,100,0.035,0.01,True,,10.0,0.0273972602739726,773.7633442673337,0.03979486205474507,True,,0.0994997916649751,,0.0,772.9158489038392,good,0.0981525950338995,0.0999771845704552,0.1016272082312865,ok,call,1.040597286306753,0.008272098019765101
2026-09-04,2026-09-14,call,810.0,0.02,0.03,0.04,16.0,132.0,773.17,100,0.025,0.0099999999999999,True,,10.0,0.0273972602739726,773.7633442673337,0.04598683230266615,True,,0.1087599478684144,,0.0,772.9158489038392,good,0.106583225063748,0.1092159392240352,0.1114919395430712,ok,call,1.0470606234887825,0.005622201069513637
2026-09-04,2026-09-14,call,815.0,0.02,0.03,0.02,26.0,5.0,773.17,100,0.025,0.0099999999999999,True,,10.0,0.0273972602739726,773.7633442673337,0.0521406978770444,True,,0.1216374679279667,,0.0,772.9158489038392,good,0.1192054125047151,0.1220876311921011,0.1245768054996494,ok,call,1.053523960670812,0.005080987593582573
2026-09-04,2026-09-14,call,820.0,0.01,0.02,0.01,0.0,12.0,773.17,100,0.015,0.01,True,,10.0,0.0273972602739726,773.7633442673337,0.058256924894480484,True,,0.1274220997364504,,0.0,772.9158489038392,good,0.1229797076304254,0.1278488789087626,0.1316163902989098,ok,call,1.0599872978528415,0.003048351268941752
2026-09-04,2026-09-14,call,825.0,0.01,0.02,0.01,0.0,5.0,773.17,100,0.015,0.01,True,,10.0,0.0273972602739726,773.7633442673337,0.06433597097086266,True,,0.1393594484583926,,0.0,772.9158489038392,good,0.1345373583511923,0.1397821930295859,0.1438357174377122,ok,call,1.066450635034871,0.0028091275687779915
2026-09-04,2026-09-14,call,830.0,0.01,0.02,0.01,0.0,1006.0,773.17,100,0.015,0.01,True,,10.0,0.0273972602739726,773.7633442673337,0.07037828542682528,True,,0.1511279914191146,,0.0,772.9158489038392,good,0.1459364259037399,0.1515471103493059,0.1558789735994547,ok,call,1.0729139722169005,0.0026086295282875455
2026-09-04,2026-09-14,call,835.0,0.01,0.02,0.01,0.0,1.0,773.17,100,0.015,0.01,True,,10.0,0.0273972602739726,773.7633442673337,0.07638430948703716,True,,0.1627397596584924,,0.0,772.9158489038392,good,0.1571879109139919,0.163155588383611,0.1677588716320887,ok,call,1.07937730939893,0.002437968642518359
2026-09-04,2026-09-14,call,840.0,0.01,0.02,0.01,76.0,2228.0,773.17,100,0.015,0.01,True,,10.0,0.0273972602739726,773.7633442673337,0.08235447647354097,True,,0.1742047832219293,,0.0,772.9158489038392,good,0.1683010030884701,0.1746175988988741,0.1794860058305201,ok,call,1.0858406465809596,0.0022908099118768037
2026-09-04,2026-09-14,call,845.0,0.0,0.01,0.01,100.0,20.0,773.17,100,0.005,0.01,True,,10.0,0.0273972602739726,773.7633442673337,0.0882892119933555,True,,0.1688342927667456,,0.0,772.9158489038392,good,,0.1692138679921561,0.1792835111804482,ok,call,1.092303983762989,0.0008494161795708707
2026-09-04,2026-09-15,put,695.0,0.1,0.11,0.11,47.0,79.0,773.17,100,0.105,0.0099999999999999,True,,11.0,0.0301369863013698,773.8227037321593,-0.10722916515750745,True,,0.2630953616296025,,0.0,694.1626965582651,good,0.2608788396267472,0.2624680360606385,0.2640056616767011,ok,put,0.8983197858049159,-0.008789945825638367
2026-09-04,2026-09-15,put,700.0,0.11,0.12,0.14,3.0,31.0,773.17,100,0.1149999999999999,0.0099999999999999,True,,11.0,0.0301369863013698,773.8227037321593,-0.10006067567889493,True,,0.2504639769139303,,0.0,699.1566727924973,good,0.2484145011215877,0.249833769874347,0.2512113779980037,ok,put,0.9047825180768937,-0.009983895284897
2026-09-04,2026-09-15,put,705.0,0.12,0.13,0.26,0.0,34.0,773.17,100,0.125,0.01,True,,11.0,0.0301369863013698,773.8227037321593,-0.09294320791003097,True,,0.23739566526524,,0.0,704.1506490267294,good,0.2354912351594087,0.2367631829171466,0.2380011186093933,ok,put,0.9112452503488715,-0.011304251336908759
2026-09-04,2026-09-15,put,710.0,0.13,0.14,0.18,2.0,19.0,773.17,100,0.135,0.01,True,,11.0,0.0301369863013698,773.8227037321593,-0.08587604068693852,True,,0.2239248614168159,,0.0,709.1446252609614,good,0.2221481977777148,0.2232905813989696,0.2244049787045247,ok,put,0.9177079826208493,-0.012777495282408534
2026-09-04,2026-09-15,put,715.0,0.15,0.16,0.17,84.0,46.0,773.17,100,0.155,0.01,True,,11.0,0.0301369863013698,773.8227037321593,-0.07885846802829198,True,,0.212068267664027,,0.0,714.1386014951936,good,0.2104431603496564,0.2114251716362812,0.2123865684988503,ok,put,0.9241707148928271,-0.01519510428717061
2026-09-04,2026-09-15,put,720.0,0.17,0.18,0.31,4.0,41.0,773.17,100,0.175,0.0099999999999999,True,,11.0,0.0301369863013698,773.8227037321593,-0.07188979871219854,True,,0.1993839189549978,,0.0,719.1325777294257,good,0.1978812442280274,0.1987332609279684,0.1995697063356746,ok,put,0.930633447164805,-0.017906523174875674
2026-09-04,2026-09-15,put,725.0,0.2,0.21,0.23,8.0,120.0,773.17,100,0.205,0.0099999999999999,True,,11.0,0.0301369863013698,773.8227037321593,-0.06496935586762477,True,,0.1874241523245068,,0.0,724.1265539636579,good,0.1860407410168298,0.1867607879524479,0.1874698570924284,ok,put,0.9370961794367828,-0.021791700429645556
2026-09-04,2026-09-15,put,730.0,0.25,0.26,0.25,37.0,199.0,773.17,100,0.255,0.01,True,,11.0,0.0301369863013698,773.8227037321593,-0.05809647657986275,True,,0.1767940279314604,,0.0,729.1205301978899,good,0.1755237100660602,0.1761088668774219,0.1766870859888695,ok,put,0.9435589117087606,-0.027844049032811343
2026-09-04,2026-09-15,put,735.0,0.31,0.32,0.31,80.0,385.0,773.17,100,0.315,0.01,True,,11.0,0.0301369863013698,773.8227037321593,-0.05127051150946289,True,,0.1654461308952774,,0.0,734.1145064321221,good,0.164259914842095,0.1647374248007522,0.1652105269140293,ok,put,0.9500216439807384,-0.03554675828960135
2026-09-04,2026-09-15,put,740.0,0.4,0.41,0.4,546.0,521.0,773.17,100,0.405,0.0099999999999999,True,,11.0,0.0301369863013698,773.8227037321593,-0.04449082452408415,True,,0.1547115179415528,,0.0,739.1084826663542,good,0.1535888856442316,0.1539696642942014,0.1543478503634207,ok,put,0.9564843762527162,-0.046912249874022205
2026-09-04,2026-09-15,put,745.0,0.55,0.56,0.56,227.0,232.0,773.17,100,0.555,0.01,True,,11.0,0.0301369863013698,773.8227037321593,-0.037756792342740084,True,,0.1453352982045998,,0.0,744.1024589005864,good,0.1442487372823836,0.1445430015102685,0.1448359156802008,ok,put,0.962947108524694,-0.06491587310818307
2026-09-04,2026-09-15,put,750.0,0.77,0.79,0.78,423.0,895.0,773.17,100,0.78,0.02,True,,11.0,0.0301369863013698,773.8227037321593,-0.031067804191943486,True,,0.1361705698240675,,0.0,749.0964351348184,good,0.1348571555774765,0.1353108778097931,0.1357619543277985,ok,put,0.9694098407966718,-0.09148657646947696
2026-09-04,2026-09-15,put,755.0,1.12,1.15,1.12,7932.0,22272.0,773.17,100,1.135,0.0299999999999998,True,,11.0,0.0301369863013698,773.8227037321593,-0.024423261473274917,True,,0.1276400671276301,,0.0,754.0904113690506,good,0.1261608871771797,0.1266847555648699,0.1272059660300175,ok,put,0.9758725730686496,-0.13166696332404568
2026-09-04,2026-09-15,put,760.0,1.69,1.7,1.68,806.0,1376.0,773.17,100,1.6949999999999998,0.01,True,,11.0,0.0301369863013698,773.8227037321593,-0.017822577441922872,True,,0.1196654041346434,,0.0,759.0843876032827,good,0.11843489795603,0.1185712721188975,0.118707528810344,ok,put,0.9823353053406274,-0.19139961967286429
2026-09-04,2026-09-15,put,765.0,2.55,2.57,2.57,1292.0,470.0,773.17,100,2.56,0.02,True,,11.0,0.0301369863013698,773.8227037321593,-0.011265176895763696,True,,0.1119471143251405,,0.0,764.0783638375149,good,0.1104232034769551,0.1106451228106009,0.1108668891919584,ok,put,0.9887980376126053,-0.27689272778890933
2026-09-04,2026-09-15,put,770.0,3.91,3.94,3.91,1274.0,39.0,773.17,100,3.925,0.0299999999999998,True,,11.0,0.0301369863013698,773.8227037321593,-0.004750495874570013,True,,0.105426813943181,,0.0,769.0723400717469,good,0.1034951402271558,0.1037843194318305,0.1040734426956344,ok,put,0.9952607698845831,-0.3944518644706801
2026-09-04,2026-09-15,call,775.0,4.64,4.67,4.74,1260.0,479.0,773.17,100,4.654999999999999,0.0300000000000002,True,,11.0,0.0301369863013698,773.8227037321593,0.0017220186310474368,True,,0.0974819405741233,,0.0,772.8904383895299,good,0.0980377435475585,0.0983175373157346,0.0985973230369618,ok,call,1.001723502156561,0.4654497889784646
2026-09-04,2026-09-15,call,780.0,2.51,2.53,2.48,2239.0,179.0,773.17,100,2.52,0.02,True,,11.0,0.0301369863013698,773.8227037321593,0.00815290896133774,True,,0.0932711892791101,,0.0,772.8904383895299,good,0.093769431829561,0.0939790750073792,0.0941886014939282,ok,call,1.0081862344285386,0.3130208007249635
2026-09-04,2026-09-15,call,785.0,1.18,1.2,1.18,645.0,354.0,773.17,100,1.19,0.02,True,,11.0,0.0301369863013698,773.8227037321593,0.01454270706010885,True,,0.0902268081081454,,0.0,772.8904383895299,good,0.0905407845074944,0.0908233086830822,0.0911050872041977,ok,call,1.0146489667005165,0.181107371640777
2026-09-04,2026-09-15,call,790.0,0.49,0.51,0.5,593.0,119.0,773.17,100,0.5,0.02,True,,11.0,0.0301369863013698,773.8227037321593,0.020891934738767694,True,,0.0887653989770688,,0.0,772.8904383895299,good,0.088814793681,0.089272948472472,0.089726869699852,ok,call,1.0211116989724944,0.09050845162523818
2026-09-04,2026-09-15,call,795.0,0.2,0.21,0.21,6007.0,284.0,773.17,100,0.205,0.0099999999999999,True,,11.0,0.0301369863013698,773.8227037321593,0.027201103932032296,True,,0.0896725280386093,,0.0,772.8904383895299,good,0.0896957790821578,0.0901141234557962,0.0905266770460097,ok,call,1.0275744312444721,0.04193200548860927
2026-09-04,2026-09-15,call,800.0,0.08,0.09,0.1,177.0,173.0,773.17,100,0.0849999999999999,0.0099999999999999,True,,11.0,0.0301369863013698,773.8227037321593,0.03347071694562779,True,,0.0919902058353881,,0.0,772.8904383895299,good,0.0915615991938308,0.0923835718768591,0.0931748664446065,ok,call,1.03403716351645,0.018901091163164796
2026-09-04,2026-09-15,call,805.0,0.04,0.05,0.05,70.0,0.0,773.17,100,0.045,0.01,True,,11.0,0.0301369863013698,773.8227037321593,0.03970126669626374,True,,0.0977086641911272,,0.0,772.8904383895299,good,0.0966332649270552,0.0980704874736855,0.0994014773769024,ok,call,1.0404998957884277,0.010127082978110153
2026-09-04,2026-09-15,call,810.0,0.03,0.04,0.04,27.0,1.0,773.17,100,0.035,0.01,True,,11.0,0.0301369863013698,773.8227037321593,0.045893236944184915,True,,0.1076220562799543,,0.0,772.8904383895299,good,0.1060460022274465,0.1079654389175714,0.1096995819259321,ok,call,1.0469626280604056,0.007395404426799702
2026-09-04,2026-09-15,call,815.0,0.02,0.03,0.03,30.0,0.0,773.17,100,0.025,0.0099999999999999,True,,11.0,0.0301369863013698,773.8227037321593,0.05204710251856306,True,,0.1158250131653764,,0.0,772.8904383895299,good,0.1134108513287424,0.1161513331132823,0.1185180344418241,ok,call,1.0534253603323833,0.0050930126794825415
2026-09-04,2026-09-15,call,825.0,0.01,0.02,0.02,10.0,0.0,773.17,100,0.015,0.01,True,,11.0,0.0301369863013698,773.8227037321593,0.06424237561238132,True,,0.1327314175827768,,0.0,772.8904383895299,good,0.1280434282619473,0.1330321337792198,0.1368875389743605,ok,call,1.066350824876339,0.0028147982585684434
