snapshot_date,expiry,option_type,strike,bid,ask,last,volume,open_interest,spot,multiplier,mid,spread,quote_valid,invalid_reason,time_to_expiry_days,time_to_expiry,forward,log_moneyness,no_arbitrage_pass,arbitrage_note,iv,iv_error,arb_lower_bound,arb_upper_bound
2026-09-04,2026-09-08,call,500.0,271.32,274.86,265.27,0.0,12.0,773.17,100,273.09000000000003,3.5400000000000205,True,,4.0,0.010958904109589041,773.4072830881462,-0.4361976976812533,False,below_european_lower_bound,,market_price is below the no-arbitrage lower bound.,273.2874595848215,773.0683295346428
2026-09-04,2026-09-08,put,500.0,0.0,0.01,0.01,0.0,1.0,773.17,100,0.005,0.01,True,,4.0,0.010958904109589041,773.4072830881462,-0.4361976976812533,True,,1.198588773931384,,0.0,499.7808699498213
2026-09-04,2026-09-08,call,505.0,266.33,269.83,260.65,0.0,10.0,773.17,100,268.08,3.5,True,,4.0,0.010958904109589041,773.4072830881462,-0.4262473668280852,False,below_european_lower_bound,,market_price is below the no-arbitrage lower bound.,268.2896508853233,773.0683295346428
2026-09-04,2026-09-08,put,505.0,0.0,0.01,0.0,0.0,0.0,773.17,100,0.005,0.01,True,,4.0,0.010958904109589041,773.4072830881462,-0.4262473668280852,True,,1.1726804281685355,,0.0,504.7786786493195
2026-09-04,2026-09-08,call,510.0,261.23,265.02,255.76,0.0,12.0,773.17,100,263.125,3.7899999999999636,True,,4.0,0.010958904109589041,773.4072830881462,-0.4163950703850736,False,below_european_lower_bound,,market_price is below the no-arbitrage lower bound.,263.29184218582503,773.0683295346428
2026-09-04,2026-09-08,put,510.0,0.0,0.01,0.0,0.0,0.0,773.17,100,0.005,0.01,True,,4.0,0.010958904109589041,773.4072830881462,-0.4163950703850736,True,,1.1470078187286261,,0.0,509.77648734881774
2026-09-04,2026-09-08,call,515.0,256.33,259.88,250.73,0.0,11.0,773.17,100,258.105,3.5500000000000114,True,,4.0,0.010958904109589041,773.4072830881462,-0.4066388954397089,False,below_european_lower_bound,,market_price is below the no-arbitrage lower bound.,258.29403348632684,773.0683295346428
2026-09-04,2026-09-08,put,515.0,0.0,0.01,0.0,0.0,0.0,773.17,100,0.005,0.01,True,,4.0,0.010958904109589041,773.4072830881462,-0.4066388954397089,True,,1.1215658792178633,,0.0,514.7742960483159
2026-09-04,2026-09-08,call,520.0,251.09,255.18,245.66,0.0,11.0,773.17,100,253.135,4.090000000000003,True,,4.0,0.010958904109589041,773.4072830881462,-0.3969769845279721,False,below_european_lower_bound,,market_price is below the no-arbitrage lower bound.,253.2962247868286,773.0683295346428
2026-09-04,2026-09-08,put,520.0,0.0,0.01,0.0,0.0,0.0,773.17,100,0.005,0.01,True,,4.0,0.010958904109589041,773.4072830881462,-0.3969769845279721,True,,1.0963492452192902,,0.0,519.7721047478142
2026-09-04,2026-09-08,call,525.0,246.32,249.94,240.36,0.0,7.0,773.17,100,248.13,3.6200000000000045,True,,4.0,0.010958904109589041,773.4072830881462,-0.3874075335118213,False,below_european_lower_bound,,market_price is below the no-arbitrage lower bound.,248.29841608733045,773.0683295346428
2026-09-04,2026-09-08,put,525.0,0.0,0.01,0.0,0.0,0.0,773.17,100,0.005,0.01,True,,4.0,0.010958904109589041,773.4072830881462,-0.3874075335118213,True,,1.0713531483622791,,0.0,524.7699134473123
2026-09-04,2026-09-08,call,530.0,241.23,245.04,235.72,0.0,5.0,773.17,100,243.135,3.8100000000000023,True,,4.0,0.010958904109589041,773.4072830881462,-0.3779287895572776,False,below_european_lower_bound,,market_price is below the no-arbitrage lower bound.,243.3006073878322,773.0683295346428
2026-09-04,2026-09-08,put,530.0,0.0,0.01,0.02,0.0,20.0,773.17,100,0.005,0.01,True,,4.0,0.010958904109589041,773.4072830881462,-0.3779287895572776,True,,1.0465725222530362,,0.0,529.7677221468106
2026-09-04,2026-09-08,call,535.0,236.33,239.87,230.61,0.0,6.0,773.17,100,238.10000000000002,3.539999999999992,True,,4.0,0.010958904109589041,773.4072830881462,-0.36853904920743846,False,below_european_lower_bound,,market_price is below the no-arbitrage lower bound.,238.30279868833395,773.0683295346428
2026-09-04,2026-09-08,put,535.0,0.0,0.01,0.0,0.0,0.0,773.17,100,0.005,0.01,True,,4.0,0.010958904109589041,773.4072830881462,-0.36853904920743846,True,,1.0220023004977703,,0.0,534.7655308463088
2026-09-04,2026-09-08,call,540.0,231.02,235.5,225.43,0.0,4.0,773.17,100,233.26,4.47999999999999,True,,4.0,0.010958904109589041,773.4072830881462,-0.35923665654512504,False,below_european_lower_bound,,market_price is below the no-arbitrage lower bound.,233.3049899888358,773.0683295346428
2026-09-04,2026-09-08,put,540.0,0.0,0.01,0.0,0.0,0.0,773.17,100,0.005,0.01,True,,4.0,0.010958904109589041,773.4072830881462,-0.35923665654512504,True,,0.9976380127490162,,0.0,539.763339545807
2026-09-04,2026-09-08,call,545.0,226.04,230.5,220.41,0.0,1.0,773.17,100,228.26999999999998,4.460000000000008,True,,4.0,0.010958904109589041,773.4072830881462,-0.35002000144020096,False,below_european_lower_bound,,market_price is below the no-arbitrage lower bound.,228.30718128933756,773.0683295346428
2026-09-04,2026-09-08,put,545.0,0.0,0.01,0.0,0.0,0.0,773.17,100,0.005,0.01,True,,4.0,0.010958904109589041,773.4072830881462,-0.35002000144020096,True,,0.9734751886593103,,0.0,544.7611482453052
2026-09-04,2026-09-08,call,550.0,221.07,225.25,215.59,0.0,3.0,773.17,100,223.16,4.180000000000007,True,,4.0,0.010958904109589041,773.4072830881462,-0.3408875178769284,False,below_european_lower_bound,,market_price is below the no-arbitrage lower bound.,223.3093725898393,773.0683295346428
2026-09-04,2026-09-08,put,550.0,0.0,0.01,0.0,0.0,0.0,773.17,100,0.005,0.01,True,,4.0,0.010958904109589041,773.4072830881462,-0.3408875178769284,True,,0.9495090598580241,,0.0,549.7589569448035
2026-09-04,2026-09-08,call,555.0,216.26,220.07,210.4,0.0,3.0,773.17,100,218.165,3.8100000000000023,True,,4.0,0.010958904109589041,773.4072830881462,-0.33183768235701055,False,below_european_lower_bound,,market_price is below the no-arbitrage lower bound.,218.31156389034118,773.0683295346428
2026-09-04,2026-09-08,put,555.0,0.0,0.01,0.0,0.0,0.0,773.17,100,0.005,0.01,True,,4.0,0.010958904109589041,773.4072830881462,-0.33183768235701055,True,,0.9257353050092758,,0.0,554.7567656443016
2026-09-04,2026-09-08,call,560.0,211.29,214.9,205.35,0.0,2.0,773.17,100,213.095,3.6100000000000136,True,,4.0,0.010958904109589041,773.4072830881462,-0.3228690123742501,False,below_european_lower_bound,,market_price is below the no-arbitrage lower bound.,213.31375519084293,773.0683295346428
2026-09-04,2026-09-08,put,560.0,0.0,0.01,0.01,0.0,100.0,773.17,100,0.005,0.01,True,,4.0,0.010958904109589041,773.4072830881462,-0.3228690123742501,True,,0.902149602777183,,0.0,559.7545743437998
2026-09-04,2026-09-08,call,565.0,206.26,210.04,200.4,0.0,1.0,773.17,100,208.14999999999998,3.780000000000001,True,,4.0,0.010958904109589041,773.4072830881462,-0.31398006495700415,False,below_european_lower_bound,,market_price is below the no-arbitrage lower bound.,208.31594649134468,773.0683295346428
2026-09-04,2026-09-08,put,565.0,0.0,0.01,0.0,0.0,0.0,773.17,100,0.005,0.01,True,,4.0,0.010958904109589041,773.4072830881462,-0.31398006495700415,True,,0.8787473338027002,,0.0,564.7523830432981
2026-09-04,2026-09-08,call,570.0,201.04,205.2,195.4,0.0,3.0,773.17,100,203.12,4.159999999999997,True,,4.0,0.010958904109589041,773.4072830881462,-0.3051694352748492,False,below_european_lower_bound,,market_price is below the no-arbitrage lower bound.,203.31813779184654,773.0683295346428
2026-09-04,2026-09-08,put,570.0,0.0,0.01,0.01,0.0,21.0,773.17,100,0.005,0.01,True,,4.0,0.010958904109589041,773.4072830881462,-0.3051694352748492,True,,0.8555247727962734,,0.0,569.7501917427962
2026-09-04,2026-09-08,call,575.0,196.36,199.87,190.41,0.0,3.0,773.17,100,198.115,3.509999999999991,True,,4.0,0.010958904109589041,773.4072830881462,-0.2964357553060947,False,below_european_lower_bound,,market_price is below the no-arbitrage lower bound.,198.3203290923483,773.0683295346428
2026-09-04,2026-09-08,put,575.0,0.0,0.01,0.01,0.0,759.0,773.17,100,0.005,0.01,True,,4.0,0.010958904109589041,773.4072830881462,-0.2964357553060947,True,,0.832477747433603,,0.0,574.7480004422945
2026-09-04,2026-09-08,call,580.0,191.34,194.86,0.0,0.0,0.0,773.17,100,193.10000000000002,3.5200000000000102,True,,4.0,0.010958904109589041,773.4072830881462,-0.28777769256298,False,below_european_lower_bound,,market_price is below the no-arbitrage lower bound.,193.32252039285004,773.0683295346428
2026-09-04,2026-09-08,put,580.0,0.0,0.01,0.01,0.0,1133.0,773.17,100,0.005,0.01,True,,4.0,0.010958904109589041,773.4072830881462,-0.28777769256298,True,,0.809601787367225,,0.0,579.7458091417927
2026-09-04,2026-09-08,call,585.0,186.42,189.89,180.41,0.0,1.0,773.17,100,188.15499999999997,3.469999999999999,True,,4.0,0.010958904109589041,773.4072830881462,-0.2791939488715886,False,below_european_lower_bound,,market_price is below the no-arbitrage lower bound.,188.3247116933519,773.0683295346428
2026-09-04,2026-09-08,put,585.0,0.0,0.01,0.01,0.0,457.0,773.17,100,0.005,0.01,True,,4.0,0.010958904109589041,773.4072830881462,-0.2791939488715886,True,,0.7868930182960034,,0.0,584.7436178412909
2026-09-04,2026-09-08,call,590.0,181.41,184.91,175.35,0.0,1.0,773.17,100,183.16,3.5,True,,4.0,0.010958904109589041,773.4072830881462,-0.2706832592036799,False,below_european_lower_bound,,market_price is below the no-arbitrage lower bound.,183.32690299385365,773.0683295346428
2026-09-04,2026-09-08,put,590.0,0.0,0.01,0.01,0.0,250.0,773.17,100,0.005,0.01,True,,4.0,0.010958904109589041,773.4072830881462,-0.2706832592036799,True,,0.7643475659188033,,0.0,589.7414265407891
2026-09-04,2026-09-08,call,595.0,177.41,178.76,0.0,0.0,0.0,773.17,100,178.08499999999998,1.3499999999999943,True,,4.0,0.010958904109589041,773.4072830881462,-0.26224439055781534,False,below_european_lower_bound,,market_price is below the no-arbitrage lower bound.,178.3290942943554,773.0683295346428
2026-09-04,2026-09-08,put,595.0,0.0,0.01,0.02,0.0,100.0,773.17,100,0.005,0.01,True,,4.0,0.010958904109589041,773.4072830881462,-0.26224439055781534,True,,0.7419615559344889,,0.0,594.7392352402874
2026-09-04,2026-09-08,call,600.0,172.41,173.77,0.0,0.0,0.0,773.17,100,173.09,1.3600000000000136,True,,4.0,0.010958904109589041,773.4072830881462,-0.25387614088729865,False,below_european_lower_bound,,market_price is below the no-arbitrage lower bound.,173.33128559485726,773.0683295346428
2026-09-04,2026-09-08,put,600.0,0.0,0.01,0.02,0.0,121.0,773.17,100,0.005,0.01,True,,4.0,0.010958904109589041,773.4072830881462,-0.25387614088729865,True,,0.7197308160187602,,0.0,599.7370439397855
2026-09-04,2026-09-08,call,605.0,167.41,168.77,0.0,0.0,0.0,773.17,100,168.09,1.3600000000000136,True,,4.0,0.010958904109589041,773.4072830881462,-0.24557733807260365,False,below_european_lower_bound,,market_price is below the no-arbitrage lower bound.,168.333476895359,773.0683295346428
2026-09-04,2026-09-08,put,605.0,0.0,0.01,0.0,0.0,0.0,773.17,100,0.005,0.01,True,,4.0,0.010958904109589041,773.4072830881462,-0.24557733807260365,True,,0.6976514718704819,,0.0,604.7348526392838
2026-09-04,2026-09-08,call,610.0,162.41,163.77,0.0,0.0,0.0,773.17,100,163.09,1.3600000000000136,True,,4.0,0.010958904109589041,773.4072830881462,-0.23734683893608813,False,below_european_lower_bound,,market_price is below the no-arbitrage lower bound.,163.33566819586076,773.0683295346428
2026-09-04,2026-09-08,put,610.0,0.0,0.01,0.02,0.0,305.0,773.17,100,0.005,0.01,True,,4.0,0.010958904109589041,773.4072830881462,-0.23734683893608813,True,,0.6757199472116828,,0.0,609.732661338782
2026-09-04,2026-09-08,call,615.0,157.42,158.77,150.61,0.0,1.0,773.17,100,158.095,1.3500000000000227,True,,4.0,0.010958904109589041,773.4072830881462,-0.22918352829692712,False,below_european_lower_bound,,market_price is below the no-arbitrage lower bound.,158.33785949636263,773.0683295346428
2026-09-04,2026-09-08,put,615.0,0.0,0.01,0.01,0.0,101.0,773.17,100,0.005,0.01,True,,4.0,0.010958904109589041,773.4072830881462,-0.22918352829692712,True,,0.6539319207064809,,0.0,614.7304700382801
2026-09-04,2026-09-08,call,620.0,152.42,153.78,0.0,0.0,0.0,773.17,100,153.1,1.3600000000000136,True,,4.0,0.010958904109589041,773.4072830881462,-0.22108631806430784,False,below_european_lower_bound,,market_price is below the no-arbitrage lower bound.,153.34005079686438,773.0683295346428
2026-09-04,2026-09-08,put,620.0,0.0,0.01,0.02,0.0,423.0,773.17,100,0.005,0.01,True,,4.0,0.010958904109589041,773.4072830881462,-0.22108631806430784,True,,0.6322839650884866,,0.0,619.7282787377784
2026-09-04,2026-09-08,call,625.0,147.42,148.78,148.24,22.0,0.0,773.17,100,148.1,1.3600000000000136,True,,4.0,0.010958904109589041,773.4072830881462,-0.2130541463670435,False,below_european_lower_bound,,market_price is below the no-arbitrage lower bound.,148.34224209736612,773.0683295346428
2026-09-04,2026-09-08,put,625.0,0.0,0.01,0.01,0.0,241.0,773.17,100,0.005,0.01,True,,4.0,0.010958904109589041,773.4072830881462,-0.2130541463670435,True,,0.6107717590218188,,0.0,624.7260874372766
2026-09-04,2026-09-08,call,630.0,142.43,143.78,0.0,0.0,0.0,773.17,100,143.10500000000002,1.3499999999999943,True,,4.0,0.010958904109589041,773.4072830881462,-0.2050859767178667,False,below_european_lower_bound,,market_price is below the no-arbitrage lower bound.,143.344433397868,773.0683295346428
2026-09-04,2026-09-08,put,630.0,0.0,0.01,0.01,0.0,405.0,773.17,100,0.005,0.01,True,,4.0,0.010958904109589041,773.4072830881462,-0.2050859767178667,True,,0.5893917262285053,,0.0,629.7238961367748
2026-09-04,2026-09-08,call,635.0,137.48,138.72,138.12,6.0,0.0,773.17,100,138.1,1.240000000000009,True,,4.0,0.010958904109589041,773.4072830881462,-0.19718079721075338,False,below_european_lower_bound,,market_price is below the no-arbitrage lower bound.,138.34662469836974,773.0683295346428
2026-09-04,2026-09-08,put,635.0,0.0,0.01,0.02,0.0,413.0,773.17,100,0.005,0.01,True,,4.0,0.010958904109589041,773.4072830881462,-0.19718079721075338,True,,0.5681396943842469,,0.0,634.721704836273
2026-09-04,2026-09-08,call,640.0,132.43,133.79,0.0,0.0,0.0,773.17,100,133.11,1.3599999999999852,True,,4.0,0.010958904109589041,773.4072830881462,-0.18933761974972754,False,below_european_lower_bound,,market_price is below the no-arbitrage lower bound.,133.3488159988715,773.0683295346428
2026-09-04,2026-09-08,put,640.0,0.0,0.01,0.02,0.0,86.0,773.17,100,0.005,0.01,True,,4.0,0.010958904109589041,773.4072830881462,-0.18933761974972754,True,,0.5470119381994902,,0.0,639.7195135357713
2026-09-04,2026-09-08,call,645.0,127.44,128.79,0.0,0.0,0.0,773.17,100,128.115,1.3499999999999943,True,,4.0,0.010958904109589041,773.4072830881462,-0.18155547930767255,False,below_european_lower_bound,,market_price is below the no-arbitrage lower bound.,128.35100729937335,773.0683295346428
2026-09-04,2026-09-08,put,645.0,0.0,0.01,0.03,0.0,77.0,773.17,100,0.005,0.01,True,,4.0,0.010958904109589041,773.4072830881462,-0.18155547930767255,True,,0.526004136338353,,0.0,644.7173222352694
2026-09-04,2026-09-08,call,650.0,122.44,123.79,0.0,0.0,0.0,773.17,100,123.11500000000001,1.3500000000000085,True,,4.0,0.010958904109589041,773.4072830881462,-0.1738334332137623,False,below_european_lower_bound,,market_price is below the no-arbitrage lower bound.,123.3531985998751,773.0683295346428
2026-09-04,2026-09-08,put,650.0,0.0,0.01,0.01,35.0,127.0,773.17,100,0.005,0.01,True,,4.0,0.010958904109589041,773.4072830881462,-0.1738334332137623,True,,0.5051121164765356,,0.0,649.7151309347677
2026-09-04,2026-09-08,call,655.0,117.44,118.8,0.0,0.0,0.0,773.17,100,118.12,1.3599999999999994,True,,4.0,0.010958904109589041,773.4072830881462,-0.16617056046819312,False,below_european_lower_bound,,market_price is below the no-arbitrage lower bound.,118.35538990037685,773.0683295346428
2026-09-04,2026-09-08,put,655.0,0.0,0.01,0.01,10.0,25.0,773.17,100,0.005,0.01,True,,4.0,0.010958904109589041,773.4072830881462,-0.16617056046819312,True,,0.48433200431290263,,0.0,654.7129396342659
2026-09-04,2026-09-08,call,660.0,112.44,113.8,0.0,0.0,0.0,773.17,100,113.12,1.3599999999999994,True,,4.0,0.010958904109589041,773.4072830881462,-0.15856596108297388,False,below_european_lower_bound,,market_price is below the no-arbitrage lower bound.,113.35758120087871,773.0683295346428
2026-09-04,2026-09-08,put,660.0,0.0,0.01,0.01,51.0,127.0,773.17,100,0.005,0.01,True,,4.0,0.010958904109589041,773.4072830881462,-0.15856596108297388,True,,0.46365903147682547,,0.0,659.7107483337641
2026-09-04,2026-09-08,call,665.0,107.45,108.8,0.0,0.0,0.0,773.17,100,108.125,1.3499999999999943,True,,4.0,0.010958904109589041,773.4072830881462,-0.1510187554475909,False,below_european_lower_bound,,market_price is below the no-arbitrage lower bound.,108.35977250138046,773.0683295346428
2026-09-04,2026-09-08,put,665.0,0.0,0.01,0.01,51.0,41.0,773.17,100,0.005,0.01,True,,4.0,0.010958904109589041,773.4072830881462,-0.1510187554475909,True,,0.44308887663242225,,0.0,664.7085570332623
2026-09-04,2026-09-08,call,670.0,102.45,103.81,95.89,0.0,1.0,773.17,100,103.13,1.3599999999999994,True,,4.0,0.010958904109589041,773.4072830881462,-0.14352808371843326,False,below_european_lower_bound,,market_price is below the no-arbitrage lower bound.,103.36196380188221,773.0683295346428
2026-09-04,2026-09-08,put,670.0,0.0,0.01,0.01,15.0,22.0,773.17,100,0.005,0.01,True,,4.0,0.010958904109589041,773.4072830881462,-0.14352808371843326,True,,0.42261677140906456,,0.0,669.7063657327606
2026-09-04,2026-09-08,call,675.0,97.45,98.81,0.0,0.0,0.0,773.17,100,98.13,1.3599999999999994,True,,4.0,0.010958904109589041,773.4072830881462,-0.13609310523091525,False,below_european_lower_bound,,market_price is below the no-arbitrage lower bound.,98.36415510238407,773.0683295346428
2026-09-04,2026-09-08,put,675.0,0.01,0.02,0.02,0.0,426.0,773.17,100,0.015,0.01,True,,4.0,0.010958904109589041,773.4072830881462,-0.13609310523091525,True,,0.4402426809078307,,0.0,674.7041744322587
2026-09-04,2026-09-08,call,680.0,92.46,93.81,0.0,0.0,0.0,773.17,100,93.13499999999999,1.3500000000000085,True,,4.0,0.010958904109589041,773.4072830881462,-0.12871299793329263,False,below_european_lower_bound,,market_price is below the no-arbitrage lower bound.,93.36634640288582,773.0683295346428
2026-09-04,2026-09-08,put,680.0,0.01,0.02,0.03,0.0,9260.0,773.17,100,0.015,0.01,True,,4.0,0.010958904109589041,773.4072830881462,-0.12871299793329263,True,,0.4182965903668777,,0.0,679.701983131757
2026-09-04,2026-09-08,call,685.0,87.46,88.82,0.0,0.0,0.0,773.17,100,88.13999999999999,1.3599999999999994,True,,4.0,0.010958904109589041,773.4072830881462,-0.12138695784121978,False,below_european_lower_bound,,market_price is below the no-arbitrage lower bound.,88.36853770338757,773.0683295346428
2026-09-04,2026-09-08,put,685.0,0.01,0.02,0.02,0.0,5672.0,773.17,100,0.015,0.01,True,,4.0,0.010958904109589041,773.4072830881462,-0.12138695784121978,True,,0.3964302210223675,,0.0,684.6997918312552
2026-09-04,2026-09-08,call,690.0,82.47,83.82,71.42,0.0,4.0,773.17,100,83.145,1.3499999999999943,True,,4.0,0.010958904109589041,773.4072830881462,-0.11411419851213994,False,below_european_lower_bound,,market_price is below the no-arbitrage lower bound.,83.37072900388944,773.0683295346428
2026-09-04,2026-09-08,put,690.0,0.01,0.02,0.01,16.0,228.0,773.17,100,0.015,0.01,True,,4.0,0.010958904109589041,773.4072830881462,-0.11411419851213994,True,,0.3746364948241486,,0.0,689.6976005307533
2026-09-04,2026-09-08,call,695.0,77.47,78.83,67.26,0.0,8.0,773.17,100,78.15,1.3599999999999994,True,,4.0,0.010958904109589041,773.4072830881462,-0.10689395053865294,False,below_european_lower_bound,,market_price is below the no-arbitrage lower bound.,78.37292030439119,773.0683295346428
2026-09-04,2026-09-08,put,695.0,0.01,0.02,0.02,4.0,174.0,773.17,100,0.015,0.01,True,,4.0,0.010958904109589041,773.4072830881462,-0.10689395053865294,True,,0.3529077749286369,,0.0,694.6954092302516
2026-09-04,2026-09-08,call,700.0,72.52,73.77,73.64,7.0,22.0,773.17,100,73.145,1.25,True,,4.0,0.010958904109589041,773.4072830881462,-0.09972546106004035,False,below_european_lower_bound,,market_price is below the no-arbitrage lower bound.,73.37511160489294,773.0683295346428
2026-09-04,2026-09-08,put,700.0,0.01,0.02,0.02,77.0,405.0,773.17,100,0.015,0.01,True,,4.0,0.010958904109589041,773.4072830881462,-0.09972546106004035,True,,0.3312355676756501,,0.0,699.6932179297498
2026-09-04,2026-09-08,call,705.0,67.48,68.83,64.37,1.0,3.0,773.17,100,68.155,1.3499999999999943,True,,4.0,0.010958904109589041,773.4072830881462,-0.09260799329117644,False,below_european_lower_bound,,market_price is below the no-arbitrage lower bound.,68.3773029053948,773.0683295346428
2026-09-04,2026-09-08,put,705.0,0.01,0.02,0.02,69.0,200.0,773.17,100,0.015,0.01,True,,4.0,0.010958904109589041,773.4072830881462,-0.09260799329117644,True,,0.30961048533551405,,0.0,704.691026629248
2026-09-04,2026-09-08,call,710.0,62.48,63.84,63.69,5.0,9.0,773.17,100,63.16,1.3600000000000065,True,,4.0,0.010958904109589041,773.4072830881462,-0.08554082606808393,False,below_european_lower_bound,,market_price is below the no-arbitrage lower bound.,63.37949420589655,773.0683295346428
2026-09-04,2026-09-08,put,710.0,0.01,0.02,0.02,42.0,2239.0,773.17,100,0.015,0.01,True,,4.0,0.010958904109589041,773.4072830881462,-0.08554082606808393,True,,0.28802199262519634,,0.0,709.6888353287462
2026-09-04,2026-09-08,call,715.0,57.53,58.78,58.91,41.0,41.0,773.17,100,58.155,1.25,True,,4.0,0.010958904109589041,773.4072830881462,-0.07852325340943744,False,below_european_lower_bound,,market_price is below the no-arbitrage lower bound.,58.3816855063983,773.0683295346428
2026-09-04,2026-09-08,put,715.0,0.02,0.03,0.03,34.0,143.0,773.17,100,0.025,0.009999999999999998,True,,4.0,0.010958904109589041,773.4072830881462,-0.07852325340943744,True,,0.2803016958668101,,0.0,714.6866440282445
2026-09-04,2026-09-08,call,718.0,54.49,55.85,55.83,1.0,6.0,773.17,100,55.17,1.3599999999999994,True,,4.0,0.010958904109589041,773.4072830881462,-0.07433622705522086,False,below_european_lower_bound,,market_price is below the no-arbitrage lower bound.,55.38300028669937,773.0683295346428
2026-09-04,2026-09-08,put,718.0,0.02,0.03,0.03,4.0,32.0,773.17,100,0.025,0.009999999999999998,True,,4.0,0.010958904109589041,773.4072830881462,-0.07433622705522086,True,,0.26680750918675566,,0.0,717.6853292479434
2026-09-04,2026-09-08,call,719.0,53.49,54.85,46.92,0.0,7.0,773.17,100,54.17,1.3599999999999994,True,,4.0,0.010958904109589041,773.4072830881462,-0.07294443838239842,False,below_european_lower_bound,,market_price is below the no-arbitrage lower bound.,54.383438546799766,773.0683295346428
2026-09-04,2026-09-08,put,719.0,0.02,0.03,0.03,4.0,11.0,773.17,100,0.025,0.009999999999999998,True,,4.0,0.010958904109589041,773.4072830881462,-0.07294443838239842,True,,0.26230889506440547,,0.0,718.684890987843
2026-09-04,2026-09-08,call,720.0,52.54,53.79,53.67,9.0,13.0,773.17,100,53.165,1.25,True,,4.0,0.010958904109589041,773.4072830881462,-0.07155458409334405,False,below_european_lower_bound,,market_price is below the no-arbitrage lower bound.,53.38387680690016,773.0683295346428
2026-09-04,2026-09-08,put,720.0,0.02,0.03,0.03,21.0,137.0,773.17,100,0.025,0.009999999999999998,True,,4.0,0.010958904109589041,773.4072830881462,-0.07155458409334405,True,,0.2578097619331743,,0.0,719.6844527277426
2026-09-04,2026-09-08,call,721.0,51.49,52.85,41.79,0.0,3.0,773.17,100,52.17,1.3599999999999994,True,,4.0,0.010958904109589041,773.4072830881462,-0.07016665881849603,False,below_european_lower_bound,,market_price is below the no-arbitrage lower bound.,52.38431506700044,773.0683295346428
2026-09-04,2026-09-08,put,721.0,0.02,0.03,0.03,21.0,6.0,773.17,100,0.025,0.009999999999999998,True,,4.0,0.010958904109589041,773.4072830881462,-0.07016665881849603,True,,0.2533099482428005,,0.0,720.6840144676423
2026-09-04,2026-09-08,call,722.0,50.49,51.85,43.72,0.0,7.0,773.17,100,51.17,1.3599999999999994,True,,4.0,0.010958904109589041,773.4072830881462,-0.06878065721061882,False,below_european_lower_bound,,market_price is below the no-arbitrage lower bound.,51.38475332710084,773.0683295346428
2026-09-04,2026-09-08,put,722.0,0.02,0.03,0.03,20.0,62.0,773.17,100,0.025,0.009999999999999998,True,,4.0,0.010958904109589041,773.4072830881462,-0.06878065721061882,True,,0.248809285523251,,0.0,721.6835762075419
2026-09-04,2026-09-08,call,723.0,49.5,50.85,38.96,0.0,18.0,773.17,100,50.175,1.3500000000000014,True,,4.0,0.010958904109589041,773.4072830881462,-0.06739657394468042,False,below_european_lower_bound,,market_price is below the no-arbitrage lower bound.,50.385191587201234,773.0683295346428
2026-09-04,2026-09-08,put,723.0,0.02,0.03,0.04,11.0,18.0,773.17,100,0.025,0.009999999999999998,True,,4.0,0.010958904109589041,773.4072830881462,-0.06739657394468042,True,,0.24430761605978657,,0.0,722.6831379474415
2026-09-04,2026-09-08,call,724.0,48.5,49.85,40.99,0.0,8.0,773.17,100,49.175,1.3500000000000014,True,,4.0,0.010958904109589041,773.4072830881462,-0.06601440371772868,False,below_european_lower_bound,,market_price is below the no-arbitrage lower bound.,49.385629847301516,773.0683295346428
2026-09-04,2026-09-08,put,724.0,0.02,0.03,0.03,155.0,37.0,773.17,100,0.025,0.009999999999999998,True,,4.0,0.010958904109589041,773.4072830881462,-0.06601440371772868,True,,0.23980473059094123,,0.0,723.6826996873413
2026-09-04,2026-09-08,call,725.0,47.5,48.85,41.09,0.0,6.0,773.17,100,48.175,1.3500000000000014,True,,4.0,0.010958904109589041,773.4072830881462,-0.06463414124877033,False,below_european_lower_bound,,market_price is below the no-arbitrage lower bound.,48.38606810740191,773.0683295346428
2026-09-04,2026-09-08,put,725.0,0.03,0.04,0.03,167.0,145.0,773.17,100,0.035,0.010000000000000002,True,,4.0,0.010958904109589041,773.4072830881462,-0.06463414124877033,True,,0.24411286232761562,,0.0,724.6822614272409
2026-09-04,2026-09-08,call,726.0,46.55,47.86,47.72,2.0,9.0,773.17,100,47.205,1.3100000000000023,True,,4.0,0.010958904109589041,773.4072830881462,-0.06325578127864896,False,below_european_lower_bound,,market_price is below the no-arbitrage lower bound.,47.38650636750231,773.0683295346428
2026-09-04,2026-09-08,put,726.0,0.03,0.04,0.04,17.0,95.0,773.17,100,0.035,0.010000000000000002,True,,4.0,0.010958904109589041,773.4072830881462,-0.06325578127864896,True,,0.23946875029475886,,0.0,725.6818231671405
2026-09-04,2026-09-08,call,727.0,45.5,46.86,38.03,0.0,36.0,773.17,100,46.18,1.3599999999999994,True,,4.0,0.010958904109589041,773.4072830881462,-0.06187931856992575,False,below_european_lower_bound,,market_price is below the no-arbitrage lower bound.,46.38694462760259,773.0683295346428
2026-09-04,2026-09-08,put,727.0,0.03,0.04,0.03,1.0,306.0,773.17,100,0.035,0.010000000000000002,True,,4.0,0.010958904109589041,773.4072830881462,-0.06187931856992575,True,,0.23482243714441275,,0.0,726.6813849070402
2026-09-04,2026-09-08,call,728.0,44.55,45.8,45.96,4.0,9.0,773.17,100,45.175,1.25,True,,4.0,0.010958904109589041,773.4072830881462,-0.06050474790675908,False,below_european_lower_bound,,market_price is below the no-arbitrage lower bound.,45.387382887702984,773.0683295346428
2026-09-04,2026-09-08,put,728.0,0.03,0.04,0.03,25.0,361.0,773.17,100,0.035,0.010000000000000002,True,,4.0,0.010958904109589041,773.4072830881462,-0.06050474790675908,True,,0.23017367998271274,,0.0,727.6809466469398
2026-09-04,2026-09-08,call,729.0,43.51,44.86,36.03,0.0,78.0,773.17,100,44.185,1.3500000000000014,True,,4.0,0.010958904109589041,773.4072830881462,-0.05913206409478696,False,below_european_lower_bound,,market_price is below the no-arbitrage lower bound.,44.38782114780338,773.0683295346428
2026-09-04,2026-09-08,put,729.0,0.03,0.04,0.03,341.0,237.0,773.17,100,0.035,0.010000000000000002,True,,4.0,0.010958904109589041,773.4072830881462,-0.05913206409478696,True,,0.22552225380104973,,0.0,728.6805083868394
2026-09-04,2026-09-08,call,730.0,42.86,43.68,43.89,6.0,104.0,773.17,100,43.269999999999996,0.8200000000000003,True,,4.0,0.010958904109589041,773.4072830881462,-0.05776126196100824,False,below_european_lower_bound,,market_price is below the no-arbitrage lower bound.,43.38825940790366,773.0683295346428
2026-09-04,2026-09-08,put,730.0,0.03,0.04,0.04,252.0,448.0,773.17,100,0.035,0.010000000000000002,True,,4.0,0.010958904109589041,773.4072830881462,-0.05776126196100824,True,,0.22086790737281753,,0.0,729.6800701267391
2026-09-04,2026-09-08,call,731.0,41.51,42.86,35.26,0.0,90.0,773.17,100,42.185,1.3500000000000014,True,,4.0,0.010958904109589041,773.4072830881462,-0.05639233635366649,False,below_european_lower_bound,,market_price is below the no-arbitrage lower bound.,42.388697668004056,773.0683295346428
2026-09-04,2026-09-08,put,731.0,0.03,0.04,0.04,18.0,222.0,773.17,100,0.035,0.010000000000000002,True,,4.0,0.010958904109589041,773.4072830881462,-0.05639233635366649,True,,0.21621036565089197,,0.0,730.6796318666387
2026-09-04,2026-09-08,call,732.0,40.56,41.8,41.89,2.0,12.0,773.17,100,41.18,1.2399999999999949,True,,4.0,0.010958904109589041,773.4072830881462,-0.055025282142133494,False,below_european_lower_bound,,market_price is below the no-arbitrage lower bound.,41.38913592810445,773.0683295346428
2026-09-04,2026-09-08,put,732.0,0.03,0.04,0.05,47.0,157.0,773.17,100,0.035,0.010000000000000002,True,,4.0,0.010958904109589041,773.4072830881462,-0.055025282142133494,True,,0.21154936423610435,,0.0,731.6791936065383
2026-09-04,2026-09-08,call,733.0,39.51,40.87,32.99,0.0,9.0,773.17,100,40.19,1.3599999999999994,True,,4.0,0.010958904109589041,773.4072830881462,-0.053660094216793505,False,below_european_lower_bound,,market_price is below the no-arbitrage lower bound.,40.38957418820473,773.0683295346428
2026-09-04,2026-09-08,put,733.0,0.03,0.04,0.04,33.0,436.0,773.17,100,0.035,0.010000000000000002,True,,4.0,0.010958904109589041,773.4072830881462,-0.053660094216793505,True,,0.20688460994729804,,0.0,732.678755346438
2026-09-04,2026-09-08,call,734.0,38.57,39.81,39.8,2.0,53.0,773.17,100,39.19,1.240000000000002,True,,4.0,0.010958904109589041,773.4072830881462,-0.052296767488929474,False,below_european_lower_bound,,market_price is below the no-arbitrage lower bound.,39.39001244830513,773.0683295346428
2026-09-04,2026-09-08,put,734.0,0.04,0.05,0.04,250.0,815.0,773.17,100,0.045,0.010000000000000002,True,,4.0,0.010958904109589041,773.4072830881462,-0.052296767488929474,True,,0.2083539359812672,,0.0,733.6783170863376
2026-09-04,2026-09-08,call,735.0,37.52,38.81,38.89,6.0,56.0,773.17,100,38.165000000000006,1.2899999999999991,True,,4.0,0.010958904109589041,773.4072830881462,-0.05093529689060833,False,below_european_lower_bound,,market_price is below the no-arbitrage lower bound.,38.390450708405524,773.0683295346428
2026-09-04,2026-09-08,put,735.0,0.04,0.05,0.04,186.0,986.0,773.17,100,0.045,0.010000000000000002,True,,4.0,0.010958904109589041,773.4072830881462,-0.05093529689060833,True,,0.20356653542931696,,0.0,734.6778788262372
2026-09-04,2026-09-08,call,736.0,36.57,37.87,28.82,0.0,35.0,773.17,100,37.22,1.2999999999999972,True,,4.0,0.010958904109589041,773.4072830881462,-0.04957567737456882,False,below_european_lower_bound,,market_price is below the no-arbitrage lower bound.,37.390888968505806,773.0683295346428
2026-09-04,2026-09-08,put,736.0,0.04,0.05,0.05,101.0,1781.0,773.17,100,0.045,0.010000000000000002,True,,4.0,0.010958904109589041,773.4072830881462,-0.04957567737456882,True,,0.19877389889014327,,0.0,735.677440566137
2026-09-04,2026-09-08,call,737.0,35.57,36.81,32.5,1.0,13.0,773.17,100,36.19,1.240000000000002,True,,4.0,0.010958904109589041,773.4072830881462,-0.0482179039141084,False,below_european_lower_bound,,market_price is below the no-arbitrage lower bound.,36.3913272286062,773.0683295346428
2026-09-04,2026-09-08,put,737.0,0.04,0.05,0.04,5159.0,482.0,773.17,100,0.045,0.010000000000000002,True,,4.0,0.010958904109589041,773.4072830881462,-0.0482179039141084,True,,0.193975637763375,,0.0,736.6770023060366
2026-09-04,2026-09-08,call,738.0,34.58,35.81,26.81,0.0,10.0,773.17,100,35.195,1.230000000000004,True,,4.0,0.010958904109589041,773.4072830881462,-0.04686197150297257,False,below_european_lower_bound,,market_price is below the no-arbitrage lower bound.,35.391765488706596,773.0683295346428
2026-09-04,2026-09-08,put,738.0,0.04,0.05,0.05,138.0,769.0,773.17,100,0.045,0.010000000000000002,True,,4.0,0.010958904109589041,773.4072830881462,-0.04686197150297257,True,,0.18917134380074713,,0.0,737.6765640459362
2026-09-04,2026-09-08,call,739.0,33.58,34.81,34.98,12.0,7.0,773.17,100,34.195,1.230000000000004,True,,4.0,0.010958904109589041,773.4072830881462,-0.04550787515524323,False,below_european_lower_bound,,market_price is below the no-arbitrage lower bound.,34.39220374880688,773.0683295346428
2026-09-04,2026-09-08,put,739.0,0.04,0.05,0.05,307.0,849.0,773.17,100,0.045,0.010000000000000002,True,,4.0,0.010958904109589041,773.4072830881462,-0.04550787515524323,True,,0.18436058421887072,,0.0,738.6761257858359
2026-09-04,2026-09-08,call,740.0,32.58,33.82,33.93,420.0,7.0,773.17,100,33.2,1.240000000000002,True,,4.0,0.010958904109589041,773.4072830881462,-0.044155609905229626,False,below_european_lower_bound,,market_price is below the no-arbitrage lower bound.,33.39264200890727,773.0683295346428
2026-09-04,2026-09-08,put,740.0,0.05,0.06,0.04,3360.0,1250.0,773.17,100,0.055,0.009999999999999995,True,,4.0,0.010958904109589041,773.4072830881462,-0.044155609905229626,True,,0.18420294994407185,,0.0,739.6756875257355
2026-09-04,2026-09-08,call,741.0,31.59,32.82,32.69,576.0,16.0,773.17,100,32.205,1.2300000000000004,True,,4.0,0.010958904109589041,773.4072830881462,-0.04280517080735812,False,below_european_lower_bound,,market_price is below the no-arbitrage lower bound.,32.39308026900767,773.0683295346428
2026-09-04,2026-09-08,put,741.0,0.05,0.06,0.05,83.0,539.0,773.17,100,0.055,0.009999999999999995,True,,4.0,0.010958904109589041,773.4072830881462,-0.04280517080735812,True,,0.17927859999660797,,0.0,740.6752492656351
2026-09-04,2026-09-08,call,742.0,30.59,31.82,31.66,237.0,20.0,773.17,100,31.205,1.2300000000000004,True,,4.0,0.010958904109589041,773.4072830881462,-0.041456552936064615,False,below_european_lower_bound,,market_price is below the no-arbitrage lower bound.,31.39351852910795,773.0683295346428
2026-09-04,2026-09-08,put,742.0,0.05,0.06,0.06,162.0,594.0,773.17,100,0.055,0.009999999999999995,True,,4.0,0.010958904109589041,773.4072830881462,-0.041456552936064615,True,,0.1743457158927027,,0.0,741.6748110055348
2026-09-04,2026-09-08,call,743.0,29.6,30.82,30.62,567.0,82.0,773.17,100,30.21,1.2199999999999989,True,,4.0,0.010958904109589041,773.4072830881462,-0.04010975138568584,False,below_european_lower_bound,,market_price is below the no-arbitrage lower bound.,30.393956789208346,773.0683295346428
2026-09-04,2026-09-08,put,743.0,0.06,0.07,0.07,64.0,914.0,773.17,100,0.065,0.010000000000000009,True,,4.0,0.010958904109589041,773.4072830881462,-0.04010975138568584,True,,0.17325501435936608,,0.0,742.6743727454344
2026-09-04,2026-09-08,call,744.0,28.6,29.83,29.67,405.0,16.0,773.17,100,29.215,1.2299999999999969,True,,4.0,0.010958904109589041,773.4072830881462,-0.0387647612703532,False,below_european_lower_bound,,market_price is below the no-arbitrage lower bound.,29.39439504930874,773.0683295346428
2026-09-04,2026-09-08,put,744.0,0.06,0.07,0.07,141.0,1203.0,773.17,100,0.065,0.010000000000000009,True,,4.0,0.010958904109589041,773.4072830881462,-0.0387647612703532,True,,0.16821510859268662,,0.0,743.673934485334
2026-09-04,2026-09-08,call,745.0,27.61,28.83,28.06,829.0,112.0,773.17,100,28.22,1.2199999999999989,True,,4.0,0.010958904109589041,773.4072830881462,-0.0374215777238855,False,below_european_lower_bound,,market_price is below the no-arbitrage lower bound.,28.394833309409023,773.0683295346428
2026-09-04,2026-09-08,put,745.0,0.06,0.07,0.07,1473.0,1507.0,773.17,100,0.065,0.010000000000000009,True,,4.0,0.010958904109589041,773.4072830881462,-0.0374215777238855,True,,0.16316413714306405,,0.0,744.6734962252337
2026-09-04,2026-09-08,call,746.0,26.61,27.83,27.14,246.0,14.0,773.17,100,27.22,1.2199999999999989,True,,4.0,0.010958904109589041,773.4072830881462,-0.03608019589968422,False,below_european_lower_bound,,market_price is below the no-arbitrage lower bound.,27.39527156950942,773.0683295346428
2026-09-04,2026-09-08,put,746.0,0.07,0.08,0.07,1406.0,600.0,773.17,100,0.07500000000000001,0.009999999999999995,True,,4.0,0.010958904109589041,773.4072830881462,-0.03608019589968422,True,,0.16133668719867947,,0.0,745.6730579651334
2026-09-04,2026-09-08,call,747.0,25.62,26.84,27.26,86.0,59.0,773.17,100,26.23,1.2199999999999989,True,,4.0,0.010958904109589041,773.4072830881462,-0.03474061097062771,False,below_european_lower_bound,,market_price is below the no-arbitrage lower bound.,26.395709829609814,773.0683295346428
2026-09-04,2026-09-08,put,747.0,0.07,0.08,0.07,680.0,488.0,773.17,100,0.07500000000000001,0.009999999999999995,True,,4.0,0.010958904109589041,773.4072830881462,-0.03474061097062771,True,,0.15618090432594545,,0.0,746.672619705033
2026-09-04,2026-09-08,call,748.0,24.63,25.84,26.21,394.0,96.0,773.17,100,25.235,1.2100000000000009,True,,4.0,0.010958904109589041,773.4072830881462,-0.03340281812896783,False,below_european_lower_bound,,market_price is below the no-arbitrage lower bound.,25.396148089710096,773.0683295346428
2026-09-04,2026-09-08,put,748.0,0.08,0.09,0.09,303.0,1085.0,773.17,100,0.08499999999999999,0.009999999999999995,True,,4.0,0.010958904109589041,773.4072830881462,-0.03340281812896783,True,,0.15382832873553529,,0.0,747.6721814449327
2026-09-04,2026-09-08,call,749.0,23.64,24.85,24.0,514.0,97.0,773.17,100,24.245,1.2100000000000009,True,,4.0,0.010958904109589041,773.4072830881462,-0.032066812586225533,False,below_european_lower_bound,,market_price is below the no-arbitrage lower bound.,24.39658634981049,773.0683295346428
2026-09-04,2026-09-08,put,749.0,0.08,0.09,0.08,315.0,862.0,773.17,100,0.08499999999999999,0.009999999999999995,True,,4.0,0.010958904109589041,773.4072830881462,-0.032066812586225533,True,,0.14856904292542608,,0.0,748.6717431848323
2026-09-04,2026-09-08,call,750.0,22.94,23.73,23.34,1368.0,243.0,773.17,100,23.335,0.7899999999999991,True,,4.0,0.010958904109589041,773.4072830881462,-0.03073258957308895,False,below_european_lower_bound,,market_price is below the no-arbitrage lower bound.,23.397024609910886,773.0683295346428
2026-09-04,2026-09-08,put,750.0,0.09,0.1,0.09,4883.0,860.0,773.17,100,0.095,0.010000000000000009,True,,4.0,0.010958904109589041,773.4072830881462,-0.03073258957308895,True,,0.14576763496746406,,0.0,749.6713049247319
2026-09-04,2026-09-08,call,751.0,21.94,22.74,22.16,892.0,432.0,773.17,100,22.34,0.7999999999999972,True,,4.0,0.010958904109589041,773.4072830881462,-0.029400144339310274,False,below_european_lower_bound,,market_price is below the no-arbitrage lower bound.,22.397462870011168,773.0683295346428
2026-09-04,2026-09-08,put,751.0,0.1,0.11,0.1,637.0,550.0,773.17,100,0.10500000000000001,0.009999999999999995,True,,4.0,0.010958904109589041,773.4072830881462,-0.029400144339310274,True,,0.14265497127529855,,0.0,750.6708666646316
2026-09-04,2026-09-08,call,752.0,20.95,21.75,21.35,856.0,304.0,773.17,100,21.35,0.8000000000000007,True,,4.0,0.010958904109589041,773.4072830881462,-0.02806947215360525,False,below_european_lower_bound,,market_price is below the no-arbitrage lower bound.,21.397901130111563,773.0683295346428
2026-09-04,2026-09-08,put,752.0,0.11,0.12,0.12,639.0,581.0,773.17,100,0.11499999999999999,0.009999999999999995,True,,4.0,0.010958904109589041,773.4072830881462,-0.02806947215360525,True,,0.13926678014986352,,0.0,751.6704284045312
2026-09-04,2026-09-08,call,753.0,19.96,20.75,20.68,257.0,296.0,773.17,100,20.355,0.7899999999999991,True,,4.0,0.010958904109589041,773.4072830881462,-0.02674056830355144,False,below_european_lower_bound,,market_price is below the no-arbitrage lower bound.,20.39833939021196,773.0683295346428
2026-09-04,2026-09-08,put,753.0,0.12,0.13,0.13,1565.0,923.0,773.17,100,0.125,0.010000000000000009,True,,4.0,0.010958904109589041,773.4072830881462,-0.02674056830355144,True,,0.1356300239496815,,0.0,752.6699901444308
2026-09-04,2026-09-08,call,754.0,19.0,19.77,19.39,631.0,340.0,773.17,100,19.384999999999998,0.7699999999999996,True,,4.0,0.010958904109589041,773.4072830881462,-0.025413428095489004,False,below_european_lower_bound,,market_price is below the no-arbitrage lower bound.,19.39877765031224,773.0683295346428
2026-09-04,2026-09-08,put,754.0,0.14,0.15,0.14,677.0,927.0,773.17,100,0.14500000000000002,0.009999999999999981,True,,4.0,0.010958904109589041,773.4072830881462,-0.025413428095489004,True,,0.13344140338829513,,0.0,753.6695518843305
2026-09-04,2026-09-08,call,755.0,17.99,18.75,18.37,1518.0,311.0,773.17,100,18.369999999999997,0.7600000000000016,True,,4.0,0.010958904109589041,773.4072830881462,-0.024088046854420318,False,below_european_lower_bound,,market_price is below the no-arbitrage lower bound.,18.399215910412636,773.0683295346428
2026-09-04,2026-09-08,put,755.0,0.15,0.16,0.17,2090.0,1413.0,773.17,100,0.155,0.010000000000000009,True,,4.0,0.010958904109589041,773.4072830881462,-0.024088046854420318,True,,0.12924741596562178,,0.0,754.6691136242301
2026-09-04,2026-09-08,call,756.0,17.04,17.8,17.77,2533.0,244.0,773.17,100,17.42,0.7600000000000016,True,,4.0,0.010958904109589041,773.4072830881462,-0.02276441992391208,True,,0.09095125785556749,,17.39965417051303,773.0683295346428
2026-09-04,2026-09-08,put,756.0,0.18,0.19,0.17,877.0,1033.0,773.17,100,0.185,0.010000000000000009,True,,4.0,0.010958904109589041,773.4072830881462,-0.02276441992391208,True,,0.12762645347936083,,0.0,755.6686753641297
2026-09-04,2026-09-08,call,757.0,16.05,16.81,16.46,1695.0,178.0,773.17,100,16.43,0.759999999999998,True,,4.0,0.010958904109589041,773.4072830881462,-0.021442542665996246,True,,0.09065470306851657,,16.400092430613313,773.0683295346428
2026-09-04,2026-09-08,put,757.0,0.2,0.21,0.2,541.0,656.0,773.17,100,0.20500000000000002,0.009999999999999981,True,,4.0,0.010958904109589041,773.4072830881462,-0.021442542665996246,True,,0.12412531243481745,,0.0,756.6682371040295
2026-09-04,2026-09-08,call,758.0,15.07,15.83,15.85,2930.0,254.0,773.17,100,15.45,0.7599999999999998,True,,4.0,0.010958904109589041,773.4072830881462,-0.020122410461073423,True,,0.09210243064339065,,15.400530690713708,773.0683295346428
2026-09-04,2026-09-08,put,758.0,0.23,0.24,0.24,1518.0,670.0,773.17,100,0.235,0.009999999999999981,True,,4.0,0.010958904109589041,773.4072830881462,-0.020122410461073423,True,,0.12139122944267931,,0.0,757.6677988439291
2026-09-04,2026-09-08,call,759.0,14.13,14.84,14.91,1274.0,207.0,773.17,100,14.485,0.7099999999999991,True,,4.0,0.010958904109589041,773.4072830881462,-0.0188040187078151,True,,0.0945864760454336,,14.400968950814104,773.0683295346428
2026-09-04,2026-09-08,put,759.0,0.26,0.27,0.27,2258.0,1210.0,773.17,100,0.265,0.010000000000000009,True,,4.0,0.010958904109589041,773.4072830881462,-0.0188040187078151,True,,0.1181507710849061,,0.0,758.6673605838287
2026-09-04,2026-09-08,call,760.0,13.26,13.65,13.33,2919.0,401.0,773.17,100,13.455,0.39000000000000057,True,,4.0,0.010958904109589041,773.4072830881462,-0.01748736282306832,True,,0.08274768679821358,,13.401407210914385,773.0683295346428
2026-09-04,2026-09-08,put,760.0,0.31,0.32,0.32,6351.0,1687.0,773.17,100,0.315,0.010000000000000009,True,,4.0,0.010958904109589041,773.4072830881462,-0.01748736282306832,True,,0.11624487917681589,,0.0,759.6669223237284
2026-09-04,2026-09-08,call,761.0,12.23,12.69,12.46,2354.0,716.0,773.17,100,12.46,0.4599999999999991,True,,4.0,0.010958904109589041,773.4072830881462,-0.01617243824175919,True,,0.07847427026255693,,12.40184547101478,773.0683295346428
2026-09-04,2026-09-08,put,761.0,0.36,0.37,0.37,4661.0,1551.0,773.17,100,0.365,0.010000000000000009,True,,4.0,0.010958904109589041,773.4072830881462,-0.01617243824175919,True,,0.11359825737297094,,0.0,760.666484063628
2026-09-04,2026-09-08,call,762.0,11.29,11.79,11.6,1766.0,733.0,773.17,100,11.54,0.5,True,,4.0,0.010958904109589041,773.4072830881462,-0.01485924041679881,True,,0.08542453890310339,,11.402283731115176,773.0683295346428
2026-09-04,2026-09-08,put,762.0,0.42,0.43,0.42,2293.0,1045.0,773.17,100,0.425,0.010000000000000009,True,,4.0,0.010958904109589041,773.4072830881462,-0.01485924041679881,True,,0.11102640958804438,,0.0,761.6660458035276
2026-09-04,2026-09-08,call,763.0,10.45,10.86,10.37,1162.0,785.0,773.17,100,10.655,0.41000000000000014,True,,4.0,0.010958904109589041,773.4072830881462,-0.013547764818988024,True,,0.09073124212108047,,10.402721991215458,773.0683295346428
2026-09-04,2026-09-08,put,763.0,0.49,0.5,0.5,3471.0,807.0,773.17,100,0.495,0.010000000000000009,True,,4.0,0.010958904109589041,773.4072830881462,-0.013547764818988024,True,,0.1083985089632009,,0.0,762.6656075434273
2026-09-04,2026-09-08,call,764.0,9.49,9.93,9.85,2922.0,1606.0,773.17,100,9.71,0.4399999999999995,True,,4.0,0.010958904109589041,773.4072830881462,-0.012238006936924594,True,,0.08826965042987489,,9.403160251315853,773.0683295346428
2026-09-04,2026-09-08,put,764.0,0.58,0.59,0.59,3314.0,935.0,773.17,100,0.585,0.010000000000000009,True,,4.0,0.010958904109589041,773.4072830881462,-0.012238006936924594,True,,0.10618603199353888,,0.0,763.6651692833269
2026-09-04,2026-09-08,call,765.0,8.67,9.0,8.78,2304.0,1668.0,773.17,100,8.835,0.33000000000000007,True,,4.0,0.010958904109589041,773.4072830881462,-0.010929962276909193,True,,0.08942392560798326,,8.403598511416249,773.0683295346428
2026-09-04,2026-09-08,put,765.0,0.69,0.7,0.69,8620.0,1723.0,773.17,100,0.695,0.010000000000000009,True,,4.0,0.010958904109589041,773.4072830881462,-0.010929962276909193,True,,0.10414407754143093,,0.0,764.6647310232265
2026-09-04,2026-09-08,call,766.0,7.82,8.12,7.92,3549.0,1141.0,773.17,100,7.97,0.29999999999999893,True,,4.0,0.010958904109589041,773.4072830881462,-0.009623626362853788,True,,0.08927871337831135,,7.40403677151653,773.0683295346428
2026-09-04,2026-09-08,put,766.0,0.81,0.83,0.82,4799.0,890.0,773.17,100,0.8200000000000001,0.019999999999999907,True,,4.0,0.010958904109589041,773.4072830881462,-0.009623626362853788,True,,0.10185397788887614,,0.0,765.6642927631262
2026-09-04,2026-09-08,call,767.0,6.99,7.27,7.17,5024.0,951.0,773.17,100,7.13,0.27999999999999936,True,,4.0,0.010958904109589041,773.4072830881462,-0.008318994736188846,True,,0.0888018097096328,,6.404475031616926,773.0683295346428
2026-09-04,2026-09-08,put,767.0,0.97,0.98,0.96,6330.0,741.0,773.17,100,0.975,0.010000000000000009,True,,4.0,0.010958904109589041,773.4072830881462,-0.008318994736188846,True,,0.09987603929516237,,0.0,766.6638545030258
2026-09-04,2026-09-08,call,768.0,6.19,6.44,6.35,5287.0,687.0,773.17,100,6.315,0.25,True,,4.0,0.010958904109589041,773.4072830881462,-0.007016062955772923,True,,0.08790630507169883,,5.404913291717321,773.0683295346428
2026-09-04,2026-09-08,put,768.0,1.14,1.16,1.16,9555.0,325.0,773.17,100,1.15,0.020000000000000018,True,,4.0,0.010958904109589041,773.4072830881462,-0.007016062955772923,True,,0.09759376183507824,,0.0,767.6634162429255
2026-09-04,2026-09-08,call,769.0,5.44,5.6,5.41,4753.0,1277.0,773.17,100,5.52,0.15999999999999925,True,,4.0,0.010958904109589041,773.4072830881462,-0.0057148265978010605,True,,0.08633674743362307,,4.405351551817603,773.0683295346428
2026-09-04,2026-09-08,put,769.0,1.36,1.38,1.36,5660.0,351.0,773.17,100,1.37,0.019999999999999796,True,,4.0,0.010958904109589041,773.4072830881462,-0.0057148265978010605,True,,0.09583318700923224,,0.0,768.6629779828252
2026-09-04,2026-09-08,call,770.0,4.74,4.85,4.8,7489.0,6447.0,773.17,100,4.795,0.10999999999999943,True,,4.0,0.010958904109589041,773.4072830881462,-0.004415281255715558,True,,0.08582490707293242,,3.405789811917998,773.0683295346428
2026-09-04,2026-09-08,put,770.0,1.62,1.64,1.63,11896.0,1217.0,773.17,100,1.63,0.019999999999999796,True,,4.0,0.010958904109589041,773.4072830881462,-0.004415281255715558,True,,0.09416897165453317,,0.0,769.6625397227248
2026-09-04,2026-09-08,call,771.0,4.05,4.15,4.1,3540.0,1105.0,773.17,100,4.1,0.10000000000000053,True,,4.0,0.010958904109589041,773.4072830881462,-0.003117422540115547,True,,0.0846838877681771,,2.40622807201828,773.0683295346428
2026-09-04,2026-09-08,put,771.0,1.93,1.94,1.92,6118.0,354.0,773.17,100,1.935,0.010000000000000009,True,,4.0,0.010958904109589041,773.4072830881462,-0.003117422540115547,True,,0.09260255225205984,,0.0,770.6621014626245
2026-09-04,2026-09-08,call,772.0,3.41,3.5,3.45,4009.0,1225.0,773.17,100,3.455,0.08999999999999986,True,,4.0,0.010958904109589041,773.4072830881462,-0.0018212460786689224,True,,0.08350043424752997,,1.4066663321186752,773.0683295346428
2026-09-04,2026-09-08,put,772.0,2.28,2.3,2.28,6580.0,329.0,773.17,100,2.29,0.020000000000000018,True,,4.0,0.010958904109589041,773.4072830881462,-0.0018212460786689224,True,,0.09114302194935203,,0.0,771.6616632025241
2026-09-04,2026-09-08,call,773.0,2.86,2.88,2.85,6841.0,1036.0,773.17,100,2.87,0.020000000000000018,True,,4.0,0.010958904109589041,773.4072830881462,-0.0005267475160230767,True,,0.0824574089043246,,0.4071045922190706,773.0683295346428
2026-09-04,2026-09-08,put,773.0,2.69,2.71,2.68,7365.0,158.0,773.17,100,2.7,0.020000000000000018,True,,4.0,0.010958904109589041,773.4072830881462,-0.0005267475160230767,True,,0.08981591409451872,,0.0,772.6612249424237
2026-09-04,2026-09-08,call,774.0,2.33,2.35,2.33,5750.0,846.0,773.17,100,2.34,0.020000000000000018,True,,4.0,0.010958904109589041,773.4072830881462,0.0007660774862821318,True,,0.0812927030912747,,0.0,773.0683295346428
2026-09-04,2026-09-08,put,774.0,3.16,3.18,3.18,3627.0,325.0,773.17,100,3.17,0.020000000000000018,True,,4.0,0.010958904109589041,773.4072830881462,0.0007660774862821318,True,,0.08867483103855711,,0.5924571476806477,773.6607866823234
2026-09-04,2026-09-08,call,775.0,1.87,1.89,1.88,12913.0,2305.0,773.17,100,1.88,0.019999999999999796,True,,4.0,0.010958904109589041,773.4072830881462,0.002057233249901955,True,,0.08041056235577107,,0.0,773.0683295346428
2026-09-04,2026-09-08,put,775.0,3.62,3.73,3.69,1824.0,287.0,773.17,100,3.675,0.10999999999999988,True,,4.0,0.010958904109589041,773.4072830881462,0.002057233249901955,True,,0.08686720675574633,,1.5920188875802523,774.660348422223
2026-09-04,2026-09-08,call,776.0,1.47,1.48,1.46,3676.0,880.0,773.17,100,1.475,0.010000000000000009,True,,4.0,0.010958904109589041,773.4072830881462,0.003346724079773654,True,,0.07932068904987405,,0.0,773.0683295346428
2026-09-04,2026-09-08,put,776.0,4.21,4.43,4.29,1640.0,404.0,773.17,100,4.32,0.21999999999999975,True,,4.0,0.010958904109589041,773.4072830881462,0.003346724079773654,True,,0.08775376250930195,,2.591580627479857,775.6599101621226
2026-09-04,2026-09-08,call,777.0,1.13,1.15,1.13,3921.0,1615.0,773.17,100,1.14,0.020000000000000018,True,,4.0,0.010958904109589041,773.4072830881462,0.0046345542642022884,True,,0.07855975746050192,,0.0,773.0683295346428
2026-09-04,2026-09-08,put,777.0,4.89,5.07,5.02,3477.0,1.0,773.17,100,4.98,0.1800000000000006,True,,4.0,0.010958904109589041,773.4072830881462,0.0046345542642022884,True,,0.08742897832108366,,3.5911423673795753,776.6594719020223
2026-09-04,2026-09-08,call,778.0,0.86,0.87,0.86,4456.0,2018.0,773.17,100,0.865,0.010000000000000009,True,,4.0,0.010958904109589041,773.4072830881462,0.005920728074946614,True,,0.07792947229353431,,0.0,773.0683295346428
2026-09-04,2026-09-08,put,778.0,5.58,5.78,5.69,2787.0,0.0,773.17,100,5.68,0.20000000000000018,True,,4.0,0.010958904109589041,773.4072830881462,0.005920728074946614,True,,0.08670516511756435,,4.59070410727918,777.659033641922
2026-09-04,2026-09-08,call,779.0,0.63,0.65,0.65,4323.0,2712.0,773.17,100,0.64,0.020000000000000018,True,,4.0,0.010958904109589041,773.4072830881462,0.00720524976730322,True,,0.07722163298223919,,0.0,773.0683295346428
2026-09-04,2026-09-08,put,779.0,6.35,6.63,6.37,3733.0,37.0,773.17,100,6.49,0.28000000000000025,True,,4.0,0.010958904109589041,773.4072830881462,0.00720524976730322,True,,0.08855162329226639,,5.5902658471787845,778.6585953818216
2026-09-04,2026-09-08,call,780.0,0.46,0.47,0.47,11890.0,2905.0,773.17,100,0.46499999999999997,0.009999999999999953,True,,4.0,0.010958904109589041,773.4072830881462,0.008488123580192321,True,,0.07668609387128199,,0.0,773.0683295346428
2026-09-04,2026-09-08,put,780.0,7.13,7.48,7.33,3134.0,44.0,773.17,100,7.305,0.35000000000000053,True,,4.0,0.010958904109589041,773.4072830881462,0.008488123580192321,True,,0.08915471558465934,,6.589827587078503,779.6581571217213
2026-09-04,2026-09-08,call,781.0,0.33,0.34,0.34,5283.0,708.0,773.17,100,0.335,0.010000000000000009,True,,4.0,0.010958904109589041,773.4072830881462,0.00976935373624081,True,,0.07649814453206268,,0.0,773.0683295346428
2026-09-04,2026-09-08,put,781.0,7.86,8.56,8.09,1346.0,1.0,773.17,100,8.21,0.7000000000000002,True,,4.0,0.010958904109589041,773.4072830881462,0.00976935373624081,True,,0.09272535958894197,,7.589389326978107,780.6577188616209
2026-09-04,2026-09-08,call,782.0,0.24,0.25,0.25,2873.0,707.0,773.17,100,0.245,0.010000000000000009,True,,4.0,0.010958904109589041,773.4072830881462,0.011048944441866089,True,,0.07700082421634472,,0.0,773.0683295346428
2026-09-04,2026-09-08,put,782.0,8.81,9.52,8.82,1637.0,0.0,773.17,100,9.165,0.7099999999999991,True,,4.0,0.010958904109589041,773.4072830881462,0.011048944441866089,True,,0.09819000937035015,,8.588951066877712,781.6572806015205
2026-09-04,2026-09-08,call,783.0,0.17,0.18,0.17,5505.0,1188.0,773.17,100,0.175,0.009999999999999981,True,,4.0,0.010958904109589041,773.4072830881462,0.012326899887358054,True,,0.07731156467442656,,0.0,773.0683295346428
2026-09-04,2026-09-08,put,783.0,9.63,10.77,9.67,150.0,0.0,773.17,100,10.2,1.1399999999999988,True,,4.0,0.010958904109589041,773.4072830881462,0.012326899887358054,True,,0.10779732196635276,,9.58851280677743,782.6568423414202
2026-09-04,2026-09-08,call,784.0,0.12,0.13,0.13,2040.0,890.0,773.17,100,0.125,0.010000000000000009,True,,4.0,0.010958904109589041,773.4072830881462,0.013603224246962744,True,,0.07784891620140034,,0.0,773.0683295346428
2026-09-04,2026-09-08,put,784.0,10.61,11.8,11.2,271.0,0.0,773.17,100,11.205,1.1900000000000013,True,,4.0,0.010958904109589041,773.4072830881462,0.013603224246962744,True,,0.11564540376516994,,10.588074546677035,783.6564040813198
2026-09-04,2026-09-08,call,785.0,0.08,0.09,0.09,1357.0,744.0,773.17,100,0.08499999999999999,0.009999999999999995,True,,4.0,0.010958904109589041,773.4072830881462,0.014877921678963273,True,,0.07785982863682878,,0.0,773.0683295346428
2026-09-04,2026-09-08,put,785.0,11.99,12.76,12.2,1365.0,0.0,773.17,100,12.375,0.7699999999999996,True,,4.0,0.010958904109589041,773.4072830881462,0.014877921678963273,True,,0.13277522319147303,,11.58763628657664,784.6559658212194
2026-09-04,2026-09-08,call,786.0,0.06,0.07,0.07,531.0,293.0,773.17,100,0.065,0.010000000000000009,True,,4.0,0.010958904109589041,773.4072830881462,0.01615099632576155,True,,0.07960712905076595,,0.0,773.0683295346428
2026-09-04,2026-09-08,put,786.0,12.57,13.77,12.31,18.0,0.0,773.17,100,13.17,1.1999999999999993,True,,4.0,0.010958904109589041,773.4072830881462,0.01615099632576155,True,,0.1282104970166646,,12.587198026476358,785.6555275611191
2026-09-04,2026-09-08,call,787.0,0.05,0.06,0.06,1703.0,1545.0,773.17,100,0.055,0.009999999999999995,True,,4.0,0.010958904109589041,773.4072830881462,0.017422452313958177,True,,0.08259683613797182,,0.0,773.0683295346428
2026-09-04,2026-09-08,put,787.0,13.56,14.78,13.54,164.0,0.0,773.17,100,14.17,1.2199999999999989,True,,4.0,0.010958904109589041,773.4072830881462,0.017422452313958177,True,,0.1353542161977316,,13.586759766375962,786.6550893010187
2026-09-04,2026-09-08,call,788.0,0.04,0.05,0.05,753.0,465.0,773.17,100,0.045,0.010000000000000002,True,,4.0,0.010958904109589041,773.4072830881462,0.018692293754434017,True,,0.08504786203828538,,0.0,773.0683295346428
2026-09-04,2026-09-08,put,788.0,14.56,15.84,14.46,319.0,0.0,773.17,100,15.2,1.2799999999999994,True,,4.0,0.010958904109589041,773.4072830881462,0.018692293754434017,True,,0.14440134654309794,,14.586321506275567,787.6546510409183
2026-09-04,2026-09-08,call,789.0,0.03,0.04,0.04,621.0,805.0,773.17,100,0.035,0.010000000000000002,True,,4.0,0.010958904109589041,773.4072830881462,0.01996052474242908,True,,0.08679957700686498,,0.0,773.0683295346428
2026-09-04,2026-09-08,put,789.0,15.55,16.79,15.78,86.0,0.0,773.17,100,16.17,1.2399999999999984,True,,4.0,0.010958904109589041,773.4072830881462,0.01996052474242908,True,,0.149363822592942,,15.585883246175285,788.654212780818
2026-09-04,2026-09-08,call,790.0,0.02,0.03,0.03,1099.0,2136.0,773.17,100,0.025,0.009999999999999998,True,,4.0,0.010958904109589041,773.4072830881462,0.02122714935762218,True,,0.08754477166288635,,0.0,773.0683295346428
2026-09-04,2026-09-08,put,790.0,16.5,17.85,16.09,451.0,0.0,773.17,100,17.175,1.3500000000000014,True,,4.0,0.010958904109589041,773.4072830881462,0.02122714935762218,True,,0.15659941868912555,,16.58544498607489,789.6537745207177
2026-09-04,2026-09-08,call,791.0,0.02,0.03,0.03,298.0,571.0,773.17,100,0.025,0.009999999999999998,True,,4.0,0.010958904109589041,773.4072830881462,0.022492171664208818,True,,0.09207371831375413,,0.0,773.0683295346428
2026-09-04,2026-09-08,put,791.0,17.54,18.8,17.75,140.0,0.0,773.17,100,18.17,1.2600000000000016,True,,4.0,0.010958904109589041,773.4072830881462,0.022492171664208818,True,,0.16305022416114648,,17.585006725974495,790.6533362606173
2026-09-04,2026-09-08,call,792.0,0.02,0.03,0.03,297.0,691.0,773.17,100,0.025,0.009999999999999998,True,,4.0,0.010958904109589041,773.4072830881462,0.023755595710980744,True,,0.0965709970552965,,0.0,773.0683295346428
2026-09-04,2026-09-08,put,792.0,18.54,19.81,18.26,886.0,0.0,773.17,100,19.174999999999997,1.2699999999999996,True,,4.0,0.010958904109589041,773.4072830881462,0.023755595710980744,True,,0.17015954544595388,,18.584568465874213,791.652898000517
2026-09-04,2026-09-08,call,793.0,0.02,0.03,0.02,143.0,81.0,773.17,100,0.025,0.009999999999999998,True,,4.0,0.010958904109589041,773.4072830881462,0.025017425531403036,True,,0.10103838701559867,,0.0,773.0683295346428
2026-09-04,2026-09-08,put,793.0,19.49,20.86,0.0,0.0,0.0,773.17,100,20.174999999999997,1.370000000000001,True,,4.0,0.010958904109589041,773.4072830881462,0.025017425531403036,True,,0.17683934239482202,,19.584130205773818,792.6524597404166
2026-09-04,2026-09-08,call,794.0,0.01,0.02,0.02,165.0,144.0,773.17,100,0.015,0.01,True,,4.0,0.010958904109589041,773.4072830881462,0.026277665143690718,True,,0.09932707378674192,,0.0,773.0683295346428
2026-09-04,2026-09-08,put,794.0,20.49,21.86,0.0,0.0,0.0,773.17,100,21.174999999999997,1.370000000000001,True,,4.0,0.010958904109589041,773.4072830881462,0.026277665143690718,True,,0.18345774484919283,,20.583691945673422,793.6520214803162
2026-09-04,2026-09-08,call,795.0,0.01,0.02,0.02,15.0,454.0,773.17,100,0.015,0.01,True,,4.0,0.010958904109589041,773.4072830881462,0.02753631855088684,True,,0.10353314558526212,,0.0,773.0683295346428
2026-09-04,2026-09-08,put,795.0,21.49,22.86,0.0,0.0,0.0,773.17,100,22.174999999999997,1.370000000000001,True,,4.0,0.010958904109589041,773.4072830881462,0.02753631855088684,True,,0.1900182728826104,,21.58325368557314,794.6515832202159
2026-09-04,2026-09-08,call,796.0,0.01,0.02,0.01,42.0,343.0,773.17,100,0.015,0.01,True,,4.0,0.010958904109589041,773.4072830881462,0.0287933897409379,True,,0.10771608767781171,,0.0,773.0683295346428
2026-09-04,2026-09-08,put,796.0,22.49,23.81,32.09,0.0,0.0,773.17,100,23.15,1.3200000000000003,True,,4.0,0.010958904109589041,773.4072830881462,0.0287933897409379,True,,0.19447042129728861,,22.582815425472745,795.6511449601155
2026-09-04,2026-09-08,call,797.0,0.01,0.02,0.01,1.0,75.0,773.17,100,0.015,0.01,True,,4.0,0.010958904109589041,773.4072830881462,0.030048882686770088,True,,0.11187691606585856,,0.0,773.0683295346428
2026-09-04,2026-09-08,put,797.0,23.48,24.81,0.0,0.0,0.0,773.17,100,24.145,1.3299999999999983,True,,4.0,0.010958904109589041,773.4072830881462,0.030048882686770088,True,,0.20045850760976733,,23.58237716537235,796.6507067000151
2026-09-04,2026-09-08,call,798.0,0.01,0.02,0.01,245.0,35.0,773.17,100,0.015,0.01,True,,4.0,0.010958904109589041,773.4072830881462,0.031302801346363755,True,,0.11601652936508029,,0.0,773.0683295346428
2026-09-04,2026-09-08,put,798.0,24.53,25.86,29.28,2.0,0.0,773.17,100,25.195,1.3299999999999983,True,,4.0,0.010958904109589041,773.4072830881462,0.031302801346363755,True,,0.21105979235935488,,24.581938905272068,797.6502684399148
2026-09-04,2026-09-08,call,799.0,0.01,0.02,0.01,19.0,263.0,773.17,100,0.015,0.01,True,,4.0,0.010958904109589041,773.4072830881462,0.0325551496628296,True,,0.12013577507972309,,0.0,773.0683295346428
2026-09-04,2026-09-08,put,799.0,25.48,26.81,26.17,1.0,0.0,773.17,100,26.145,1.3299999999999983,True,,4.0,0.010958904109589041,773.4072830881462,0.0325551496628296,True,,0.21312322421945887,,25.581500645171673,798.6498301798144
2026-09-04,2026-09-08,call,800.0,0.01,0.02,0.01,15.0,500.0,773.17,100,0.015,0.01,True,,4.0,0.010958904109589041,773.4072830881462,0.03380593156448218,True,,0.12423541531143252,,0.0,773.0683295346428
2026-09-04,2026-09-08,put,800.0,26.53,27.81,27.04,25.0,1.0,773.17,100,27.17,1.2799999999999976,True,,4.0,0.010958904109589041,773.4072830881462,0.03380593156448218,True,,0.22161347916800125,,26.581062385071277,799.649391919714
2026-09-04,2026-09-08,call,801.0,0.01,0.02,0.01,0.0,14.0,773.17,100,0.015,0.01,True,,4.0,0.010958904109589041,773.4072830881462,0.03505515096491427,True,,0.12831615037581653,,0.0,773.0683295346428
2026-09-04,2026-09-08,put,801.0,27.48,28.81,28.15,1.0,1.0,773.17,100,28.145,1.3299999999999983,True,,4.0,0.010958904109589041,773.4072830881462,0.03505515096491427,True,,0.22561105923255467,,27.580624124970996,800.6489536596138
2026-09-04,2026-09-08,call,802.0,0.01,0.02,0.01,11.0,20.0,773.17,100,0.015,0.01,True,,4.0,0.010958904109589041,773.4072830881462,0.03630281176306949,True,,0.1323786257936274,,0.0,773.0683295346428
2026-09-04,2026-09-08,put,802.0,28.48,29.81,41.14,0.0,0.0,773.17,100,29.145,1.3299999999999983,True,,4.0,0.010958904109589041,773.4072830881462,0.03630281176306949,True,,0.23179331729462008,,28.5801858648706,801.6485153995134
2026-09-04,2026-09-08,call,803.0,0.01,0.02,0.01,17.0,1.0,773.17,100,0.015,0.01,True,,4.0,0.010958904109589041,773.4072830881462,0.037548917843316605,True,,0.13642343830697448,,0.0,773.0683295346428
2026-09-04,2026-09-08,put,803.0,29.53,30.81,29.88,1.0,1.0,773.17,100,30.17,1.2799999999999976,True,,4.0,0.010958904109589041,773.4072830881462,0.037548917843316605,True,,0.2402779763973507,,29.579747604770205,802.648077139413
2026-09-04,2026-09-08,call,804.0,0.01,0.02,0.01,0.0,1.0,773.17,100,0.015,0.01,True,,4.0,0.010958904109589041,773.4072830881462,0.03879347307552125,True,,0.1404511410988161,,0.0,773.0683295346428
2026-09-04,2026-09-08,put,804.0,30.48,31.86,0.0,0.0,0.0,773.17,100,31.17,1.379999999999999,True,,4.0,0.010958904109589041,773.4072830881462,0.03879347307552125,True,,0.24642156605408494,,30.579309344669923,803.6476388793127
2026-09-04,2026-09-08,call,805.0,0.01,0.02,0.02,5.0,50.0,773.17,100,0.015,0.01,True,,4.0,0.010958904109589041,773.4072830881462,0.04003648131511841,True,,0.14446224833500174,,0.0,773.0683295346428
2026-09-04,2026-09-08,put,805.0,31.48,32.86,0.0,0.0,0.0,773.17,100,32.17,1.379999999999999,True,,4.0,0.010958904109589041,773.4072830881462,0.04003648131511841,True,,0.2525286210690716,,31.578871084569528,804.6472006192123
2026-09-04,2026-09-08,call,806.0,0.01,0.02,0.01,1236.0,0.0,773.17,100,0.015,0.01,True,,4.0,0.010958904109589041,773.4072830881462,0.041277946403183274,True,,0.14845723912165887,,0.0,773.0683295346428
2026-09-04,2026-09-08,put,806.0,32.53,33.86,0.0,0.0,0.0,773.17,100,33.195,1.3299999999999983,True,,4.0,0.010958904109589041,773.4072830881462,0.041277946403183274,True,,0.26100041782328276,,32.57843282446913,805.6467623591119
2026-09-04,2026-09-08,call,807.0,0.01,0.02,0.01,16.0,0.0,773.17,100,0.015,0.01,True,,4.0,0.010958904109589041,773.4072830881462,0.042517872166503726,True,,0.1524365637523886,,0.0,773.0683295346428
2026-09-04,2026-09-08,put,807.0,33.53,34.81,37.28,2.0,0.0,773.17,100,34.17,1.2800000000000011,True,,4.0,0.010958904109589041,773.4072830881462,0.042517872166503726,True,,0.2646382205441939,,33.57799456436885,806.6463240990116
2026-09-04,2026-09-08,call,808.0,0.01,0.02,0.01,1014.0,34.0,773.17,100,0.015,0.01,True,,4.0,0.010958904109589041,773.4072830881462,0.04375626241765026,True,,0.15640063330572654,,0.0,773.0683295346428
2026-09-04,2026-09-08,put,808.0,34.53,35.81,0.0,0.0,0.0,773.17,100,35.17,1.2800000000000011,True,,4.0,0.010958904109589041,773.4072830881462,0.04375626241765026,True,,0.27064309433803546,,34.577556304268455,807.6458858389112
2026-09-04,2026-09-08,call,809.0,0.01,0.02,0.01,341.0,1.0,773.17,100,0.015,0.01,True,,4.0,0.010958904109589041,773.4072830881462,0.04499312095504673,True,,0.16034984759765525,,0.0,773.0683295346428
2026-09-04,2026-09-08,put,809.0,35.48,36.86,0.0,0.0,0.0,773.17,100,36.17,1.3800000000000026,True,,4.0,0.010958904109589041,773.4072830881462,0.04499312095504673,True,,0.2766161097531044,,35.57711804416806,808.6454475788108
2026-09-04,2026-09-08,call,810.0,0.0,0.01,0.01,25.0,24.0,773.17,100,0.005,0.01,True,,4.0,0.010958904109589041,773.4072830881462,0.04622845156303943,True,,0.14810324104054923,,0.0,773.0683295346428
2026-09-04,2026-09-08,put,810.0,36.48,37.86,36.23,25.0,0.0,773.17,100,37.17,1.3800000000000026,True,,4.0,0.010958904109589041,773.4072830881462,0.04622845156303943,True,,0.2825582511292507,,36.57667978406778,809.6450093187105
2026-09-04,2026-09-08,call,815.0,0.0,0.01,0.01,0.0,344.0,773.17,100,0.005,0.01,True,,4.0,0.010958904109589041,773.4072830881462,0.05238231713741763,True,,0.16597409745727598,,0.0,773.0683295346428
2026-09-04,2026-09-08,put,815.0,41.48,42.86,0.0,0.0,0.0,773.17,100,42.17,1.3800000000000026,True,,4.0,0.010958904109589041,773.4072830881462,0.05238231713741763,True,,0.3118363250536496,,41.574488483565915,814.6428180182087
2026-09-04,2026-09-08,call,820.0,0.0,0.01,0.01,0.0,128.0,773.17,100,0.005,0.01,True,,4.0,0.010958904109589041,773.4072830881462,0.058498544154853664,True,,0.18357630132436428,,0.0,773.0683295346428
2026-09-04,2026-09-08,put,820.0,46.48,47.86,0.0,0.0,0.0,773.17,100,47.17,1.3800000000000026,True,,4.0,0.010958904109589041,773.4072830881462,0.058498544154853664,True,,0.34046066550260184,,46.572297183064165,819.6406267177069
2026-09-04,2026-09-08,call,825.0,0.0,0.01,0.01,0.0,50.0,773.17,100,0.005,0.01,True,,4.0,0.010958904109589041,773.4072830881462,0.064577590231236,True,,0.2009328135929163,,0.0,773.0683295346428
2026-09-04,2026-09-08,put,825.0,51.48,52.86,0.0,0.0,0.0,773.17,100,52.17,1.3800000000000026,True,,4.0,0.010958904109589041,773.4072830881462,0.064577590231236,True,,0.368505651217808,,51.570105882562416,824.6384354172052
2026-09-04,2026-09-08,call,830.0,0.0,0.01,0.02,0.0,1.0,773.17,100,0.005,0.01,True,,4.0,0.010958904109589041,773.4072830881462,0.07061990468719857,True,,0.21806199765710566,,0.0,773.0683295346428
2026-09-04,2026-09-08,put,830.0,56.48,57.86,0.0,0.0,0.0,773.17,100,57.17,1.3800000000000026,True,,4.0,0.010958904109589041,773.4072830881462,0.07061990468719857,True,,0.39602964762160786,,56.56791458206055,829.6362441167033
2026-09-04,2026-09-08,call,835.0,0.0,0.01,0.01,160.0,160.0,773.17,100,0.005,0.01,True,,4.0,0.010958904109589041,773.4072830881462,0.0766259287474104,True,,0.23497898879816836,,0.0,773.0683295346428
2026-09-04,2026-09-08,put,835.0,61.48,62.86,0.0,0.0,0.0,773.17,100,62.17,1.3800000000000026,True,,4.0,0.010958904109589041,773.4072830881462,0.0766259287474104,True,,0.42307962699454504,,61.5657232815588,834.6340528162016
2026-09-04,2026-09-08,call,840.0,0.0,0.01,0.01,1.0,21.0,773.17,100,0.005,0.01,True,,4.0,0.010958904109589041,773.4072830881462,0.08259609573391415,True,,0.2516964385543107,,0.0,773.0683295346428
2026-09-04,2026-09-08,put,840.0,66.48,67.86,0.0,0.0,0.0,773.17,100,67.17,1.3799999999999955,True,,4.0,0.010958904109589041,773.4072830881462,0.08259609573391415,True,,0.4496941898678686,,66.56353198105705,839.6318615156998
2026-09-04,2026-09-08,call,845.0,0.0,0.01,0.0,0.0,0.0,773.17,100,0.005,0.01,True,,4.0,0.010958904109589041,773.4072830881462,0.08853083125372885,True,,0.2682251239273053,,0.0,773.0683295346428
2026-09-04,2026-09-08,put,845.0,71.48,72.86,0.0,0.0,0.0,773.17,100,72.17,1.3799999999999955,True,,4.0,0.010958904109589041,773.4072830881462,0.08853083125372885,True,,0.4759056112189466,,71.56134068055519,844.629670215198
2026-09-04,2026-09-08,call,850.0,0.0,0.01,0.0,0.0,0.0,773.17,100,0.005,0.01,True,,4.0,0.010958904109589041,773.4072830881462,0.09443055338091709,True,,0.28457438443286615,,0.0,773.0683295346428
2026-09-04,2026-09-08,put,850.0,76.48,77.86,0.0,0.0,0.0,773.17,100,77.17,1.3799999999999955,True,,4.0,0.010958904109589041,773.4072830881462,0.09443055338091709,True,,0.5017412789109144,,76.55914938005344,849.6274789146962
2026-09-04,2026-09-08,call,855.0,0.0,0.01,0.0,0.0,0.0,773.17,100,0.005,0.01,True,,4.0,0.010958904109589041,773.4072830881462,0.10029567283331511,True,,0.3007523428238481,,0.0,773.0683295346428
2026-09-04,2026-09-08,put,855.0,81.48,82.86,0.0,0.0,0.0,773.17,100,82.17,1.3799999999999955,True,,4.0,0.010958904109589041,773.4072830881462,0.10029567283331511,True,,0.5272247321171377,,81.55695807955169,854.6252876141945
2026-09-04,2026-09-08,call,860.0,0.0,0.01,0.0,0.0,0.0,773.17,100,0.005,0.01,True,,4.0,0.010958904109589041,773.4072830881462,0.10612659314410845,True,,0.3167663195328564,,0.0,773.0683295346428
2026-09-04,2026-09-08,put,860.0,86.48,87.86,94.72,0.0,0.0,773.17,100,87.17,1.3799999999999955,True,,4.0,0.010958904109589041,773.4072830881462,0.10612659314410845,True,,0.5523764226772649,,86.55476677904983,859.6230963136926
2026-09-04,2026-09-08,call,865.0,0.0,0.01,0.0,0.0,0.0,773.17,100,0.005,0.01,True,,4.0,0.010958904109589041,773.4072830881462,0.1119237108284343,True,,0.33262256748217345,,0.0,773.0683295346428
2026-09-04,2026-09-08,put,865.0,91.48,92.86,0.0,0.0,0.0,773.17,100,92.17,1.3799999999999955,True,,4.0,0.010958904109589041,773.4072830881462,0.1119237108284343,True,,0.5772142971737193,,91.55257547854808,864.6209050131908
2026-09-04,2026-09-08,call,870.0,0.0,0.01,0.0,0.0,0.0,773.17,100,0.005,0.01,True,,4.0,0.010958904109589041,773.4072830881462,0.11768741554518433,True,,0.348327121640876,,0.0,773.0683295346428
2026-09-04,2026-09-08,put,870.0,96.48,97.86,0.0,0.0,0.0,773.17,100,97.17,1.3799999999999955,True,,4.0,0.010958904109589041,773.4072830881462,0.11768741554518433,True,,0.6017542346532225,,96.55038417804633,869.6187137126891
2026-09-04,2026-09-08,call,875.0,0.0,0.01,0.02,0.0,593.0,773.17,100,0.005,0.01,True,,4.0,0.010958904109589041,773.4072830881462,0.1234180902541693,True,,0.3638850484027565,,0.0,773.0683295346428
2026-09-04,2026-09-08,put,875.0,101.48,102.86,0.0,0.0,0.0,773.17,100,102.17,1.3799999999999955,True,,4.0,0.010958904109589041,773.4072830881462,0.1234180902541693,True,,0.6260103982009948,,101.54819287754447,874.6165224121872
2026-09-04,2026-09-08,call,880.0,0.0,0.01,0.01,0.0,1.0,773.17,100,0.005,0.01,True,,4.0,0.010958904109589041,773.4072830881462,0.12911611136880718,True,,0.37930119064423445,,0.0,773.0683295346428
2026-09-04,2026-09-08,put,880.0,105.22,109.06,0.0,0.0,0.0,773.17,100,107.14,3.8400000000000034,True,,4.0,0.010958904109589041,773.4072830881462,0.12911611136880718,True,,0.6446417749917546,,106.54600157704272,879.6143311116855
2026-09-04,2026-09-08,call,885.0,0.0,0.01,0.0,0.0,0.0,773.17,100,0.005,0.01,True,,4.0,0.010958904109589041,773.4072830881462,0.1347818489044845,True,,0.39457994420698284,,0.0,773.0683295346428
2026-09-04,2026-09-08,put,885.0,110.22,114.06,0.0,0.0,0.0,773.17,100,112.14,3.8400000000000034,True,,4.0,0.010958904109589041,773.4072830881462,0.1347818489044845,True,,0.6682429744283891,,111.54381027654097,884.6121398111837
2026-09-04,2026-09-08,call,890.0,0.0,0.01,0.0,0.0,0.0,773.17,100,0.005,0.01,True,,4.0,0.010958904109589041,773.4072830881462,0.14041566662274044,True,,0.4097254814153016,,0.0,773.0683295346428
2026-09-04,2026-09-08,put,890.0,115.22,119.06,0.0,0.0,0.0,773.17,100,117.14,3.8400000000000034,True,,4.0,0.010958904109589041,773.4072830881462,0.14041566662274044,True,,0.691598253531768,,116.5416189760391,889.6099485106819
2026-09-04,2026-09-08,call,895.0,0.0,0.01,0.0,0.0,0.0,773.17,100,0.005,0.01,True,,4.0,0.010958904109589041,773.4072830881462,0.14601792217141024,True,,0.4247413785471618,,0.0,773.0683295346428
2026-09-04,2026-09-08,put,895.0,120.22,124.06,0.0,0.0,0.0,773.17,100,122.14,3.8400000000000034,True,,4.0,0.010958904109589041,773.4072830881462,0.14601792217141024,True,,0.7147169720918938,,121.53942767553735,894.6077572101801
2026-09-04,2026-09-08,call,900.0,0.0,0.01,0.0,0.0,0.0,773.17,100,0.005,0.01,True,,4.0,0.010958904109589041,773.4072830881462,0.15158896722086576,True,,0.4396311373747438,,0.0,773.0683295346428
2026-09-04,2026-09-08,put,900.0,125.22,129.06,0.0,0.0,0.0,773.17,100,127.14,3.8400000000000034,True,,4.0,0.010958904109589041,773.4072830881462,0.15158896722086576,True,,0.737607721557799,,126.5372363750356,899.6055659096784
2026-09-04,2026-09-08,call,905.0,0.0,0.01,0.0,0.0,0.0,773.17,100,0.005,0.01,True,,4.0,0.010958904109589041,773.4072830881462,0.15712914759648108,True,,0.45439811065864566,,0.0,773.0683295346428
2026-09-04,2026-09-08,put,905.0,130.22,134.06,0.0,0.0,0.0,773.17,100,132.14,3.8400000000000034,True,,4.0,0.010958904109589041,773.4072830881462,0.15712914759648108,True,,0.7602784041999486,,131.53504507453374,904.6033746091765
2026-09-04,2026-09-08,call,910.0,0.0,0.01,0.0,0.0,0.0,773.17,100,0.005,0.01,True,,4.0,0.010958904109589041,773.4072830881462,0.16263880340745063,True,,0.4690453531363011,,0.0,773.0683295346428
2026-09-04,2026-09-08,put,910.0,135.22,139.06,0.0,0.0,0.0,773.17,100,137.14,3.8400000000000034,True,,4.0,0.010958904109589041,773.4072830881462,0.16263880340745063,True,,0.7827363308990917,,136.532853774032,909.6011833086748
2026-09-04,2026-09-08,call,915.0,0.0,0.01,0.0,0.0,0.0,773.17,100,0.005,0.01,True,,4.0,0.010958904109589041,773.4072830881462,0.16811826917207634,True,,0.4835756215219796,,0.0,773.0683295346428
2026-09-04,2026-09-08,put,915.0,140.22,144.06,0.0,0.0,0.0,773.17,100,142.14,3.8400000000000034,True,,4.0,0.010958904109589041,773.4072830881462,0.16811826917207634,True,,0.8049882886671327,,141.53066247353024,914.598992008173
2026-09-04,2026-09-08,call,920.0,0.0,0.01,0.0,0.0,0.0,773.17,100,0.005,0.01,True,,4.0,0.010958904109589041,773.4072830881462,0.173567873939641,True,,0.4979917470357417,,0.0,773.0683295346428
2026-09-04,2026-09-08,put,920.0,145.22,149.06,0.0,0.0,0.0,773.17,100,147.14,3.8400000000000034,True,,4.0,0.010958904109589041,773.4072830881462,0.173567873939641,True,,0.8270405848849472,,146.52847117302838,919.5968007076712
2026-09-04,2026-09-08,call,925.0,0.0,0.01,0.0,0.0,0.0,773.17,100,0.005,0.01,True,,4.0,0.010958904109589041,773.4072830881462,0.17898794140898014,True,,0.5122962628744838,,0.0,773.0683295346428
2026-09-04,2026-09-08,put,925.0,150.22,154.06,0.0,0.0,0.0,773.17,100,152.14,3.8400000000000034,True,,4.0,0.010958904109589041,773.4072830881462,0.17898794140898014,True,,0.8488991124949475,,151.52627987252663,924.5946094071694
2026-09-04,2026-09-08,call,930.0,0.0,0.01,0.0,0.0,0.0,773.17,100,0.005,0.01,True,,4.0,0.010958904109589041,773.4072830881462,0.18437879004385652,True,,0.5264915532235204,,0.0,773.0683295346428
2026-09-04,2026-09-08,put,930.0,155.22,159.06,0.0,0.0,0.0,773.17,100,157.14,3.8400000000000034,True,,4.0,0.010958904109589041,773.4072830881462,0.18437879004385652,True,,0.8705693872539786,,156.52408857202488,929.5924181066677
2026-09-04,2026-09-08,call,935.0,0.0,0.01,0.0,0.0,0.0,773.17,100,0.005,0.01,True,,4.0,0.010958904109589041,773.4072830881462,0.189740733185242,True,,0.5405800022681655,,0.0,773.0683295346428
2026-09-04,2026-09-08,put,935.0,160.22,164.06,0.0,0.0,0.0,773.17,100,162.14,3.8400000000000034,True,,4.0,0.010958904109589041,773.4072830881462,0.189740733185242,True,,0.8920565826579074,,161.52189727152302,934.5902268061658
2026-09-04,2026-09-08,call,940.0,0.0,0.01,0.0,0.0,0.0,773.17,100,0.005,0.01,True,,4.0,0.010958904109589041,773.4072830881462,0.19507407916060454,True,,0.5545636961705682,,0.0,773.0683295346428
2026-09-04,2026-09-08,put,940.0,165.22,169.06,175.15,0.0,0.0,773.17,100,167.14,3.8400000000000034,True,,4.0,0.010958904109589041,773.4072830881462,0.19507407916060454,True,,0.9133655788360493,,166.51970597102127,939.588035505664
2026-09-04,2026-09-08,call,945.0,0.0,0.01,0.0,0.0,0.0,773.17,100,0.005,0.01,True,,4.0,0.010958904109589041,773.4072830881462,0.20037913139029767,True,,0.5684447210928797,,0.0,773.0683295346428
2026-09-04,2026-09-08,put,945.0,170.22,174.06,0.0,0.0,0.0,773.17,100,172.14,3.8400000000000034,True,,4.0,0.010958904109589041,773.4072830881462,0.20037913139029767,True,,0.9345009672077784,,171.51751467051952,944.5858442051623
2026-09-04,2026-09-08,call,950.0,0.0,0.01,0.0,0.0,0.0,773.17,100,0.005,0.01,True,,4.0,0.010958904109589041,773.4072830881462,0.2056561884911414,True,,0.5822251631972493,,0.0,773.0683295346428
2026-09-04,2026-09-08,put,950.0,175.22,179.06,0.0,0.0,0.0,773.17,100,177.14,3.8400000000000034,True,,4.0,0.010958904109589041,773.4072830881462,0.2056561884911414,True,,0.9554670830788128,,176.51532337001765,949.5836529046604
2026-09-04,2026-09-09,call,500.0,271.29,274.95,265.7,0.0,13.0,773.17,100,273.12,3.659999999999968,True,,5.0,0.0136986301369863,773.4666152376419,-0.4362744100100205,False,below_european_lower_bound,,market_price is below the no-arbitrage lower bound.,273.3168115628146,773.042914007354
2026-09-04,2026-09-09,put,500.0,0.0,0.01,0.0,0.0,0.0,773.17,100,0.005,0.01,True,,5.0,0.0136986301369863,773.4666152376419,-0.4362744100100205,True,,1.0722314226273895,,0.0,499.72610244453944
2026-09-04,2026-09-09,call,505.0,266.23,270.09,260.61,0.0,12.0,773.17,100,268.15999999999997,3.859999999999957,True,,5.0,0.0136986301369863,773.4666152376419,-0.42632407915685233,False,below_european_lower_bound,,market_price is below the no-arbitrage lower bound.,268.31955053836924,773.042914007354
2026-09-04,2026-09-09,put,505.0,0.0,0.01,0.0,0.0,0.0,773.17,100,0.005,0.01,True,,5.0,0.0136986301369863,773.4666152376419,-0.42632407915685233,True,,1.0490583334662325,,0.0,504.7233634689848
2026-09-04,2026-09-09,call,510.0,261.11,265.26,255.54,0.0,13.0,773.17,100,263.185,4.149999999999977,True,,5.0,0.0136986301369863,773.4666152376419,-0.4164717827138408,False,below_european_lower_bound,,market_price is below the no-arbitrage lower bound.,263.32228951392386,773.042914007354
2026-09-04,2026-09-09,put,510.0,0.0,0.01,0.0,0.0,0.0,773.17,100,0.005,0.01,True,,5.0,0.0136986301369863,773.4666152376419,-0.4164717827138408,True,,1.026096244705379,,0.0,509.7206244934302
2026-09-04,2026-09-09,call,515.0,256.29,259.96,250.65,0.0,13.0,773.17,100,258.125,3.669999999999959,True,,5.0,0.0136986301369863,773.4666152376419,-0.40671560776847604,False,below_european_lower_bound,,market_price is below the no-arbitrage lower bound.,258.3250284894784,773.042914007354
2026-09-04,2026-09-09,put,515.0,0.0,0.01,0.0,0.0,0.0,773.17,100,0.005,0.01,True,,5.0,0.0136986301369863,773.4666152376419,-0.40671560776847604,True,,1.0033403879742027,,0.0,514.7178855178756
2026-09-04,2026-09-09,call,520.0,251.35,254.88,245.65,0.0,7.0,773.17,100,253.115,3.530000000000001,True,,5.0,0.0136986301369863,773.4666152376419,-0.3970536968567391,False,below_european_lower_bound,,market_price is below the no-arbitrage lower bound.,253.32776746503305,773.042914007354
2026-09-04,2026-09-09,put,520.0,0.0,0.01,0.0,0.0,0.0,773.17,100,0.005,0.01,True,,5.0,0.0136986301369863,773.4666152376419,-0.3970536968567391,True,,0.9807859949020743,,0.0,519.715146542321
2026-09-04,2026-09-09,call,525.0,246.33,249.99,240.85,0.0,7.0,773.17,100,248.16000000000003,3.6599999999999966,True,,5.0,0.0136986301369863,773.4666152376419,-0.3874842458405885,False,below_european_lower_bound,,market_price is below the no-arbitrage lower bound.,248.33050644058767,773.042914007354
2026-09-04,2026-09-09,put,525.0,0.0,0.01,0.01,0.0,200.0,773.17,100,0.005,0.01,True,,5.0,0.0136986301369863,773.4666152376419,-0.3874842458405885,True,,0.9584288931646944,,0.0,524.7124075667664
2026-09-04,2026-09-09,call,530.0,241.38,244.97,235.5,0.0,3.0,773.17,100,243.175,3.5900000000000034,True,,5.0,0.0136986301369863,773.4666152376419,-0.37800550188604465,False,below_european_lower_bound,,market_price is below the no-arbitrage lower bound.,243.3332454161423,773.042914007354
2026-09-04,2026-09-09,put,530.0,0.0,0.01,0.0,0.0,0.0,773.17,100,0.005,0.01,True,,5.0,0.0136986301369863,773.4666152376419,-0.37800550188604465,True,,0.9362643143914343,,0.0,529.7096685912118
2026-09-04,2026-09-09,call,535.0,236.36,239.93,230.66,0.0,5.0,773.17,100,238.145,3.569999999999993,True,,5.0,0.0136986301369863,773.4666152376419,-0.36861576153620557,False,below_european_lower_bound,,market_price is below the no-arbitrage lower bound.,238.3359843916969,773.042914007354
2026-09-04,2026-09-09,put,535.0,0.0,0.01,0.01,0.0,35.0,773.17,100,0.005,0.01,True,,5.0,0.0136986301369863,773.4666152376419,-0.36861576153620557,True,,0.9142883842811587,,0.0,534.7069296156571
2026-09-04,2026-09-09,call,540.0,231.35,234.89,225.81,0.0,4.0,773.17,100,233.12,3.539999999999992,True,,5.0,0.0136986301369863,773.4666152376419,-0.35931336887389215,False,below_european_lower_bound,,market_price is below the no-arbitrage lower bound.,233.33872336725153,773.042914007354
2026-09-04,2026-09-09,put,540.0,0.0,0.01,0.01,0.0,303.0,773.17,100,0.005,0.01,True,,5.0,0.0136986301369863,773.4666152376419,-0.35931336887389215,True,,0.892496483474821,,0.0,539.7041906401025
2026-09-04,2026-09-09,call,545.0,226.36,229.89,220.96,0.0,1.0,773.17,100,228.125,3.5299999999999727,True,,5.0,0.0136986301369863,773.4666152376419,-0.3500967137689681,False,below_european_lower_bound,,market_price is below the no-arbitrage lower bound.,228.34146234280615,773.042914007354
2026-09-04,2026-09-09,put,545.0,0.0,0.01,0.0,0.0,0.0,773.17,100,0.005,0.01,True,,5.0,0.0136986301369863,773.4666152376419,-0.3500967137689681,True,,0.8708845886597039,,0.0,544.7014516645479
2026-09-04,2026-09-09,call,550.0,221.29,225.04,215.36,0.0,1.0,773.17,100,223.165,3.75,True,,5.0,0.0136986301369863,773.4666152376419,-0.34096423020569555,False,below_european_lower_bound,,market_price is below the no-arbitrage lower bound.,223.34420131836066,773.042914007354
2026-09-04,2026-09-09,put,550.0,0.0,0.01,0.01,0.0,11.0,773.17,100,0.005,0.01,True,,5.0,0.0136986301369863,773.4666152376419,-0.34096423020569555,True,,0.8494488255346717,,0.0,549.6987126889934
2026-09-04,2026-09-09,call,555.0,216.36,219.92,210.84,0.0,2.0,773.17,100,218.14,3.559999999999974,True,,5.0,0.0136986301369863,773.4666152376419,-0.3319143946857777,False,below_european_lower_bound,,market_price is below the no-arbitrage lower bound.,218.34694029391528,773.042914007354
2026-09-04,2026-09-09,put,555.0,0.0,0.01,0.0,0.0,0.0,773.17,100,0.005,0.01,True,,5.0,0.0136986301369863,773.4666152376419,-0.3319143946857777,True,,0.8281850217754246,,0.0,554.6959737134388
2026-09-04,2026-09-09,call,560.0,211.38,214.93,205.06,0.0,1.0,773.17,100,213.155,3.5500000000000114,True,,5.0,0.0136986301369863,773.4666152376419,-0.32294572470301725,False,below_european_lower_bound,,market_price is below the no-arbitrage lower bound.,213.3496792694699,773.042914007354
2026-09-04,2026-09-09,put,560.0,0.0,0.01,0.0,0.0,0.0,773.17,100,0.005,0.01,True,,5.0,0.0136986301369863,773.4666152376419,-0.32294572470301725,True,,0.8070894520924092,,0.0,559.6932347378842
2026-09-04,2026-09-09,call,565.0,206.19,210.32,200.27,0.0,3.0,773.17,100,208.255,4.1299999999999955,True,,5.0,0.0136986301369863,773.4666152376419,-0.3140567772857712,False,below_european_lower_bound,,market_price is below the no-arbitrage lower bound.,208.35241824502452,773.042914007354
2026-09-04,2026-09-09,put,565.0,0.0,0.01,0.0,0.0,0.0,773.17,100,0.005,0.01,True,,5.0,0.0136986301369863,773.4666152376419,-0.3140567772857712,True,,0.786158093172908,,0.0,564.6904957623295
2026-09-04,2026-09-09,call,570.0,202.44,203.8,0.0,0.0,0.0,773.17,100,203.12,1.3600000000000136,True,,5.0,0.0136986301369863,773.4666152376419,-0.3052461476036164,False,below_european_lower_bound,,market_price is below the no-arbitrage lower bound.,203.35515722057914,773.042914007354
2026-09-04,2026-09-09,put,570.0,0.0,0.01,0.01,0.0,359.0,773.17,100,0.005,0.01,True,,5.0,0.0136986301369863,773.4666152376419,-0.3052461476036164,True,,0.7653873687389493,,0.0,569.6877567867749
2026-09-04,2026-09-09,call,575.0,197.45,198.81,0.0,0.0,0.0,773.17,100,198.13,1.3600000000000136,True,,5.0,0.0136986301369863,773.4666152376419,-0.2965124676348617,False,below_european_lower_bound,,market_price is below the no-arbitrage lower bound.,198.35789619613377,773.042914007354
2026-09-04,2026-09-09,put,575.0,0.0,0.01,0.01,0.0,20.0,773.17,100,0.005,0.01,True,,5.0,0.0136986301369863,773.4666152376419,-0.2965124676348617,True,,0.7447735535009803,,0.0,574.6850178112203
2026-09-04,2026-09-09,call,580.0,192.5,193.75,0.0,0.0,0.0,773.17,100,193.125,1.25,True,,5.0,0.0136986301369863,773.4666152376419,-0.2878544048917471,False,below_european_lower_bound,,market_price is below the no-arbitrage lower bound.,193.3606351716884,773.042914007354
2026-09-04,2026-09-09,put,580.0,0.0,0.01,0.01,0.0,3.0,773.17,100,0.005,0.01,True,,5.0,0.0136986301369863,773.4666152376419,-0.2878544048917471,True,,0.7243129221694471,,0.0,579.6822788356657
2026-09-04,2026-09-09,call,585.0,187.45,188.81,0.0,0.0,0.0,773.17,100,188.13,1.3600000000000136,True,,5.0,0.0136986301369863,773.4666152376419,-0.2792706612003557,False,below_european_lower_bound,,market_price is below the no-arbitrage lower bound.,188.3633741472429,773.042914007354
2026-09-04,2026-09-09,put,585.0,0.0,0.01,0.01,0.0,128.0,773.17,100,0.005,0.01,True,,5.0,0.0136986301369863,773.4666152376419,-0.2792706612003557,True,,0.7040018984663785,,0.0,584.6795398601112
2026-09-04,2026-09-09,call,590.0,182.5,183.75,176.25,0.0,1.0,773.17,100,183.125,1.25,True,,5.0,0.0136986301369863,773.4666152376419,-0.270759971532447,False,below_european_lower_bound,,market_price is below the no-arbitrage lower bound.,183.36611312279751,773.042914007354
2026-09-04,2026-09-09,put,590.0,0.0,0.01,0.01,0.0,205.0,773.17,100,0.005,0.01,True,,5.0,0.0136986301369863,773.4666152376419,-0.270759971532447,True,,0.6838369061138035,,0.0,589.6768008845565
2026-09-04,2026-09-09,call,595.0,177.51,178.76,0.0,0.0,0.0,773.17,100,178.135,1.25,True,,5.0,0.0136986301369863,773.4666152376419,-0.26232110288658234,False,below_european_lower_bound,,market_price is below the no-arbitrage lower bound.,178.36885209835214,773.042914007354
2026-09-04,2026-09-09,put,595.0,0.0,0.01,0.01,0.0,3.0,773.17,100,0.005,0.01,True,,5.0,0.0136986301369863,773.4666152376419,-0.26232110288658234,True,,0.6638142198221684,,0.0,594.6740619090019
2026-09-04,2026-09-09,call,600.0,172.51,173.76,0.0,0.0,0.0,773.17,100,173.135,1.25,True,,5.0,0.0136986301369863,773.4666152376419,-0.25395285321606587,False,below_european_lower_bound,,market_price is below the no-arbitrage lower bound.,173.37159107390676,773.042914007354
2026-09-04,2026-09-09,put,600.0,0.0,0.01,0.03,0.0,24.0,773.17,100,0.005,0.01,True,,5.0,0.0136986301369863,773.4666152376419,-0.25395285321606587,True,,0.6439307103482486,,0.0,599.6713229334473
2026-09-04,2026-09-09,call,605.0,167.51,168.76,0.0,0.0,0.0,773.17,100,168.135,1.25,True,,5.0,0.0136986301369863,773.4666152376419,-0.2456540504013707,False,below_european_lower_bound,,market_price is below the no-arbitrage lower bound.,168.37433004946138,773.042914007354
2026-09-04,2026-09-09,put,605.0,0.0,0.01,0.03,0.0,48.0,773.17,100,0.005,0.01,True,,5.0,0.0136986301369863,773.4666152376419,-0.2456540504013707,True,,0.6241826524024905,,0.0,604.6685839578927
2026-09-04,2026-09-09,call,610.0,162.47,163.83,0.0,0.0,0.0,773.17,100,163.15,1.3600000000000136,True,,5.0,0.0136986301369863,773.4666152376419,-0.23742355126485531,False,below_european_lower_bound,,market_price is below the no-arbitrage lower bound.,163.377069025016,773.042914007354
2026-09-04,2026-09-09,put,610.0,0.0,0.01,0.01,79.0,5.0,773.17,100,0.005,0.01,True,,5.0,0.0136986301369863,773.4666152376419,-0.23742355126485531,True,,0.604566618718505,,0.0,609.6658449823381
2026-09-04,2026-09-09,call,615.0,157.52,158.77,0.0,0.0,0.0,773.17,100,158.145,1.25,True,,5.0,0.0136986301369863,773.4666152376419,-0.22926024062569433,False,below_european_lower_bound,,market_price is below the no-arbitrage lower bound.,158.37980800057062,773.042914007354
2026-09-04,2026-09-09,put,615.0,0.0,0.01,0.04,0.0,24.0,773.17,100,0.005,0.01,True,,5.0,0.0136986301369863,773.4666152376419,-0.22926024062569433,True,,0.5850791820299029,,0.0,614.6631060067834
2026-09-04,2026-09-09,call,620.0,152.48,153.84,0.0,0.0,0.0,773.17,100,153.16,1.3600000000000136,True,,5.0,0.0136986301369863,773.4666152376419,-0.22116303039307492,False,below_european_lower_bound,,market_price is below the no-arbitrage lower bound.,153.38254697612524,773.042914007354
2026-09-04,2026-09-09,put,620.0,0.0,0.01,0.02,0.0,210.0,773.17,100,0.005,0.01,True,,5.0,0.0136986301369863,773.4666152376419,-0.22116303039307492,True,,0.5657169150702953,,0.0,619.6603670312288
2026-09-04,2026-09-09,call,625.0,147.48,148.84,0.0,0.0,0.0,773.17,100,148.16,1.3600000000000136,True,,5.0,0.0136986301369863,773.4666152376419,-0.21313085869581075,False,below_european_lower_bound,,market_price is below the no-arbitrage lower bound.,148.38528595167975,773.042914007354
2026-09-04,2026-09-09,put,625.0,0.0,0.01,0.01,0.0,179.0,773.17,100,0.005,0.01,True,,5.0,0.0136986301369863,773.4666152376419,-0.21313085869581075,True,,0.5464760925501286,,0.0,624.6576280556743
2026-09-04,2026-09-09,call,630.0,142.53,143.78,0.0,0.0,0.0,773.17,100,143.155,1.25,True,,5.0,0.0136986301369863,773.4666152376419,-0.20516268904663382,False,below_european_lower_bound,,market_price is below the no-arbitrage lower bound.,143.38802492723437,773.042914007354
2026-09-04,2026-09-09,put,630.0,0.0,0.01,0.03,0.0,186.0,773.17,100,0.005,0.01,True,,5.0,0.0136986301369863,773.4666152376419,-0.20516268904663382,True,,0.5273535852261781,,0.0,629.6548890801197
2026-09-04,2026-09-09,call,635.0,137.54,138.79,0.0,0.0,0.0,773.17,100,138.165,1.25,True,,5.0,0.0136986301369863,773.4666152376419,-0.1972575095395205,False,below_european_lower_bound,,market_price is below the no-arbitrage lower bound.,138.390763902789,773.042914007354
2026-09-04,2026-09-09,put,635.0,0.0,0.01,0.01,45.0,5.0,773.17,100,0.005,0.01,True,,5.0,0.0136986301369863,773.4666152376419,-0.1972575095395205,True,,0.508345518797308,,0.0,634.6521501045651
2026-09-04,2026-09-09,call,640.0,132.49,133.85,0.0,0.0,0.0,773.17,100,133.17000000000002,1.3599999999999852,True,,5.0,0.0136986301369863,773.4666152376419,-0.1894143320784947,False,below_european_lower_bound,,market_price is below the no-arbitrage lower bound.,133.3935028783436,773.042914007354
2026-09-04,2026-09-09,put,640.0,0.0,0.01,0.01,38.0,24.0,773.17,100,0.005,0.01,True,,5.0,0.0136986301369863,773.4666152376419,-0.1894143320784947,True,,0.4894484659971296,,0.0,639.6494111290104
2026-09-04,2026-09-09,call,645.0,127.49,128.85,0.0,0.0,0.0,773.17,100,128.17,1.3599999999999994,True,,5.0,0.0136986301369863,773.4666152376419,-0.1816321916364397,False,below_european_lower_bound,,market_price is below the no-arbitrage lower bound.,128.39624185389823,773.042914007354
2026-09-04,2026-09-09,put,645.0,0.0,0.01,0.03,0.0,318.0,773.17,100,0.005,0.01,True,,5.0,0.0136986301369863,773.4666152376419,-0.1816321916364397,True,,0.4706589250534624,,0.0,644.6466721534558
2026-09-04,2026-09-09,call,650.0,122.55,123.8,121.9,0.0,1.0,773.17,100,123.175,1.25,True,,5.0,0.0136986301369863,773.4666152376419,-0.17391014554252934,False,below_european_lower_bound,,market_price is below the no-arbitrage lower bound.,123.39898082945285,773.042914007354
2026-09-04,2026-09-09,put,650.0,0.01,0.02,0.05,0.0,24.0,773.17,100,0.015,0.01,True,,5.0,0.0136986301369863,773.4666152376419,-0.17391014554252934,True,,0.49337521920958155,,0.0,649.6439331779012
2026-09-04,2026-09-09,call,655.0,117.5,118.86,116.92,0.0,1.0,773.17,100,118.18,1.3599999999999994,True,,5.0,0.0136986301369863,773.4666152376419,-0.1662472727969603,False,below_european_lower_bound,,market_price is below the no-arbitrage lower bound.,118.40171980500747,773.042914007354
2026-09-04,2026-09-09,put,655.0,0.01,0.02,0.04,0.0,27.0,773.17,100,0.015,0.01,True,,5.0,0.0136986301369863,773.4666152376419,-0.1662472727969603,True,,0.4733089470301719,,0.0,654.6411942023466
2026-09-04,2026-09-09,call,660.0,112.51,113.87,111.95,0.0,1.0,773.17,100,113.19,1.3599999999999994,True,,5.0,0.0136986301369863,773.4666152376419,-0.15864267341174096,False,below_european_lower_bound,,market_price is below the no-arbitrage lower bound.,113.40445878056198,773.042914007354
2026-09-04,2026-09-09,put,660.0,0.01,0.02,0.05,0.0,363.0,773.17,100,0.015,0.01,True,,5.0,0.0136986301369863,773.4666152376419,-0.15864267341174096,True,,0.4533400539196878,,0.0,659.6384552267921
2026-09-04,2026-09-09,call,665.0,107.51,108.87,106.96,0.0,1.0,773.17,100,108.19,1.3599999999999994,True,,5.0,0.0136986301369863,773.4666152376419,-0.151095467776358,False,below_european_lower_bound,,market_price is below the no-arbitrage lower bound.,108.4071977561166,773.042914007354
2026-09-04,2026-09-09,put,665.0,0.01,0.02,0.08,0.0,3.0,773.17,100,0.015,0.01,True,,5.0,0.0136986301369863,773.4666152376419,-0.151095467776358,True,,0.43346388326618823,,0.0,664.6357162512375
2026-09-04,2026-09-09,call,670.0,102.51,103.87,101.98,0.0,1.0,773.17,100,103.19,1.3599999999999994,True,,5.0,0.0136986301369863,773.4666152376419,-0.14360479604720047,False,below_european_lower_bound,,market_price is below the no-arbitrage lower bound.,103.40993673167122,773.042914007354
2026-09-04,2026-09-09,put,670.0,0.01,0.02,0.03,0.0,40.0,773.17,100,0.015,0.01,True,,5.0,0.0136986301369863,773.4666152376419,-0.14360479604720047,True,,0.41367551768746225,,0.0,669.6329772756828
2026-09-04,2026-09-09,call,675.0,97.52,98.88,91.69,0.0,3.0,773.17,100,98.19999999999999,1.3599999999999994,True,,5.0,0.0136986301369863,773.4666152376419,-0.13616981755968235,False,below_european_lower_bound,,market_price is below the no-arbitrage lower bound.,98.41267570722584,773.042914007354
2026-09-04,2026-09-09,put,675.0,0.01,0.02,0.01,1.0,1.0,773.17,100,0.015,0.01,True,,5.0,0.0136986301369863,773.4666152376419,-0.13616981755968235,True,,0.39396981628392636,,0.0,674.6302383001282
2026-09-04,2026-09-09,call,680.0,92.57,93.82,86.53,0.0,3.0,773.17,100,93.195,1.25,True,,5.0,0.0136986301369863,773.4666152376419,-0.12878971026205974,False,below_european_lower_bound,,market_price is below the no-arbitrage lower bound.,93.41541468278047,773.042914007354
2026-09-04,2026-09-09,put,680.0,0.01,0.02,0.08,0.0,1.0,773.17,100,0.015,0.01,True,,5.0,0.0136986301369863,773.4666152376419,-0.12878971026205974,True,,0.3743413401328326,,0.0,679.6274993245736
2026-09-04,2026-09-09,call,685.0,87.57,88.83,87.05,0.0,1.0,773.17,100,88.19999999999999,1.2600000000000051,True,,5.0,0.0136986301369863,773.4666152376419,-0.12146367016998692,False,below_european_lower_bound,,market_price is below the no-arbitrage lower bound.,88.41815365833509,773.042914007354
2026-09-04,2026-09-09,put,685.0,0.01,0.02,0.05,0.0,3.0,773.17,100,0.015,0.01,True,,5.0,0.0136986301369863,773.4666152376419,-0.12146367016998692,True,,0.35478420327668636,,0.0,684.624760349019
2026-09-04,2026-09-09,call,690.0,82.58,83.83,82.04,0.0,2.0,773.17,100,83.205,1.25,True,,5.0,0.0136986301369863,773.4666152376419,-0.1141909108409071,False,below_european_lower_bound,,market_price is below the no-arbitrage lower bound.,83.42089263388971,773.042914007354
2026-09-04,2026-09-09,put,690.0,0.01,0.02,0.02,1.0,100.0,773.17,100,0.015,0.01,True,,5.0,0.0136986301369863,773.4666152376419,-0.1141909108409071,True,,0.3352921099761426,,0.0,689.6220213734643
2026-09-04,2026-09-09,call,695.0,77.58,78.83,77.07,0.0,3.0,773.17,100,78.205,1.25,True,,5.0,0.0136986301369863,773.4666152376419,-0.10697066286741999,False,below_european_lower_bound,,market_price is below the no-arbitrage lower bound.,78.42363160944433,773.042914007354
2026-09-04,2026-09-09,put,695.0,0.02,0.03,0.03,50.0,19.0,773.17,100,0.025,0.009999999999999998,True,,5.0,0.0136986301369863,773.4666152376419,-0.10697066286741999,True,,0.33153653381866965,,0.0,694.6192823979097
2026-09-04,2026-09-09,call,700.0,72.54,73.9,65.58,0.0,4.0,773.17,100,73.22,1.3599999999999994,True,,5.0,0.0136986301369863,773.4666152376419,-0.09980217338880754,False,below_european_lower_bound,,market_price is below the no-arbitrage lower bound.,73.42637058499884,773.042914007354
2026-09-04,2026-09-09,put,700.0,0.02,0.03,0.03,29.0,137.0,773.17,100,0.025,0.009999999999999998,True,,5.0,0.0136986301369863,773.4666152376419,-0.09980217338880754,True,,0.3113395971081742,,0.0,699.6165434223552
2026-09-04,2026-09-09,call,705.0,67.59,68.84,67.14,0.0,4.0,773.17,100,68.215,1.25,True,,5.0,0.0136986301369863,773.4666152376419,-0.09268470561994352,False,below_european_lower_bound,,market_price is below the no-arbitrage lower bound.,68.42910956055346,773.042914007354
2026-09-04,2026-09-09,put,705.0,0.02,0.03,0.03,7666.0,1067.0,773.17,100,0.025,0.009999999999999998,True,,5.0,0.0136986301369863,773.4666152376419,-0.09268470561994352,True,,0.29118023983718666,,0.0,704.6138044468006
2026-09-04,2026-09-09,call,710.0,62.55,63.91,62.17,0.0,74.0,773.17,100,63.23,1.3599999999999994,True,,5.0,0.0136986301369863,773.4666152376419,-0.08561753839685102,False,below_european_lower_bound,,market_price is below the no-arbitrage lower bound.,63.43184853610808,773.042914007354
2026-09-04,2026-09-09,put,710.0,0.02,0.03,0.03,8016.0,95.0,773.17,100,0.025,0.009999999999999998,True,,5.0,0.0136986301369863,773.4666152376419,-0.08561753839685102,True,,0.2710480205438501,,0.0,709.611065471246
2026-09-04,2026-09-09,call,715.0,57.61,58.86,50.27,0.0,20.0,773.17,100,58.235,1.25,True,,5.0,0.0136986301369863,773.4666152376419,-0.07859996573820455,False,below_european_lower_bound,,market_price is below the no-arbitrage lower bound.,58.4345875116627,773.042914007354
2026-09-04,2026-09-09,put,715.0,0.03,0.04,0.03,84.0,203.0,773.17,100,0.035,0.010000000000000002,True,,5.0,0.0136986301369863,773.4666152376419,-0.07859996573820455,True,,0.2600383260358142,,0.0,714.6083264956914
2026-09-04,2026-09-09,call,718.0,54.56,55.92,56.07,4.0,2.0,773.17,100,55.24,1.3599999999999994,True,,5.0,0.0136986301369863,773.4666152376419,-0.07441293938398802,False,below_european_lower_bound,,market_price is below the no-arbitrage lower bound.,55.436230896995426,773.042914007354
2026-09-04,2026-09-09,put,718.0,0.03,0.04,0.05,13.0,126.0,773.17,100,0.035,0.010000000000000002,True,,5.0,0.0136986301369863,773.4666152376419,-0.07441293938398802,True,,0.24760728209444763,,0.0,717.6066831103586
2026-09-04,2026-09-09,call,719.0,53.57,54.92,47.55,0.0,2.0,773.17,100,54.245000000000005,1.3500000000000014,True,,5.0,0.0136986301369863,773.4666152376419,-0.07302115071116555,False,below_european_lower_bound,,market_price is below the no-arbitrage lower bound.,54.43677869210637,773.042914007354
2026-09-04,2026-09-09,put,719.0,0.03,0.04,0.05,21.0,18.0,773.17,100,0.035,0.010000000000000002,True,,5.0,0.0136986301369863,773.4666152376419,-0.07302115071116555,True,,0.24346257487220133,,0.0,718.6061353152477
2026-09-04,2026-09-09,call,720.0,52.57,53.93,45.43,0.0,35.0,773.17,100,53.25,1.3599999999999994,True,,5.0,0.0136986301369863,773.4666152376419,-0.07163129642211116,False,below_european_lower_bound,,market_price is below the no-arbitrage lower bound.,53.43732648721732,773.042914007354
2026-09-04,2026-09-09,put,720.0,0.03,0.04,0.04,10.0,624.0,773.17,100,0.035,0.010000000000000002,True,,5.0,0.0136986301369863,773.4666152376419,-0.07163129642211116,True,,0.23931711344398862,,0.0,719.6055875201367
2026-09-04,2026-09-09,call,721.0,51.62,52.87,51.18,0.0,1.0,773.17,100,52.245,1.25,True,,5.0,0.0136986301369863,773.4666152376419,-0.07024337114726312,False,below_european_lower_bound,,market_price is below the no-arbitrage lower bound.,52.437874282328266,773.042914007354
2026-09-04,2026-09-09,put,721.0,0.03,0.04,0.03,2.0,19.0,773.17,100,0.035,0.010000000000000002,True,,5.0,0.0136986301369863,773.4666152376419,-0.07024337114726312,True,,0.2351707461474123,,0.0,720.6050397250258
2026-09-04,2026-09-09,call,722.0,50.62,51.87,42.13,0.0,3.0,773.17,100,51.245,1.25,True,,5.0,0.0136986301369863,773.4666152376419,-0.06885736953938601,False,below_european_lower_bound,,market_price is below the no-arbitrage lower bound.,51.4384220774391,773.042914007354
2026-09-04,2026-09-09,put,722.0,0.03,0.04,0.05,122.0,171.0,773.17,100,0.035,0.010000000000000002,True,,5.0,0.0136986301369863,773.4666152376419,-0.06885736953938601,True,,0.23102331445867066,,0.0,721.604491929915
2026-09-04,2026-09-09,call,723.0,49.62,50.87,49.95,4.0,17.0,773.17,100,50.245,1.25,True,,5.0,0.0136986301369863,773.4666152376419,-0.06747328627344747,False,below_european_lower_bound,,market_price is below the no-arbitrage lower bound.,50.43896987255005,773.042914007354
2026-09-04,2026-09-09,put,723.0,0.04,0.05,0.04,125.0,139.0,773.17,100,0.045,0.010000000000000002,True,,5.0,0.0136986301369863,773.4666152376419,-0.06747328627344747,True,,0.2334682867215636,,0.0,722.603944134804
2026-09-04,2026-09-09,call,724.0,48.62,49.87,47.05,4.0,41.0,773.17,100,49.245,1.25,True,,5.0,0.0136986301369863,773.4666152376419,-0.06609111604649583,False,below_european_lower_bound,,market_price is below the no-arbitrage lower bound.,49.43951766766099,773.042914007354
2026-09-04,2026-09-09,put,724.0,0.04,0.05,0.06,7.0,34.0,773.17,100,0.045,0.010000000000000002,True,,5.0,0.0136986301369863,773.4666152376419,-0.06609111604649583,True,,0.22922009453418754,,0.0,723.6033963396931
2026-09-04,2026-09-09,call,725.0,47.63,48.87,44.82,2.0,18.0,773.17,100,48.25,1.2399999999999949,True,,5.0,0.0136986301369863,773.4666152376419,-0.06471085357753746,False,below_european_lower_bound,,market_price is below the no-arbitrage lower bound.,48.44006546277194,773.042914007354
2026-09-04,2026-09-09,put,725.0,0.04,0.05,0.04,216.0,1640.0,773.17,100,0.045,0.010000000000000002,True,,5.0,0.0136986301369863,773.4666152376419,-0.06471085357753746,True,,0.22497002775307423,,0.0,724.6028485445821
2026-09-04,2026-09-09,call,726.0,46.63,47.87,43.87,2.0,22.0,773.17,100,47.25,1.2399999999999949,True,,5.0,0.0136986301369863,773.4666152376419,-0.06333249360741607,False,below_european_lower_bound,,market_price is below the no-arbitrage lower bound.,47.44061325788289,773.042914007354
2026-09-04,2026-09-09,put,726.0,0.04,0.05,0.04,121.0,97.0,773.17,100,0.045,0.010000000000000002,True,,5.0,0.0136986301369863,773.4666152376419,-0.06333249360741607,True,,0.22071788983177149,,0.0,725.6023007494712
2026-09-04,2026-09-09,call,727.0,45.63,46.87,42.76,2.0,39.0,773.17,100,46.25,1.2399999999999949,True,,5.0,0.0136986301369863,773.4666152376419,-0.06195603089869283,False,below_european_lower_bound,,market_price is below the no-arbitrage lower bound.,46.44116105299372,773.042914007354
2026-09-04,2026-09-09,put,727.0,0.04,0.05,0.05,5.0,109.0,773.17,100,0.045,0.010000000000000002,True,,5.0,0.0136986301369863,773.4666152376419,-0.06195603089869283,True,,0.21646346800574026,,0.0,726.6017529543603
2026-09-04,2026-09-09,call,728.0,44.59,45.94,37.82,0.0,17.0,773.17,100,45.265,1.3499999999999943,True,,5.0,0.0136986301369863,773.4666152376419,-0.06058146023552627,False,below_european_lower_bound,,market_price is below the no-arbitrage lower bound.,45.44170884810467,773.042914007354
2026-09-04,2026-09-09,put,728.0,0.04,0.05,0.05,92.0,453.0,773.17,100,0.045,0.010000000000000002,True,,5.0,0.0136986301369863,773.4666152376419,-0.06058146023552627,True,,0.21220655168049193,,0.0,727.6012051592494
2026-09-04,2026-09-09,call,729.0,43.59,44.94,36.87,0.0,6.0,773.17,100,44.265,1.3499999999999943,True,,5.0,0.0136986301369863,773.4666152376419,-0.05920877642355401,False,below_european_lower_bound,,market_price is below the no-arbitrage lower bound.,44.442256643215615,773.042914007354
2026-09-04,2026-09-09,put,729.0,0.04,0.05,0.05,6.0,68.0,773.17,100,0.045,0.010000000000000002,True,,5.0,0.0136986301369863,773.4666152376419,-0.05920877642355401,True,,0.20794691590071376,,0.0,728.6006573641384
2026-09-04,2026-09-09,call,730.0,42.94,43.76,44.12,36.0,130.0,773.17,100,43.349999999999994,0.8200000000000003,True,,5.0,0.0136986301369863,773.4666152376419,-0.057837974289775385,False,below_european_lower_bound,,market_price is below the no-arbitrage lower bound.,43.44280443832656,773.042914007354
2026-09-04,2026-09-09,put,730.0,0.05,0.06,0.07,13.0,185.0,773.17,100,0.055,0.009999999999999995,True,,5.0,0.0136986301369863,773.4666152376419,-0.057837974289775385,True,,0.20872059490957418,,0.0,729.6001095690275
2026-09-04,2026-09-09,call,731.0,41.59,42.94,35.28,0.0,4.0,773.17,100,42.265,1.3499999999999943,True,,5.0,0.0136986301369863,773.4666152376419,-0.05646904868243373,False,below_european_lower_bound,,market_price is below the no-arbitrage lower bound.,42.443352233437395,773.042914007354
2026-09-04,2026-09-09,put,731.0,0.05,0.06,0.05,13.0,489.0,773.17,100,0.055,0.009999999999999995,True,,5.0,0.0136986301369863,773.4666152376419,-0.05646904868243373,True,,0.204370178208009,,0.0,730.5995617739167
2026-09-04,2026-09-09,call,732.0,40.65,41.88,33.95,0.0,7.0,773.17,100,41.265,1.230000000000004,True,,5.0,0.0136986301369863,773.4666152376419,-0.0551019944709006,False,below_european_lower_bound,,market_price is below the no-arbitrage lower bound.,41.44390002854834,773.042914007354
2026-09-04,2026-09-09,put,732.0,0.05,0.06,0.06,320.0,986.0,773.17,100,0.055,0.009999999999999995,True,,5.0,0.0136986301369863,773.4666152376419,-0.0551019944709006,True,,0.2000159564362426,,0.0,731.5990139788057
2026-09-04,2026-09-09,call,733.0,39.65,40.89,36.88,3.0,19.0,773.17,100,40.269999999999996,1.240000000000002,True,,5.0,0.0136986301369863,773.4666152376419,-0.053736806545560706,False,below_european_lower_bound,,market_price is below the no-arbitrage lower bound.,40.44444782365929,773.042914007354
2026-09-04,2026-09-09,put,733.0,0.05,0.06,0.08,260.0,128.0,773.17,100,0.055,0.009999999999999995,True,,5.0,0.0136986301369863,773.4666152376419,-0.053736806545560706,True,,0.19565762938202383,,0.0,732.5984661836948
2026-09-04,2026-09-09,call,734.0,38.6,39.95,32.0,0.0,7.0,773.17,100,39.275000000000006,1.3500000000000014,True,,5.0,0.0136986301369863,773.4666152376419,-0.052373479817696654,False,below_european_lower_bound,,market_price is below the no-arbitrage lower bound.,39.444995618770236,773.042914007354
2026-09-04,2026-09-09,put,734.0,0.05,0.06,0.07,9.0,551.0,773.17,100,0.055,0.009999999999999995,True,,5.0,0.0136986301369863,773.4666152376419,-0.052373479817696654,True,,0.19129490427533064,,0.0,733.5979183885838
2026-09-04,2026-09-09,call,735.0,37.96,38.77,30.29,0.0,115.0,773.17,100,38.365,0.8100000000000023,True,,5.0,0.0136986301369863,773.4666152376419,-0.05101200921937548,False,below_european_lower_bound,,market_price is below the no-arbitrage lower bound.,38.44554341388107,773.042914007354
2026-09-04,2026-09-09,put,735.0,0.06,0.07,0.06,28.0,1209.0,773.17,100,0.065,0.010000000000000009,True,,5.0,0.0136986301369863,773.4666152376419,-0.05101200921937548,True,,0.19099028277688126,,0.0,734.597370593473
2026-09-04,2026-09-09,call,736.0,36.66,37.89,30.14,0.0,68.0,773.17,100,37.275,1.230000000000004,True,,5.0,0.0136986301369863,773.4666152376419,-0.04965238970333596,False,below_european_lower_bound,,market_price is below the no-arbitrage lower bound.,37.446091208992016,773.042914007354
2026-09-04,2026-09-09,put,736.0,0.06,0.07,0.06,61.0,291.0,773.17,100,0.065,0.010000000000000009,True,,5.0,0.0136986301369863,773.4666152376419,-0.04965238970333596,True,,0.18654249210528567,,0.0,735.596822798362
2026-09-04,2026-09-09,call,737.0,35.66,36.9,34.97,4.0,30.0,773.17,100,36.28,1.240000000000002,True,,5.0,0.0136986301369863,773.4666152376419,-0.04829461624287563,False,below_european_lower_bound,,market_price is below the no-arbitrage lower bound.,36.44663900410296,773.042914007354
2026-09-04,2026-09-09,put,737.0,0.06,0.07,0.06,9.0,730.0,773.17,100,0.065,0.010000000000000009,True,,5.0,0.0136986301369863,773.4666152376419,-0.04829461624287563,True,,0.18208890440348047,,0.0,736.5962750032511
2026-09-04,2026-09-09,call,738.0,34.62,35.96,27.94,0.0,7.0,773.17,100,35.29,1.3400000000000034,True,,5.0,0.0136986301369863,773.4666152376419,-0.04693868383173966,False,below_european_lower_bound,,market_price is below the no-arbitrage lower bound.,35.44718679921391,773.042914007354
2026-09-04,2026-09-09,put,738.0,0.06,0.07,0.07,109.0,294.0,773.17,100,0.065,0.010000000000000009,True,,5.0,0.0136986301369863,773.4666152376419,-0.04693868383173966,True,,0.17762911830627434,,0.0,737.5957272081401
2026-09-04,2026-09-09,call,739.0,33.63,34.96,27.29,0.0,9.0,773.17,100,34.295,1.3299999999999983,True,,5.0,0.0136986301369863,773.4666152376419,-0.04558458748401042,False,below_european_lower_bound,,market_price is below the no-arbitrage lower bound.,34.44773459432486,773.042914007354
2026-09-04,2026-09-09,put,739.0,0.07,0.08,0.07,219.0,1125.0,773.17,100,0.07500000000000001,0.009999999999999995,True,,5.0,0.0136986301369863,773.4666152376419,-0.04558458748401042,True,,0.17654914149212675,,0.0,738.5951794130292
2026-09-04,2026-09-09,call,740.0,32.68,33.9,33.18,11.0,48.0,773.17,100,33.29,1.2199999999999989,True,,5.0,0.0136986301369863,773.4666152376419,-0.04423232223399679,False,below_european_lower_bound,,market_price is below the no-arbitrage lower bound.,33.44828238943569,773.042914007354
2026-09-04,2026-09-09,put,740.0,0.07,0.08,0.08,453.0,609.0,773.17,100,0.07500000000000001,0.009999999999999995,True,,5.0,0.0136986301369863,773.4666152376419,-0.04423232223399679,True,,0.17200719642484383,,0.0,739.5946316179184
2026-09-04,2026-09-09,call,741.0,31.69,32.91,32.08,6.0,15.0,773.17,100,32.3,1.2199999999999953,True,,5.0,0.0136986301369863,773.4666152376419,-0.042881883136125266,False,below_european_lower_bound,,market_price is below the no-arbitrage lower bound.,32.44883018454664,773.042914007354
2026-09-04,2026-09-09,put,741.0,0.08,0.09,0.09,157.0,679.0,773.17,100,0.08499999999999999,0.009999999999999995,True,,5.0,0.0136986301369863,773.4666152376419,-0.042881883136125266,True,,0.170429700245418,,0.0,740.5940838228074
2026-09-04,2026-09-09,call,742.0,30.69,31.91,30.95,32.0,5.0,773.17,100,31.3,1.2199999999999989,True,,5.0,0.0136986301369863,773.4666152376419,-0.04153326526483174,False,below_european_lower_bound,,market_price is below the no-arbitrage lower bound.,31.449377979657584,773.042914007354
2026-09-04,2026-09-09,put,742.0,0.08,0.09,0.09,902.0,665.0,773.17,100,0.08499999999999999,0.009999999999999995,True,,5.0,0.0136986301369863,773.4666152376419,-0.04153326526483174,True,,0.16580856244147768,,0.0,741.5935360276965
2026-09-04,2026-09-09,call,743.0,29.7,30.92,31.14,1026.0,13.0,773.17,100,30.310000000000002,1.2200000000000024,True,,5.0,0.0136986301369863,773.4666152376419,-0.040186463714453065,False,below_european_lower_bound,,market_price is below the no-arbitrage lower bound.,30.44992577476853,773.042914007354
2026-09-04,2026-09-09,put,743.0,0.09,0.1,0.09,416.0,124.0,773.17,100,0.095,0.010000000000000009,True,,5.0,0.0136986301369863,773.4666152376419,-0.040186463714453065,True,,0.1638129204990702,,0.0,742.5929882325855
2026-09-04,2026-09-09,call,744.0,28.71,29.92,22.14,0.0,27.0,773.17,100,29.315,1.2100000000000009,True,,5.0,0.0136986301369863,773.4666152376419,-0.03884147359912029,False,below_european_lower_bound,,market_price is below the no-arbitrage lower bound.,29.450473569879364,773.042914007354
2026-09-04,2026-09-09,put,744.0,0.09,0.1,0.1,142.0,808.0,773.17,100,0.095,0.010000000000000009,True,,5.0,0.0136986301369863,773.4666152376419,-0.03884147359912029,True,,0.15911389686255664,,0.0,743.5924404374747
2026-09-04,2026-09-09,call,745.0,27.72,28.93,29.33,3.0,81.0,773.17,100,28.325,1.2100000000000009,True,,5.0,0.0136986301369863,773.4666152376419,-0.03749829005265268,False,below_european_lower_bound,,market_price is below the no-arbitrage lower bound.,28.45102136499031,773.042914007354
2026-09-04,2026-09-09,put,745.0,0.1,0.11,0.1,967.0,1198.0,773.17,100,0.10500000000000001,0.009999999999999995,True,,5.0,0.0136986301369863,773.4666152376419,-0.03749829005265268,True,,0.1567562265409658,,0.0,744.5918926423637
2026-09-04,2026-09-09,call,746.0,26.73,27.93,27.28,530.0,76.0,773.17,100,27.33,1.1999999999999993,True,,5.0,0.0136986301369863,773.4666152376419,-0.03615690822845138,False,below_european_lower_bound,,market_price is below the no-arbitrage lower bound.,27.451569160101258,773.042914007354
2026-09-04,2026-09-09,put,746.0,0.11,0.12,0.12,219.0,479.0,773.17,100,0.11499999999999999,0.009999999999999995,True,,5.0,0.0136986301369863,773.4666152376419,-0.03615690822845138,True,,0.1541418135154034,,0.0,745.5913448472528
2026-09-04,2026-09-09,call,747.0,25.74,26.94,27.45,48.0,25.0,773.17,100,26.34,1.2000000000000028,True,,5.0,0.0136986301369863,773.4666152376419,-0.034817323299394846,False,below_european_lower_bound,,market_price is below the no-arbitrage lower bound.,26.452116955212205,773.042914007354
2026-09-04,2026-09-09,put,747.0,0.12,0.13,0.12,644.0,527.0,773.17,100,0.125,0.010000000000000009,True,,5.0,0.0136986301369863,773.4666152376419,-0.034817323299394846,True,,0.15129886143764834,,0.0,746.5907970521419
2026-09-04,2026-09-09,call,748.0,24.75,25.95,25.5,1.0,50.0,773.17,100,25.35,1.1999999999999993,True,,5.0,0.0136986301369863,773.4666152376419,-0.03347953045773495,False,below_european_lower_bound,,market_price is below the no-arbitrage lower bound.,25.45266475032315,773.042914007354
2026-09-04,2026-09-09,put,748.0,0.13,0.14,0.13,105.0,780.0,773.17,100,0.135,0.010000000000000009,True,,5.0,0.0136986301369863,773.4666152376419,-0.03347953045773495,True,,0.14824934385274566,,0.0,747.5902492570309
2026-09-04,2026-09-09,call,749.0,23.77,24.96,25.28,213.0,91.0,773.17,100,24.365000000000002,1.1900000000000013,True,,5.0,0.0136986301369863,773.4666152376419,-0.03214352491499275,False,below_european_lower_bound,,market_price is below the no-arbitrage lower bound.,24.453212545433985,773.042914007354
2026-09-04,2026-09-09,put,749.0,0.14,0.15,0.15,189.0,595.0,773.17,100,0.14500000000000002,0.009999999999999981,True,,5.0,0.0136986301369863,773.4666152376419,-0.03214352491499275,True,,0.14501061424598913,,0.0,748.5897014619201
2026-09-04,2026-09-09,call,750.0,23.07,23.85,22.9,764.0,392.0,773.17,100,23.46,0.7800000000000011,True,,5.0,0.0136986301369863,773.4666152376419,-0.030809301901856025,True,,0.09381926664853539,,23.45376034054493,773.042914007354
2026-09-04,2026-09-09,put,750.0,0.15,0.16,0.15,1078.0,1220.0,773.17,100,0.155,0.010000000000000009,True,,5.0,0.0136986301369863,773.4666152376419,-0.030809301901856025,True,,0.14159649712703998,,0.0,749.5891536668091
2026-09-04,2026-09-09,call,751.0,22.09,22.62,22.3,820.0,243.0,773.17,100,22.355,0.5300000000000011,True,,5.0,0.0136986301369863,773.4666152376419,-0.029476856668077443,False,below_european_lower_bound,,market_price is below the no-arbitrage lower bound.,22.45430813565588,773.042914007354
2026-09-04,2026-09-09,put,751.0,0.17,0.18,0.17,2955.0,723.0,773.17,100,0.175,0.009999999999999981,True,,5.0,0.0136986301369863,773.4666152376419,-0.029476856668077443,True,,0.13947827341892743,,0.0,750.5886058716982
2026-09-04,2026-09-09,call,752.0,20.83,22.01,21.98,30.0,146.0,773.17,100,21.42,1.1800000000000033,True,,5.0,0.0136986301369863,773.4666152376419,-0.0281461844823724,False,below_european_lower_bound,,market_price is below the no-arbitrage lower bound.,21.454855930766826,773.042914007354
2026-09-04,2026-09-09,put,752.0,0.19,0.2,0.19,243.0,514.0,773.17,100,0.195,0.010000000000000009,True,,5.0,0.0136986301369863,773.4666152376419,-0.0281461844823724,True,,0.13698984744855272,,0.0,751.5880580765872
2026-09-04,2026-09-09,call,753.0,20.11,20.9,21.45,57.0,151.0,773.17,100,20.505,0.7899999999999991,True,,5.0,0.0136986301369863,773.4666152376419,-0.02681728063231857,True,,0.10542394001033518,,20.45540372587766,773.042914007354
2026-09-04,2026-09-09,put,753.0,0.21,0.22,0.21,458.0,517.0,773.17,100,0.215,0.010000000000000009,True,,5.0,0.0136986301369863,773.4666152376419,-0.02681728063231857,True,,0.13417660890208347,,0.0,752.5875102814764
2026-09-04,2026-09-09,call,754.0,19.16,19.92,20.42,461.0,356.0,773.17,100,19.54,0.7600000000000016,True,,5.0,0.0136986301369863,773.4666152376419,-0.025490140424256114,True,,0.10919388619546805,,19.455951520988606,773.042914007354
2026-09-04,2026-09-09,put,754.0,0.23,0.24,0.24,754.0,271.0,773.17,100,0.235,0.009999999999999981,True,,5.0,0.0136986301369863,773.4666152376419,-0.025490140424256114,True,,0.13107216188340912,,0.0,753.5869624863655
2026-09-04,2026-09-09,call,755.0,18.17,18.94,19.55,385.0,186.0,773.17,100,18.555,0.7699999999999996,True,,5.0,0.0136986301369863,773.4666152376419,-0.02416475918318752,True,,0.10711183793341571,,18.456499316099553,773.042914007354
2026-09-04,2026-09-09,put,755.0,0.26,0.27,0.27,959.0,1669.0,773.17,100,0.265,0.010000000000000009,True,,5.0,0.0136986301369863,773.4666152376419,-0.02416475918318752,True,,0.1287271328223813,,0.0,754.5864146912545
2026-09-04,2026-09-09,call,756.0,17.2,17.96,17.58,332.0,165.0,773.17,100,17.58,0.7600000000000016,True,,5.0,0.0136986301369863,773.4666152376419,-0.022841132252679152,True,,0.10614872656610165,,17.4570471112105,773.042914007354
2026-09-04,2026-09-09,put,756.0,0.3,0.31,0.3,683.0,440.0,773.17,100,0.305,0.010000000000000009,True,,5.0,0.0136986301369863,773.4666152376419,-0.022841132252679152,True,,0.12690145252949078,,0.0,755.5858668961436
2026-09-04,2026-09-09,call,757.0,16.26,16.98,17.15,727.0,102.0,773.17,100,16.62,0.7199999999999989,True,,5.0,0.0136986301369863,773.4666152376419,-0.02151925499476341,True,,0.10637278466055781,,16.457594906321333,773.042914007354
2026-09-04,2026-09-09,put,757.0,0.34,0.35,0.34,1173.0,920.0,773.17,100,0.345,0.009999999999999953,True,,5.0,0.0136986301369863,773.4666152376419,-0.02151925499476341,True,,0.12456179536097922,,0.0,756.5853191010327
2026-09-04,2026-09-09,call,758.0,15.39,16.0,15.63,223.0,62.0,773.17,100,15.695,0.6099999999999994,True,,5.0,0.0136986301369863,773.4666152376419,-0.020199122789840568,True,,0.10908534033594681,,15.45814270143228,773.042914007354
2026-09-04,2026-09-09,put,758.0,0.38,0.39,0.38,1006.0,1071.0,773.17,100,0.385,0.010000000000000009,True,,5.0,0.0136986301369863,773.4666152376419,-0.020199122789840568,True,,0.12177370225711798,,0.0,757.5847713059218
2026-09-04,2026-09-09,call,759.0,14.37,15.04,15.06,746.0,189.0,773.17,100,14.704999999999998,0.6699999999999999,True,,5.0,0.0136986301369863,773.4666152376419,-0.01888073103658222,True,,0.10431876629147566,,14.458690496543227,773.042914007354
2026-09-04,2026-09-09,put,759.0,0.44,0.45,0.46,1809.0,861.0,773.17,100,0.445,0.010000000000000009,True,,5.0,0.0136986301369863,773.4666152376419,-0.01888073103658222,True,,0.11997897978607691,,0.0,758.5842235108108
2026-09-04,2026-09-09,call,760.0,13.41,14.08,14.25,1368.0,961.0,773.17,100,13.745000000000001,0.6699999999999999,True,,5.0,0.0136986301369863,773.4666152376419,-0.01756407515183542,True,,0.10196683973228622,,13.459238291654174,773.042914007354
2026-09-04,2026-09-09,put,760.0,0.5,0.51,0.51,3150.0,3202.0,773.17,100,0.505,0.010000000000000009,True,,5.0,0.0136986301369863,773.4666152376419,-0.01756407515183542,True,,0.11759231287645264,,0.0,759.5836757156999
2026-09-04,2026-09-09,call,761.0,12.51,13.13,13.13,1085.0,341.0,773.17,100,12.82,0.620000000000001,True,,5.0,0.0136986301369863,773.4666152376419,-0.016249150570526387,True,,0.10162831022490093,,12.45978608676512,773.042914007354
2026-09-04,2026-09-09,put,761.0,0.57,0.58,0.57,382.0,805.0,773.17,100,0.575,0.010000000000000009,True,,5.0,0.0136986301369863,773.4666152376419,-0.016249150570526387,True,,0.11526218341612375,,0.0,760.5831279205889
2026-09-04,2026-09-09,call,762.0,11.6,12.19,12.41,348.0,735.0,773.17,100,11.895,0.5899999999999999,True,,5.0,0.0136986301369863,773.4666152376419,-0.014935952745565874,True,,0.10029004608082669,,11.460333881875954,773.042914007354
2026-09-04,2026-09-09,put,762.0,0.66,0.67,0.66,1092.0,938.0,773.17,100,0.665,0.010000000000000009,True,,5.0,0.0136986301369863,773.4666152376419,-0.014935952745565874,True,,0.11342600456200641,,0.0,761.5825801254781
2026-09-04,2026-09-09,call,763.0,10.78,11.14,11.45,1824.0,1934.0,773.17,100,10.96,0.3600000000000012,True,,5.0,0.0136986301369863,773.4666152376419,-0.013624477147755179,True,,0.09758037716051214,,10.4608816769869,773.042914007354
2026-09-04,2026-09-09,put,763.0,0.76,0.77,0.76,519.0,700.0,773.17,100,0.765,0.010000000000000009,True,,5.0,0.0136986301369863,773.4666152376419,-0.013624477147755179,True,,0.11139710874511992,,0.0,762.5820323303672
2026-09-04,2026-09-09,call,764.0,9.9,10.25,10.58,1488.0,789.0,773.17,100,10.075,0.34999999999999964,True,,5.0,0.0136986301369863,773.4666152376419,-0.012314719265691729,True,,0.09683567335244168,,9.461429472097848,773.042914007354
2026-09-04,2026-09-09,put,764.0,0.87,0.89,0.89,1882.0,392.0,773.17,100,0.88,0.020000000000000018,True,,5.0,0.0136986301369863,773.4666152376419,-0.012314719265691729,True,,0.10935371279228184,,0.0,763.5814845352562
2026-09-04,2026-09-09,call,765.0,9.05,9.38,9.39,4406.0,1847.0,773.17,100,9.215,0.33000000000000007,True,,5.0,0.0136986301369863,773.4666152376419,-0.011006674605676309,True,,0.09622168320585069,,8.461977267208795,773.042914007354
2026-09-04,2026-09-09,put,765.0,1.01,1.02,1.01,1512.0,831.0,773.17,100,1.0150000000000001,0.010000000000000009,True,,5.0,0.0136986301369863,773.4666152376419,-0.011006674605676309,True,,0.10741234817583978,,0.0,764.5809367401453
2026-09-04,2026-09-09,call,766.0,8.23,8.53,8.33,2654.0,1348.0,773.17,100,8.379999999999999,0.29999999999999893,True,,5.0,0.0136986301369863,773.4666152376419,-0.009700338691620883,True,,0.09557369595140011,,7.462525062319628,773.042914007354
2026-09-04,2026-09-09,put,766.0,1.16,1.18,1.17,783.0,329.0,773.17,100,1.17,0.020000000000000018,True,,5.0,0.0136986301369863,773.4666152376419,-0.009700338691620883,True,,0.10545643252928853,,0.0,765.5803889450344
2026-09-04,2026-09-09,call,767.0,7.42,7.71,7.62,2165.0,1247.0,773.17,100,7.5649999999999995,0.29000000000000004,True,,5.0,0.0136986301369863,773.4666152376419,-0.008395707064956034,True,,0.09459462052398437,,6.463072857430575,773.042914007354
2026-09-04,2026-09-09,put,767.0,1.34,1.36,1.34,2028.0,308.0,773.17,100,1.35,0.020000000000000018,True,,5.0,0.0136986301369863,773.4666152376419,-0.008395707064956034,True,,0.10356823309474757,,0.0,766.5798411499235
2026-09-04,2026-09-09,call,768.0,6.67,6.91,6.78,3039.0,684.0,773.17,100,6.79,0.2400000000000002,True,,5.0,0.0136986301369863,773.4666152376419,-0.007092775284539978,True,,0.09393131713011955,,5.463620652541522,773.042914007354
2026-09-04,2026-09-09,put,768.0,1.55,1.57,1.57,6174.0,270.0,773.17,100,1.56,0.020000000000000018,True,,5.0,0.0136986301369863,773.4666152376419,-0.007092775284539978,True,,0.10180150261939831,,0.0,767.5792933548125
2026-09-04,2026-09-09,call,769.0,5.9,6.15,6.3,2735.0,1069.0,773.17,100,6.025,0.25,True,,5.0,0.0136986301369863,773.4666152376419,-0.005791538926568207,True,,0.09244986907872761,,4.464168447652469,773.042914007354
2026-09-04,2026-09-09,put,769.0,1.79,1.81,1.79,11283.0,370.0,773.17,100,1.8,0.020000000000000018,True,,5.0,0.0136986301369863,773.4666152376419,-0.005791538926568207,True,,0.10003564184432417,,0.0,768.5787455597016
2026-09-04,2026-09-09,call,770.0,5.24,5.39,5.36,2913.0,1029.0,773.17,100,5.3149999999999995,0.14999999999999947,True,,5.0,0.0136986301369863,773.4666152376419,-0.004491993584482686,True,,0.09154916816511934,,3.4647162427634157,773.042914007354
2026-09-04,2026-09-09,put,770.0,2.07,2.09,2.08,3357.0,604.0,773.17,100,2.08,0.020000000000000018,True,,5.0,0.0136986301369863,773.4666152376419,-0.004491993584482686,True,,0.09847066301100571,,0.0,769.5781977645906
2026-09-04,2026-09-09,call,771.0,4.57,4.7,4.68,2238.0,794.0,773.17,100,4.635,0.1299999999999999,True,,5.0,0.0136986301369863,773.4666152376419,-0.0031941348688826546,True,,0.09031940929421839,,2.465264037874249,773.042914007354
2026-09-04,2026-09-09,put,771.0,2.4,2.41,2.41,1898.0,621.0,773.17,100,2.4050000000000002,0.010000000000000231,True,,5.0,0.0136986301369863,773.4666152376419,-0.0031941348688826546,True,,0.09713083227259575,,0.0,770.5776499694798
2026-09-04,2026-09-09,call,772.0,3.94,4.07,3.94,2648.0,1031.0,773.17,100,4.005,0.13000000000000034,True,,5.0,0.0136986301369863,773.4666152376419,-0.0018979584074360104,True,,0.08926880957500773,,1.465811832985196,773.042914007354
2026-09-04,2026-09-09,put,772.0,2.76,2.78,2.76,4814.0,483.0,773.17,100,2.7699999999999996,0.020000000000000018,True,,5.0,0.0136986301369863,773.4666152376419,-0.0018979584074360104,True,,0.09576866199375825,,0.0,771.5771021743689
2026-09-04,2026-09-09,call,773.0,3.4,3.43,3.41,3338.0,457.0,773.17,100,3.415,0.03000000000000025,True,,5.0,0.0136986301369863,773.4666152376419,-0.0006034598447902562,True,,0.08802625045805737,,0.46635962809614284,773.042914007354
2026-09-04,2026-09-09,put,773.0,3.17,3.2,3.17,2966.0,290.0,773.17,100,3.185,0.03000000000000025,True,,5.0,0.0136986301369863,773.4666152376419,-0.0006034598447902562,True,,0.09458697212067124,,0.0,772.5765543792579
2026-09-04,2026-09-09,call,774.0,2.87,2.89,2.87,2361.0,400.0,773.17,100,2.88,0.020000000000000018,True,,5.0,0.0136986301369863,773.4666152376419,0.0006893651575149723,True,,0.08694388126621473,,0.0,773.042914007354
2026-09-04,2026-09-09,put,774.0,3.64,3.67,3.65,1110.0,422.0,773.17,100,3.6550000000000002,0.029999999999999805,True,,5.0,0.0136986301369863,773.4666152376419,0.0006893651575149723,True,,0.09365783637142899,,0.5330925767929102,773.576006584147
2026-09-04,2026-09-09,call,775.0,2.39,2.41,2.41,3172.0,453.0,773.17,100,2.4000000000000004,0.020000000000000018,True,,5.0,0.0136986301369863,773.4666152376419,0.001980520921134815,True,,0.0859730638866981,,0.0,773.042914007354
2026-09-04,2026-09-09,put,775.0,4.12,4.22,4.21,1079.0,275.0,773.17,100,4.17,0.09999999999999964,True,,5.0,0.0136986301369863,773.4666152376419,0.001980520921134815,True,,0.09266435620588045,,1.532544781682077,774.5754587890361
2026-09-04,2026-09-09,call,776.0,1.97,1.98,2.01,1692.0,506.0,773.17,100,1.975,0.010000000000000009,True,,5.0,0.0136986301369863,773.4666152376419,0.0032700117510065336,True,,0.08509765870872436,,0.0,773.042914007354
2026-09-04,2026-09-09,put,776.0,4.67,4.84,4.64,236.0,140.0,773.17,100,4.755,0.16999999999999993,True,,5.0,0.0136986301369863,773.4666152376419,0.0032700117510065336,True,,0.09230670808061649,,2.53199698657113,775.5749109939252
2026-09-04,2026-09-09,call,777.0,1.59,1.61,1.61,1493.0,493.0,773.17,100,1.6,0.020000000000000018,True,,5.0,0.0136986301369863,773.4666152376419,0.004557841935435188,True,,0.08418327037213515,,0.0,773.042914007354
2026-09-04,2026-09-09,put,777.0,5.31,5.46,5.34,865.0,70.0,773.17,100,5.385,0.15000000000000036,True,,5.0,0.0136986301369863,773.4666152376419,0.004557841935435188,True,,0.0919133227538792,,3.531449191460183,776.5743631988142
2026-09-04,2026-09-09,call,778.0,1.27,1.29,1.28,948.0,636.0,773.17,100,1.28,0.020000000000000018,True,,5.0,0.0136986301369863,773.4666152376419,0.005844015746179313,True,,0.08342633279776307,,0.0,773.042914007354
2026-09-04,2026-09-09,put,778.0,5.94,6.18,5.61,1663.0,5.0,773.17,100,6.0600000000000005,0.23999999999999932,True,,5.0,0.0136986301369863,773.4666152376419,0.005844015746179313,True,,0.09152734178222433,,4.530901396349236,777.5738154037033
2026-09-04,2026-09-09,call,779.0,1.0,1.02,1.01,1445.0,1243.0,773.17,100,1.01,0.020000000000000018,True,,5.0,0.0136986301369863,773.4666152376419,0.007128537438536159,True,,0.08276568333683494,,0.0,773.042914007354
2026-09-04,2026-09-09,put,779.0,6.65,6.92,6.31,1701.0,0.0,773.17,100,6.785,0.2699999999999996,True,,5.0,0.0136986301369863,773.4666152376419,0.007128537438536159,True,,0.0913952758135296,,5.530353601238289,778.5732676085923
2026-09-04,2026-09-09,call,780.0,0.78,0.79,0.79,2790.0,995.0,773.17,100,0.785,0.010000000000000009,True,,5.0,0.0136986301369863,773.4666152376419,0.008411411251425279,True,,0.082156610261615,,0.0,773.042914007354
2026-09-04,2026-09-09,put,780.0,7.43,7.71,7.59,2682.0,57.0,773.17,100,7.57,0.28000000000000025,True,,5.0,0.0136986301369863,773.4666152376419,0.008411411251425279,True,,0.09205980066064663,,6.529805806127456,779.5727198134815
2026-09-04,2026-09-09,call,781.0,0.6,0.61,0.61,1236.0,600.0,773.17,100,0.605,0.010000000000000009,True,,5.0,0.0136986301369863,773.4666152376419,0.009692641407473787,True,,0.08179411175945486,,0.0,773.042914007354
2026-09-04,2026-09-09,put,781.0,8.23,8.55,8.5,1098.0,0.0,773.17,100,8.39,0.3200000000000003,True,,5.0,0.0136986301369863,773.4666152376419,0.009692641407473787,True,,0.09286233920159039,,7.529258011016509,780.5721720183706
2026-09-04,2026-09-09,call,782.0,0.45,0.46,0.46,1209.0,479.0,773.17,100,0.455,0.010000000000000009,True,,5.0,0.0136986301369863,773.4666152376419,0.010972232113098866,True,,0.08122087798384209,,0.0,773.042914007354
2026-09-04,2026-09-09,put,782.0,9.05,9.5,9.48,1848.0,0.0,773.17,100,9.275,0.4499999999999993,True,,5.0,0.0136986301369863,773.4666152376419,0.010972232113098866,True,,0.095356108107809,,8.528710215905562,781.5716242232596
2026-09-04,2026-09-09,call,783.0,0.33,0.35,0.34,930.0,774.0,773.17,100,0.33999999999999997,0.019999999999999962,True,,5.0,0.0136986301369863,773.4666152376419,0.012250187558590852,True,,0.08091507705631844,,0.0,773.042914007354
2026-09-04,2026-09-09,put,783.0,9.83,10.52,10.0,26.0,0.0,773.17,100,10.175,0.6899999999999995,True,,5.0,0.0136986301369863,773.4666152376419,0.012250187558590852,True,,0.0977538490780895,,9.528162420794615,782.5710764281487
2026-09-04,2026-09-09,call,784.0,0.25,0.26,0.26,1072.0,692.0,773.17,100,0.255,0.010000000000000009,True,,5.0,0.0136986301369863,773.4666152376419,0.013526511918195561,True,,0.08100182703570406,,0.0,773.042914007354
2026-09-04,2026-09-09,put,784.0,10.66,11.25,10.55,3.0,0.0,773.17,100,10.955,0.5899999999999999,True,,5.0,0.0136986301369863,773.4666152376419,0.013526511918195561,True,,0.09253727885178106,,10.527614625683782,783.5705286330378
2026-09-04,2026-09-09,call,785.0,0.18,0.19,0.2,3707.0,1198.0,773.17,100,0.185,0.010000000000000009,True,,5.0,0.0136986301369863,773.4666152376419,0.014801209350196328,True,,0.08072900886930032,,0.0,773.042914007354
2026-09-04,2026-09-09,put,785.0,11.96,12.72,12.17,450.0,0.0,773.17,100,12.34,0.7599999999999998,True,,5.0,0.0136986301369863,773.4666152376419,0.014801209350196328,True,,0.11958317107597545,,11.527066830572835,784.5699808379269
2026-09-04,2026-09-09,call,786.0,0.14,0.15,0.14,304.0,447.0,773.17,100,0.14500000000000002,0.009999999999999981,True,,5.0,0.0136986301369863,773.4666152376419,0.016074283996994405,True,,0.08195774097045284,,0.0,773.042914007354
2026-09-04,2026-09-09,put,786.0,12.54,13.81,0.0,0.0,0.0,773.17,100,13.175,1.2700000000000014,True,,5.0,0.0136986301369863,773.4666152376419,0.016074283996994405,True,,0.11792319686369973,,12.526519035461888,785.569433042816
2026-09-04,2026-09-09,call,787.0,0.1,0.11,0.1,280.0,534.0,773.17,100,0.10500000000000001,0.009999999999999995,True,,5.0,0.0136986301369863,773.4666152376419,0.017345739985191053,True,,0.08201738408858397,,0.0,773.042914007354
2026-09-04,2026-09-09,put,787.0,13.53,14.82,13.59,1.0,0.0,773.17,100,14.175,1.290000000000001,True,,5.0,0.0136986301369863,773.4666152376419,0.017345739985191053,True,,0.12443788937201011,,13.525971240350941,786.568885247705
2026-09-04,2026-09-09,call,788.0,0.07,0.08,0.08,243.0,141.0,773.17,100,0.07500000000000001,0.009999999999999995,True,,5.0,0.0136986301369863,773.4666152376419,0.018615581425666914,True,,0.08206654514330029,,0.0,773.042914007354
2026-09-04,2026-09-09,put,788.0,14.57,15.78,14.59,330.0,0.0,773.17,100,15.175,1.209999999999999,True,,5.0,0.0136986301369863,773.4666152376419,0.018615581425666914,True,,0.13086444453695967,,14.525423445240108,787.5683374525942
2026-09-04,2026-09-09,call,789.0,0.06,0.07,0.07,317.0,710.0,773.17,100,0.065,0.010000000000000009,True,,5.0,0.0136986301369863,773.4666152376419,0.019883812413661994,True,,0.08475908106008966,,0.0,773.042914007354
2026-09-04,2026-09-09,put,789.0,15.51,16.84,0.0,0.0,0.0,773.17,100,16.175,1.33,True,,5.0,0.0136986301369863,773.4666152376419,0.019883812413661994,True,,0.1372102270665402,,15.524875650129161,788.5677896574832
2026-09-04,2026-09-09,call,790.0,0.04,0.05,0.05,246.0,765.0,773.17,100,0.045,0.010000000000000002,True,,5.0,0.0136986301369863,773.4666152376419,0.021150437028854895,True,,0.08452701962675274,,0.0,773.042914007354
2026-09-04,2026-09-09,put,790.0,16.56,17.79,21.83,90.0,0.0,773.17,100,17.174999999999997,1.2300000000000004,True,,5.0,0.0136986301369863,773.4666152376419,0.021150437028854895,True,,0.1434815294240749,,16.524327855018214,789.5672418623723
2026-09-04,2026-09-09,call,791.0,0.04,0.05,0.04,103.0,942.0,773.17,100,0.045,0.010000000000000002,True,,5.0,0.0136986301369863,773.4666152376419,0.02241545933544177,True,,0.08883564764352049,,0.0,773.042914007354
2026-09-04,2026-09-09,put,791.0,17.5,18.85,0.0,0.0,0.0,773.17,100,18.175,1.3500000000000014,True,,5.0,0.0136986301369863,773.4666152376419,0.02241545933544177,True,,0.14968378222985093,,17.523780059907267,790.5666940672613
2026-09-04,2026-09-09,call,792.0,0.03,0.04,0.02,158.0,282.0,773.17,100,0.035,0.010000000000000002,True,,5.0,0.0136986301369863,773.4666152376419,0.023678883382213717,True,,0.08996468236097613,,0.0,773.042914007354
2026-09-04,2026-09-09,put,792.0,18.55,19.8,0.0,0.0,0.0,773.17,100,19.175,1.25,True,,5.0,0.0136986301369863,773.4666152376419,0.023678883382213717,True,,0.15582171400396688,,18.52323226479632,791.5661462721504
2026-09-04,2026-09-09,call,793.0,0.02,0.03,0.03,437.0,101.0,773.17,100,0.025,0.009999999999999998,True,,5.0,0.0136986301369863,773.4666152376419,0.02494071320263581,True,,0.09012952001394817,,0.0,773.042914007354
2026-09-04,2026-09-09,put,793.0,19.54,20.8,0.0,0.0,0.0,773.17,100,20.17,1.2600000000000016,True,,5.0,0.0136986301369863,773.4666152376419,0.02494071320263581,True,,0.16157358736903737,,19.522684469685487,792.5655984770395
2026-09-04,2026-09-09,call,794.0,0.02,0.03,0.01,706.0,124.0,773.17,100,0.025,0.009999999999999998,True,,5.0,0.0136986301369863,773.4666152376419,0.026200952814923514,True,,0.09410117465887004,,0.0,773.042914007354
2026-09-04,2026-09-09,put,794.0,20.54,21.81,25.54,1.0,1.0,773.17,100,21.174999999999997,1.2699999999999996,True,,5.0,0.0136986301369863,773.4666152376419,0.026200952814923514,True,,0.16792073108285732,,20.52213667457454,793.5650506819286
2026-09-04,2026-09-09,call,795.0,0.02,0.03,0.02,45.0,207.0,773.17,100,0.025,0.009999999999999998,True,,5.0,0.0136986301369863,773.4666152376419,0.027459606222119654,True,,0.09804871119751421,,0.0,773.042914007354
2026-09-04,2026-09-09,put,795.0,21.54,22.81,0.0,0.0,0.0,773.17,100,22.174999999999997,1.2699999999999996,True,,5.0,0.0136986301369863,773.4666152376419,0.027459606222119654,True,,0.1738887457284299,,21.521588879463593,794.5645028868176
2026-09-04,2026-09-09,call,796.0,0.02,0.03,0.02,2.0,17.0,773.17,100,0.025,0.009999999999999998,True,,5.0,0.0136986301369863,773.4666152376419,0.028716677412170735,True,,0.1019732744107602,,0.0,773.042914007354
2026-09-04,2026-09-09,put,796.0,22.54,23.81,0.0,0.0,0.0,773.17,100,23.174999999999997,1.2699999999999996,True,,5.0,0.0136986301369863,773.4666152376419,0.028716677412170735,True,,0.179806436165376,,22.521041084352646,795.5639550917067
2026-09-04,2026-09-09,call,797.0,0.01,0.02,0.02,286.0,238.0,773.17,100,0.015,0.01,True,,5.0,0.0136986301369863,773.4666152376419,0.02997217035800294,True,,0.09983913729270405,,0.0,773.042914007354
2026-09-04,2026-09-09,put,797.0,23.54,24.81,0.0,0.0,0.0,773.17,100,24.174999999999997,1.2699999999999996,True,,5.0,0.0136986301369863,773.4666152376419,0.02997217035800294,True,,0.1856764260527873,,23.520493289241813,796.5634072965959
2026-09-04,2026-09-09,call,798.0,0.01,0.02,0.02,1.0,27.0,773.17,100,0.015,0.01,True,,5.0,0.0136986301369863,773.4666152376419,0.031226089017596628,True,,0.10354258843786354,,0.0,773.042914007354
2026-09-04,2026-09-09,put,798.0,24.53,25.81,0.0,0.0,0.0,773.17,100,25.17,1.2799999999999976,True,,5.0,0.0136986301369863,773.4666152376419,0.031226089017596628,True,,0.19114047995841324,,24.519945494130866,797.5628595014849
2026-09-04,2026-09-09,call,799.0,0.01,0.02,0.02,3.0,74.0,773.17,100,0.015,0.01,True,,5.0,0.0136986301369863,773.4666152376419,0.03247843733406249,True,,0.10722777904411938,,0.0,773.042914007354
2026-09-04,2026-09-09,put,799.0,25.53,26.82,0.0,0.0,0.0,773.17,100,26.175,1.2899999999999991,True,,5.0,0.0136986301369863,773.4666152376419,0.03247843733406249,True,,0.1972825654237082,,25.51939769901992,798.562311706374
2026-09-04,2026-09-09,call,800.0,0.01,0.02,0.02,98.0,273.0,773.17,100,0.015,0.01,True,,5.0,0.0136986301369863,773.4666152376419,0.03372921923571509,True,,0.11089539544295979,,0.0,773.042914007354
2026-09-04,2026-09-09,put,800.0,26.53,27.82,26.89,1.0,0.0,773.17,100,27.175,1.2899999999999991,True,,5.0,0.0136986301369863,773.4666152376419,0.03372921923571509,True,,0.20302282532753313,,26.518849903908972,799.561763911263
2026-09-04,2026-09-09,call,801.0,0.01,0.02,0.02,2.0,91.0,773.17,100,0.015,0.01,True,,5.0,0.0136986301369863,773.4666152376419,0.034978438636146976,True,,0.11454607530459143,,0.0,773.042914007354
2026-09-04,2026-09-09,put,801.0,27.48,28.87,0.0,0.0,0.0,773.17,100,28.175,1.3900000000000006,True,,5.0,0.0136986301369863,773.4666152376419,0.034978438636146976,True,,0.20872365694291792,,27.518302108798025,800.5612161161521
2026-09-04,2026-09-09,call,802.0,0.01,0.02,0.02,0.0,350.0,773.17,100,0.015,0.01,True,,5.0,0.0136986301369863,773.4666152376419,0.03622609943430222,True,,0.11818037927187133,,0.0,773.042914007354
2026-09-04,2026-09-09,put,802.0,28.48,29.87,41.42,0.0,0.0,773.17,100,29.175,1.3900000000000006,True,,5.0,0.0136986301369863,773.4666152376419,0.03622609943430222,True,,0.2143867045364133,,28.517754313687192,801.5606683210412
2026-09-04,2026-09-09,call,803.0,0.01,0.02,0.01,0.0,62.0,773.17,100,0.015,0.01,True,,5.0,0.0136986301369863,773.4666152376419,0.03747220551454957,True,,0.12179885817232226,,0.0,773.042914007354
2026-09-04,2026-09-09,put,803.0,29.53,30.82,0.0,0.0,0.0,773.17,100,30.175,1.2899999999999991,True,,5.0,0.0136986301369863,773.4666152376419,0.03747220551454957,True,,0.2200134806606237,,29.517206518576245,802.5601205259303
2026-09-04,2026-09-09,call,804.0,0.01,0.02,0.01,0.0,3.0,773.17,100,0.015,0.01,True,,5.0,0.0136986301369863,773.4666152376419,0.03871676074675424,True,,0.12540200767864676,,0.0,773.042914007354
2026-09-04,2026-09-09,put,804.0,30.48,31.87,0.0,0.0,0.0,773.17,100,31.175,1.3900000000000006,True,,5.0,0.0136986301369863,773.4666152376419,0.03871676074675424,True,,0.2256053831067604,,30.516658723465298,803.5595727308194
2026-09-04,2026-09-09,call,805.0,0.01,0.02,0.01,160.0,305.0,773.17,100,0.015,0.01,True,,5.0,0.0136986301369863,773.4666152376419,0.0399597689863512,True,,0.12899028894676356,,0.0,773.042914007354
2026-09-04,2026-09-09,put,805.0,31.48,32.87,0.0,0.0,0.0,773.17,100,32.175,1.389999999999997,True,,5.0,0.0136986301369863,773.4666152376419,0.0399597689863512,True,,0.23116370495384614,,31.51611092835435,804.5590249357084
2026-09-04,2026-09-09,call,806.0,0.01,0.02,0.02,0.0,320.0,773.17,100,0.015,0.01,True,,5.0,0.0136986301369863,773.4666152376419,0.04120123407441609,True,,0.13256413193607794,,0.0,773.042914007354
2026-09-04,2026-09-09,put,806.0,32.53,33.82,0.0,0.0,0.0,773.17,100,33.175,1.2899999999999991,True,,5.0,0.0136986301369863,773.4666152376419,0.04120123407441609,True,,0.2366896465989269,,32.51556313324352,805.5584771405976
2026-09-04,2026-09-09,call,807.0,0.01,0.02,0.0,0.0,0.0,773.17,100,0.015,0.01,True,,5.0,0.0136986301369863,773.4666152376419,0.04244115983773656,True,,0.13612393834977812,,0.0,773.042914007354
2026-09-04,2026-09-09,put,807.0,33.53,34.82,0.0,0.0,0.0,773.17,100,34.175,1.2899999999999991,True,,5.0,0.0136986301369863,773.4666152376419,0.04244115983773656,True,,0.24218432492245245,,33.51501533813257,806.5579293454866
2026-09-04,2026-09-09,call,808.0,0.01,0.02,0.0,0.0,0.0,773.17,100,0.015,0.01,True,,5.0,0.0136986301369863,773.4666152376419,0.0436795500888831,True,,0.13967008425736635,,0.0,773.042914007354
2026-09-04,2026-09-09,put,808.0,34.53,35.82,0.0,0.0,0.0,773.17,100,35.175,1.2899999999999991,True,,5.0,0.0136986301369863,773.4666152376419,0.0436795500888831,True,,0.24764878171355056,,34.514467543021624,807.5573815503757
2026-09-04,2026-09-09,call,809.0,0.01,0.02,0.01,0.0,1.0,773.17,100,0.015,0.01,True,,5.0,0.0136986301369863,773.4666152376419,0.04491640862627959,True,,0.14320292243548832,,0.0,773.042914007354
2026-09-04,2026-09-09,put,809.0,35.48,36.87,0.0,0.0,0.0,773.17,100,36.175,1.3900000000000006,True,,5.0,0.0136986301369863,773.4666152376419,0.04491640862627959,True,,0.2530839890366867,,35.51391974791068,808.5568337552647
2026-09-04,2026-09-09,call,810.0,0.01,0.02,0.01,0.0,3.0,773.17,100,0.015,0.01,True,,5.0,0.0136986301369863,773.4666152376419,0.046151739234272314,True,,0.1467227844536903,,0.0,773.042914007354
2026-09-04,2026-09-09,put,810.0,36.48,37.87,0.0,0.0,0.0,773.17,100,37.175,1.3900000000000006,True,,5.0,0.0136986301369863,773.4666152376419,0.046151739234272314,True,,0.25849085957814877,,36.513371952799844,809.5562859601539
2026-09-04,2026-09-09,call,815.0,0.01,0.02,0.0,0.0,0.0,773.17,100,0.015,0.01,True,,5.0,0.0136986301369863,773.4666152376419,0.05230560480865061,True,,0.16413779012816523,,0.0,773.042914007354
2026-09-04,2026-09-09,put,815.0,41.48,42.87,0.0,0.0,0.0,773.17,100,42.175,1.3900000000000006,True,,5.0,0.0136986301369863,773.4666152376419,0.05230560480865061,True,,0.28512837112527534,,41.51063297724522,814.5535469845993
2026-09-04,2026-09-09,call,820.0,0.0,0.01,0.01,17.0,1.0,773.17,100,0.005,0.01,True,,5.0,0.0136986301369863,773.4666152376419,0.058421831826086526,True,,0.16399943094524083,,0.0,773.042914007354
2026-09-04,2026-09-09,put,820.0,46.48,47.87,0.0,0.0,0.0,773.17,100,47.175,1.3900000000000006,True,,5.0,0.0136986301369863,773.4666152376419,0.058421831826086526,True,,0.31116676454607184,,46.5078940016906,819.5508080090447
2026-09-04,2026-09-09,call,825.0,0.0,0.01,0.03,0.0,2.0,773.17,100,0.005,0.01,True,,5.0,0.0136986301369863,773.4666152376419,0.06450087790246875,True,,0.17952508195577202,,0.0,773.042914007354
2026-09-04,2026-09-09,put,825.0,51.48,52.87,0.0,0.0,0.0,773.17,100,52.175,1.3900000000000006,True,,5.0,0.0136986301369863,773.4666152376419,0.06450087790246875,True,,0.3366748132208967,,51.50515502613598,824.54806903349
2026-09-04,2026-09-09,call,830.0,0.0,0.01,0.02,0.0,58.0,773.17,100,0.005,0.01,True,,5.0,0.0136986301369863,773.4666152376419,0.07054319235843141,True,,0.19484723501665957,,0.0,773.042914007354
2026-09-04,2026-09-09,put,830.0,56.53,57.82,57.8,3.0,1.0,773.17,100,57.175,1.2899999999999991,True,,5.0,0.0136986301369863,773.4666152376419,0.07054319235843141,True,,0.36170643670828634,,56.50241605058136,829.5453300579354
2026-09-04,2026-09-09,call,835.0,0.0,0.01,0.0,0.0,0.0,773.17,100,0.005,0.01,True,,5.0,0.0136986301369863,773.4666152376419,0.07654921641864332,True,,0.20997947268689857,,0.0,773.042914007354
2026-09-04,2026-09-09,put,835.0,61.53,62.82,0.0,0.0,0.0,773.17,100,62.175,1.2899999999999991,True,,5.0,0.0136986301369863,773.4666152376419,0.07654921641864332,True,,0.38630499626127973,,61.49967707502674,834.5425910823808
2026-09-04,2026-09-09,call,840.0,0.0,0.01,0.02,0.0,1.0,773.17,100,0.005,0.01,True,,5.0,0.0136986301369863,773.4666152376419,0.08251938340514717,True,,0.2249331266097158,,0.0,773.042914007354
2026-09-04,2026-09-09,put,840.0,66.48,67.87,67.18,1.0,0.0,773.17,100,67.17500000000001,1.3900000000000006,True,,5.0,0.0136986301369863,773.4666152376419,0.08251938340514717,True,,0.4105060948864636,,66.49693809947212,839.5398521068262
2026-09-04,2026-09-09,call,845.0,0.0,0.01,0.0,0.0,0.0,773.17,100,0.005,0.01,True,,5.0,0.0136986301369863,773.4666152376419,0.08845411892496176,True,,0.2397178608231159,,0.0,773.042914007354
2026-09-04,2026-09-09,put,845.0,71.48,72.87,72.16,1.0,2.0,773.17,100,72.17500000000001,1.3900000000000006,True,,5.0,0.0136986301369863,773.4666152376419,0.08845411892496176,True,,0.4343394823077382,,71.4941991239175,844.5371131312716
2026-09-04,2026-09-09,call,850.0,0.0,0.01,0.01,0.0,405.0,773.17,100,0.005,0.01,True,,5.0,0.0136986301369863,773.4666152376419,0.09435384105214988,True,,0.2543420293247507,,0.0,773.042914007354
2026-09-04,2026-09-09,put,850.0,76.48,77.87,84.64,0.0,0.0,773.17,100,77.17500000000001,1.3900000000000006,True,,5.0,0.0136986301369863,773.4666152376419,0.09435384105214988,True,,0.4578303829056146,,76.49146014836299,849.534374155717
2026-09-04,2026-09-09,call,855.0,0.0,0.01,0.01,1.0,406.0,773.17,100,0.005,0.01,True,,5.0,0.0136986301369863,773.4666152376419,0.100218960504548,True,,0.2688129414723683,,0.0,773.042914007354
2026-09-04,2026-09-09,put,855.0,81.53,82.82,0.0,0.0,0.0,773.17,100,82.175,1.289999999999992,True,,5.0,0.0136986301369863,773.4666152376419,0.100218960504548,True,,0.4810004592388459,,81.48872117280837,854.5316351801624
2026-09-04,2026-09-09,call,860.0,0.0,0.01,0.0,0.0,0.0,773.17,100,0.005,0.01,True,,5.0,0.0136986301369863,773.4666152376419,0.10604988081534122,True,,0.2831370698245846,,0.0,773.042914007354
2026-09-04,2026-09-09,put,860.0,86.53,87.82,0.0,0.0,0.0,773.17,100,87.175,1.289999999999992,True,,5.0,0.0136986301369863,773.4666152376419,0.10604988081534122,True,,0.5038685240196767,,86.48598219725375,859.5288962046078
2026-09-04,2026-09-09,call,865.0,0.0,0.01,0.0,0.0,0.0,773.17,100,0.005,0.01,True,,5.0,0.0136986301369863,773.4666152376419,0.11184699849966717,True,,0.2973201590525061,,0.0,773.042914007354
2026-09-04,2026-09-09,put,865.0,91.48,92.87,0.0,0.0,0.0,773.17,100,92.17500000000001,1.3900000000000006,True,,5.0,0.0136986301369863,773.4666152376419,0.11184699849966717,True,,0.5264510709676049,,91.48324322169913,864.5261572290532
2026-09-04,2026-09-09,call,870.0,0.0,0.01,0.0,0.0,0.0,773.17,100,0.005,0.01,True,,5.0,0.0136986301369863,773.4666152376419,0.11761070321641728,True,,0.3113674063946903,,0.0,773.042914007354
2026-09-04,2026-09-09,put,870.0,96.48,97.87,0.0,0.0,0.0,773.17,100,97.17500000000001,1.3900000000000006,True,,5.0,0.0136986301369863,773.4666152376419,0.11761070321641728,True,,0.5487626869195379,,96.4805042461445,869.5234182534986
2026-09-04,2026-09-09,call,875.0,0.0,0.01,0.0,0.0,0.0,773.17,100,0.005,0.01,True,,5.0,0.0136986301369863,773.4666152376419,0.12334137792540234,True,,0.32528352354459467,,0.0,773.042914007354
2026-09-04,2026-09-09,put,875.0,101.53,102.82,0.0,0.0,0.0,773.17,100,102.175,1.289999999999992,True,,5.0,0.0136986301369863,773.4666152376419,0.12334137792540234,True,,0.570816370807711,,101.47776527058988,874.5206792779439
2026-09-04,2026-09-09,call,880.0,0.0,0.01,0.0,0.0,0.0,773.17,100,0.005,0.01,True,,5.0,0.0136986301369863,773.4666152376419,0.12903939904003991,True,,0.33907283183810105,,0.0,773.042914007354
2026-09-04,2026-09-09,put,880.0,106.48,107.87,0.0,0.0,0.0,773.17,100,107.17500000000001,1.3900000000000006,True,,5.0,0.0136986301369863,773.4666152376419,0.12903939904003991,True,,0.5926237827884266,,106.47502629503526,879.5179403023893
2026-09-04,2026-09-09,call,885.0,0.0,0.01,0.0,0.0,0.0,773.17,100,0.005,0.01,True,,5.0,0.0136986301369863,773.4666152376419,0.1347051365757173,True,,0.3527392055763453,,0.0,773.042914007354
2026-09-04,2026-09-09,put,885.0,111.48,112.87,0.0,0.0,0.0,773.17,100,112.17500000000001,1.3900000000000006,True,,5.0,0.0136986301369863,773.4666152376419,0.1347051365757173,True,,0.614195449132979,,111.47228731948076,884.5152013268348
2026-09-04,2026-09-09,call,890.0,0.0,0.01,0.0,0.0,0.0,773.17,100,0.005,0.01,True,,5.0,0.0136986301369863,773.4666152376419,0.14033895429397333,True,,0.36628629554308945,,0.0,773.042914007354
2026-09-04,2026-09-09,put,890.0,116.53,117.82,0.0,0.0,0.0,773.17,100,117.175,1.289999999999992,True,,5.0,0.0136986301369863,773.4666152376419,0.14033895429397333,True,,0.6355409252090722,,116.46954834392614,889.5124623512802
2026-09-04,2026-09-09,call,895.0,0.0,0.01,0.0,0.0,0.0,773.17,100,0.005,0.01,True,,5.0,0.0136986301369863,773.4666152376419,0.14594120984264322,True,,0.37971752900472283,,0.0,773.042914007354
2026-09-04,2026-09-09,put,895.0,121.48,122.87,0.0,0.0,0.0,773.17,100,122.17500000000001,1.3900000000000006,True,,5.0,0.0136986301369863,773.4666152376419,0.14594120984264322,True,,0.6566689281942623,,121.46680936837151,894.5097233757256
2026-09-04,2026-09-09,call,900.0,0.0,0.01,0.0,0.0,0.0,773.17,100,0.005,0.01,True,,5.0,0.0136986301369863,773.4666152376419,0.15151225489209863,True,,0.39303588619288804,,0.0,773.042914007354
2026-09-04,2026-09-09,put,900.0,125.22,129.06,0.0,0.0,0.0,773.17,100,127.14,3.8400000000000034,True,,5.0,0.0136986301369863,773.4666152376419,0.15151225489209863,True,,0.671921162352002,,126.4640703928169,899.506984400171
2026-09-04,2026-09-09,call,905.0,0.0,0.01,0.0,0.0,0.0,773.17,100,0.005,0.01,True,,5.0,0.0136986301369863,773.4666152376419,0.15705243526771384,True,,0.40624442184501897,,0.0,773.042914007354
2026-09-04,2026-09-09,put,905.0,130.22,134.06,0.0,0.0,0.0,773.17,100,132.14,3.8400000000000034,True,,5.0,0.0136986301369863,773.4666152376419,0.15705243526771384,True,,0.6925313919987763,,131.46133141726227,904.5042454246163
2026-09-04,2026-09-09,call,910.0,0.0,0.01,0.0,0.0,0.0,773.17,100,0.005,0.01,True,,5.0,0.0136986301369863,773.4666152376419,0.1625620910786835,True,,0.41934574366380273,,0.0,773.042914007354
2026-09-04,2026-09-09,put,910.0,135.22,139.06,0.0,0.0,0.0,773.17,100,137.14,3.8400000000000034,True,,5.0,0.0136986301369863,773.4666152376419,0.1625620910786835,True,,0.7129489194018706,,136.45859244170765,909.5015064490617
2026-09-04,2026-09-09,call,915.0,0.0,0.01,0.0,0.0,0.0,773.17,100,0.005,0.01,True,,5.0,0.0136986301369863,773.4666152376419,0.1680415568433091,True,,0.43234253385771815,,0.0,773.042914007354
2026-09-04,2026-09-09,put,915.0,140.22,144.06,0.0,0.0,0.0,773.17,100,142.14,3.8400000000000034,True,,5.0,0.0136986301369863,773.4666152376419,0.1680415568433091,True,,0.733179935526862,,141.45585346615303,914.4987674735071
2026-09-04,2026-09-09,call,920.0,0.0,0.01,0.0,0.0,0.0,773.17,100,0.005,0.01,True,,5.0,0.0136986301369863,773.4666152376419,0.17349116161087383,True,,0.4452371766120793,,0.0,773.042914007354
2026-09-04,2026-09-09,put,920.0,145.22,149.06,0.0,0.0,0.0,773.17,100,147.14,3.8400000000000034,True,,5.0,0.0136986301369863,773.4666152376419,0.17349116161087383,True,,0.7532301889611923,,146.4531144905984,919.4960284979525
2026-09-04,2026-09-09,call,925.0,0.0,0.01,0.0,0.0,0.0,773.17,100,0.005,0.01,True,,5.0,0.0136986301369863,773.4666152376419,0.17891122908021306,True,,0.4580319071006179,,0.0,773.042914007354
2026-09-04,2026-09-09,put,925.0,150.22,154.06,0.0,0.0,0.0,773.17,100,152.14,3.8400000000000034,True,,5.0,0.0136986301369863,773.4666152376419,0.17891122908021306,True,,0.7731050604199602,,151.4503755150439,924.493289522398
2026-09-04,2026-09-09,call,930.0,0.0,0.01,0.0,0.0,0.0,773.17,100,0.005,0.01,True,,5.0,0.0136986301369863,773.4666152376419,0.18430207771508952,True,,0.4707290350028575,,0.0,773.042914007354
2026-09-04,2026-09-09,put,930.0,155.22,159.06,165.1,0.0,0.0,773.17,100,157.14,3.8400000000000034,True,,5.0,0.0136986301369863,773.4666152376419,0.18430207771508952,True,,0.792809567402533,,156.44763653948928,929.4905505468433
2026-09-04,2026-09-09,call,935.0,0.0,0.01,0.0,0.0,0.0,773.17,100,0.005,0.01,True,,5.0,0.0136986301369863,773.4666152376419,0.18966402085647474,True,,0.4833304974693656,,0.0,773.042914007354
2026-09-04,2026-09-09,put,935.0,160.22,164.06,0.0,0.0,0.0,773.17,100,162.14,3.8400000000000034,True,,5.0,0.0136986301369863,773.4666152376419,0.18966402085647474,True,,0.812348429385114,,161.44489756393466,934.4878115712887
2026-09-04,2026-09-09,call,940.0,0.0,0.01,0.0,0.0,0.0,773.17,100,0.005,0.01,True,,5.0,0.0136986301369863,773.4666152376419,0.19499736683183735,True,,0.4958383806622922,,0.0,773.042914007354
2026-09-04,2026-09-09,put,940.0,165.22,169.06,0.0,0.0,0.0,773.17,100,167.14,3.8400000000000034,True,,5.0,0.0136986301369863,773.4666152376419,0.19499736683183735,True,,0.831726079462271,,166.44215858838004,939.4850725957341
2026-09-04,2026-09-09,call,945.0,0.0,0.01,0.0,0.0,0.0,773.17,100,0.005,0.01,True,,5.0,0.0136986301369863,773.4666152376419,0.20030241906153057,True,,0.5082543237090409,,0.0,773.042914007354
2026-09-04,2026-09-09,put,945.0,170.22,174.06,180.3,0.0,0.0,773.17,100,172.14,3.8400000000000034,True,,5.0,0.0136986301369863,773.4666152376419,0.20030241906153057,True,,0.8509466946149165,,171.43941961282542,944.4823336201795
2026-09-04,2026-09-09,call,950.0,0.0,0.01,0.01,0.0,1.0,773.17,100,0.005,0.01,True,,5.0,0.0136986301369863,773.4666152376419,0.20557947616237435,True,,0.5205802637601793,,0.0,773.042914007354
2026-09-04,2026-09-09,put,950.0,175.22,179.06,185.14,0.0,0.0,773.17,100,177.14,3.8400000000000034,True,,5.0,0.0136986301369863,773.4666152376419,0.20557947616237435,True,,0.8700142306348944,,176.4366806372708,949.4795946446249
2026-09-04,2026-09-10,call,500.0,271.35,275.03,0.0,0.0,0.0,773.17,100,273.19,3.67999999999995,True,,6.0,0.01643835616438356,773.5259519388196,-0.43635112233878764,False,below_european_lower_bound,,market_price is below the no-arbitrage lower bound.,273.34615837478344,773.0174993156305
2026-09-04,2026-09-10,put,500.0,0.0,0.01,0.0,0.0,0.0,773.17,100,0.005,0.01,True,,6.0,0.01643835616438356,773.5259519388196,-0.43635112233878764,True,,0.9789740140632988,,0.0,499.6713409408471
2026-09-04,2026-09-10,call,505.0,266.39,270.01,0.0,0.0,0.0,773.17,100,268.2,3.6200000000000045,True,,6.0,0.01643835616438356,773.5259519388196,-0.4264007914856196,False,below_european_lower_bound,,market_price is below the no-arbitrage lower bound.,268.34944496537497,773.0174993156305
2026-09-04,2026-09-10,put,505.0,0.0,0.01,0.01,0.0,20.0,773.17,100,0.005,0.01,True,,6.0,0.01643835616438356,773.5259519388196,-0.4264007914856196,True,,0.9578200318400858,,0.0,504.66805435025555
2026-09-04,2026-09-10,call,510.0,261.14,265.5,0.0,0.0,0.0,773.17,100,263.32,4.360000000000014,True,,6.0,0.01643835616438356,773.5259519388196,-0.41654849504260794,False,below_european_lower_bound,,market_price is below the no-arbitrage lower bound.,263.3527315559665,773.0174993156305
2026-09-04,2026-09-10,put,510.0,0.0,0.01,0.01,0.0,8.0,773.17,100,0.005,0.01,True,,6.0,0.01643835616438356,773.5259519388196,-0.41654849504260794,True,,0.9368587215925752,,0.0,509.664767759664
2026-09-04,2026-09-10,call,515.0,256.33,260.01,0.0,0.0,0.0,773.17,100,258.16999999999996,3.680000000000007,True,,6.0,0.01643835616438356,773.5259519388196,-0.40679232009724325,False,below_european_lower_bound,,market_price is below the no-arbitrage lower bound.,258.356018146558,773.0174993156305
2026-09-04,2026-09-10,put,515.0,0.0,0.01,0.01,0.0,200.0,773.17,100,0.005,0.01,True,,6.0,0.01643835616438356,773.5259519388196,-0.40679232009724325,True,,0.9160857619848849,,0.0,514.6614811690725
2026-09-04,2026-09-10,call,520.0,251.33,255.16,0.0,0.0,0.0,773.17,100,253.245,3.829999999999984,True,,6.0,0.01643835616438356,773.5259519388196,-0.3971304091855064,False,below_european_lower_bound,,market_price is below the no-arbitrage lower bound.,253.3593047371495,773.0174993156305
2026-09-04,2026-09-10,put,520.0,0.0,0.01,0.01,0.0,12.0,773.17,100,0.005,0.01,True,,6.0,0.01643835616438356,773.5259519388196,-0.3971304091855064,True,,0.8954965336579682,,0.0,519.658194578481
2026-09-04,2026-09-10,call,525.0,246.14,250.32,0.0,0.0,0.0,773.17,100,248.23,4.180000000000007,True,,6.0,0.01643835616438356,773.5259519388196,-0.38756095816935565,False,below_european_lower_bound,,market_price is below the no-arbitrage lower bound.,248.36259132774103,773.0174993156305
2026-09-04,2026-09-10,put,525.0,0.0,0.01,0.0,0.0,0.0,773.17,100,0.005,0.01,True,,6.0,0.01643835616438356,773.5259519388196,-0.38756095816935565,True,,0.8750876093454363,,0.0,524.6549079878895
2026-09-04,2026-09-10,call,530.0,241.3,245.14,0.0,0.0,0.0,773.17,100,243.22,3.839999999999975,True,,6.0,0.01643835616438356,773.5259519388196,-0.3780822142148119,False,below_european_lower_bound,,market_price is below the no-arbitrage lower bound.,243.36587791833256,773.0174993156305
2026-09-04,2026-09-10,put,530.0,0.0,0.01,0.0,0.0,0.0,773.17,100,0.005,0.01,True,,6.0,0.01643835616438356,773.5259519388196,-0.3780822142148119,True,,0.8548542206766607,,0.0,529.651621397298
2026-09-04,2026-09-10,call,535.0,236.38,240.01,0.0,0.0,0.0,773.17,100,238.195,3.6299999999999955,True,,6.0,0.01643835616438356,773.5259519388196,-0.3686924738649727,False,below_european_lower_bound,,market_price is below the no-arbitrage lower bound.,238.3691645089241,773.0174993156305
2026-09-04,2026-09-10,put,535.0,0.0,0.01,0.0,0.0,0.0,773.17,100,0.005,0.01,True,,6.0,0.01643835616438356,773.5259519388196,-0.3686924738649727,True,,0.8347930893968345,,0.0,534.6483348067064
2026-09-04,2026-09-10,call,540.0,231.4,235.0,0.0,0.0,0.0,773.17,100,233.2,3.5999999999999943,True,,6.0,0.01643835616438356,773.5259519388196,-0.3593900812026592,False,below_european_lower_bound,,market_price is below the no-arbitrage lower bound.,233.37245109951562,773.0174993156305
2026-09-04,2026-09-10,put,540.0,0.0,0.01,0.01,0.0,10.0,773.17,100,0.005,0.01,True,,6.0,0.01643835616438356,773.5259519388196,-0.3593900812026592,True,,0.8149000431816579,,0.0,539.6450482161149
2026-09-04,2026-09-10,call,545.0,227.48,228.83,0.0,0.0,0.0,773.17,100,228.155,1.3500000000000227,True,,6.0,0.01643835616438356,773.5259519388196,-0.3501734260977352,False,below_european_lower_bound,,market_price is below the no-arbitrage lower bound.,228.37573769010714,773.0174993156305
2026-09-04,2026-09-10,put,545.0,0.0,0.01,0.0,0.0,0.0,773.17,100,0.005,0.01,True,,6.0,0.01643835616438356,773.5259519388196,-0.3501734260977352,True,,0.7951713567415772,,0.0,544.6417616255234
2026-09-04,2026-09-10,call,550.0,222.48,223.83,212.17,0.0,2.0,773.17,100,223.155,1.3500000000000227,True,,6.0,0.01643835616438356,773.5259519388196,-0.34104094253446265,False,below_european_lower_bound,,market_price is below the no-arbitrage lower bound.,223.37902428069867,773.0174993156305
2026-09-04,2026-09-10,put,550.0,0.0,0.01,0.01,0.0,100.0,773.17,100,0.005,0.01,True,,6.0,0.01643835616438356,773.5259519388196,-0.34104094253446265,True,,0.7756033047870399,,0.0,549.6384750349318
2026-09-04,2026-09-10,call,555.0,217.49,218.84,0.0,0.0,0.0,773.17,100,218.16500000000002,1.3499999999999943,True,,6.0,0.01643835616438356,773.5259519388196,-0.33199110701454476,False,below_european_lower_bound,,market_price is below the no-arbitrage lower bound.,218.3823108712902,773.0174993156305
2026-09-04,2026-09-10,put,555.0,0.0,0.01,0.0,0.0,0.0,773.17,100,0.005,0.01,True,,6.0,0.01643835616438356,773.5259519388196,-0.33199110701454476,True,,0.7561924600516559,,0.0,554.6351884443403
2026-09-04,2026-09-10,call,560.0,212.49,213.84,0.0,0.0,0.0,773.17,100,213.16500000000002,1.3499999999999943,True,,6.0,0.01643835616438356,773.5259519388196,-0.32302243703178435,False,below_european_lower_bound,,market_price is below the no-arbitrage lower bound.,213.38559746188173,773.0174993156305
2026-09-04,2026-09-10,put,560.0,0.0,0.01,0.02,0.0,595.0,773.17,100,0.005,0.01,True,,6.0,0.01643835616438356,773.5259519388196,-0.32302243703178435,True,,0.736935097245872,,0.0,559.6319018537488
2026-09-04,2026-09-10,call,565.0,207.49,208.85,0.0,0.0,0.0,773.17,100,208.17000000000002,1.3599999999999852,True,,6.0,0.01643835616438356,773.5259519388196,-0.31413348961453835,False,below_european_lower_bound,,market_price is below the no-arbitrage lower bound.,208.38888405247326,773.0174993156305
2026-09-04,2026-09-10,put,565.0,0.0,0.01,0.02,0.0,683.0,773.17,100,0.005,0.01,True,,6.0,0.01643835616438356,773.5259519388196,-0.31413348961453835,True,,0.7178276400917173,,0.0,564.6286152631573
2026-09-04,2026-09-10,call,570.0,202.5,203.85,0.0,0.0,0.0,773.17,100,203.175,1.3499999999999943,True,,6.0,0.01643835616438356,773.5259519388196,-0.30532285993238345,False,below_european_lower_bound,,market_price is below the no-arbitrage lower bound.,203.3921706430648,773.0174993156305
2026-09-04,2026-09-10,put,570.0,0.0,0.01,0.02,0.0,112.0,773.17,100,0.005,0.01,True,,6.0,0.01643835616438356,773.5259519388196,-0.30532285993238345,True,,0.6988668103343846,,0.0,569.6253286725657
2026-09-04,2026-09-10,call,575.0,197.5,198.85,0.0,0.0,0.0,773.17,100,198.175,1.3499999999999943,True,,6.0,0.01643835616438356,773.5259519388196,-0.2965891799636289,False,below_european_lower_bound,,market_price is below the no-arbitrage lower bound.,198.39545723365632,773.0174993156305
2026-09-04,2026-09-10,put,575.0,0.0,0.01,0.0,0.0,0.0,773.17,100,0.005,0.01,True,,6.0,0.01643835616438356,773.5259519388196,-0.2965891799636289,True,,0.6800490316959025,,0.0,574.6220420819742
2026-09-04,2026-09-10,call,580.0,192.51,193.86,0.0,0.0,0.0,773.17,100,193.185,1.3500000000000227,True,,6.0,0.01643835616438356,773.5259519388196,-0.2879311172205143,False,below_european_lower_bound,,market_price is below the no-arbitrage lower bound.,193.39874382424784,773.0174993156305
2026-09-04,2026-09-10,put,580.0,0.0,0.01,0.03,0.0,200.0,773.17,100,0.005,0.01,True,,6.0,0.01643835616438356,773.5259519388196,-0.2879311172205143,True,,0.6613713239446282,,0.0,579.6187554913827
2026-09-04,2026-09-10,call,585.0,187.51,188.86,0.0,0.0,0.0,773.17,100,188.185,1.3500000000000227,True,,6.0,0.01643835616438356,773.5259519388196,-0.2793473735291228,False,below_european_lower_bound,,market_price is below the no-arbitrage lower bound.,188.40203041483937,773.0174993156305
2026-09-04,2026-09-10,put,585.0,0.0,0.01,0.03,0.0,584.0,773.17,100,0.005,0.01,True,,6.0,0.01643835616438356,773.5259519388196,-0.2793473735291228,True,,0.6428301108025908,,0.0,584.6154689007911
2026-09-04,2026-09-10,call,590.0,182.51,183.87,0.0,0.0,0.0,773.17,100,183.19,1.3600000000000136,True,,6.0,0.01643835616438356,773.5259519388196,-0.2708366838612142,False,below_european_lower_bound,,market_price is below the no-arbitrage lower bound.,183.4053170054309,773.0174993156305
2026-09-04,2026-09-10,put,590.0,0.0,0.01,0.02,0.0,25.0,773.17,100,0.005,0.01,True,,6.0,0.01643835616438356,773.5259519388196,-0.2708366838612142,True,,0.6244222630265654,,0.0,589.6121823101996
2026-09-04,2026-09-10,call,595.0,177.57,178.81,0.0,0.0,0.0,773.17,100,178.19,1.240000000000009,True,,6.0,0.01643835616438356,773.5259519388196,-0.26239781521534955,False,below_european_lower_bound,,market_price is below the no-arbitrage lower bound.,178.40860359602243,773.0174993156305
2026-09-04,2026-09-10,put,595.0,0.0,0.01,0.01,55.0,0.0,773.17,100,0.005,0.01,True,,6.0,0.01643835616438356,773.5259519388196,-0.26239781521534955,True,,0.6061445023617444,,0.0,594.6088957196081
2026-09-04,2026-09-10,call,600.0,172.52,173.87,166.16,0.0,1.0,773.17,100,173.195,1.3499999999999943,True,,6.0,0.01643835616438356,773.5259519388196,-0.25402956554483297,False,below_european_lower_bound,,market_price is below the no-arbitrage lower bound.,173.41189018661396,773.0174993156305
2026-09-04,2026-09-10,put,600.0,0.0,0.01,0.01,100.0,70.0,773.17,100,0.005,0.01,True,,6.0,0.01643835616438356,773.5259519388196,-0.25402956554483297,True,,0.5879935505533218,,0.0,599.6056091290166
2026-09-04,2026-09-10,call,605.0,167.53,168.88,0.0,0.0,0.0,773.17,100,168.20499999999998,1.3499999999999943,True,,6.0,0.01643835616438356,773.5259519388196,-0.24573076273013786,False,below_european_lower_bound,,market_price is below the no-arbitrage lower bound.,168.4151767772055,773.0174993156305
2026-09-04,2026-09-10,put,605.0,0.0,0.01,0.02,89.0,25.0,773.17,100,0.005,0.01,True,,6.0,0.01643835616438356,773.5259519388196,-0.24573076273013786,True,,0.5699662783580719,,0.0,604.602322538425
2026-09-04,2026-09-10,call,610.0,162.53,163.88,0.0,0.0,0.0,773.17,100,163.20499999999998,1.3499999999999943,True,,6.0,0.01643835616438356,773.5259519388196,-0.2375002635936224,False,below_european_lower_bound,,market_price is below the no-arbitrage lower bound.,163.41846336779702,773.0174993156305
2026-09-04,2026-09-10,put,610.0,0.0,0.01,0.01,40.0,0.0,773.17,100,0.005,0.01,True,,6.0,0.01643835616438356,773.5259519388196,-0.2375002635936224,True,,0.5520597055443526,,0.0,609.5990359478335
2026-09-04,2026-09-10,call,615.0,157.53,158.89,0.0,0.0,0.0,773.17,100,158.20999999999998,1.3599999999999852,True,,6.0,0.01643835616438356,773.5259519388196,-0.22933695295446146,False,below_european_lower_bound,,market_price is below the no-arbitrage lower bound.,158.42174995838855,773.0174993156305
2026-09-04,2026-09-10,put,615.0,0.0,0.01,0.01,1.0,34.0,773.17,100,0.005,0.01,True,,6.0,0.01643835616438356,773.5259519388196,-0.22933695295446146,True,,0.534270404845774,,0.0,614.595749357242
2026-09-04,2026-09-10,call,620.0,152.54,153.89,0.0,0.0,0.0,773.17,100,153.21499999999997,1.3499999999999943,True,,6.0,0.01643835616438356,773.5259519388196,-0.2212397427218421,False,below_european_lower_bound,,market_price is below the no-arbitrage lower bound.,153.42503654898007,773.0174993156305
2026-09-04,2026-09-10,put,620.0,0.0,0.01,0.01,190.0,25.0,773.17,100,0.005,0.01,True,,6.0,0.01643835616438356,773.5259519388196,-0.2212397427218421,True,,0.5165952470191123,,0.0,619.5924627666504
2026-09-04,2026-09-10,call,625.0,147.54,148.9,0.0,0.0,0.0,773.17,100,148.22,1.3600000000000136,True,,6.0,0.01643835616438356,773.5259519388196,-0.21320757102457782,False,below_european_lower_bound,,market_price is below the no-arbitrage lower bound.,148.4283231395716,773.0174993156305
2026-09-04,2026-09-10,put,625.0,0.01,0.02,0.04,0.0,50.0,773.17,100,0.015,0.01,True,,6.0,0.01643835616438356,773.5259519388196,-0.21320757102457782,True,,0.5436331378274486,,0.0,624.5891761760589
2026-09-04,2026-09-10,call,630.0,142.55,143.9,0.0,0.0,0.0,773.17,100,143.22500000000002,1.3499999999999943,True,,6.0,0.01643835616438356,773.5259519388196,-0.20523940137540098,False,below_european_lower_bound,,market_price is below the no-arbitrage lower bound.,143.43160973016313,773.0174993156305
2026-09-04,2026-09-10,put,630.0,0.01,0.02,0.03,0.0,24.0,773.17,100,0.015,0.01,True,,6.0,0.01643835616438356,773.5259519388196,-0.20523940137540098,True,,0.5248117829109951,,0.0,629.5858895854674
2026-09-04,2026-09-10,call,635.0,137.55,138.9,0.0,0.0,0.0,773.17,100,138.22500000000002,1.3499999999999943,True,,6.0,0.01643835616438356,773.5259519388196,-0.1973342218682877,False,below_european_lower_bound,,market_price is below the no-arbitrage lower bound.,138.43489632075466,773.0174993156305
2026-09-04,2026-09-10,put,635.0,0.01,0.02,0.03,0.0,27.0,773.17,100,0.015,0.01,True,,6.0,0.01643835616438356,773.5259519388196,-0.1973342218682877,True,,0.5060987221618591,,0.0,634.5826029948759
2026-09-04,2026-09-10,call,640.0,132.56,133.91,0.0,0.0,0.0,773.17,100,133.235,1.3499999999999943,True,,6.0,0.01643835616438356,773.5259519388196,-0.1894910444072618,False,below_european_lower_bound,,market_price is below the no-arbitrage lower bound.,133.4381829113462,773.0174993156305
2026-09-04,2026-09-10,put,640.0,0.01,0.02,0.02,1.0,55.0,773.17,100,0.015,0.01,True,,6.0,0.01643835616438356,773.5259519388196,-0.1894910444072618,True,,0.4874903420491741,,0.0,639.5793164042843
2026-09-04,2026-09-10,call,645.0,127.56,128.91,0.0,0.0,0.0,773.17,100,128.235,1.3499999999999943,True,,6.0,0.01643835616438356,773.5259519388196,-0.18170890396520686,False,below_european_lower_bound,,market_price is below the no-arbitrage lower bound.,128.44146950193783,773.0174993156305
2026-09-04,2026-09-10,put,645.0,0.01,0.02,0.03,0.0,64.0,773.17,100,0.015,0.01,True,,6.0,0.01643835616438356,773.5259519388196,-0.18170890396520686,True,,0.46898284277759494,,0.0,644.5760298136927
2026-09-04,2026-09-10,call,650.0,122.57,123.92,0.0,0.0,0.0,773.17,100,123.245,1.3500000000000085,True,,6.0,0.01643835616438356,773.5259519388196,-0.17398685787129656,False,below_european_lower_bound,,market_price is below the no-arbitrage lower bound.,123.44475609252936,773.0174993156305
2026-09-04,2026-09-10,put,650.0,0.01,0.02,0.02,4.0,17.0,773.17,100,0.015,0.01,True,,6.0,0.01643835616438356,773.5259519388196,-0.17398685787129656,True,,0.45057231279309096,,0.0,649.5727432231012
2026-09-04,2026-09-10,call,655.0,117.57,118.92,0.0,0.0,0.0,773.17,100,118.245,1.3500000000000085,True,,6.0,0.01643835616438356,773.5259519388196,-0.16632398512572744,False,below_european_lower_bound,,market_price is below the no-arbitrage lower bound.,118.44804268312089,773.0174993156305
2026-09-04,2026-09-10,put,655.0,0.01,0.02,0.0,0.0,0.0,773.17,100,0.015,0.01,True,,6.0,0.01643835616438356,773.5259519388196,-0.16632398512572744,True,,0.4322548405416311,,0.0,654.5694566325096
2026-09-04,2026-09-10,call,660.0,112.58,113.93,0.0,0.0,0.0,773.17,100,113.255,1.3500000000000085,True,,6.0,0.01643835616438356,773.5259519388196,-0.15871938574050812,False,below_european_lower_bound,,market_price is below the no-arbitrage lower bound.,113.45132927371242,773.0174993156305
2026-09-04,2026-09-10,put,660.0,0.01,0.02,0.01,2.0,1.0,773.17,100,0.015,0.01,True,,6.0,0.01643835616438356,773.5259519388196,-0.15871938574050812,True,,0.41402629095181076,,0.0,659.5661700419181
2026-09-04,2026-09-10,call,665.0,107.58,108.93,108.43,6.0,6.0,773.17,100,108.255,1.3500000000000085,True,,6.0,0.01643835616438356,773.5259519388196,-0.15117218010512523,False,below_european_lower_bound,,market_price is below the no-arbitrage lower bound.,108.45461586430395,773.0174993156305
2026-09-04,2026-09-10,put,665.0,0.01,0.02,0.02,2.0,6.0,773.17,100,0.015,0.01,True,,6.0,0.01643835616438356,773.5259519388196,-0.15117218010512523,True,,0.39588241719353945,,0.0,664.5628834513266
2026-09-04,2026-09-10,call,670.0,102.59,103.94,0.0,0.0,0.0,773.17,100,103.265,1.3499999999999943,True,,6.0,0.01643835616438356,773.5259519388196,-0.14368150837596763,False,below_european_lower_bound,,market_price is below the no-arbitrage lower bound.,103.45790245489547,773.0174993156305
2026-09-04,2026-09-10,put,670.0,0.01,0.02,0.01,3.0,11.0,773.17,100,0.015,0.01,True,,6.0,0.01643835616438356,773.5259519388196,-0.14368150837596763,True,,0.37781874891935285,,0.0,669.559596860735
2026-09-04,2026-09-10,call,675.0,97.59,98.94,0.0,0.0,0.0,773.17,100,98.265,1.3499999999999943,True,,6.0,0.01643835616438356,773.5259519388196,-0.13624652988844954,False,below_european_lower_bound,,market_price is below the no-arbitrage lower bound.,98.461189045487,773.0174993156305
2026-09-04,2026-09-10,put,675.0,0.02,0.03,0.02,2.0,6.0,773.17,100,0.025,0.009999999999999998,True,,6.0,0.01643835616438356,773.5259519388196,-0.13624652988844954,True,,0.37709324877882755,,0.0,674.5563102701435
2026-09-04,2026-09-10,call,680.0,92.6,93.95,86.31,0.0,2.0,773.17,100,93.275,1.3500000000000085,True,,6.0,0.01643835616438356,773.5259519388196,-0.12886642259082698,False,below_european_lower_bound,,market_price is below the no-arbitrage lower bound.,93.46447563607853,773.0174993156305
2026-09-04,2026-09-10,put,680.0,0.02,0.03,0.02,1.0,6.0,773.17,100,0.025,0.009999999999999998,True,,6.0,0.01643835616438356,773.5259519388196,-0.12886642259082698,True,,0.35844307091735295,,0.0,679.553023679552
2026-09-04,2026-09-10,call,685.0,87.6,88.95,80.75,0.0,2.0,773.17,100,88.275,1.3500000000000085,True,,6.0,0.01643835616438356,773.5259519388196,-0.12154038249875408,False,below_european_lower_bound,,market_price is below the no-arbitrage lower bound.,88.46776222667006,773.0174993156305
2026-09-04,2026-09-10,put,685.0,0.02,0.03,0.03,4.0,5.0,773.17,100,0.025,0.009999999999999998,True,,6.0,0.01643835616438356,773.5259519388196,-0.12154038249875408,True,,0.3398563719898686,,0.0,684.5497370889605
2026-09-04,2026-09-10,call,690.0,82.61,83.96,75.06,0.0,4.0,773.17,100,83.285,1.3499999999999943,True,,6.0,0.01643835616438356,773.5259519388196,-0.1142676231696743,False,below_european_lower_bound,,market_price is below the no-arbitrage lower bound.,83.47104881726159,773.0174993156305
2026-09-04,2026-09-10,put,690.0,0.02,0.03,0.02,10.0,111.0,773.17,100,0.025,0.009999999999999998,True,,6.0,0.01643835616438356,773.5259519388196,-0.1142676231696743,True,,0.32132691213637216,,0.0,689.5464504983689
2026-09-04,2026-09-10,call,695.0,77.61,78.96,70.53,0.0,2.0,773.17,100,78.285,1.3499999999999943,True,,6.0,0.01643835616438356,773.5259519388196,-0.10704737519618725,False,below_european_lower_bound,,market_price is below the no-arbitrage lower bound.,78.47433540785312,773.0174993156305
2026-09-04,2026-09-10,put,695.0,0.02,0.03,0.03,10.0,27.0,773.17,100,0.025,0.009999999999999998,True,,6.0,0.01643835616438356,773.5259519388196,-0.10704737519618725,True,,0.30284784489758254,,0.0,694.5431639077774
2026-09-04,2026-09-10,call,700.0,72.67,73.91,65.97,0.0,7.0,773.17,100,73.28999999999999,1.2399999999999949,True,,6.0,0.01643835616438356,773.5259519388196,-0.09987888571757471,False,below_european_lower_bound,,market_price is below the no-arbitrage lower bound.,73.47762199844465,773.0174993156305
2026-09-04,2026-09-10,put,700.0,0.03,0.04,0.03,73.0,172.0,773.17,100,0.035,0.010000000000000002,True,,6.0,0.01643835616438356,773.5259519388196,-0.09987888571757471,True,,0.29435805277466365,,0.0,699.5398773171859
2026-09-04,2026-09-10,call,705.0,67.63,68.98,60.36,0.0,3.0,773.17,100,68.305,1.3500000000000085,True,,6.0,0.01643835616438356,773.5259519388196,-0.09276141794871073,False,below_european_lower_bound,,market_price is below the no-arbitrage lower bound.,68.48090858903618,773.0174993156305
2026-09-04,2026-09-10,put,705.0,0.03,0.04,0.03,13.0,3.0,773.17,100,0.035,0.010000000000000002,True,,6.0,0.01643835616438356,773.5259519388196,-0.09276141794871073,True,,0.27541833299022966,,0.0,704.5365907265943
2026-09-04,2026-09-10,call,710.0,62.68,63.93,63.16,5.0,3.0,773.17,100,63.305,1.25,True,,6.0,0.01643835616438356,773.5259519388196,-0.08569425072561827,False,below_european_lower_bound,,market_price is below the no-arbitrage lower bound.,63.484195179627704,773.0174993156305
2026-09-04,2026-09-10,put,710.0,0.04,0.05,0.04,56.0,200.0,773.17,100,0.045,0.010000000000000002,True,,6.0,0.01643835616438356,773.5259519388196,-0.08569425072561827,True,,0.26366740828811863,,0.0,709.5333041360028
2026-09-04,2026-09-10,call,715.0,57.7,58.94,58.6,20.0,34.0,773.17,100,58.32,1.2399999999999949,True,,6.0,0.01643835616438356,773.5259519388196,-0.07867667806697173,False,below_european_lower_bound,,market_price is below the no-arbitrage lower bound.,58.48748177021923,773.0174993156305
2026-09-04,2026-09-10,put,715.0,0.04,0.05,0.05,68.0,283.0,773.17,100,0.045,0.010000000000000002,True,,6.0,0.01643835616438356,773.5259519388196,-0.07867667806697173,True,,0.2443217746715828,,0.0,714.5300175454113
2026-09-04,2026-09-10,call,718.0,54.65,56.0,46.38,0.0,20.0,773.17,100,55.325,1.3500000000000014,True,,6.0,0.01643835616438356,773.5259519388196,-0.07448965171275514,False,below_european_lower_bound,,market_price is below the no-arbitrage lower bound.,55.489453724574105,773.0174993156305
2026-09-04,2026-09-10,put,718.0,0.05,0.06,0.07,3.0,1.0,773.17,100,0.055,0.009999999999999995,True,,6.0,0.01643835616438356,773.5259519388196,-0.07448965171275514,True,,0.23821925804593247,,0.0,717.5280455910564
2026-09-04,2026-09-10,call,719.0,53.66,55.0,46.47,0.0,28.0,773.17,100,54.33,1.3400000000000034,True,,6.0,0.01643835616438356,773.5259519388196,-0.0730978630399326,False,below_european_lower_bound,,market_price is below the no-arbitrage lower bound.,54.49011104269243,773.0174993156305
2026-09-04,2026-09-10,put,719.0,0.05,0.06,0.09,5.0,47.0,773.17,100,0.055,0.009999999999999995,True,,6.0,0.01643835616438356,773.5259519388196,-0.0730978630399326,True,,0.23427330695615753,,0.0,718.5273882729381
2026-09-04,2026-09-10,call,720.0,52.66,54.01,45.31,0.0,10.0,773.17,100,53.334999999999994,1.3500000000000014,True,,6.0,0.01643835616438356,773.5259519388196,-0.07170800875087839,False,below_european_lower_bound,,market_price is below the no-arbitrage lower bound.,53.49076836081076,773.0174993156305
2026-09-04,2026-09-10,put,720.0,0.05,0.06,0.06,26.0,359.0,773.17,100,0.055,0.009999999999999995,True,,6.0,0.01643835616438356,773.5259519388196,-0.07170800875087839,True,,0.230326257142853,,0.0,719.5267309548198
2026-09-04,2026-09-10,call,721.0,51.66,53.01,44.92,0.0,13.0,773.17,100,52.334999999999994,1.3500000000000014,True,,6.0,0.01643835616438356,773.5259519388196,-0.07032008347603029,False,below_european_lower_bound,,market_price is below the no-arbitrage lower bound.,52.49142567892898,773.0174993156305
2026-09-04,2026-09-10,put,721.0,0.05,0.06,0.1,1000.0,0.0,773.17,100,0.055,0.009999999999999995,True,,6.0,0.01643835616438356,773.5259519388196,-0.07032008347603029,True,,0.22637795536351546,,0.0,720.5260736367015
2026-09-04,2026-09-10,call,722.0,50.71,51.95,47.05,4.0,12.0,773.17,100,51.33,1.240000000000002,True,,6.0,0.01643835616438356,773.5259519388196,-0.06893408186815311,False,below_european_lower_bound,,market_price is below the no-arbitrage lower bound.,51.492082997047305,773.0174993156305
2026-09-04,2026-09-10,put,722.0,0.05,0.06,0.08,2.0,17.0,773.17,100,0.055,0.009999999999999995,True,,6.0,0.01643835616438356,773.5259519388196,-0.06893408186815311,True,,0.22242824546444498,,0.0,721.5254163185832
2026-09-04,2026-09-10,call,723.0,49.67,51.01,43.15,0.0,9.0,773.17,100,50.34,1.3399999999999963,True,,6.0,0.01643835616438356,773.5259519388196,-0.06754999860221464,False,below_european_lower_bound,,market_price is below the no-arbitrage lower bound.,50.49274031516563,773.0174993156305
2026-09-04,2026-09-10,put,723.0,0.05,0.06,0.11,2.0,107.0,773.17,100,0.055,0.009999999999999995,True,,6.0,0.01643835616438356,773.5259519388196,-0.06754999860221464,True,,0.2184769463762576,,0.0,722.5247590004649
2026-09-04,2026-09-10,call,724.0,48.67,50.01,42.05,0.0,6.0,773.17,100,49.34,1.3399999999999963,True,,6.0,0.01643835616438356,773.5259519388196,-0.06616782837526293,False,below_european_lower_bound,,market_price is below the no-arbitrage lower bound.,49.49339763328396,773.0174993156305
2026-09-04,2026-09-10,put,724.0,0.06,0.07,0.19,0.0,123.0,773.17,100,0.065,0.010000000000000009,True,,6.0,0.01643835616438356,773.5259519388196,-0.06616782837526293,True,,0.2189734787896745,,0.0,723.5241016823466
2026-09-04,2026-09-10,call,725.0,47.67,49.02,48.42,1.0,5.0,773.17,100,48.345,1.3500000000000014,True,,6.0,0.01643835616438356,773.5259519388196,-0.06478756590630462,False,below_european_lower_bound,,market_price is below the no-arbitrage lower bound.,48.49405495140229,773.0174993156305
2026-09-04,2026-09-10,put,725.0,0.06,0.07,0.07,22.0,62.0,773.17,100,0.065,0.010000000000000009,True,,6.0,0.01643835616438356,773.5259519388196,-0.06478756590630462,True,,0.2149527328813021,,0.0,724.5234443642282
2026-09-04,2026-09-10,call,726.0,46.68,48.02,40.12,0.0,9.0,773.17,100,47.35,1.3400000000000034,True,,6.0,0.01643835616438356,773.5259519388196,-0.06340920593618328,False,below_european_lower_bound,,market_price is below the no-arbitrage lower bound.,47.494712269520505,773.0174993156305
2026-09-04,2026-09-10,put,726.0,0.06,0.07,0.51,0.0,18.0,773.17,100,0.065,0.010000000000000009,True,,6.0,0.01643835616438356,773.5259519388196,-0.06340920593618328,True,,0.2109296458393168,,0.0,725.52278704611
2026-09-04,2026-09-10,call,727.0,45.68,47.02,38.93,0.0,13.0,773.17,100,46.35,1.3400000000000034,True,,6.0,0.01643835616438356,773.5259519388196,-0.06203274322745998,False,below_european_lower_bound,,market_price is below the no-arbitrage lower bound.,46.495369587638834,773.0174993156305
2026-09-04,2026-09-10,put,727.0,0.06,0.07,0.18,0.0,13.0,773.17,100,0.065,0.010000000000000009,True,,6.0,0.01643835616438356,773.5259519388196,-0.06203274322745998,True,,0.2069040119807287,,0.0,726.5221297279917
2026-09-04,2026-09-10,call,728.0,44.73,45.96,42.19,2.0,12.0,773.17,100,45.345,1.230000000000004,True,,6.0,0.01643835616438356,773.5259519388196,-0.06065817256429335,False,below_european_lower_bound,,market_price is below the no-arbitrage lower bound.,45.49602690575716,773.0174993156305
2026-09-04,2026-09-10,put,728.0,0.06,0.07,0.1,3.0,16.0,773.17,100,0.065,0.010000000000000009,True,,6.0,0.01643835616438356,773.5259519388196,-0.06065817256429335,True,,0.20287561382701783,,0.0,727.5214724098734
2026-09-04,2026-09-10,call,729.0,43.73,44.97,41.11,2.0,16.0,773.17,100,44.349999999999994,1.240000000000002,True,,6.0,0.01643835616438356,773.5259519388196,-0.059285488752321154,False,below_european_lower_bound,,market_price is below the no-arbitrage lower bound.,44.49668422387549,773.0174993156305
2026-09-04,2026-09-10,put,729.0,0.07,0.08,0.11,31.0,89.0,773.17,100,0.07500000000000001,0.009999999999999995,True,,6.0,0.01643835616438356,773.5259519388196,-0.059285488752321154,True,,0.2025468403232043,,0.0,728.520815091755
2026-09-04,2026-09-10,call,730.0,42.74,43.97,41.18,4.0,8.0,773.17,100,43.355000000000004,1.2299999999999969,True,,6.0,0.01643835616438356,773.5259519388196,-0.05791468661854258,False,below_european_lower_bound,,market_price is below the no-arbitrage lower bound.,43.49734154199382,773.0174993156305
2026-09-04,2026-09-10,put,730.0,0.07,0.08,0.08,24.0,200.0,773.17,100,0.07500000000000001,0.009999999999999995,True,,6.0,0.01643835616438356,773.5259519388196,-0.05791468661854258,True,,0.19845266757163188,,0.0,729.5201577736367
2026-09-04,2026-09-10,call,731.0,41.69,43.03,35.14,0.0,10.0,773.17,100,42.36,1.3400000000000034,True,,6.0,0.01643835616438356,773.5259519388196,-0.05654576101120087,False,below_european_lower_bound,,market_price is below the no-arbitrage lower bound.,42.497998860112034,773.0174993156305
2026-09-04,2026-09-10,put,731.0,0.07,0.08,0.08,7.0,90.0,773.17,100,0.07500000000000001,0.009999999999999995,True,,6.0,0.01643835616438356,773.5259519388196,-0.05654576101120087,True,,0.19435478138273285,,0.0,730.5195004555185
2026-09-04,2026-09-10,call,732.0,40.75,41.98,38.28,4.0,18.0,773.17,100,41.364999999999995,1.2299999999999969,True,,6.0,0.01643835616438356,773.5259519388196,-0.05517870679966779,False,below_european_lower_bound,,market_price is below the no-arbitrage lower bound.,41.49865617823036,773.0174993156305
2026-09-04,2026-09-10,put,732.0,0.08,0.09,0.11,22.0,91.0,773.17,100,0.08499999999999999,0.009999999999999995,True,,6.0,0.01643835616438356,773.5259519388196,-0.05517870679966779,True,,0.19347054600019967,,0.0,731.5188431374002
2026-09-04,2026-09-10,call,733.0,39.75,40.98,37.05,4.0,10.0,773.17,100,40.364999999999995,1.2299999999999969,True,,6.0,0.01643835616438356,773.5259519388196,-0.05381351887432783,False,below_european_lower_bound,,market_price is below the no-arbitrage lower bound.,40.49931349634869,773.0174993156305
2026-09-04,2026-09-10,put,733.0,0.08,0.09,0.09,33.0,46.0,773.17,100,0.08499999999999999,0.009999999999999995,True,,6.0,0.01643835616438356,773.5259519388196,-0.05381351887432783,True,,0.1893098508785599,,0.0,732.5181858192818
2026-09-04,2026-09-10,call,734.0,38.71,40.04,31.71,0.0,4.0,773.17,100,39.375,1.3299999999999983,True,,6.0,0.01643835616438356,773.5259519388196,-0.05245019214646372,False,below_european_lower_bound,,market_price is below the no-arbitrage lower bound.,39.49997081446702,773.0174993156305
2026-09-04,2026-09-10,put,734.0,0.08,0.09,0.1,15.0,29.0,773.17,100,0.08499999999999999,0.009999999999999995,True,,6.0,0.01643835616438356,773.5259519388196,-0.05245019214646372,True,,0.18514433605644398,,0.0,733.5175285011635
2026-09-04,2026-09-10,call,735.0,37.71,39.05,31.32,0.0,18.0,773.17,100,38.379999999999995,1.3399999999999963,True,,6.0,0.01643835616438356,773.5259519388196,-0.05108872154814272,False,below_european_lower_bound,,market_price is below the no-arbitrage lower bound.,38.50062813258535,773.0174993156305
2026-09-04,2026-09-10,put,735.0,0.09,0.1,0.1,47.0,80.0,773.17,100,0.095,0.010000000000000009,True,,6.0,0.01643835616438356,773.5259519388196,-0.05108872154814272,True,,0.18379568080847172,,0.0,734.5168711830452
2026-09-04,2026-09-10,call,736.0,36.72,38.05,30.15,0.0,7.0,773.17,100,37.385,1.3299999999999983,True,,6.0,0.01643835616438356,773.5259519388196,-0.04972910203210314,False,below_european_lower_bound,,market_price is below the no-arbitrage lower bound.,37.50128545070356,773.0174993156305
2026-09-04,2026-09-10,put,736.0,0.09,0.1,0.1,124.0,383.0,773.17,100,0.095,0.010000000000000009,True,,6.0,0.01643835616438356,773.5259519388196,-0.04972910203210314,True,,0.17956883886159009,,0.0,735.516213864927
2026-09-04,2026-09-10,call,737.0,35.77,36.99,37.12,6.0,7.0,773.17,100,36.38,1.2199999999999989,True,,6.0,0.01643835616438356,773.5259519388196,-0.048371328571642745,False,below_european_lower_bound,,market_price is below the no-arbitrage lower bound.,36.50194276882189,773.0174993156305
2026-09-04,2026-09-10,put,737.0,0.1,0.11,0.1,35.0,225.0,773.17,100,0.10500000000000001,0.009999999999999995,True,,6.0,0.01643835616438356,773.5259519388196,-0.048371328571642745,True,,0.17787369289511692,,0.0,736.5155565468086
2026-09-04,2026-09-10,call,738.0,34.78,36.0,32.22,2.0,10.0,773.17,100,35.39,1.2199999999999989,True,,6.0,0.01643835616438356,773.5259519388196,-0.04701539616050683,False,below_european_lower_bound,,market_price is below the no-arbitrage lower bound.,35.50260008694022,773.0174993156305
2026-09-04,2026-09-10,put,738.0,0.1,0.11,0.11,157.0,700.0,773.17,100,0.10500000000000001,0.009999999999999995,True,,6.0,0.01643835616438356,773.5259519388196,-0.04701539616050683,True,,0.1735868192004593,,0.0,737.5148992286903
2026-09-04,2026-09-10,call,739.0,33.74,35.06,0.0,0.0,0.0,773.17,100,34.400000000000006,1.3200000000000003,True,,6.0,0.01643835616438356,773.5259519388196,-0.04566129981277753,False,below_european_lower_bound,,market_price is below the no-arbitrage lower bound.,34.50325740505855,773.0174993156305
2026-09-04,2026-09-10,put,739.0,0.11,0.12,0.12,99.0,128.0,773.17,100,0.11499999999999999,0.009999999999999995,True,,6.0,0.01643835616438356,773.5259519388196,-0.04566129981277753,True,,0.1715887341667487,,0.0,738.514241910572
2026-09-04,2026-09-10,call,740.0,32.8,34.01,34.45,238.0,1.0,773.17,100,33.405,1.2100000000000009,True,,6.0,0.01643835616438356,773.5259519388196,-0.044309034562763965,False,below_european_lower_bound,,market_price is below the no-arbitrage lower bound.,33.50391472317688,773.0174993156305
2026-09-04,2026-09-10,put,740.0,0.11,0.12,0.12,194.0,415.0,773.17,100,0.11499999999999999,0.009999999999999995,True,,6.0,0.01643835616438356,773.5259519388196,-0.044309034562763965,True,,0.16724226027780145,,0.0,739.5135845924536
2026-09-04,2026-09-10,call,741.0,31.81,33.02,32.89,370.0,8.0,773.17,100,32.415,1.2100000000000044,True,,6.0,0.01643835616438356,773.5259519388196,-0.04295859546489249,False,below_european_lower_bound,,market_price is below the no-arbitrage lower bound.,32.50457204129509,773.0174993156305
2026-09-04,2026-09-10,put,741.0,0.12,0.13,0.13,51.0,130.0,773.17,100,0.125,0.010000000000000009,True,,6.0,0.01643835616438356,773.5259519388196,-0.04295859546489249,True,,0.16497397747043716,,0.0,740.5129272743354
2026-09-04,2026-09-10,call,742.0,30.82,32.03,32.41,382.0,17.0,773.17,100,31.425,1.2100000000000009,True,,6.0,0.01643835616438356,773.5259519388196,-0.041609977593598906,False,below_european_lower_bound,,market_price is below the no-arbitrage lower bound.,31.50522935941342,773.0174993156305
2026-09-04,2026-09-10,put,742.0,0.13,0.14,0.13,43.0,108.0,773.17,100,0.135,0.010000000000000009,True,,6.0,0.01643835616438356,773.5259519388196,-0.041609977593598906,True,,0.1625106116887249,,0.0,741.5122699562171
2026-09-04,2026-09-10,call,743.0,29.83,31.04,31.64,404.0,14.0,773.17,100,30.435,1.2100000000000009,True,,6.0,0.01643835616438356,773.5259519388196,-0.04026317604322017,False,below_european_lower_bound,,market_price is below the no-arbitrage lower bound.,30.50588667753175,773.0174993156305
2026-09-04,2026-09-10,put,743.0,0.14,0.15,0.15,448.0,104.0,773.17,100,0.14500000000000002,0.009999999999999981,True,,6.0,0.01643835616438356,773.5259519388196,-0.04026317604322017,True,,0.15987030485739878,,0.0,742.5116126380988
2026-09-04,2026-09-10,call,744.0,28.84,30.05,30.39,442.0,34.0,773.17,100,29.445,1.2100000000000009,True,,6.0,0.01643835616438356,773.5259519388196,-0.03891818592788744,False,below_european_lower_bound,,market_price is below the no-arbitrage lower bound.,29.506543995650077,773.0174993156305
2026-09-04,2026-09-10,put,744.0,0.15,0.16,0.15,266.0,85.0,773.17,100,0.155,0.010000000000000009,True,,6.0,0.01643835616438356,773.5259519388196,-0.03891818592788744,True,,0.15706771690702814,,0.0,743.5109553199804
2026-09-04,2026-09-10,call,745.0,28.14,28.93,29.17,560.0,118.0,773.17,100,28.535,0.7899999999999991,True,,6.0,0.01643835616438356,773.5259519388196,-0.03757500238141977,True,,0.11993015400497278,,28.507201313768405,773.0174993156305
2026-09-04,2026-09-10,put,745.0,0.16,0.17,0.17,574.0,384.0,773.17,100,0.165,0.010000000000000009,True,,6.0,0.01643835616438356,773.5259519388196,-0.03757500238141977,True,,0.15411481823774212,,0.0,744.5102980018621
2026-09-04,2026-09-10,call,746.0,26.88,28.07,28.53,418.0,42.0,773.17,100,27.475,1.1900000000000013,True,,6.0,0.01643835616438356,773.5259519388196,-0.03623362055721853,False,below_european_lower_bound,,market_price is below the no-arbitrage lower bound.,27.50785863188662,773.0174993156305
2026-09-04,2026-09-10,put,746.0,0.17,0.18,0.19,695.0,54.0,773.17,100,0.175,0.009999999999999981,True,,6.0,0.01643835616438356,773.5259519388196,-0.03623362055721853,True,,0.15102143720652547,,0.0,745.5096406837439
2026-09-04,2026-09-10,call,747.0,25.89,27.08,26.69,474.0,31.0,773.17,100,26.485,1.1899999999999977,True,,6.0,0.01643835616438356,773.5259519388196,-0.03489403562816205,False,below_european_lower_bound,,market_price is below the no-arbitrage lower bound.,26.50851595000495,773.0174993156305
2026-09-04,2026-09-10,put,747.0,0.19,0.2,0.18,649.0,236.0,773.17,100,0.195,0.010000000000000009,True,,6.0,0.01643835616438356,773.5259519388196,-0.03489403562816205,True,,0.14917628325826293,,0.0,746.5089833656256
2026-09-04,2026-09-10,call,748.0,24.92,26.1,25.77,956.0,52.0,773.17,100,25.51,1.1799999999999997,True,,6.0,0.01643835616438356,773.5259519388196,-0.03355624278650209,True,,0.07830852083653765,,25.509173268123277,773.0174993156305
2026-09-04,2026-09-10,put,748.0,0.21,0.22,0.21,2461.0,262.0,773.17,100,0.215,0.010000000000000009,True,,6.0,0.01643835616438356,773.5259519388196,-0.03355624278650209,True,,0.14702444747418886,,0.0,747.5083260475072
2026-09-04,2026-09-10,call,749.0,23.94,25.12,24.82,202.0,30.0,773.17,100,24.53,1.1799999999999997,True,,6.0,0.01643835616438356,773.5259519388196,-0.03222023724375983,True,,0.1008242442558854,,24.509830586241605,773.0174993156305
2026-09-04,2026-09-10,put,749.0,0.23,0.24,0.24,2539.0,415.0,773.17,100,0.235,0.009999999999999981,True,,6.0,0.01643835616438356,773.5259519388196,-0.03222023724375983,True,,0.14460109921854128,,0.0,748.5076687293889
2026-09-04,2026-09-10,call,750.0,22.97,24.14,24.18,36.0,102.0,773.17,100,23.555,1.1700000000000017,True,,6.0,0.01643835616438356,773.5259519388196,-0.030886014230623166,True,,0.10715168677656023,,23.510487904359934,773.0174993156305
2026-09-04,2026-09-10,put,750.0,0.25,0.26,0.26,1174.0,868.0,773.17,100,0.255,0.010000000000000009,True,,6.0,0.01643835616438356,773.5259519388196,-0.030886014230623166,True,,0.1419331653682308,,0.0,749.5070114112706
2026-09-04,2026-09-10,call,751.0,22.0,23.16,23.52,176.0,23.0,773.17,100,22.58,1.1600000000000001,True,,6.0,0.01643835616438356,773.5259519388196,-0.029553568996844637,True,,0.10965261068202958,,22.51114522247815,773.0174993156305
2026-09-04,2026-09-10,put,751.0,0.28,0.29,0.28,272.0,199.0,773.17,100,0.28500000000000003,0.009999999999999953,True,,6.0,0.01643835616438356,773.5259519388196,-0.029553568996844637,True,,0.14004599020428368,,0.0,750.5063540931524
2026-09-04,2026-09-10,call,752.0,21.04,22.18,22.25,35.0,102.0,773.17,100,21.61,1.1400000000000006,True,,6.0,0.01643835616438356,773.5259519388196,-0.028222896811139535,True,,0.11133715340584481,,21.511802540596477,773.0174993156305
2026-09-04,2026-09-10,put,752.0,0.31,0.32,0.3,3724.0,477.0,773.17,100,0.315,0.010000000000000009,True,,6.0,0.01643835616438356,773.5259519388196,-0.028222896811139535,True,,0.1378123591381197,,0.0,751.505696775034
2026-09-04,2026-09-10,call,753.0,20.09,21.2,21.67,64.0,156.0,773.17,100,20.645,1.1099999999999994,True,,6.0,0.01643835616438356,773.5259519388196,-0.026893992961085758,True,,0.11239348654917877,,20.512459858714806,773.0174993156305
2026-09-04,2026-09-10,put,753.0,0.34,0.35,0.33,785.0,151.0,773.17,100,0.345,0.009999999999999953,True,,6.0,0.01643835616438356,773.5259519388196,-0.026893992961085758,True,,0.13526995748312945,,0.0,752.5050394569157
2026-09-04,2026-09-10,call,754.0,19.14,20.22,19.42,329.0,109.0,773.17,100,19.68,1.0799999999999983,True,,6.0,0.01643835616438356,773.5259519388196,-0.025566852753023242,True,,0.1123197691214681,,19.513117176833134,773.0174993156305
2026-09-04,2026-09-10,put,754.0,0.38,0.39,0.39,254.0,198.0,773.17,100,0.385,0.010000000000000009,True,,6.0,0.01643835616438356,773.5259519388196,-0.025566852753023242,True,,0.13323754293159337,,0.0,753.5043821387974
2026-09-04,2026-09-10,call,755.0,18.4,19.13,18.77,1365.0,204.0,773.17,100,18.765,0.7300000000000004,True,,6.0,0.01643835616438356,773.5259519388196,-0.02424147151195459,True,,0.11651129886388098,,18.513774494951463,773.0174993156305
2026-09-04,2026-09-10,put,755.0,0.42,0.43,0.43,838.0,1055.0,773.17,100,0.425,0.010000000000000009,True,,6.0,0.01643835616438356,773.5259519388196,-0.02424147151195459,True,,0.1308374670327374,,0.0,754.503724820679
2026-09-04,2026-09-10,call,756.0,17.45,18.16,17.91,192.0,230.0,773.17,100,17.805,0.7100000000000009,True,,6.0,0.01643835616438356,773.5259519388196,-0.022917844581446387,True,,0.11492810120993806,,17.514431813069677,773.0174993156305
2026-09-04,2026-09-10,put,756.0,0.47,0.48,0.49,588.0,543.0,773.17,100,0.475,0.010000000000000009,True,,6.0,0.01643835616438356,773.5259519388196,-0.022917844581446387,True,,0.12877936895011302,,0.0,755.5030675025608
2026-09-04,2026-09-10,call,757.0,16.53,17.2,17.56,260.0,340.0,773.17,100,16.865000000000002,0.6699999999999982,True,,6.0,0.01643835616438356,773.5259519388196,-0.021595967323530585,True,,0.11439505521831733,,16.515089131188006,773.0174993156305
2026-09-04,2026-09-10,put,757.0,0.53,0.54,0.54,298.0,362.0,773.17,100,0.535,0.010000000000000009,True,,6.0,0.01643835616438356,773.5259519388196,-0.021595967323530585,True,,0.12694269823852675,,0.0,756.5024101844425
2026-09-04,2026-09-10,call,758.0,15.58,16.24,16.92,293.0,266.0,773.17,100,15.91,0.6599999999999984,True,,6.0,0.01643835616438356,773.5259519388196,-0.02027583511860768,True,,0.11212856579530527,,15.515746449306334,773.0174993156305
2026-09-04,2026-09-10,put,758.0,0.59,0.6,0.59,657.0,239.0,773.17,100,0.595,0.010000000000000009,True,,6.0,0.01643835616438356,773.5259519388196,-0.02027583511860768,True,,0.12465740225152158,,0.0,757.5017528663242
2026-09-04,2026-09-10,call,759.0,14.67,15.3,15.47,556.0,193.0,773.17,100,14.985,0.6300000000000008,True,,6.0,0.01643835616438356,773.5259519388196,-0.01895744336534939,True,,0.11133085312276403,,14.516403767424663,773.0174993156305
2026-09-04,2026-09-10,put,759.0,0.66,0.68,0.68,318.0,343.0,773.17,100,0.67,0.020000000000000018,True,,6.0,0.01643835616438356,773.5259519388196,-0.01895744336534939,True,,0.1227618292270066,,0.0,758.5010955482059
2026-09-04,2026-09-10,call,760.0,13.76,14.36,14.05,372.0,668.0,773.17,100,14.059999999999999,0.5999999999999996,True,,6.0,0.01643835616438356,773.5259519388196,-0.01764078748060253,True,,0.1098451003050702,,13.517061085542991,773.0174993156305
2026-09-04,2026-09-10,put,760.0,0.75,0.76,0.75,3064.0,1050.0,773.17,100,0.755,0.010000000000000009,True,,6.0,0.01643835616438356,773.5259519388196,-0.01764078748060253,True,,0.12087444289344945,,0.0,759.5004382300875
2026-09-04,2026-09-10,call,761.0,12.95,13.29,13.11,1367.0,655.0,773.17,100,13.12,0.33999999999999986,True,,6.0,0.01643835616438356,773.5259519388196,-0.01632586289929355,True,,0.10700110599797165,,12.517718403661206,773.0174993156305
2026-09-04,2026-09-10,put,761.0,0.84,0.86,0.85,586.0,831.0,773.17,100,0.85,0.020000000000000018,True,,6.0,0.01643835616438356,773.5259519388196,-0.01632586289929355,True,,0.1189359887195063,,0.0,760.4997809119693
2026-09-04,2026-09-10,call,762.0,12.05,12.41,12.22,981.0,266.0,773.17,100,12.23,0.35999999999999943,True,,6.0,0.01643835616438356,773.5259519388196,-0.01501266507433309,True,,0.10612549432184003,,11.518375721779535,773.0174993156305
2026-09-04,2026-09-10,put,762.0,0.95,0.96,0.94,623.0,352.0,773.17,100,0.955,0.010000000000000009,True,,6.0,0.01643835616438356,773.5259519388196,-0.01501266507433309,True,,0.11689757182160083,,0.0,761.499123593851
2026-09-04,2026-09-10,call,763.0,11.17,11.54,11.5,2349.0,498.0,773.17,100,11.355,0.3699999999999992,True,,6.0,0.01643835616438356,773.5259519388196,-0.013701189476522336,True,,0.10515287794419084,,10.519033039897863,773.0174993156305
2026-09-04,2026-09-10,put,763.0,1.07,1.09,1.08,585.0,413.0,773.17,100,1.08,0.020000000000000018,True,,6.0,0.01643835616438356,773.5259519388196,-0.013701189476522336,True,,0.11511022809088536,,0.0,762.4984662757327
2026-09-04,2026-09-10,call,764.0,10.32,10.68,11.14,1548.0,476.0,773.17,100,10.5,0.35999999999999943,True,,6.0,0.01643835616438356,773.5259519388196,-0.012391431594458829,True,,0.104220176177473,,9.519690358016192,773.0174993156305
2026-09-04,2026-09-10,put,764.0,1.21,1.23,1.22,409.0,388.0,773.17,100,1.22,0.020000000000000018,True,,6.0,0.01643835616438356,773.5259519388196,-0.012391431594458829,True,,0.11327856658137972,,0.0,763.4978089576143
2026-09-04,2026-09-10,call,765.0,9.51,9.8,9.6,1688.0,518.0,773.17,100,9.655000000000001,0.2900000000000009,True,,6.0,0.01643835616438356,773.5259519388196,-0.01108338693444346,True,,0.10287565942219708,,8.52034767613452,773.0174993156305
2026-09-04,2026-09-10,put,765.0,1.37,1.39,1.39,1785.0,642.0,773.17,100,1.38,0.019999999999999796,True,,6.0,0.01643835616438356,773.5259519388196,-0.01108338693444346,True,,0.11151669260380918,,0.0,764.497151639496
2026-09-04,2026-09-10,call,766.0,8.7,8.98,8.78,1849.0,437.0,773.17,100,8.84,0.28000000000000114,True,,6.0,0.01643835616438356,773.5259519388196,-0.009777051020388089,True,,0.10179941113468947,,7.521004994252735,773.0174993156305
2026-09-04,2026-09-10,put,766.0,1.55,1.57,1.57,655.0,298.0,773.17,100,1.56,0.020000000000000018,True,,6.0,0.01643835616438356,773.5259519388196,-0.009777051020388089,True,,0.10974506448627953,,0.0,765.4964943213778
2026-09-04,2026-09-10,call,767.0,7.92,8.22,8.0,2450.0,660.0,773.17,100,8.07,0.3000000000000007,True,,6.0,0.01643835616438356,773.5259519388196,-0.00847241939372318,True,,0.10133251534212231,,6.521662312371063,773.0174993156305
2026-09-04,2026-09-10,put,767.0,1.76,1.78,1.78,2725.0,190.0,773.17,100,1.77,0.020000000000000018,True,,6.0,0.01643835616438356,773.5259519388196,-0.00847241939372318,True,,0.10820291419906075,,0.0,766.4958370032595
2026-09-04,2026-09-10,call,768.0,7.17,7.4,7.24,3751.0,396.0,773.17,100,7.285,0.23000000000000043,True,,6.0,0.01643835616438356,773.5259519388196,-0.007169487613307178,True,,0.09951492770067631,,5.522319630489392,773.0174993156305
2026-09-04,2026-09-10,put,768.0,1.99,2.01,2.01,1393.0,101.0,773.17,100,2.0,0.019999999999999796,True,,6.0,0.01643835616438356,773.5259519388196,-0.007169487613307178,True,,0.106496181772683,,0.0,767.4951796851411
2026-09-04,2026-09-10,call,769.0,6.44,6.69,6.62,3067.0,699.0,773.17,100,6.565,0.25,True,,6.0,0.01643835616438356,773.5259519388196,-0.005868251255335348,True,,0.09873956379720908,,4.52297694860772,773.0174993156305
2026-09-04,2026-09-10,put,769.0,2.25,2.27,2.26,1416.0,70.0,773.17,100,2.26,0.020000000000000018,True,,6.0,0.01643835616438356,773.5259519388196,-0.005868251255335348,True,,0.1048574173705762,,0.0,768.4945223670228
2026-09-04,2026-09-10,call,770.0,5.8,5.97,5.85,1357.0,661.0,773.17,100,5.885,0.16999999999999993,True,,6.0,0.01643835616438356,773.5259519388196,-0.004568705913249768,True,,0.09811932635035223,,3.5236342667260487,773.0174993156305
2026-09-04,2026-09-10,put,770.0,2.55,2.57,2.56,3244.0,1196.0,773.17,100,2.5599999999999996,0.020000000000000018,True,,6.0,0.01643835616438356,773.5259519388196,-0.004568705913249768,True,,0.10347954376373607,,0.0,769.4938650489045
2026-09-04,2026-09-10,call,771.0,5.15,5.24,5.15,880.0,385.0,773.17,100,5.195,0.08999999999999986,True,,6.0,0.01643835616438356,773.5259519388196,-0.003270847197649901,True,,0.09626985238336586,,2.5242915848442635,773.0174993156305
2026-09-04,2026-09-10,put,771.0,2.88,2.91,2.91,673.0,216.0,773.17,100,2.895,0.03000000000000025,True,,6.0,0.01643835616438356,773.5259519388196,-0.003270847197649901,True,,0.10214305739851696,,0.0,770.4932077307863
2026-09-04,2026-09-10,call,772.0,4.47,4.64,4.67,1710.0,641.0,773.17,100,4.555,0.16999999999999993,True,,6.0,0.01643835616438356,773.5259519388196,-0.001974670736203198,True,,0.09476444547019229,,1.524948902962592,773.0174993156305
2026-09-04,2026-09-10,put,772.0,3.26,3.28,3.25,3346.0,163.0,773.17,100,3.2699999999999996,0.020000000000000018,True,,6.0,0.01643835616438356,773.5259519388196,-0.001974670736203198,True,,0.10091499190246964,,0.0,771.4925504126679
2026-09-04,2026-09-10,call,773.0,3.98,4.01,4.0,2621.0,162.0,773.17,100,3.995,0.029999999999999805,True,,6.0,0.01643835616438356,773.5259519388196,-0.0006801721735573856,True,,0.09427562354725809,,0.5256062210809205,773.0174993156305
2026-09-04,2026-09-10,put,773.0,3.67,3.7,3.68,1822.0,176.0,773.17,100,3.685,0.03000000000000025,True,,6.0,0.01643835616438356,773.5259519388196,-0.0006801721735573856,True,,0.09973871833109037,,0.0,772.4918930945496
2026-09-04,2026-09-10,call,774.0,3.43,3.46,3.43,1987.0,937.0,773.17,100,3.4450000000000003,0.029999999999999805,True,,6.0,0.01643835616438356,773.5259519388196,0.0006126528287476792,True,,0.09296854326004432,,0.0,773.0174993156305
2026-09-04,2026-09-10,put,774.0,4.13,4.16,4.13,1058.0,123.0,773.17,100,4.145,0.03000000000000025,True,,6.0,0.01643835616438356,773.5259519388196,0.0006126528287476792,True,,0.09869652358810002,,0.47373646080075105,773.4912357764313
2026-09-04,2026-09-10,call,775.0,2.94,2.96,2.95,3764.0,934.0,773.17,100,2.95,0.020000000000000018,True,,6.0,0.01643835616438356,773.5259519388196,0.0019038085923675804,True,,0.09195290696759273,,0.0,773.0174993156305
2026-09-04,2026-09-10,put,775.0,4.61,4.7,4.67,704.0,272.0,773.17,100,4.655,0.08999999999999986,True,,6.0,0.01643835616438356,773.5259519388196,0.0019038085923675804,True,,0.09788523534249832,,1.4730791426824226,774.4905784583129
2026-09-04,2026-09-10,call,776.0,2.49,2.51,2.49,894.0,466.0,773.17,100,2.5,0.019999999999999574,True,,6.0,0.01643835616438356,773.5259519388196,0.0031932994222393573,True,,0.09095444265187998,,0.0,773.0174993156305
2026-09-04,2026-09-10,put,776.0,5.1,5.33,5.18,96.0,111.0,773.17,100,5.215,0.23000000000000043,True,,6.0,0.01643835616438356,773.5259519388196,0.0031932994222393573,True,,0.09729837173067038,,2.472421824564208,775.4899211401947
2026-09-04,2026-09-10,call,777.0,2.09,2.1,2.09,755.0,283.0,773.17,100,2.0949999999999998,0.010000000000000231,True,,6.0,0.01643835616438356,773.5259519388196,0.0044811296066680694,True,,0.08996672086284556,,0.0,773.0174993156305
2026-09-04,2026-09-10,put,777.0,5.7,5.94,5.84,598.0,32.0,773.17,100,5.82,0.2400000000000002,True,,6.0,0.01643835616438356,773.5259519388196,0.0044811296066680694,True,,0.09682130256613182,,3.4717645064458793,776.4892638220764
2026-09-04,2026-09-10,call,778.0,1.73,1.75,1.71,1347.0,514.0,773.17,100,1.74,0.020000000000000018,True,,6.0,0.01643835616438356,773.5259519388196,0.005767303417412253,True,,0.08914328264882183,,0.0,773.0174993156305
2026-09-04,2026-09-10,put,778.0,6.35,6.59,6.26,1334.0,34.0,773.17,100,6.47,0.2400000000000002,True,,6.0,0.01643835616438356,773.5259519388196,0.005767303417412253,True,,0.09648714123050615,,4.471107188327551,777.4886065039581
2026-09-04,2026-09-10,call,779.0,1.42,1.44,1.44,2366.0,268.0,773.17,100,1.43,0.020000000000000018,True,,6.0,0.01643835616438356,773.5259519388196,0.0070518251097689355,True,,0.0883930185015338,,0.0,773.0174993156305
2026-09-04,2026-09-10,put,779.0,7.01,7.33,7.03,2092.0,19.0,773.17,100,7.17,0.3200000000000003,True,,6.0,0.01643835616438356,773.5259519388196,0.0070518251097689355,True,,0.09650407970791536,,5.470449870209222,778.4879491858397
2026-09-04,2026-09-10,call,780.0,1.15,1.17,1.17,1538.0,777.0,773.17,100,1.16,0.020000000000000018,True,,6.0,0.01643835616438356,773.5259519388196,0.008334698922658115,True,,0.08762472346141768,,0.0,773.0174993156305
2026-09-04,2026-09-10,put,780.0,7.73,8.07,7.74,2612.0,1.0,773.17,100,7.9,0.33999999999999986,True,,6.0,0.01643835616438356,773.5259519388196,0.008334698922658115,True,,0.09636451425288613,,6.469792552090894,779.4872918677214
2026-09-04,2026-09-10,call,781.0,0.92,0.94,0.92,2783.0,881.0,773.17,100,0.9299999999999999,0.019999999999999907,True,,6.0,0.01643835616438356,773.5259519388196,0.00961592907870668,True,,0.08691582026700906,,0.0,773.0174993156305
2026-09-04,2026-09-10,put,781.0,8.49,8.79,8.34,1542.0,0.0,773.17,100,8.64,0.29999999999999893,True,,6.0,0.01643835616438356,773.5259519388196,0.00961592907870668,True,,0.09542452090420298,,7.469135233972679,780.4866345496032
2026-09-04,2026-09-10,call,782.0,0.74,0.75,0.74,1994.0,1605.0,773.17,100,0.745,0.010000000000000009,True,,6.0,0.01643835616438356,773.5259519388196,0.010895519784331816,True,,0.08660142240430252,,0.0,773.0174993156305
2026-09-04,2026-09-10,put,782.0,9.29,9.62,9.65,420.0,0.0,773.17,100,9.454999999999998,0.33000000000000007,True,,6.0,0.01643835616438356,773.5259519388196,0.010895519784331816,True,,0.09597898792283922,,8.46847791585435,781.4859772314849
2026-09-04,2026-09-10,call,783.0,0.58,0.6,0.58,1565.0,502.0,773.17,100,0.59,0.020000000000000018,True,,6.0,0.01643835616438356,773.5259519388196,0.01217347522982386,True,,0.0862883712093269,,0.0,773.0174993156305
2026-09-04,2026-09-10,put,783.0,10.12,10.48,9.66,177.0,0.0,773.17,100,10.3,0.3600000000000012,True,,6.0,0.01643835616438356,773.5259519388196,0.01217347522982386,True,,0.09672923359710128,,9.467820597736022,782.4853199133665
2026-09-04,2026-09-10,call,784.0,0.45,0.47,0.46,1270.0,409.0,773.17,100,0.45999999999999996,0.019999999999999962,True,,6.0,0.01643835616438356,773.5259519388196,0.013449799589428407,True,,0.08588440421986489,,0.0,773.0174993156305
2026-09-04,2026-09-10,put,784.0,10.89,11.54,10.69,607.0,1.0,773.17,100,11.215,0.6499999999999986,True,,6.0,0.01643835616438356,773.5259519388196,0.013449799589428407,True,,0.0996198976465685,,10.467163279617694,783.4846625952482
2026-09-04,2026-09-10,call,785.0,0.35,0.36,0.35,1628.0,277.0,773.17,100,0.355,0.010000000000000009,True,,6.0,0.01643835616438356,773.5259519388196,0.014724497021429013,True,,0.08554460919347807,,0.0,773.0174993156305
2026-09-04,2026-09-10,put,785.0,11.64,12.72,19.01,0.0,0.0,773.17,100,12.18,1.08,True,,6.0,0.01643835616438356,773.5259519388196,0.014724497021429013,True,,0.10432222491041777,,11.466505961499365,784.4840052771299
2026-09-04,2026-09-10,call,786.0,0.27,0.28,0.28,790.0,64.0,773.17,100,0.275,0.010000000000000009,True,,6.0,0.01643835616438356,773.5259519388196,0.015997571668227146,True,,0.0855387784418749,,0.0,773.0174993156305
2026-09-04,2026-09-10,put,786.0,12.6,13.75,13.36,2.0,0.0,773.17,100,13.175,1.1500000000000004,True,,6.0,0.01643835616438356,773.5259519388196,0.015997571668227146,True,,0.11022982427120379,,12.46584864338115,785.4833479590117
2026-09-04,2026-09-10,call,787.0,0.21,0.22,0.21,1371.0,246.0,773.17,100,0.215,0.010000000000000009,True,,6.0,0.01643835616438356,773.5259519388196,0.017269027656423852,True,,0.08588788060542768,,0.0,773.0174993156305
2026-09-04,2026-09-10,put,787.0,13.61,14.73,14.44,44.0,0.0,773.17,100,14.17,1.120000000000001,True,,6.0,0.01643835616438356,773.5259519388196,0.017269027656423852,True,,0.11603118049931098,,13.465191325262822,786.4826906408933
2026-09-04,2026-09-10,call,788.0,0.16,0.17,0.17,180.0,214.0,773.17,100,0.165,0.010000000000000009,True,,6.0,0.01643835616438356,773.5259519388196,0.018538869096899772,True,,0.08603893827661904,,0.0,773.0174993156305
2026-09-04,2026-09-10,put,788.0,14.59,15.76,19.26,112.0,0.0,773.17,100,15.175,1.17,True,,6.0,0.01643835616438356,773.5259519388196,0.018538869096899772,True,,0.12224086016987004,,14.464534007144493,787.482033322775
2026-09-04,2026-09-10,call,789.0,0.12,0.13,0.14,256.0,99.0,773.17,100,0.125,0.010000000000000009,True,,6.0,0.01643835616438356,773.5259519388196,0.019807100084894908,True,,0.08612319712546931,,0.0,773.0174993156305
2026-09-04,2026-09-10,put,789.0,15.53,16.82,0.0,0.0,0.0,773.17,100,16.175,1.290000000000001,True,,6.0,0.01643835616438356,773.5259519388196,0.019807100084894908,True,,0.12812908356615885,,15.463876689026165,788.4813760046567
2026-09-04,2026-09-10,call,790.0,0.09,0.1,0.12,774.0,397.0,773.17,100,0.095,0.010000000000000009,True,,6.0,0.01643835616438356,773.5259519388196,0.021073724700087865,True,,0.08638924970022827,,0.0,773.0174993156305
2026-09-04,2026-09-10,put,790.0,16.52,17.83,0.0,0.0,0.0,773.17,100,17.174999999999997,1.3099999999999987,True,,6.0,0.01643835616438356,773.5259519388196,0.021073724700087865,True,,0.13394737129663903,,16.463219370907836,789.4807186865384
2026-09-04,2026-09-10,call,791.0,0.07,0.08,0.08,593.0,88.0,773.17,100,0.07500000000000001,0.009999999999999995,True,,6.0,0.01643835616438356,773.5259519388196,0.022338747006674584,True,,0.08727611714051978,,0.0,773.0174993156305
2026-09-04,2026-09-10,put,791.0,17.56,18.78,18.5,2.0,0.0,773.17,100,18.17,1.2200000000000024,True,,6.0,0.01643835616438356,773.5259519388196,0.022338747006674584,True,,0.1394282449108508,,17.46256205278962,790.4800613684201
2026-09-04,2026-09-10,call,792.0,0.06,0.07,0.08,6578.0,110.0,773.17,100,0.065,0.010000000000000009,True,,6.0,0.01643835616438356,773.5259519388196,0.023602171053446586,True,,0.08942593676234713,,0.0,773.0174993156305
2026-09-04,2026-09-10,put,792.0,18.51,19.84,0.0,0.0,0.0,773.17,100,19.175,1.3299999999999983,True,,6.0,0.01643835616438356,773.5259519388196,0.023602171053446586,True,,0.14539398202872264,,18.461904734671293,791.4794040503018
2026-09-04,2026-09-10,call,793.0,0.05,0.06,0.06,51.0,199.0,773.17,100,0.055,0.009999999999999995,True,,6.0,0.01643835616438356,773.5259519388196,0.024864000873868735,True,,0.091195991750193,,0.0,773.0174993156305
2026-09-04,2026-09-10,put,793.0,19.5,20.85,0.0,0.0,0.0,773.17,100,20.175,1.3500000000000014,True,,6.0,0.01643835616438356,773.5259519388196,0.024864000873868735,True,,0.1510306828651066,,19.461247416552965,792.4787467321835
2026-09-04,2026-09-10,call,794.0,0.04,0.05,0.04,97.0,43.0,773.17,100,0.045,0.010000000000000002,True,,6.0,0.01643835616438356,773.5259519388196,0.02612424048615628,True,,0.09249089154480059,,0.0,773.0174993156305
2026-09-04,2026-09-10,put,794.0,20.5,21.85,0.0,0.0,0.0,773.17,100,21.175,1.3500000000000014,True,,6.0,0.01643835616438356,773.5259519388196,0.02612424048615628,True,,0.15661441185625474,,20.460590098434636,793.4780894140652
2026-09-04,2026-09-10,call,795.0,0.03,0.04,0.03,155.0,82.0,773.17,100,0.035,0.010000000000000002,True,,6.0,0.01643835616438356,773.5259519388196,0.027382893893352477,True,,0.09315046284770395,,0.0,773.0174993156305
2026-09-04,2026-09-10,put,795.0,21.49,22.86,0.0,0.0,0.0,773.17,100,22.174999999999997,1.370000000000001,True,,6.0,0.01643835616438356,773.5259519388196,0.027382893893352477,True,,0.16214824506913011,,21.459932780316308,794.4774320959468
2026-09-04,2026-09-10,call,796.0,0.03,0.04,0.02,60.0,267.0,773.17,100,0.035,0.010000000000000002,True,,6.0,0.01643835616438356,773.5259519388196,0.028639965083403614,True,,0.09685510586638772,,0.0,773.0174993156305
2026-09-04,2026-09-10,put,796.0,22.49,23.86,0.0,0.0,0.0,773.17,100,23.174999999999997,1.370000000000001,True,,6.0,0.01643835616438356,773.5259519388196,0.028639965083403614,True,,0.1676349334312878,,22.459275462198093,795.4767747778286
2026-09-04,2026-09-10,call,797.0,0.02,0.03,0.04,24.0,64.0,773.17,100,0.025,0.009999999999999998,True,,6.0,0.01643835616438356,773.5259519388196,0.02989545802923566,True,,0.09643415146548985,,0.0,773.0174993156305
2026-09-04,2026-09-10,put,797.0,23.49,24.86,0.0,0.0,0.0,773.17,100,24.174999999999997,1.370000000000001,True,,6.0,0.01643835616438356,773.5259519388196,0.02989545802923566,True,,0.17307694995170683,,23.458618144079765,796.4761174597103
2026-09-04,2026-09-10,call,798.0,0.02,0.03,0.02,9.0,124.0,773.17,100,0.025,0.009999999999999998,True,,6.0,0.01643835616438356,773.5259519388196,0.031149376688829406,True,,0.09997844336567699,,0.0,773.0174993156305
2026-09-04,2026-09-10,put,798.0,24.48,25.87,0.0,0.0,0.0,773.17,100,25.175,1.3900000000000006,True,,6.0,0.01643835616438356,773.5259519388196,0.031149376688829406,True,,0.17847652839873418,,24.457960825961436,797.475460141592
2026-09-04,2026-09-10,call,799.0,0.02,0.03,0.03,961.0,1250.0,773.17,100,0.025,0.009999999999999998,True,,6.0,0.01643835616438356,773.5259519388196,0.032401725005295326,True,,0.10350429142491455,,0.0,773.0174993156305
2026-09-04,2026-09-10,put,799.0,25.48,26.87,0.0,0.0,0.0,773.17,100,26.175,1.3900000000000006,True,,6.0,0.01643835616438356,773.5259519388196,0.032401725005295326,True,,0.18383569544084857,,25.457303507843108,798.4748028234736
2026-09-04,2026-09-10,call,800.0,0.02,0.03,0.02,1304.0,1430.0,773.17,100,0.025,0.009999999999999998,True,,6.0,0.01643835616438356,773.5259519388196,0.03365250690694798,True,,0.10701239841701929,,0.0,773.0174993156305
2026-09-04,2026-09-10,put,800.0,26.48,27.87,26.1,0.0,0.0,773.17,100,27.175,1.3900000000000006,True,,6.0,0.01643835616438356,773.5259519388196,0.03365250690694798,True,,0.189156296375389,,26.45664618972478,799.4741455053553
2026-09-04,2026-09-10,call,801.0,0.01,0.02,0.02,149.0,39.0,773.17,100,0.015,0.01,True,,6.0,0.01643835616438356,773.5259519388196,0.03490172630737992,True,,0.10436181058517366,,0.0,773.0174993156305
2026-09-04,2026-09-10,put,801.0,27.48,28.87,28.2,1.0,0.0,773.17,100,28.175,1.3900000000000006,True,,6.0,0.01643835616438356,773.5259519388196,0.03490172630737992,True,,0.19444001922811263,,27.455988871606564,800.4734881872371
2026-09-04,2026-09-10,call,802.0,0.01,0.02,0.02,86.0,122.0,773.17,100,0.015,0.01,True,,6.0,0.01643835616438356,773.5259519388196,0.03614938710553522,True,,0.10768012394287094,,0.0,773.0174993156305
2026-09-04,2026-09-10,put,802.0,28.48,29.87,0.0,0.0,0.0,773.17,100,29.175,1.3900000000000006,True,,6.0,0.01643835616438356,773.5259519388196,0.03614938710553522,True,,0.19968841191753997,,28.455331553488236,801.4728308691188
2026-09-04,2026-09-10,call,803.0,0.01,0.02,0.02,0.0,32.0,773.17,100,0.015,0.01,True,,6.0,0.01643835616438356,773.5259519388196,0.03739549318578242,True,,0.11098396188329561,,0.0,773.0174993156305
2026-09-04,2026-09-10,put,803.0,29.48,30.87,0.0,0.0,0.0,773.17,100,30.175,1.3900000000000006,True,,6.0,0.01643835616438356,773.5259519388196,0.03739549318578242,True,,0.2049028991082167,,29.454674235369907,802.4721735510004
2026-09-04,2026-09-10,call,804.0,0.01,0.02,0.02,6.0,8.0,773.17,100,0.015,0.01,True,,6.0,0.01643835616438356,773.5259519388196,0.03864004841798692,True,,0.11427378007258168,,0.0,773.0174993156305
2026-09-04,2026-09-10,put,804.0,30.48,31.87,0.0,0.0,0.0,773.17,100,31.175,1.3900000000000006,True,,6.0,0.01643835616438356,773.5259519388196,0.03864004841798692,True,,0.21008479582600542,,30.45401691725158,803.4715162328821
2026-09-04,2026-09-10,call,805.0,0.01,0.02,0.02,10.0,172.0,773.17,100,0.015,0.01,True,,6.0,0.01643835616438356,773.5259519388196,0.039883056657583946,True,,0.11755000865451043,,0.0,773.0174993156305
2026-09-04,2026-09-10,put,805.0,31.48,32.87,0.0,0.0,0.0,773.17,100,32.175,1.389999999999997,True,,6.0,0.01643835616438356,773.5259519388196,0.039883056657583946,True,,0.21523531958090275,,31.45335959913325,804.4708589147638
2026-09-04,2026-09-10,call,806.0,0.01,0.02,0.01,0.0,19.0,773.17,100,0.015,0.01,True,,6.0,0.01643835616438356,773.5259519388196,0.04112452174564889,True,,0.12081302463209481,,0.0,773.0174993156305
2026-09-04,2026-09-10,put,806.0,32.48,33.87,0.0,0.0,0.0,773.17,100,33.175,1.3900000000000006,True,,6.0,0.01643835616438356,773.5259519388196,0.04112452174564889,True,,0.22035559869174481,,32.452702281015036,805.4702015966456
2026-09-04,2026-09-10,call,807.0,0.01,0.02,0.01,0.0,10.0,773.17,100,0.015,0.01,True,,6.0,0.01643835616438356,773.5259519388196,0.042364447508969415,True,,0.124063208979976,,0.0,773.0174993156305
2026-09-04,2026-09-10,put,807.0,33.48,34.87,0.0,0.0,0.0,773.17,100,34.175,1.3900000000000006,True,,6.0,0.01643835616438356,773.5259519388196,0.042364447508969415,True,,0.22544668503134407,,33.45204496289671,806.4695442785272
2026-09-04,2026-09-10,call,808.0,0.01,0.02,0.02,0.0,82.0,773.17,100,0.015,0.01,True,,6.0,0.01643835616438356,773.5259519388196,0.04360283776011602,True,,0.1273009052841174,,0.0,773.0174993156305
2026-09-04,2026-09-10,put,808.0,34.48,35.87,0.0,0.0,0.0,773.17,100,35.175,1.3900000000000006,True,,6.0,0.01643835616438356,773.5259519388196,0.04360283776011602,True,,0.23050955780671983,,34.45138764477838,807.4688869604089
2026-09-04,2026-09-10,call,809.0,0.01,0.02,0.01,0.0,121.0,773.17,100,0.015,0.01,True,,6.0,0.01643835616438356,773.5259519388196,0.044839696297512346,True,,0.130526436220137,,0.0,773.0174993156305
2026-09-04,2026-09-10,put,809.0,35.48,36.87,0.0,0.0,0.0,773.17,100,36.175,1.3900000000000006,True,,6.0,0.01643835616438356,773.5259519388196,0.044839696297512346,True,,0.23554513232232513,,35.45073032666005,808.4682296422906
2026-09-04,2026-09-10,call,810.0,0.01,0.02,0.02,0.0,20.0,773.17,100,0.015,0.01,True,,6.0,0.01643835616438356,773.5259519388196,0.04607502690550513,True,,0.13374010528176275,,0.0,773.0174993156305
2026-09-04,2026-09-10,put,810.0,36.48,37.87,0.0,0.0,0.0,773.17,100,37.175,1.3900000000000006,True,,6.0,0.01643835616438356,773.5259519388196,0.04607502690550513,True,,0.24055426554643752,,36.45007300854172,809.4675723241722
2026-09-04,2026-09-10,call,815.0,0.01,0.02,0.0,0.0,0.0,773.17,100,0.015,0.01,True,,6.0,0.01643835616438356,773.5259519388196,0.05222889247988328,True,,0.14963998919763447,,0.0,773.0174993156305
2026-09-04,2026-09-10,put,815.0,41.48,42.87,0.0,0.0,0.0,773.17,100,42.175,1.3900000000000006,True,,6.0,0.01643835616438356,773.5259519388196,0.05222889247988328,True,,0.26522983500026864,,41.44678641795019,814.4642857335807
2026-09-04,2026-09-10,call,820.0,0.01,0.02,0.01,42.0,0.0,773.17,100,0.015,0.01,True,,6.0,0.01643835616438356,773.5259519388196,0.05834511949731947,True,,0.16528021579763394,,0.0,773.0174993156305
2026-09-04,2026-09-10,put,820.0,46.48,47.87,0.0,0.0,0.0,773.17,100,47.175,1.3900000000000006,True,,6.0,0.01643835616438356,773.5259519388196,0.05834511949731947,True,,0.28934709744832,,46.443499827358664,819.4609991429892
2026-09-04,2026-09-10,call,825.0,0.01,0.02,0.01,1.0,2.0,773.17,100,0.015,0.01,True,,6.0,0.01643835616438356,773.5259519388196,0.06442416557370155,True,,0.18068440891643353,,0.0,773.0174993156305
2026-09-04,2026-09-10,put,825.0,51.48,52.87,0.0,0.0,0.0,773.17,100,52.175,1.3900000000000006,True,,6.0,0.01643835616438356,773.5259519388196,0.06442416557370155,True,,0.3129706284679515,,51.440213236767136,824.4577125523977
2026-09-04,2026-09-10,call,830.0,0.0,0.01,0.02,1.0,0.0,773.17,100,0.005,0.01,True,,6.0,0.01643835616438356,773.5259519388196,0.07046648002966427,True,,0.17769385931578321,,0.0,773.0174993156305
2026-09-04,2026-09-10,put,830.0,56.53,57.82,56.67,2.0,0.0,773.17,100,57.175,1.2899999999999991,True,,6.0,0.01643835616438356,773.5259519388196,0.07046648002966427,True,,0.3361510206423791,,56.43692664617561,829.4544259618061
2026-09-04,2026-09-10,call,835.0,0.0,0.01,0.0,0.0,0.0,773.17,100,0.005,0.01,True,,6.0,0.01643835616438356,773.5259519388196,0.07647250408987605,True,,0.1915087576888226,,0.0,773.0174993156305
2026-09-04,2026-09-10,put,835.0,61.53,62.82,62.14,1.0,0.0,773.17,100,62.175,1.2899999999999991,True,,6.0,0.01643835616438356,773.5259519388196,0.07647250408987605,True,,0.35892893043601276,,61.43364005558408,834.4511393712146
2026-09-04,2026-09-10,call,840.0,0.0,0.01,0.02,0.0,1.0,773.17,100,0.005,0.01,True,,6.0,0.01643835616438356,773.5259519388196,0.08244267107637997,True,,0.2051605368348475,,0.0,773.0174993156305
2026-09-04,2026-09-10,put,840.0,66.53,67.82,0.0,0.0,0.0,773.17,100,67.175,1.289999999999992,True,,6.0,0.01643835616438356,773.5259519388196,0.08244267107637997,True,,0.3813377178934416,,66.43035346499255,839.4478527806231
2026-09-04,2026-09-10,call,845.0,0.0,0.01,0.0,0.0,0.0,773.17,100,0.005,0.01,True,,6.0,0.01643835616438356,773.5259519388196,0.0883774065961944,True,,0.2186580240639739,,0.0,773.0174993156305
2026-09-04,2026-09-10,put,845.0,71.48,72.87,0.0,0.0,0.0,773.17,100,72.17500000000001,1.3900000000000006,True,,6.0,0.01643835616438356,773.5259519388196,0.0883774065961944,True,,0.4034052366497055,,71.42706687440102,844.4445661900315
2026-09-04,2026-09-10,call,850.0,0.0,0.01,0.0,0.0,0.0,773.17,100,0.005,0.01,True,,6.0,0.01643835616438356,773.5259519388196,0.0942771287233828,True,,0.23200886891848027,,0.0,773.0174993156305
2026-09-04,2026-09-10,put,850.0,76.48,77.87,0.0,0.0,0.0,773.17,100,77.17500000000001,1.3900000000000006,True,,6.0,0.01643835616438356,773.5259519388196,0.0942771287233828,True,,0.42515509523512707,,76.42378028380949,849.44127959944
2026-09-04,2026-09-10,call,855.0,0.0,0.01,0.0,0.0,0.0,773.17,100,0.005,0.01,True,,6.0,0.01643835616438356,773.5259519388196,0.10014224817578098,True,,0.24521974973799576,,0.0,773.0174993156305
2026-09-04,2026-09-10,put,855.0,81.48,82.87,0.0,0.0,0.0,773.17,100,82.17500000000001,1.3900000000000006,True,,6.0,0.01643835616438356,773.5259519388196,0.10014224817578098,True,,0.44660754765735844,,81.42049369321796,854.4379930088485
2026-09-04,2026-09-10,call,860.0,0.0,0.01,0.0,0.0,0.0,773.17,100,0.005,0.01,True,,6.0,0.01643835616438356,773.5259519388196,0.10597316848657407,True,,0.2582965792230355,,0.0,773.0174993156305
2026-09-04,2026-09-10,put,860.0,86.48,87.87,0.0,0.0,0.0,773.17,100,87.17500000000001,1.3900000000000006,True,,6.0,0.01643835616438356,773.5259519388196,0.10597316848657407,True,,0.46778017961139784,,86.41720710262643,859.434706418257
2026-09-04,2026-09-10,call,865.0,0.0,0.01,0.0,0.0,0.0,773.17,100,0.005,0.01,True,,6.0,0.01643835616438356,773.5259519388196,0.11177028617090007,True,,0.2712446161726069,,0.0,773.0174993156305
2026-09-04,2026-09-10,put,865.0,91.48,92.87,0.0,0.0,0.0,773.17,100,92.17500000000001,1.3900000000000006,True,,6.0,0.01643835616438356,773.5259519388196,0.11177028617090007,True,,0.48868839516954865,,91.4139205120349,864.4314198276654
2026-09-04,2026-09-10,call,870.0,0.0,0.01,0.0,0.0,0.0,773.17,100,0.005,0.01,True,,6.0,0.01643835616438356,773.5259519388196,0.11753399088765006,True,,0.28406863145568234,,0.0,773.0174993156305
2026-09-04,2026-09-10,put,870.0,96.48,97.87,0.0,0.0,0.0,773.17,100,97.17500000000001,1.3900000000000006,True,,6.0,0.01643835616438356,773.5259519388196,0.11753399088765006,True,,0.5093458125934345,,96.41063392144338,869.4281332370739
2026-09-04,2026-09-10,call,875.0,0.0,0.01,0.0,0.0,0.0,773.17,100,0.005,0.01,True,,6.0,0.01643835616438356,773.5259519388196,0.12326466559663517,True,,0.2967729140171111,,0.0,773.0174993156305
2026-09-04,2026-09-10,put,875.0,101.48,102.87,0.0,0.0,0.0,773.17,100,102.17500000000001,1.3900000000000006,True,,6.0,0.01643835616438356,773.5259519388196,0.12326466559663517,True,,0.5297645600288576,,101.40734733085185,874.4248466464824
2026-09-04,2026-09-10,call,880.0,0.0,0.01,0.0,0.0,0.0,773.17,100,0.005,0.01,True,,6.0,0.01643835616438356,773.5259519388196,0.1289626867112728,True,,0.3093612634643912,,0.0,773.0174993156305
2026-09-04,2026-09-10,put,880.0,106.48,107.87,0.0,0.0,0.0,773.17,100,107.17500000000001,1.3900000000000006,True,,6.0,0.01643835616438356,773.5259519388196,0.1289626867112728,True,,0.5499555083363958,,106.40406074026032,879.4215600558908
2026-09-04,2026-09-10,call,885.0,0.0,0.01,0.0,0.0,0.0,773.17,100,0.005,0.01,True,,6.0,0.01643835616438356,773.5259519388196,0.13462842424695026,True,,0.32183755620190496,,0.0,773.0174993156305
2026-09-04,2026-09-10,put,885.0,111.48,112.87,0.0,0.0,0.0,773.17,100,112.17500000000001,1.3900000000000006,True,,6.0,0.01643835616438356,773.5259519388196,0.13462842424695026,True,,0.5699284713257169,,111.40077414966879,884.4182734652993
2026-09-04,2026-09-10,call,890.0,0.0,0.01,0.0,0.0,0.0,773.17,100,0.005,0.01,True,,6.0,0.01643835616438356,773.5259519388196,0.14026224196520617,True,,0.33420477246129504,,0.0,773.0174993156305
2026-09-04,2026-09-10,put,890.0,116.48,117.87,0.0,0.0,0.0,773.17,100,117.17500000000001,1.3900000000000006,True,,6.0,0.01643835616438356,773.5259519388196,0.14026224196520617,True,,0.5896923454539353,,116.39748755907726,889.4149868747078
2026-09-04,2026-09-10,call,895.0,0.0,0.01,0.0,0.0,0.0,773.17,100,0.005,0.01,True,,6.0,0.01643835616438356,773.5259519388196,0.1458644975138761,True,,0.3464662650031596,,0.0,773.0174993156305
2026-09-04,2026-09-10,put,895.0,121.48,122.87,0.0,0.0,0.0,773.17,100,122.17500000000001,1.3900000000000006,True,,6.0,0.01643835616438356,773.5259519388196,0.1458644975138761,True,,0.6092552518522774,,121.39420096848573,894.4117002841163
2026-09-04,2026-09-10,call,900.0,0.0,0.01,0.0,0.0,0.0,773.17,100,0.005,0.01,True,,6.0,0.01643835616438356,773.5259519388196,0.1514355425633314,True,,0.358624716035977,,0.0,773.0174993156305
2026-09-04,2026-09-10,put,900.0,126.48,127.87,0.0,0.0,0.0,773.17,100,127.17500000000001,1.3900000000000006,True,,6.0,0.01643835616438356,773.5259519388196,0.1514355425633314,True,,0.628624620145096,,126.3909143778942,899.4084136935247
2026-09-04,2026-09-10,call,905.0,0.0,0.01,0.01,1.0,0.0,773.17,100,0.005,0.01,True,,6.0,0.01643835616438356,773.5259519388196,0.15697572293894685,True,,0.3706828077682257,,0.0,773.0174993156305
2026-09-04,2026-09-10,put,905.0,131.48,132.87,0.0,0.0,0.0,773.17,100,132.175,1.3900000000000148,True,,6.0,0.01643835616438356,773.5259519388196,0.15697572293894685,True,,0.6478072932236398,,131.38762778730268,904.4051271029332
2026-09-04,2026-09-10,call,910.0,0.0,0.01,0.0,0.0,0.0,773.17,100,0.005,0.01,True,,6.0,0.01643835616438356,773.5259519388196,0.16248537874991636,True,,0.382643147902593,,0.0,773.0174993156305
2026-09-04,2026-09-10,put,910.0,135.22,139.06,0.0,0.0,0.0,773.17,100,137.14,3.8400000000000034,True,,6.0,0.01643835616438356,773.5259519388196,0.16248537874991636,True,,0.6617690055893719,,136.38434119671115,909.4018405123417
2026-09-04,2026-09-10,call,915.0,0.0,0.01,0.0,0.0,0.0,773.17,100,0.005,0.01,True,,6.0,0.01643835616438356,773.5259519388196,0.16796484451454205,True,,0.39450797161281104,,0.0,773.0174993156305
2026-09-04,2026-09-10,put,915.0,140.22,144.06,0.0,0.0,0.0,773.17,100,142.14,3.8400000000000034,True,,6.0,0.01643835616438356,773.5259519388196,0.16796484451454205,True,,0.6805122365272787,,141.38105460611962,914.3985539217501
2026-09-04,2026-09-10,call,920.0,0.0,0.01,0.0,0.0,0.0,773.17,100,0.005,0.01,True,,6.0,0.01643835616438356,773.5259519388196,0.17341444928210661,True,,0.4062795885784031,,0.0,773.0174993156305
2026-09-04,2026-09-10,put,920.0,145.22,149.06,0.0,0.0,0.0,773.17,100,147.14,3.8400000000000034,True,,6.0,0.01643835616438356,773.5259519388196,0.17341444928210661,True,,0.6990884790326479,,146.3777680155281,919.3952673311586
2026-09-04,2026-09-10,call,925.0,0.0,0.01,0.0,0.0,0.0,773.17,100,0.005,0.01,True,,6.0,0.01643835616438356,773.5259519388196,0.1788345167514459,True,,0.4179599359499365,,0.0,773.0174993156305
2026-09-04,2026-09-10,put,925.0,150.22,154.06,0.0,0.0,0.0,773.17,100,152.14,3.8400000000000034,True,,6.0,0.01643835616438356,773.5259519388196,0.1788345167514459,True,,0.7175027203368693,,151.37448142493656,924.3919807405671
2026-09-04,2026-09-10,call,930.0,0.0,0.01,0.0,0.0,0.0,773.17,100,0.005,0.01,True,,6.0,0.01643835616438356,773.5259519388196,0.18422536538632225,True,,0.4295511743953526,,0.0,773.0174993156305
2026-09-04,2026-09-10,put,930.0,155.22,159.06,0.0,0.0,0.0,773.17,100,157.14,3.8400000000000034,True,,6.0,0.01643835616438356,773.5259519388196,0.18422536538632225,True,,0.7357596333500269,,156.37119483434503,929.3886941499755
2026-09-04,2026-09-10,call,935.0,0.0,0.01,0.0,0.0,0.0,773.17,100,0.005,0.01,True,,6.0,0.01643835616438356,773.5259519388196,0.18958730852770772,True,,0.4410550175478459,,0.0,773.0174993156305
2026-09-04,2026-09-10,put,935.0,160.22,164.06,0.0,0.0,0.0,773.17,100,162.14,3.8400000000000034,True,,6.0,0.01643835616438356,773.5259519388196,0.18958730852770772,True,,0.7538635952873455,,161.3679082437535,934.385407559384
2026-09-04,2026-09-10,call,940.0,0.0,0.01,0.0,0.0,0.0,773.17,100,0.005,0.01,True,,6.0,0.01643835616438356,773.5259519388196,0.1949206545030702,True,,0.45247332805219304,,0.0,773.0174993156305
2026-09-04,2026-09-10,put,940.0,165.22,169.06,0.0,0.0,0.0,773.17,100,167.14,3.8400000000000034,True,,6.0,0.01643835616438356,773.5259519388196,0.1949206545030702,True,,0.7718187272503936,,166.36462165316198,939.3821209687925
2026-09-04,2026-09-10,call,945.0,0.0,0.01,0.0,0.0,0.0,773.17,100,0.005,0.01,True,,6.0,0.01643835616438356,773.5259519388196,0.20022570673276346,True,,0.46380789404737954,,0.0,773.0174993156305
2026-09-04,2026-09-10,put,945.0,170.22,174.06,0.0,0.0,0.0,773.17,100,172.14,3.8400000000000034,True,,6.0,0.01643835616438356,773.5259519388196,0.20022570673276346,True,,0.7896288988836948,,171.36133506257045,944.378834378201
2026-09-04,2026-09-10,call,950.0,0.0,0.01,0.0,0.0,0.0,773.17,100,0.005,0.01,True,,6.0,0.01643835616438356,773.5259519388196,0.20550276383360713,True,,0.4750603546608091,,0.0,773.0174993156305
2026-09-04,2026-09-10,put,950.0,175.22,179.06,0.0,0.0,0.0,773.17,100,177.14,3.8400000000000034,True,,6.0,0.01643835616438356,773.5259519388196,0.20550276383360713,True,,0.8072977795974595,,176.35804847197892,949.3755477876094
2026-09-04,2026-09-11,call,500.0,271.52,275.23,270.15,0.0,18.0,773.17,100,273.375,3.7100000000000364,True,,7.0,0.019178082191780823,773.5852931920283,-0.4364278346675545,False,below_european_lower_bound,,market_price is below the no-arbitrage lower bound.,273.3755000213581,772.9920854594448
2026-09-04,2026-09-11,put,500.0,0.0,0.01,0.01,0.0,1501.0,773.17,100,0.005,0.01,True,,7.0,0.019178082191780823,773.5852931920283,-0.4364278346675545,True,,0.9065068504504263,,0.0,499.61658543808664
2026-09-04,2026-09-11,call,505.0,266.56,270.15,0.0,0.0,0.0,773.17,100,268.355,3.589999999999975,True,,7.0,0.019178082191780823,773.5852931920283,-0.4264775038143865,False,below_european_lower_bound,,market_price is below the no-arbitrage lower bound.,268.3793341669773,772.9920854594448
2026-09-04,2026-09-11,put,505.0,0.0,0.01,0.02,0.0,38.0,773.17,100,0.005,0.01,True,,7.0,0.019178082191780823,773.5852931920283,-0.4264775038143865,True,,0.8869221091986896,,0.0,504.61275129246746
2026-09-04,2026-09-11,call,510.0,261.5,265.22,0.0,0.0,0.0,773.17,100,263.36,3.7200000000000273,True,,7.0,0.019178082191780823,773.5852931920283,-0.41662520737137493,False,below_european_lower_bound,,market_price is below the no-arbitrage lower bound.,263.3831683125964,772.9920854594448
2026-09-04,2026-09-11,put,510.0,0.0,0.01,0.01,0.0,143.0,773.17,100,0.005,0.01,True,,7.0,0.019178082191780823,773.5852931920283,-0.41662520737137493,True,,0.8675157348107695,,0.0,509.60891714684834
2026-09-04,2026-09-11,call,515.0,256.52,260.11,0.0,0.0,0.0,773.17,100,258.315,3.590000000000032,True,,7.0,0.019178082191780823,773.5852931920283,-0.40686903242601014,False,below_european_lower_bound,,market_price is below the no-arbitrage lower bound.,258.38700245821553,772.9920854594448
2026-09-04,2026-09-11,put,515.0,0.0,0.01,0.01,0.0,436.0,773.17,100,0.005,0.01,True,,7.0,0.019178082191780823,773.5852931920283,-0.40686903242601014,True,,0.8482837039739491,,0.0,514.6050830012292
2026-09-04,2026-09-11,call,520.0,251.54,255.23,248.18,0.0,3.0,773.17,100,253.385,3.6899999999999977,True,,7.0,0.019178082191780823,773.5852931920283,-0.3972071215142733,False,below_european_lower_bound,,market_price is below the no-arbitrage lower bound.,253.3908366038347,772.9920854594448
2026-09-04,2026-09-11,put,520.0,0.0,0.01,0.01,0.0,169.0,773.17,100,0.005,0.01,True,,7.0,0.019178082191780823,773.5852931920283,-0.3972071215142733,True,,0.8292219933755101,,0.0,519.60124885561
2026-09-04,2026-09-11,call,525.0,246.52,250.12,243.22,0.0,7.0,773.17,100,248.32,3.5999999999999943,True,,7.0,0.019178082191780823,773.5852931920283,-0.38763767049812264,False,below_european_lower_bound,,market_price is below the no-arbitrage lower bound.,248.39467074945378,772.9920854594448
2026-09-04,2026-09-11,put,525.0,0.0,0.01,0.02,0.0,22.0,773.17,100,0.005,0.01,True,,7.0,0.019178082191780823,773.5852931920283,-0.38763767049812264,True,,0.8103268777258995,,0.0,524.597414709991
2026-09-04,2026-09-11,call,530.0,241.36,245.47,240.16,0.0,10.0,773.17,100,243.41500000000002,4.109999999999985,True,,7.0,0.019178082191780823,773.5852931920283,-0.3781589265435788,True,,0.8644742594077885,,243.39850489507296,772.9920854594448
2026-09-04,2026-09-11,put,530.0,0.0,0.01,0.02,0.0,57.0,773.17,100,0.005,0.01,True,,7.0,0.019178082191780823,773.5852931920283,-0.3781589265435788,True,,0.7915947807471455,,0.0,529.5935805643718
2026-09-04,2026-09-11,call,535.0,236.58,240.19,231.05,0.0,2.0,773.17,100,238.385,3.609999999999985,True,,7.0,0.019178082191780823,773.5852931920283,-0.36876918619373983,False,below_european_lower_bound,,market_price is below the no-arbitrage lower bound.,238.40233904069203,772.9920854594448
2026-09-04,2026-09-11,put,535.0,0.0,0.01,0.02,0.0,314.0,773.17,100,0.005,0.01,True,,7.0,0.019178082191780823,773.5852931920283,-0.36876918619373983,True,,0.7730218281381132,,0.0,534.5897464187527
2026-09-04,2026-09-11,call,540.0,231.57,235.14,230.48,0.0,50.0,773.17,100,233.355,3.569999999999993,True,,7.0,0.019178082191780823,773.5852931920283,-0.3594667935314262,False,below_european_lower_bound,,market_price is below the no-arbitrage lower bound.,233.4061731863112,772.9920854594448
2026-09-04,2026-09-11,put,540.0,0.0,0.01,0.01,200.0,412.0,773.17,100,0.005,0.01,True,,7.0,0.019178082191780823,773.5852931920283,-0.3594667935314262,True,,0.754604592632413,,0.0,539.5859122731335
2026-09-04,2026-09-11,call,545.0,226.51,230.36,225.96,0.0,4.0,773.17,100,228.435,3.8500000000000227,True,,7.0,0.019178082191780823,773.5852931920283,-0.35025013842650227,True,,0.8326467265677454,,228.4100073319304,772.9920854594448
2026-09-04,2026-09-11,put,545.0,0.0,0.01,0.01,40.0,435.0,773.17,100,0.005,0.01,True,,7.0,0.019178082191780823,773.5852931920283,-0.35025013842650227,True,,0.7363393489404917,,0.0,544.5820781275144
2026-09-04,2026-09-11,call,550.0,221.57,225.18,0.0,0.0,0.0,773.17,100,223.375,3.6100000000000136,True,,7.0,0.019178082191780823,773.5852931920283,-0.34111765486322976,False,below_european_lower_bound,,market_price is below the no-arbitrage lower bound.,223.41384147754945,772.9920854594448
2026-09-04,2026-09-11,put,550.0,0.0,0.01,0.02,0.0,589.0,773.17,100,0.005,0.01,True,,7.0,0.019178082191780823,773.5852931920283,-0.34111765486322976,True,,0.7182231168307067,,0.0,549.5782439818953
2026-09-04,2026-09-11,call,555.0,216.46,220.33,212.66,0.0,1.0,773.17,100,218.395,3.8700000000000045,True,,7.0,0.019178082191780823,773.5852931920283,-0.33206781934331175,False,below_european_lower_bound,,market_price is below the no-arbitrage lower bound.,218.41767562316863,772.9920854594448
2026-09-04,2026-09-11,put,555.0,0.0,0.01,0.01,200.0,779.0,773.17,100,0.005,0.01,True,,7.0,0.019178082191780823,773.5852931920283,-0.33206781934331175,True,,0.7002521710135041,,0.0,554.5744098362761
2026-09-04,2026-09-11,call,560.0,211.54,215.37,0.0,0.0,0.0,773.17,100,213.45499999999998,3.8300000000000125,True,,7.0,0.019178082191780823,773.5852931920283,-0.32309914936055145,True,,0.7924153130241782,,213.4215097687877,772.9920854594448
2026-09-04,2026-09-11,put,560.0,0.0,0.01,0.01,41.0,1118.0,773.17,100,0.005,0.01,True,,7.0,0.019178082191780823,773.5852931920283,-0.32309914936055145,True,,0.6824233822456598,,0.0,559.570575690657
2026-09-04,2026-09-11,call,565.0,206.34,210.54,195.86,0.0,0.0,773.17,100,208.44,4.199999999999989,True,,7.0,0.019178082191780823,773.5852931920283,-0.3142102019433053,True,,0.7202658421044199,,208.42534391440688,772.9920854594448
2026-09-04,2026-09-11,put,565.0,0.0,0.01,0.01,65.0,141.0,773.17,100,0.005,0.01,True,,7.0,0.019178082191780823,773.5852931920283,-0.3142102019433053,True,,0.6647334722723661,,0.0,564.5667415450379
2026-09-04,2026-09-11,call,570.0,201.47,205.34,0.0,0.0,0.0,773.17,100,203.405,3.8700000000000045,True,,7.0,0.019178082191780823,773.5852931920283,-0.3053995722611505,False,below_european_lower_bound,,market_price is below the no-arbitrage lower bound.,203.42917806002595,772.9920854594448
2026-09-04,2026-09-11,put,570.0,0.01,0.02,0.01,27.0,153.0,773.17,100,0.015,0.01,True,,7.0,0.019178082191780823,773.5852931920283,-0.3053995722611505,True,,0.7027148854314685,,0.0,569.5629073994188
2026-09-04,2026-09-11,call,575.0,196.56,200.25,195.23,0.0,1.0,773.17,100,198.405,3.6899999999999977,True,,7.0,0.019178082191780823,773.5852931920283,-0.2966658922923959,False,below_european_lower_bound,,market_price is below the no-arbitrage lower bound.,198.43301220564513,772.9920854594448
2026-09-04,2026-09-11,put,575.0,0.01,0.02,0.01,192.0,266.0,773.17,100,0.015,0.01,True,,7.0,0.019178082191780823,773.5852931920283,-0.2966658922923959,True,,0.683968855869785,,0.0,574.5590732537996
2026-09-04,2026-09-11,call,580.0,191.65,195.2,0.0,0.0,0.0,773.17,100,193.425,3.549999999999983,True,,7.0,0.019178082191780823,773.5852931920283,-0.2880078295492813,False,below_european_lower_bound,,market_price is below the no-arbitrage lower bound.,193.4368463512643,772.9920854594448
2026-09-04,2026-09-11,put,580.0,0.01,0.02,0.01,34.0,18197.0,773.17,100,0.015,0.01,True,,7.0,0.019178082191780823,773.5852931920283,-0.2880078295492813,True,,0.6653593954231294,,0.0,579.5552391081804
2026-09-04,2026-09-11,call,585.0,186.57,190.41,0.0,0.0,0.0,773.17,100,188.49,3.8400000000000034,True,,7.0,0.019178082191780823,773.5852931920283,-0.27942408585788986,True,,0.7183012547790892,,188.44068049688337,772.9920854594448
2026-09-04,2026-09-11,put,585.0,0.01,0.02,0.02,0.0,89.0,773.17,100,0.015,0.01,True,,7.0,0.019178082191780823,773.5852931920283,-0.27942408585788986,True,,0.6468831513309032,,0.0,584.5514049625614
2026-09-04,2026-09-11,call,590.0,181.4,185.6,0.0,0.0,0.0,773.17,100,183.5,4.199999999999989,True,,7.0,0.019178082191780823,773.5852931920283,-0.2709133961899813,True,,0.7062201966367438,,183.44451464250255,772.9920854594448
2026-09-04,2026-09-11,put,590.0,0.01,0.02,0.02,0.0,180.0,773.17,100,0.015,0.01,True,,7.0,0.019178082191780823,773.5852931920283,-0.2709133961899813,True,,0.6285369198440909,,0.0,589.5475708169422
2026-09-04,2026-09-11,call,595.0,176.62,180.24,0.0,0.0,0.0,773.17,100,178.43,3.6200000000000045,True,,7.0,0.019178082191780823,773.5852931920283,-0.26247452754411654,False,below_european_lower_bound,,market_price is below the no-arbitrage lower bound.,178.44834878812162,772.9920854594448
2026-09-04,2026-09-11,put,595.0,0.01,0.02,0.03,0.0,191.0,773.17,100,0.015,0.01,True,,7.0,0.019178082191780823,773.5852931920283,-0.26247452754411654,True,,0.6103172736963034,,0.0,594.5437366713231
2026-09-04,2026-09-11,call,600.0,171.52,175.38,174.09,2.0,3.0,773.17,100,173.45,3.859999999999985,True,,7.0,0.019178082191780823,773.5852931920283,-0.25410627787359996,False,below_european_lower_bound,,market_price is below the no-arbitrage lower bound.,173.4521829337408,772.9920854594448
2026-09-04,2026-09-11,put,600.0,0.01,0.02,0.02,503.0,798.0,773.17,100,0.015,0.01,True,,7.0,0.019178082191780823,773.5852931920283,-0.25410627787359996,True,,0.5922209718856289,,0.0,599.539902525704
2026-09-04,2026-09-11,call,605.0,166.39,170.53,0.0,0.0,0.0,773.17,100,168.45999999999998,4.140000000000015,True,,7.0,0.019178082191780823,773.5852931920283,-0.2458074750589048,True,,0.5194249769638777,,168.45601707935998,772.9920854594448
2026-09-04,2026-09-11,put,605.0,0.01,0.02,0.02,2.0,191.0,773.17,100,0.015,0.01,True,,7.0,0.019178082191780823,773.5852931920283,-0.2458074750589048,True,,0.5742447734101563,,0.0,604.5360683800848
2026-09-04,2026-09-11,call,610.0,161.39,165.6,156.08,0.0,1.0,773.17,100,163.495,4.210000000000008,True,,7.0,0.019178082191780823,773.5852931920283,-0.23757697592238938,True,,0.5994470277910531,,163.45985122497905,772.9920854594448
2026-09-04,2026-09-11,put,610.0,0.01,0.02,0.03,0.0,83.0,773.17,100,0.015,0.01,True,,7.0,0.019178082191780823,773.5852931920283,-0.23757697592238938,True,,0.5563853627621829,,0.0,609.5322342344657
2026-09-04,2026-09-11,call,615.0,156.42,160.57,151.18,0.0,6.0,773.17,100,158.495,4.150000000000006,True,,7.0,0.019178082191780823,773.5852931920283,-0.2294136652832285,True,,0.5743407368690521,,158.46368537059823,772.9920854594448
2026-09-04,2026-09-11,put,615.0,0.01,0.02,0.02,37.0,111.0,773.17,100,0.015,0.01,True,,7.0,0.019178082191780823,773.5852931920283,-0.2294136652832285,True,,0.5386395361926929,,0.0,614.5284000888465
2026-09-04,2026-09-11,call,620.0,151.52,155.38,0.0,0.0,0.0,773.17,100,153.45,3.859999999999985,True,,7.0,0.019178082191780823,773.5852931920283,-0.22131645505060904,False,below_european_lower_bound,,market_price is below the no-arbitrage lower bound.,153.4675195162173,772.9920854594448
2026-09-04,2026-09-11,put,620.0,0.01,0.02,0.02,189.0,616.0,773.17,100,0.015,0.01,True,,7.0,0.019178082191780823,773.5852931920283,-0.22131645505060904,True,,0.5210039781939833,,0.0,619.5245659432275
2026-09-04,2026-09-11,call,625.0,146.56,150.37,141.74,0.0,5.0,773.17,100,148.465,3.8100000000000023,True,,7.0,0.019178082191780823,773.5852931920283,-0.21328428335334484,False,below_european_lower_bound,,market_price is below the no-arbitrage lower bound.,148.47135366183647,772.9920854594448
2026-09-04,2026-09-11,put,625.0,0.01,0.02,0.02,126.0,412.0,773.17,100,0.015,0.01,True,,7.0,0.019178082191780823,773.5852931920283,-0.21328428335334484,True,,0.5034754477641434,,0.0,624.5207317976083
2026-09-04,2026-09-11,call,630.0,141.52,145.4,140.35,0.0,2.0,773.17,100,143.46,3.8799999999999955,True,,7.0,0.019178082191780823,773.5852931920283,-0.20531611370416789,False,below_european_lower_bound,,market_price is below the no-arbitrage lower bound.,143.47518780745565,772.9920854594448
2026-09-04,2026-09-11,put,630.0,0.01,0.02,0.04,0.0,573.0,773.17,100,0.015,0.01,True,,7.0,0.019178082191780823,773.5852931920283,-0.20531611370416789,True,,0.48605055488967897,,0.0,629.5168976519891
2026-09-04,2026-09-11,call,635.0,136.41,140.63,132.1,0.0,8.0,773.17,100,138.51999999999998,4.219999999999999,True,,7.0,0.019178082191780823,773.5852931920283,-0.19741093419705466,True,,0.5134190278929845,,138.47902195307472,772.9920854594448
2026-09-04,2026-09-11,put,635.0,0.02,0.03,0.02,106.0,551.0,773.17,100,0.025,0.009999999999999998,True,,7.0,0.019178082191780823,773.5852931920283,-0.19741093419705466,True,,0.49013071552594,,0.0,634.51306350637
2026-09-04,2026-09-11,call,640.0,131.44,135.61,127.09,0.0,1.0,773.17,100,133.525,4.170000000000016,True,,7.0,0.019178082191780823,773.5852931920283,-0.18956775673602883,True,,0.4961505785533152,,133.4828560986939,772.9920854594448
2026-09-04,2026-09-11,put,640.0,0.02,0.03,0.02,9.0,514.0,773.17,100,0.025,0.009999999999999998,True,,7.0,0.019178082191780823,773.5852931920283,-0.18956775673602883,True,,0.472224105459325,,0.0,639.5092293607509
2026-09-04,2026-09-11,call,645.0,126.7,130.29,129.21,2.0,1.0,773.17,100,128.495,3.589999999999989,True,,7.0,0.019178082191780823,773.5852931920283,-0.1817856162939738,True,,0.4138400637270361,,128.48669024431297,772.9920854594448
2026-09-04,2026-09-11,put,645.0,0.02,0.03,0.02,106.0,813.0,773.17,100,0.025,0.009999999999999998,True,,7.0,0.019178082191780823,773.5852931920283,-0.1817856162939738,True,,0.45441204324157536,,0.0,644.5053952151318
2026-09-04,2026-09-11,call,650.0,121.67,125.42,122.63,2.0,8.0,773.17,100,123.545,3.75,True,,7.0,0.019178082191780823,773.5852931920283,-0.17406357020006355,True,,0.47120703621867865,,123.49052438993215,772.9920854594448
2026-09-04,2026-09-11,put,650.0,0.02,0.03,0.03,143.0,632.0,773.17,100,0.025,0.009999999999999998,True,,7.0,0.019178082191780823,773.5852931920283,-0.17406357020006355,True,,0.43669065457155554,,0.0,649.5015610695126
2026-09-04,2026-09-11,call,655.0,116.64,120.24,119.28,4.0,4.0,773.17,100,118.44,3.5999999999999943,True,,7.0,0.019178082191780823,773.5852931920283,-0.16640069745449446,False,below_european_lower_bound,,market_price is below the no-arbitrage lower bound.,118.49435853555133,772.9920854594448
2026-09-04,2026-09-11,put,655.0,0.02,0.03,0.03,599.0,367.0,773.17,100,0.025,0.009999999999999998,True,,7.0,0.019178082191780823,773.5852931920283,-0.16640069745449446,True,,0.4190560651481301,,0.0,654.4977269238934
2026-09-04,2026-09-11,call,660.0,111.45,115.95,114.32,4.0,5.0,773.17,100,113.7,4.5,True,,7.0,0.019178082191780823,773.5852931920283,-0.15879609806927508,True,,0.5059044296852013,,113.4981926811704,772.9920854594448
2026-09-04,2026-09-11,put,660.0,0.02,0.03,0.04,219.0,364.0,773.17,100,0.025,0.009999999999999998,True,,7.0,0.019178082191780823,773.5852931920283,-0.15879609806927508,True,,0.40150413989989475,,0.0,659.4938927782744
2026-09-04,2026-09-11,call,665.0,106.47,110.94,109.4,4.0,4.0,773.17,100,108.705,4.469999999999999,True,,7.0,0.019178082191780823,773.5852931920283,-0.15124889243389222,True,,0.48510789830786183,,108.50202682678957,772.9920854594448
2026-09-04,2026-09-11,put,665.0,0.03,0.04,0.05,2.0,584.0,773.17,100,0.035,0.010000000000000002,True,,7.0,0.019178082191780823,773.5852931920283,-0.15124889243389222,True,,0.3966694032381438,,0.0,664.4900586326552
2026-09-04,2026-09-11,call,670.0,101.49,105.97,104.4,4.0,11.0,773.17,100,103.72999999999999,4.480000000000004,True,,7.0,0.019178082191780823,773.5852931920283,-0.14375822070473454,True,,0.47028727154116706,,103.50586097240864,772.9920854594448
2026-09-04,2026-09-11,put,670.0,0.03,0.04,0.03,78.0,2875.0,773.17,100,0.035,0.010000000000000002,True,,7.0,0.019178082191780823,773.5852931920283,-0.14375822070473454,True,,0.3787842694658041,,0.0,669.4862244870361
2026-09-04,2026-09-11,call,675.0,96.47,100.98,99.41,4.0,3.0,773.17,100,98.725,4.510000000000005,True,,7.0,0.019178082191780823,773.5852931920283,-0.1363232422172165,True,,0.44652395215978,,98.50969511802782,772.9920854594448
2026-09-04,2026-09-11,put,675.0,0.03,0.04,0.04,15.0,2469.0,773.17,100,0.035,0.010000000000000002,True,,7.0,0.019178082191780823,773.5852931920283,-0.1363232422172165,True,,0.3609677182741426,,0.0,674.4823903414169
2026-09-04,2026-09-11,call,680.0,91.67,95.35,94.27,10.0,23.0,773.17,100,93.50999999999999,3.6799999999999926,True,,7.0,0.019178082191780823,773.5852931920283,-0.128943134919594,False,below_european_lower_bound,,market_price is below the no-arbitrage lower bound.,93.51352926364689,772.9920854594448
2026-09-04,2026-09-11,put,680.0,0.03,0.04,0.05,66.0,8379.0,773.17,100,0.035,0.010000000000000002,True,,7.0,0.019178082191780823,773.5852931920283,-0.128943134919594,True,,0.34321442249909795,,0.0,679.4785561957979
2026-09-04,2026-09-11,call,685.0,86.57,90.27,89.2,9.0,14.0,773.17,100,88.41999999999999,3.700000000000003,True,,7.0,0.019178082191780823,773.5852931920283,-0.121617094827521,False,below_european_lower_bound,,market_price is below the no-arbitrage lower bound.,88.51736340926607,772.9920854594448
2026-09-04,2026-09-11,put,685.0,0.04,0.05,0.05,125.0,6469.0,773.17,100,0.045,0.010000000000000002,True,,7.0,0.019178082191780823,773.5852931920283,-0.121617094827521,True,,0.3341315146422274,,0.0,684.4747220501787
2026-09-04,2026-09-11,call,690.0,81.6,85.27,84.22,33.0,21.0,773.17,100,83.435,3.6700000000000017,True,,7.0,0.019178082191780823,773.5852931920283,-0.11434433549844128,False,below_european_lower_bound,,market_price is below the no-arbitrage lower bound.,83.52119755488525,772.9920854594448
2026-09-04,2026-09-11,put,690.0,0.04,0.05,0.05,353.0,1529.0,773.17,100,0.045,0.010000000000000002,True,,7.0,0.019178082191780823,773.5852931920283,-0.11434433549844128,True,,0.3160971271439305,,0.0,689.4708879045595
2026-09-04,2026-09-11,call,691.0,80.64,84.33,0.0,0.0,0.0,773.17,100,82.485,3.6899999999999977,True,,7.0,0.019178082191780823,773.5852931920283,-0.1128961093220764,False,below_european_lower_bound,,market_price is below the no-arbitrage lower bound.,82.52196438400904,772.9920854594448
2026-09-04,2026-09-11,put,691.0,0.04,0.05,0.07,300.0,244.0,773.17,100,0.045,0.010000000000000002,True,,7.0,0.019178082191780823,773.5852931920283,-0.1128961093220764,True,,0.3124956258956908,,0.0,690.4701210754357
2026-09-04,2026-09-11,call,692.0,79.6,83.4,82.13,14.0,1.0,773.17,100,81.5,3.8000000000000114,True,,7.0,0.019178082191780823,773.5852931920283,-0.1114499774720767,False,below_european_lower_bound,,market_price is below the no-arbitrage lower bound.,81.52273121313283,772.9920854594448
2026-09-04,2026-09-11,put,692.0,0.04,0.05,0.05,2.0,164.0,773.17,100,0.045,0.010000000000000002,True,,7.0,0.019178082191780823,773.5852931920283,-0.1114499774720767,True,,0.3088957794643455,,0.0,691.4693542463119
2026-09-04,2026-09-11,call,693.0,78.52,83.0,81.17,26.0,15.0,773.17,100,80.75999999999999,4.480000000000004,True,,7.0,0.019178082191780823,773.5852931920283,-0.11000593389984312,True,,0.3756813640380875,,80.52349804225673,772.9920854594448
2026-09-04,2026-09-11,put,693.0,0.04,0.05,0.05,1627.0,265.0,773.17,100,0.045,0.010000000000000002,True,,7.0,0.019178082191780823,773.5852931920283,-0.11000593389984312,True,,0.3052975313395339,,0.0,692.468587417188
2026-09-04,2026-09-11,call,694.0,77.56,81.59,80.15,14.0,7.0,773.17,100,79.575,4.030000000000001,True,,7.0,0.019178082191780823,773.5852931920283,-0.1085639725829418,True,,0.30566967916611215,,79.52426487138052,772.9920854594448
2026-09-04,2026-09-11,put,694.0,0.05,0.06,0.06,1655.0,6834.0,773.17,100,0.055,0.009999999999999995,True,,7.0,0.019178082191780823,773.5852931920283,-0.1085639725829418,True,,0.308415064864098,,0.0,693.4678205880642
2026-09-04,2026-09-11,call,695.0,76.51,80.84,79.02,19.0,3.0,773.17,100,78.67500000000001,4.329999999999998,True,,7.0,0.019178082191780823,773.5852931920283,-0.10712408752495414,True,,0.34450321901638153,,78.52503170050431,772.9920854594448
2026-09-04,2026-09-11,put,695.0,0.05,0.06,0.05,19.0,433.0,773.17,100,0.055,0.009999999999999995,True,,7.0,0.019178082191780823,773.5852931920283,-0.10712408752495414,True,,0.3047538738659617,,0.0,694.4670537589404
2026-09-04,2026-09-11,call,696.0,75.56,79.98,78.19,16.0,2.0,773.17,100,77.77000000000001,4.420000000000002,True,,7.0,0.019178082191780823,773.5852931920283,-0.1056862727553267,True,,0.3646507257911153,,77.52579852962822,772.9920854594448
2026-09-04,2026-09-11,put,696.0,0.05,0.06,0.06,7.0,89.0,773.17,100,0.055,0.009999999999999995,True,,7.0,0.019178082191780823,773.5852931920283,-0.1056862727553267,True,,0.3010940089425002,,0.0,695.4662869298165
2026-09-04,2026-09-11,call,697.0,74.56,79.0,77.11,4.0,7.0,773.17,100,76.78,4.439999999999998,True,,7.0,0.019178082191780823,773.5852931920283,-0.10425052232922243,True,,0.3623817497129878,,76.52656535875201,772.9920854594448
2026-09-04,2026-09-11,put,697.0,0.05,0.06,0.06,78.0,314.0,773.17,100,0.055,0.009999999999999995,True,,7.0,0.019178082191780823,773.5852931920283,-0.10425052232922243,True,,0.2974354004737375,,0.0,696.4655201006927
2026-09-04,2026-09-11,call,698.0,73.59,77.52,0.0,0.0,0.0,773.17,100,75.555,3.9299999999999926,True,,7.0,0.019178082191780823,773.5852931920283,-0.1028168303273738,True,,0.27307173581609395,,75.5273321878758,772.9920854594448
2026-09-04,2026-09-11,put,698.0,0.05,0.06,0.09,3.0,91.0,773.17,100,0.055,0.009999999999999995,True,,7.0,0.019178082191780823,773.5852931920283,-0.1028168303273738,True,,0.2937779770594646,,0.0,697.464753271569
2026-09-04,2026-09-11,call,699.0,72.62,76.47,76.55,2.0,9.0,773.17,100,74.545,3.8499999999999943,True,,7.0,0.019178082191780823,773.5852931920283,-0.1013851908559361,True,,0.25702322866542693,,74.5280990169997,772.9920854594448
2026-09-04,2026-09-11,put,699.0,0.05,0.06,0.07,37.0,2569.0,773.17,100,0.055,0.009999999999999995,True,,7.0,0.019178082191780823,773.5852931920283,-0.1013851908559361,True,,0.2901216655848198,,0.0,698.463986442445
2026-09-04,2026-09-11,call,700.0,72.14,75.1,74.6,103.0,538.0,773.17,100,73.62,2.9599999999999937,True,,7.0,0.019178082191780823,773.5852931920283,-0.09995559804634165,True,,0.30407174841438284,,73.5288658461235,772.9920854594448
2026-09-04,2026-09-11,put,700.0,0.05,0.06,0.06,88.0,1804.0,773.17,100,0.055,0.009999999999999995,True,,7.0,0.019178082191780823,773.5852931920283,-0.09995559804634165,True,,0.28646639118586237,,0.0,699.4632196133213
2026-09-04,2026-09-11,call,701.0,70.61,74.59,73.15,68.0,2.0,773.17,100,72.6,3.980000000000004,True,,7.0,0.019178082191780823,773.5852931920283,-0.0985280460551562,True,,0.2909907451040909,,72.52963267524729,772.9920854594448
2026-09-04,2026-09-11,put,701.0,0.05,0.06,0.07,29.0,570.0,773.17,100,0.055,0.009999999999999995,True,,7.0,0.019178082191780823,773.5852931920283,-0.0985280460551562,True,,0.28281207715933154,,0.0,700.4624527841975
2026-09-04,2026-09-11,call,702.0,69.57,73.35,71.57,116.0,9.0,773.17,100,71.46,3.780000000000001,True,,7.0,0.019178082191780823,773.5852931920283,-0.09710252906393524,False,below_european_lower_bound,,market_price is below the no-arbitrage lower bound.,71.53039950437108,772.9920854594448
2026-09-04,2026-09-11,put,702.0,0.05,0.06,0.1,5.0,251.0,773.17,100,0.055,0.009999999999999995,True,,7.0,0.019178082191780823,773.5852931920283,-0.09710252906393524,True,,0.279158649673941,,0.0,701.4616859550737
2026-09-04,2026-09-11,call,703.0,68.56,72.48,0.0,0.0,0.0,773.17,100,70.52000000000001,3.9200000000000017,True,,7.0,0.019178082191780823,773.5852931920283,-0.09567904127908142,False,below_european_lower_bound,,market_price is below the no-arbitrage lower bound.,70.53116633349498,772.9920854594448
2026-09-04,2026-09-11,put,703.0,0.06,0.07,0.07,5.0,197.0,773.17,100,0.065,0.010000000000000009,True,,7.0,0.019178082191780823,773.5852931920283,-0.09567904127908142,True,,0.2808715958443697,,0.0,702.4609191259498
2026-09-04,2026-09-11,call,704.0,67.59,71.37,0.0,0.0,0.0,773.17,100,69.48,3.780000000000001,True,,7.0,0.019178082191780823,773.5852931920283,-0.09425757693170388,False,below_european_lower_bound,,market_price is below the no-arbitrage lower bound.,69.53193316261877,772.9920854594448
2026-09-04,2026-09-11,put,704.0,0.06,0.07,0.1,1.0,237.0,773.17,100,0.065,0.010000000000000009,True,,7.0,0.019178082191780823,773.5852931920283,-0.09425757693170388,True,,0.27716171173081183,,0.0,703.460152296826
2026-09-04,2026-09-11,call,705.0,66.6,70.59,68.5,142.0,3.0,773.17,100,68.595,3.990000000000009,True,,7.0,0.019178082191780823,773.5852931920283,-0.09283813027747771,True,,0.2720950218879456,,68.53269999174256,772.9920854594448
2026-09-04,2026-09-11,put,705.0,0.06,0.07,0.07,505.0,1239.0,773.17,100,0.065,0.010000000000000009,True,,7.0,0.019178082191780823,773.5852931920283,-0.09283813027747771,True,,0.2734523661963568,,0.0,704.4593854677022
2026-09-04,2026-09-11,call,706.0,65.58,70.0,67.68,92.0,1.0,773.17,100,67.78999999999999,4.420000000000002,True,,7.0,0.019178082191780823,773.5852931920283,-0.09142069559650425,True,,0.32444679888562805,,67.53346682086647,772.9920854594448
2026-09-04,2026-09-11,put,706.0,0.06,0.07,0.08,157.0,264.0,773.17,100,0.065,0.010000000000000009,True,,7.0,0.019178082191780823,773.5852931920283,-0.09142069559650425,True,,0.2697434678604928,,0.0,705.4586186385783
2026-09-04,2026-09-11,call,707.0,64.6,68.84,67.07,114.0,2.0,773.17,100,66.72,4.240000000000009,True,,7.0,0.019178082191780823,773.5852931920283,-0.09000526719317353,True,,0.3051184248581546,,66.53423364999026,772.9920854594448
2026-09-04,2026-09-11,put,707.0,0.06,0.07,0.11,10.0,277.0,773.17,100,0.065,0.010000000000000009,True,,7.0,0.019178082191780823,773.5852931920283,-0.09000526719317353,True,,0.26603492758330544,,0.0,706.4578518094545
2026-09-04,2026-09-11,call,708.0,63.54,67.94,65.89,113.0,1.0,773.17,100,65.74,4.399999999999999,True,,7.0,0.019178082191780823,773.5852931920283,-0.0885918393960266,True,,0.30534598564172993,,65.53500047911405,772.9920854594448
2026-09-04,2026-09-11,put,708.0,0.06,0.07,0.09,4.0,465.0,773.17,100,0.065,0.010000000000000009,True,,7.0,0.019178082191780823,773.5852931920283,-0.0885918393960266,True,,0.2623266366233584,,0.0,707.4570849803307
2026-09-04,2026-09-11,call,709.0,62.57,66.64,65.21,128.0,40.0,773.17,100,64.605,4.07,True,,7.0,0.019178082191780823,773.5852931920283,-0.08718040655761883,True,,0.2605777666467704,,64.53576730823795,772.9920854594448
2026-09-04,2026-09-11,put,709.0,0.06,0.07,0.11,1.0,2025.0,773.17,100,0.065,0.010000000000000009,True,,7.0,0.019178082191780823,773.5852931920283,-0.08718040655761883,True,,0.258618508358145,,0.0,708.4563181512068
2026-09-04,2026-09-11,call,710.0,61.59,65.36,63.58,120.0,14.0,773.17,100,63.475,3.769999999999996,True,,7.0,0.019178082191780823,773.5852931920283,-0.08577096305438518,False,below_european_lower_bound,,market_price is below the no-arbitrage lower bound.,63.53653413736174,772.9920854594448
2026-09-04,2026-09-11,put,710.0,0.07,0.08,0.07,269.0,1420.0,773.17,100,0.07500000000000001,0.009999999999999995,True,,7.0,0.019178082191780823,773.5852931920283,-0.08577096305438518,True,,0.2593562480932083,,0.0,709.455551322083
2026-09-04,2026-09-11,call,711.0,60.61,64.88,63.25,72.0,1.0,773.17,100,62.745,4.269999999999996,True,,7.0,0.019178082191780823,773.5852931920283,-0.08436350328650549,True,,0.29336774800834126,,62.53730096648553,772.9920854594448
2026-09-04,2026-09-11,put,711.0,0.07,0.08,0.1,19.0,820.0,773.17,100,0.07500000000000001,0.009999999999999995,True,,7.0,0.019178082191780823,773.5852931920283,-0.08436350328650549,True,,0.25559595004928987,,0.0,710.4547844929592
2026-09-04,2026-09-11,call,712.0,59.6,63.86,62.22,94.0,2.0,773.17,100,61.730000000000004,4.259999999999998,True,,7.0,0.019178082191780823,773.5852931920283,-0.08295802167777057,True,,0.285801663809385,,61.538067795609436,772.9920854594448
2026-09-04,2026-09-11,put,712.0,0.07,0.08,0.1,4.0,177.0,773.17,100,0.07500000000000001,0.009999999999999995,True,,7.0,0.019178082191780823,773.5852931920283,-0.08295802167777057,True,,0.2518353852878589,,0.0,711.4540176638353
2026-09-04,2026-09-11,call,713.0,58.57,62.86,61.33,64.0,16.0,773.17,100,60.715,4.289999999999999,True,,7.0,0.019178082191780823,773.5852931920283,-0.08155451267545036,True,,0.2781273211525943,,60.53883462473323,772.9920854594448
2026-09-04,2026-09-11,put,713.0,0.07,0.08,0.08,13.0,615.0,773.17,100,0.07500000000000001,0.009999999999999995,True,,7.0,0.019178082191780823,773.5852931920283,-0.08155451267545036,True,,0.24807443605492369,,0.0,712.4532508347115
2026-09-04,2026-09-11,call,714.0,57.62,61.89,59.57,89.0,1.0,773.17,100,59.754999999999995,4.270000000000003,True,,7.0,0.019178082191780823,773.5852931920283,-0.08015297075016199,True,,0.2823397180709513,,59.53960145385702,772.9920854594448
2026-09-04,2026-09-11,put,714.0,0.07,0.08,0.11,2.0,218.0,773.17,100,0.07500000000000001,0.009999999999999995,True,,7.0,0.019178082191780823,773.5852931920283,-0.08015297075016199,True,,0.2443129845463608,,0.0,713.4524840055877
2026-09-04,2026-09-11,call,715.0,56.61,61.0,59.02,126.0,18.0,773.17,100,58.805,4.390000000000001,True,,7.0,0.019178082191780823,773.5852931920283,-0.07875339039573868,True,,0.28719921931394904,,58.54036828298092,772.9920854594448
2026-09-04,2026-09-11,put,715.0,0.07,0.08,0.08,544.0,1954.0,773.17,100,0.07500000000000001,0.009999999999999995,True,,7.0,0.019178082191780823,773.5852931920283,-0.07875339039573868,True,,0.24055090639418564,,0.0,714.4517171764638
2026-09-04,2026-09-11,call,716.0,55.63,59.59,58.4,62.0,10.0,773.17,100,57.61,3.960000000000001,True,,7.0,0.019178082191780823,773.5852931920283,-0.07735576612910068,True,,0.23430290875914078,,57.54113511210471,772.9920854594448
2026-09-04,2026-09-11,put,716.0,0.08,0.09,0.1,13.0,951.0,773.17,100,0.08499999999999999,0.009999999999999995,True,,7.0,0.019178082191780823,773.5852931920283,-0.07735576612910068,True,,0.24055280562869583,,0.0,715.45095034734
2026-09-04,2026-09-11,call,717.0,54.63,58.9,57.13,79.0,59.0,773.17,100,56.765,4.269999999999996,True,,7.0,0.019178082191780823,773.5852931920283,-0.07596009249012602,True,,0.27115530612908095,,56.5419019412285,772.9920854594448
2026-09-04,2026-09-11,put,717.0,0.08,0.09,0.11,5.0,2438.0,773.17,100,0.08499999999999999,0.009999999999999995,True,,7.0,0.019178082191780823,773.5852931920283,-0.07596009249012602,True,,0.23674127497000177,,0.0,716.4501835182162
2026-09-04,2026-09-11,call,718.0,53.62,57.9,55.58,94.0,4.0,773.17,100,55.76,4.280000000000001,True,,7.0,0.019178082191780823,773.5852931920283,-0.07456636404152216,True,,0.2658355461249907,,55.54266877035241,772.9920854594448
2026-09-04,2026-09-11,put,718.0,0.08,0.09,0.09,19.0,301.0,773.17,100,0.08499999999999999,0.009999999999999995,True,,7.0,0.019178082191780823,773.5852931920283,-0.07456636404152216,True,,0.23292859704150143,,0.0,717.4494166890923
2026-09-04,2026-09-11,call,719.0,52.64,56.9,55.46,62.0,1.0,773.17,100,54.769999999999996,4.259999999999998,True,,7.0,0.019178082191780823,773.5852931920283,-0.07317457536869962,True,,0.2633096337941605,,54.5434355994762,772.9920854594448
2026-09-04,2026-09-11,put,719.0,0.08,0.09,0.09,33.0,677.0,773.17,100,0.08499999999999999,0.009999999999999995,True,,7.0,0.019178082191780823,773.5852931920283,-0.07317457536869962,True,,0.2291146216735442,,0.0,718.4486498599686
2026-09-04,2026-09-11,call,720.0,51.58,55.19,54.51,98.0,44.0,773.17,100,53.385,3.6099999999999994,True,,7.0,0.019178082191780823,773.5852931920283,-0.07178472107964538,False,below_european_lower_bound,,market_price is below the no-arbitrage lower bound.,53.54420242859999,772.9920854594448
2026-09-04,2026-09-11,put,720.0,0.09,0.1,0.09,266.0,5947.0,773.17,100,0.095,0.010000000000000009,True,,7.0,0.019178082191780823,773.5852931920283,-0.07178472107964538,True,,0.22859482529045239,,0.0,719.4478830308448
2026-09-04,2026-09-11,call,721.0,50.6,54.89,53.58,58.0,7.0,773.17,100,52.745000000000005,4.289999999999999,True,,7.0,0.019178082191780823,773.5852931920283,-0.07039679580479727,True,,0.24990882625452748,,52.54496925772389,772.9920854594448
2026-09-04,2026-09-11,put,721.0,0.09,0.1,0.11,14.0,479.0,773.17,100,0.095,0.010000000000000009,True,,7.0,0.019178082191780823,773.5852931920283,-0.07039679580479727,True,,0.2247335592334615,,0.0,720.4471162017209
2026-09-04,2026-09-11,call,722.0,49.6,53.92,51.87,50.0,7.0,773.17,100,51.760000000000005,4.32,True,,7.0,0.019178082191780823,773.5852931920283,-0.06901079419692008,True,,0.2483527559291758,,51.54573608684768,772.9920854594448
2026-09-04,2026-09-11,put,722.0,0.09,0.1,0.1,14.0,470.0,773.17,100,0.095,0.010000000000000009,True,,7.0,0.019178082191780823,773.5852931920283,-0.06901079419692008,True,,0.22087037852982558,,0.0,721.4463493725971
2026-09-04,2026-09-11,call,723.0,48.6,52.09,51.55,52.0,7.0,773.17,100,50.345,3.490000000000002,True,,7.0,0.019178082191780823,773.5852931920283,-0.06762671093098158,False,below_european_lower_bound,,market_price is below the no-arbitrage lower bound.,50.54650291597147,772.9920854594448
2026-09-04,2026-09-11,put,723.0,0.09,0.1,0.12,104.0,642.0,773.17,100,0.095,0.010000000000000009,True,,7.0,0.019178082191780823,773.5852931920283,-0.06762671093098158,True,,0.21700511486084942,,0.0,722.4455825434733
2026-09-04,2026-09-11,call,724.0,48.21,51.18,50.62,87.0,111.0,773.17,100,49.695,2.969999999999999,True,,7.0,0.019178082191780823,773.5852931920283,-0.06624454070402998,True,,0.2267128398154696,,49.547269745095264,772.9920854594448
2026-09-04,2026-09-11,put,724.0,0.1,0.11,0.11,84.0,681.0,773.17,100,0.10500000000000001,0.009999999999999995,True,,7.0,0.019178082191780823,773.5852931920283,-0.06624454070402998,True,,0.2160412090104212,,0.0,723.4448157143495
2026-09-04,2026-09-11,call,725.0,46.6,50.93,50.5,76.0,38.0,773.17,100,48.765,4.329999999999998,True,,7.0,0.019178082191780823,773.5852931920283,-0.06486427823507153,True,,0.23611242232321897,,48.54803657421917,772.9920854594448
2026-09-04,2026-09-11,put,725.0,0.1,0.11,0.1,147.0,1617.0,773.17,100,0.10500000000000001,0.009999999999999995,True,,7.0,0.019178082191780823,773.5852931920283,-0.06486427823507153,True,,0.21212980454143252,,0.0,724.4440488852256
2026-09-04,2026-09-11,call,726.0,45.61,49.91,48.34,56.0,4.0,773.17,100,47.76,4.299999999999997,True,,7.0,0.019178082191780823,773.5852931920283,-0.06348591826495018,True,,0.2308691674618149,,47.54880340334296,772.9920854594448
2026-09-04,2026-09-11,put,726.0,0.1,0.11,0.13,43.0,2050.0,773.17,100,0.10500000000000001,0.009999999999999995,True,,7.0,0.019178082191780823,773.5852931920283,-0.06348591826495018,True,,0.20821559214347565,,0.0,725.4432820561018
2026-09-04,2026-09-11,call,727.0,44.62,49.0,48.15,64.0,35.0,773.17,100,46.81,4.380000000000003,True,,7.0,0.019178082191780823,773.5852931920283,-0.06210945555622698,True,,0.23451373783683502,,46.54957023246675,772.9920854594448
2026-09-04,2026-09-11,put,727.0,0.11,0.12,0.11,21.0,1023.0,773.17,100,0.11499999999999999,0.009999999999999995,True,,7.0,0.019178082191780823,773.5852931920283,-0.06210945555622698,True,,0.20690616946209942,,0.0,726.442515226978
2026-09-04,2026-09-11,call,728.0,43.62,47.98,46.45,80.0,12.0,773.17,100,45.8,4.359999999999999,True,,7.0,0.019178082191780823,773.5852931920283,-0.060734884893060344,True,,0.2285402779025175,,45.55033706159065,772.9920854594448
2026-09-04,2026-09-11,put,728.0,0.11,0.12,0.12,281.0,1087.0,773.17,100,0.11499999999999999,0.009999999999999995,True,,7.0,0.019178082191780823,773.5852931920283,-0.060734884893060344,True,,0.20294668049392253,,0.0,727.4417483978541
2026-09-04,2026-09-11,call,729.0,42.63,46.95,45.44,74.0,5.0,773.17,100,44.790000000000006,4.32,True,,7.0,0.019178082191780823,773.5852931920283,-0.059362201081088126,True,,0.2225645949791997,,44.551103890714444,772.9920854594448
2026-09-04,2026-09-11,put,729.0,0.12,0.13,0.12,157.0,2062.0,773.17,100,0.125,0.010000000000000009,True,,7.0,0.019178082191780823,773.5852931920283,-0.059362201081088126,True,,0.20137216127928134,,0.0,728.4409815687303
2026-09-04,2026-09-11,call,730.0,41.63,45.99,43.79,137.0,76.0,773.17,100,43.81,4.359999999999999,True,,7.0,0.019178082191780823,773.5852931920283,-0.05799139894730954,True,,0.22109733110422664,,43.551870719838234,772.9920854594448
2026-09-04,2026-09-11,put,730.0,0.12,0.13,0.12,1037.0,4860.0,773.17,100,0.125,0.010000000000000009,True,,7.0,0.019178082191780823,773.5852931920283,-0.05799139894730954,True,,0.19736827181982128,,0.0,729.4402147396065
2026-09-04,2026-09-11,call,731.0,40.65,45.0,43.44,94.0,28.0,773.17,100,42.825,4.350000000000001,True,,7.0,0.019178082191780823,773.5852931920283,-0.05662247333996781,True,,0.21872888262668766,,42.55263754896214,772.9920854594448
2026-09-04,2026-09-11,put,731.0,0.13,0.14,0.13,198.0,653.0,773.17,100,0.135,0.010000000000000009,True,,7.0,0.019178082191780823,773.5852931920283,-0.05662247333996781,True,,0.19555709105889316,,0.0,730.4394479104826
2026-09-04,2026-09-11,call,732.0,40.26,43.22,42.5,128.0,125.0,773.17,100,41.739999999999995,2.960000000000001,True,,7.0,0.019178082191780823,773.5852931920283,-0.05525541912843472,True,,0.20128607527240366,,41.55340437808593,772.9920854594448
2026-09-04,2026-09-11,put,732.0,0.13,0.14,0.15,130.0,8540.0,773.17,100,0.135,0.010000000000000009,True,,7.0,0.019178082191780823,773.5852931920283,-0.05525541912843472,True,,0.19150921473763838,,0.0,731.4386810813588
2026-09-04,2026-09-11,call,733.0,38.64,43.0,40.78,92.0,70.0,773.17,100,40.82,4.359999999999999,True,,7.0,0.019178082191780823,773.5852931920283,-0.053890231203094864,True,,0.20903137559349605,,40.55417120720972,772.9920854594448
2026-09-04,2026-09-11,put,733.0,0.14,0.15,0.15,365.0,2074.0,773.17,100,0.14500000000000002,0.009999999999999981,True,,7.0,0.019178082191780823,773.5852931920283,-0.053890231203094864,True,,0.18948381312018178,,0.0,732.437914252235
2026-09-04,2026-09-11,call,734.0,37.67,42.0,40.11,132.0,56.0,773.17,100,39.835,4.329999999999998,True,,7.0,0.019178082191780823,773.5852931920283,-0.052526904475230736,True,,0.20650437292665966,,39.554938036333624,772.9920854594448
2026-09-04,2026-09-11,put,734.0,0.14,0.15,0.16,177.0,2385.0,773.17,100,0.14500000000000002,0.009999999999999981,True,,7.0,0.019178082191780823,773.5852931920283,-0.052526904475230736,True,,0.18539194075539922,,0.0,733.4371474231111
2026-09-04,2026-09-11,call,735.0,36.66,39.6,39.53,136.0,93.0,773.17,100,38.129999999999995,2.940000000000005,True,,7.0,0.019178082191780823,773.5852931920283,-0.051165433876909604,False,below_european_lower_bound,,market_price is below the no-arbitrage lower bound.,38.555704865457415,772.9920854594448
2026-09-04,2026-09-11,put,735.0,0.15,0.16,0.16,664.0,3674.0,773.17,100,0.155,0.010000000000000009,True,,7.0,0.019178082191780823,773.5852931920283,-0.051165433876909604,True,,0.1831701867110143,,0.0,734.4363805939873
2026-09-04,2026-09-11,call,736.0,35.74,40.0,38.59,119.0,23.0,773.17,100,37.870000000000005,4.259999999999998,True,,7.0,0.019178082191780823,773.5852931920283,-0.04980581436087012,True,,0.2016834363203638,,37.556471694581205,772.9920854594448
2026-09-04,2026-09-11,put,736.0,0.16,0.17,0.16,1228.0,2102.0,773.17,100,0.165,0.010000000000000009,True,,7.0,0.019178082191780823,773.5852931920283,-0.04980581436087012,True,,0.18080412502136867,,0.0,735.4356137648635
2026-09-04,2026-09-11,call,737.0,34.69,39.0,36.75,117.0,82.0,773.17,100,36.845,4.310000000000002,True,,7.0,0.019178082191780823,773.5852931920283,-0.04844804090040972,True,,0.1940997033170822,,36.55723852370511,772.9920854594448
2026-09-04,2026-09-11,put,737.0,0.17,0.18,0.18,206.0,749.0,773.17,100,0.175,0.009999999999999981,True,,7.0,0.019178082191780823,773.5852931920283,-0.04844804090040972,True,,0.17830468540288003,,0.0,736.4348469357396
2026-09-04,2026-09-11,call,738.0,34.31,37.27,36.56,126.0,122.0,773.17,100,35.790000000000006,2.960000000000001,True,,7.0,0.019178082191780823,773.5852931920283,-0.04709210848927379,True,,0.18251373432992873,,35.5580053528289,772.9920854594448
2026-09-04,2026-09-11,put,738.0,0.18,0.19,0.18,1837.0,2691.0,773.17,100,0.185,0.010000000000000009,True,,7.0,0.019178082191780823,773.5852931920283,-0.04709210848927379,True,,0.17568104719853372,,0.0,737.4340801066159
2026-09-04,2026-09-11,call,739.0,32.71,37.0,36.45,90.0,16.0,773.17,100,34.855000000000004,4.289999999999999,True,,7.0,0.019178082191780823,773.5852931920283,-0.04573801214154459,True,,0.18611096995032955,,34.55877218195269,772.9920854594448
2026-09-04,2026-09-11,put,739.0,0.19,0.2,0.19,1006.0,11015.0,773.17,100,0.195,0.010000000000000009,True,,7.0,0.019178082191780823,773.5852931920283,-0.04573801214154459,True,,0.17294096911672366,,0.0,738.4333132774921
2026-09-04,2026-09-11,call,740.0,32.33,35.3,34.58,110.0,734.0,773.17,100,33.815,2.969999999999999,True,,7.0,0.019178082191780823,773.5852931920283,-0.04438574689153089,True,,0.1767558315527605,,33.559539011076595,772.9920854594448
2026-09-04,2026-09-11,put,740.0,0.2,0.21,0.21,35457.0,35691.0,773.17,100,0.20500000000000002,0.009999999999999981,True,,7.0,0.019178082191780823,773.5852931920283,-0.04438574689153089,True,,0.17009103947821627,,0.0,739.4325464483682
2026-09-04,2026-09-11,call,741.0,30.73,35.16,33.53,125.0,62.0,773.17,100,32.945,4.429999999999996,True,,7.0,0.019178082191780823,773.5852931920283,-0.043035307793659404,True,,0.18620609985584807,,32.560305840200385,772.9920854594448
2026-09-04,2026-09-11,put,741.0,0.21,0.22,0.22,1173.0,1138.0,773.17,100,0.215,0.010000000000000009,True,,7.0,0.019178082191780823,773.5852931920283,-0.043035307793659404,True,,0.16713686858542576,,0.0,740.4317796192444
2026-09-04,2026-09-11,call,742.0,29.87,34.07,32.57,287.0,96.0,773.17,100,31.97,4.199999999999999,True,,7.0,0.019178082191780823,773.5852931920283,-0.04168668992236592,True,,0.1837511975250458,,31.561072669324176,772.9920854594448
2026-09-04,2026-09-11,put,742.0,0.23,0.24,0.24,343.0,1129.0,773.17,100,0.235,0.009999999999999981,True,,7.0,0.019178082191780823,773.5852931920283,-0.04168668992236592,True,,0.16535321620737295,,0.0,741.4310127901206
2026-09-04,2026-09-11,call,743.0,29.37,31.71,31.58,498.0,240.0,773.17,100,30.54,2.34,True,,7.0,0.019178082191780823,773.5852931920283,-0.04033988837198717,False,below_european_lower_bound,,market_price is below the no-arbitrage lower bound.,30.56183949844808,772.9920854594448
2026-09-04,2026-09-11,put,743.0,0.24,0.25,0.25,1198.0,648.0,773.17,100,0.245,0.010000000000000009,True,,7.0,0.019178082191780823,773.5852931920283,-0.04033988837198717,True,,0.16214864959612482,,0.0,742.4302459609967
2026-09-04,2026-09-11,call,744.0,28.39,31.37,30.57,352.0,217.0,773.17,100,29.880000000000003,2.9800000000000004,True,,7.0,0.019178082191780823,773.5852931920283,-0.03899489825665443,True,,0.16557670535775126,,29.56260632757187,772.9920854594448
2026-09-04,2026-09-11,put,744.0,0.26,0.27,0.27,559.0,2744.0,773.17,100,0.265,0.010000000000000009,True,,7.0,0.019178082191780823,773.5852931920283,-0.03899489825665443,True,,0.15999164364607335,,0.0,743.4294791318729
2026-09-04,2026-09-11,call,745.0,27.66,30.39,29.63,473.0,585.0,773.17,100,29.025,2.7300000000000004,True,,7.0,0.019178082191780823,773.5852931920283,-0.03765171471018686,True,,0.17382555363011715,,28.56337315669566,772.9920854594448
2026-09-04,2026-09-11,put,745.0,0.28,0.29,0.29,1279.0,3491.0,773.17,100,0.28500000000000003,0.009999999999999953,True,,7.0,0.019178082191780823,773.5852931920283,-0.03765171471018686,True,,0.1576324154188787,,0.0,744.4287123027491
2026-09-04,2026-09-11,call,746.0,26.43,29.41,29.72,627.0,162.0,773.17,100,27.92,2.9800000000000004,True,,7.0,0.019178082191780823,773.5852931920283,-0.03631033288598548,True,,0.15993472989925026,,27.564139985819452,772.9920854594448
2026-09-04,2026-09-11,put,746.0,0.3,0.31,0.32,821.0,918.0,773.17,100,0.305,0.010000000000000009,True,,7.0,0.019178082191780823,773.5852931920283,-0.03631033288598548,True,,0.1550871912729323,,0.0,745.4279454736253
2026-09-04,2026-09-11,call,747.0,25.46,28.44,27.78,814.0,171.0,773.17,100,26.950000000000003,2.9800000000000004,True,,7.0,0.019178082191780823,773.5852931920283,-0.03497074795692899,True,,0.1577623702168048,,26.564906814943356,772.9920854594448
2026-09-04,2026-09-11,put,747.0,0.33,0.34,0.34,657.0,1568.0,773.17,100,0.335,0.010000000000000009,True,,7.0,0.019178082191780823,773.5852931920283,-0.03497074795692899,True,,0.15330223399015738,,0.0,746.4271786445014
2026-09-04,2026-09-11,call,748.0,24.49,26.38,26.69,806.0,541.0,773.17,100,25.435,1.8900000000000006,True,,7.0,0.019178082191780823,773.5852931920283,-0.033632955115269134,False,below_european_lower_bound,,market_price is below the no-arbitrage lower bound.,25.565673644067147,772.9920854594448
2026-09-04,2026-09-11,put,748.0,0.36,0.37,0.36,771.0,2939.0,773.17,100,0.365,0.010000000000000009,True,,7.0,0.019178082191780823,773.5852931920283,-0.033632955115269134,True,,0.15124419131256317,,0.0,747.4264118153776
2026-09-04,2026-09-11,call,749.0,23.52,26.5,25.69,760.0,369.0,773.17,100,25.009999999999998,2.9800000000000004,True,,7.0,0.019178082191780823,773.5852931920283,-0.03229694957252686,True,,0.1527572927919157,,24.566440473190937,772.9920854594448
2026-09-04,2026-09-11,put,749.0,0.39,0.4,0.39,4217.0,1215.0,773.17,100,0.395,0.010000000000000009,True,,7.0,0.019178082191780823,773.5852931920283,-0.03229694957252686,True,,0.14893899119285056,,0.0,748.4256449862538
2026-09-04,2026-09-11,call,750.0,23.64,24.29,24.61,615.0,357.0,773.17,100,23.965,0.6499999999999986,True,,7.0,0.019178082191780823,773.5852931920283,-0.030962726559390176,True,,0.14429472624234627,,23.56720730231484,772.9920854594448
2026-09-04,2026-09-11,put,750.0,0.43,0.44,0.43,4574.0,8094.0,773.17,100,0.435,0.010000000000000009,True,,7.0,0.019178082191780823,773.5852931920283,-0.030962726559390176,True,,0.1471656606972132,,0.0,749.4248781571299
2026-09-04,2026-09-11,call,751.0,21.92,24.12,23.01,984.0,155.0,773.17,100,23.020000000000003,2.1999999999999993,True,,7.0,0.019178082191780823,773.5852931920283,-0.029630281325611633,True,,0.14344964583171524,,22.567974131438632,772.9920854594448
2026-09-04,2026-09-11,put,751.0,0.47,0.48,0.48,790.0,836.0,773.17,100,0.475,0.010000000000000009,True,,7.0,0.019178082191780823,773.5852931920283,-0.029630281325611633,True,,0.14508955086967262,,0.0,750.4241113280061
2026-09-04,2026-09-11,call,752.0,20.96,23.18,22.55,1212.0,278.0,773.17,100,22.07,2.219999999999999,True,,7.0,0.019178082191780823,773.5852931920283,-0.028299609139906517,True,,0.14182296674985131,,21.568740960562423,772.9920854594448
2026-09-04,2026-09-11,put,752.0,0.51,0.52,0.52,783.0,1559.0,773.17,100,0.515,0.010000000000000009,True,,7.0,0.019178082191780823,773.5852931920283,-0.028299609139906517,True,,0.1427384180790562,,0.0,751.4233444988823
2026-09-04,2026-09-11,call,753.0,20.78,21.64,21.01,925.0,277.0,773.17,100,21.21,0.8599999999999994,True,,7.0,0.019178082191780823,773.5852931920283,-0.026970705289852726,True,,0.14528349319064524,,20.569507789686327,772.9920854594448
2026-09-04,2026-09-11,put,753.0,0.56,0.57,0.56,1037.0,952.0,773.17,100,0.565,0.009999999999999898,True,,7.0,0.019178082191780823,773.5852931920283,-0.026970705289852726,True,,0.14075453797578602,,0.0,752.4225776697584
2026-09-04,2026-09-11,call,754.0,19.84,20.68,20.0,1004.0,442.0,773.17,100,20.259999999999998,0.8399999999999999,True,,7.0,0.019178082191780823,773.5852931920283,-0.025643565081790307,True,,0.14268203849299224,,19.570274618810117,772.9920854594448
2026-09-04,2026-09-11,put,754.0,0.62,0.63,0.6,1337.0,1941.0,773.17,100,0.625,0.010000000000000009,True,,7.0,0.019178082191780823,773.5852931920283,-0.025643565081790307,True,,0.13903904621926483,,0.0,753.4218108406346
2026-09-04,2026-09-11,call,755.0,18.9,19.76,19.29,979.0,663.0,773.17,100,19.33,0.860000000000003,True,,7.0,0.019178082191780823,773.5852931920283,-0.024318183840721642,True,,0.14086571430725445,,18.571041447933908,772.9920854594448
2026-09-04,2026-09-11,put,755.0,0.68,0.7,0.68,36454.0,35932.0,773.17,100,0.69,0.019999999999999907,True,,7.0,0.019178082191780823,773.5852931920283,-0.024318183840721642,True,,0.13723714698309325,,0.0,754.4210440115108
2026-09-04,2026-09-11,call,756.0,18.09,18.77,18.84,1153.0,309.0,773.17,100,18.43,0.6799999999999997,True,,7.0,0.019178082191780823,773.5852931920283,-0.02299455691021331,True,,0.14014041374981842,,17.571808277057812,772.9920854594448
2026-09-04,2026-09-11,put,756.0,0.75,0.76,0.77,1205.0,1410.0,773.17,100,0.755,0.010000000000000009,True,,7.0,0.019178082191780823,773.5852931920283,-0.02299455691021331,True,,0.1350776938104545,,0.0,755.4202771823869
2026-09-04,2026-09-11,call,757.0,16.08,18.67,18.09,960.0,426.0,773.17,100,17.375,2.5900000000000034,True,,7.0,0.019178082191780823,773.5852931920283,-0.021672679652297494,True,,0.1317507390135464,,16.572575106181603,772.9920854594448
2026-09-04,2026-09-11,put,757.0,0.83,0.84,0.84,1265.0,1290.0,773.17,100,0.835,0.010000000000000009,True,,7.0,0.019178082191780823,773.5852931920283,-0.021672679652297494,True,,0.1332993553879834,,0.0,756.4195103532631
2026-09-04,2026-09-11,call,758.0,15.16,17.61,16.69,3145.0,596.0,773.17,100,16.384999999999998,2.4499999999999993,True,,7.0,0.019178082191780823,773.5852931920283,-0.02035254744737469,True,,0.12644340737672344,,15.573341935305393,772.9920854594448
2026-09-04,2026-09-11,put,758.0,0.92,0.93,0.93,5906.0,1458.0,773.17,100,0.925,0.010000000000000009,True,,7.0,0.019178082191780823,773.5852931920283,-0.02035254744737469,True,,0.13157446577532253,,0.0,757.4187435241394
2026-09-04,2026-09-11,call,759.0,15.37,15.73,16.13,1443.0,342.0,773.17,100,15.55,0.3600000000000012,True,,7.0,0.019178082191780823,773.5852931920283,-0.019034155694116386,True,,0.12780256101974954,,14.574108764429297,772.9920854594448
2026-09-04,2026-09-11,put,759.0,1.02,1.03,1.03,1784.0,2030.0,773.17,100,1.025,0.010000000000000009,True,,7.0,0.019178082191780823,773.5852931920283,-0.019034155694116386,True,,0.12985372800620526,,0.0,758.4179766950155
2026-09-04,2026-09-11,call,760.0,14.49,14.84,14.63,2872.0,894.0,773.17,100,14.665,0.34999999999999964,True,,7.0,0.019178082191780823,773.5852931920283,-0.017717499809369514,True,,0.12633761184677053,,13.574875593553088,772.9920854594448
2026-09-04,2026-09-11,put,760.0,1.13,1.14,1.14,29290.0,37267.0,773.17,100,1.1349999999999998,0.010000000000000009,True,,7.0,0.019178082191780823,773.5852931920283,-0.017717499809369514,True,,0.12809557947736647,,0.0,759.4172098658917
2026-09-04,2026-09-11,call,761.0,13.6,13.96,13.4,1319.0,821.0,773.17,100,13.780000000000001,0.3600000000000012,True,,7.0,0.019178082191780823,773.5852931920283,-0.016402575228060514,True,,0.12439587145784099,,12.575642422676879,772.9920854594448
2026-09-04,2026-09-11,put,761.0,1.25,1.26,1.26,1914.0,1621.0,773.17,100,1.255,0.010000000000000009,True,,7.0,0.019178082191780823,773.5852931920283,-0.016402575228060514,True,,0.12626461548803375,,0.0,760.4164430367679
2026-09-04,2026-09-11,call,762.0,12.73,13.1,12.96,1715.0,2169.0,773.17,100,12.915,0.3699999999999992,True,,7.0,0.019178082191780823,773.5852931920283,-0.01508937740310004,True,,0.1227142971569205,,11.576409251800783,772.9920854594448
2026-09-04,2026-09-11,put,762.0,1.38,1.4,1.38,1988.0,1347.0,773.17,100,1.39,0.020000000000000018,True,,7.0,0.019178082191780823,773.5852931920283,-0.01508937740310004,True,,0.12450318488502853,,0.0,761.415676207644
2026-09-04,2026-09-11,call,763.0,11.88,12.24,12.06,2176.0,1589.0,773.17,100,12.06,0.35999999999999943,True,,7.0,0.019178082191780823,773.5852931920283,-0.013777901805289273,True,,0.12087442324256319,,10.577176080924573,772.9920854594448
2026-09-04,2026-09-11,put,763.0,1.53,1.55,1.54,2055.0,1513.0,773.17,100,1.54,0.020000000000000018,True,,7.0,0.019178082191780823,773.5852931920283,-0.013777901805289273,True,,0.12275628737548082,,0.0,762.4149093785202
2026-09-04,2026-09-11,call,764.0,11.06,11.4,11.53,2445.0,991.0,773.17,100,11.23,0.33999999999999986,True,,7.0,0.019178082191780823,773.5852931920283,-0.012468143923225863,True,,0.1193248187822382,,9.577942910048364,772.9920854594448
2026-09-04,2026-09-11,put,764.0,1.7,1.72,1.71,1960.0,1532.0,773.17,100,1.71,0.020000000000000018,True,,7.0,0.019178082191780823,773.5852931920283,-0.012468143923225863,True,,0.1211320351028475,,0.0,763.4141425493964
2026-09-04,2026-09-11,call,765.0,10.25,10.59,10.33,2805.0,3768.0,773.17,100,10.42,0.33999999999999986,True,,7.0,0.019178082191780823,773.5852931920283,-0.011160099263210481,True,,0.11782590562743273,,8.578709739172268,772.9920854594448
2026-09-04,2026-09-11,put,765.0,1.88,1.9,1.89,7111.0,4411.0,773.17,100,1.89,0.020000000000000018,True,,7.0,0.019178082191780823,773.5852931920283,-0.011160099263210481,True,,0.11927105820398105,,0.0,764.4133757202725
2026-09-04,2026-09-11,call,766.0,9.46,9.8,9.6,1518.0,1452.0,773.17,100,9.63,0.33999999999999986,True,,7.0,0.019178082191780823,773.5852931920283,-0.009853763349154982,True,,0.1163231559044543,,7.579476568296059,772.9920854594448
2026-09-04,2026-09-11,put,766.0,2.09,2.11,2.11,2189.0,1861.0,773.17,100,2.0999999999999996,0.020000000000000018,True,,7.0,0.019178082191780823,773.5852931920283,-0.009853763349154982,True,,0.11772386621328625,,0.0,765.4126088911487
2026-09-04,2026-09-11,call,767.0,8.75,9.01,8.92,2151.0,2215.0,773.17,100,8.879999999999999,0.2599999999999998,True,,7.0,0.019178082191780823,773.5852931920283,-0.008549131722490172,True,,0.11531287086415132,,6.580243397419849,772.9920854594448
2026-09-04,2026-09-11,put,767.0,2.32,2.34,2.32,3016.0,4610.0,773.17,100,2.33,0.020000000000000018,True,,7.0,0.019178082191780823,773.5852931920283,-0.008549131722490172,True,,0.11613286196333553,,0.0,766.4118420620249
2026-09-04,2026-09-11,call,768.0,8.0,8.23,7.99,5823.0,2022.0,773.17,100,8.115,0.23000000000000043,True,,7.0,0.019178082191780823,773.5852931920283,-0.007246199942074155,True,,0.11325477809173147,,5.58101022654364,772.9920854594448
2026-09-04,2026-09-11,put,768.0,2.58,2.6,2.58,9107.0,3211.0,773.17,100,2.59,0.020000000000000018,True,,7.0,0.019178082191780823,773.5852931920283,-0.007246199942074155,True,,0.11471738056363633,,0.0,767.4110752329011
2026-09-04,2026-09-11,call,769.0,7.23,7.55,7.3,2543.0,730.0,773.17,100,7.390000000000001,0.3199999999999994,True,,7.0,0.019178082191780823,773.5852931920283,-0.005944963584102311,True,,0.11160080159051301,,4.581777055667544,772.9920854594448
2026-09-04,2026-09-11,put,769.0,2.86,2.88,2.86,7827.0,1032.0,773.17,100,2.87,0.020000000000000018,True,,7.0,0.019178082191780823,773.5852931920283,-0.005944963584102311,True,,0.11316154147836047,,0.0,768.4103084037772
2026-09-04,2026-09-11,call,770.0,6.63,6.8,6.79,8970.0,4435.0,773.17,100,6.715,0.16999999999999993,True,,7.0,0.019178082191780823,773.5852931920283,-0.004645418242016828,True,,0.11051058359382447,,3.5825438847913347,772.9920854594448
2026-09-04,2026-09-11,put,770.0,3.18,3.2,3.19,17992.0,2093.0,773.17,100,3.1900000000000004,0.020000000000000018,True,,7.0,0.019178082191780823,773.5852931920283,-0.004645418242016828,True,,0.11192405757059862,,0.0,769.4095415746534
2026-09-04,2026-09-11,call,771.0,5.89,6.21,6.04,2697.0,2070.0,773.17,100,6.05,0.3200000000000003,True,,7.0,0.019178082191780823,773.5852931920283,-0.0033475595264168354,True,,0.10893795184191465,,2.5833107139151252,772.9920854594448
2026-09-04,2026-09-11,put,771.0,3.52,3.55,3.55,3303.0,1848.0,773.17,100,3.535,0.029999999999999805,True,,7.0,0.019178082191780823,773.5852931920283,-0.0033475595264168354,True,,0.11057957533544328,,0.0,770.4087747455296
2026-09-04,2026-09-11,call,772.0,5.28,5.54,5.41,2839.0,1830.0,773.17,100,5.41,0.2599999999999998,True,,7.0,0.019178082191780823,773.5852931920283,-0.0020513830649701186,True,,0.10722441835179425,,1.5840775430390295,772.9920854594448
2026-09-04,2026-09-11,put,772.0,3.9,3.93,3.9,3924.0,1925.0,773.17,100,3.915,0.03000000000000025,True,,7.0,0.019178082191780823,773.5852931920283,-0.0020513830649701186,True,,0.10933208843443105,,0.0,771.4080079164057
2026-09-04,2026-09-11,call,773.0,4.84,4.87,4.84,4823.0,1425.0,773.17,100,4.855,0.03000000000000025,True,,7.0,0.019178082191780823,773.5852931920283,-0.000756884502324403,True,,0.10673873187165414,,0.58484437216282,772.9920854594448
2026-09-04,2026-09-11,put,773.0,4.32,4.35,4.32,4322.0,1231.0,773.17,100,4.335,0.02999999999999936,True,,7.0,0.019178082191780823,773.5852931920283,-0.000756884502324403,True,,0.10825970768122106,,0.0,772.4072410872819
2026-09-04,2026-09-11,call,774.0,4.29,4.31,4.29,2583.0,1844.0,773.17,100,4.3,0.019999999999999574,True,,7.0,0.019178082191780823,773.5852931920283,0.000535940499980787,True,,0.10544200870794336,,0.0,772.9920854594448
2026-09-04,2026-09-11,put,774.0,4.77,4.8,4.78,2513.0,1252.0,773.17,100,4.785,0.03000000000000025,True,,7.0,0.019178082191780823,773.5852931920283,0.000535940499980787,True,,0.10709613734489892,,0.4143887987133894,773.4064742581581
2026-09-04,2026-09-11,call,775.0,3.78,3.8,3.8,6155.0,9414.0,773.17,100,3.79,0.020000000000000018,True,,7.0,0.019178082191780823,773.5852931920283,0.0018270962636007023,True,,0.10436916882291389,,0.0,772.9920854594448
2026-09-04,2026-09-11,put,775.0,5.21,5.34,5.28,2182.0,2284.0,773.17,100,5.275,0.1299999999999999,True,,7.0,0.019178082191780823,773.5852931920283,0.0018270962636007023,True,,0.1060522557565941,,1.4136219695894852,774.4057074290342
2026-09-04,2026-09-11,call,776.0,3.31,3.32,3.32,1769.0,2833.0,773.17,100,3.315,0.009999999999999787,True,,7.0,0.019178082191780823,773.5852931920283,0.0031165870934724933,True,,0.10326703769475722,,0.0,772.9920854594448
2026-09-04,2026-09-11,put,776.0,5.7,5.91,5.77,484.0,925.0,773.17,100,5.805,0.20999999999999996,True,,7.0,0.019178082191780823,773.5852931920283,0.0031165870934724933,True,,0.10511326710795578,,2.4128551404656946,775.4049405999104
2026-09-04,2026-09-11,call,777.0,2.87,2.9,2.88,3499.0,1882.0,773.17,100,2.885,0.029999999999999805,True,,7.0,0.019178082191780823,773.5852931920283,0.004404417277901219,True,,0.102366760185992,,0.0,772.9920854594448
2026-09-04,2026-09-11,put,777.0,6.09,6.44,6.4,2805.0,1098.0,773.17,100,6.265000000000001,0.35000000000000053,True,,7.0,0.019178082191780823,773.5852931920283,0.004404417277901219,True,,0.10157964769569269,,3.412088311341904,776.4041737707867
2026-09-04,2026-09-11,call,778.0,2.47,2.49,2.49,2319.0,1546.0,773.17,100,2.4800000000000004,0.020000000000000018,True,,7.0,0.019178082191780823,773.5852931920283,0.005690591088645195,True,,0.10117655091057115,,0.0,772.9920854594448
2026-09-04,2026-09-11,put,778.0,6.71,7.29,7.01,1056.0,1049.0,773.17,100,7.0,0.5800000000000001,True,,7.0,0.019178082191780823,773.5852931920283,0.005690591088645195,True,,0.1039263529959591,,4.411321482218,777.4034069416628
2026-09-04,2026-09-11,call,779.0,2.12,2.13,2.13,2482.0,2207.0,773.17,100,2.125,0.009999999999999787,True,,7.0,0.019178082191780823,773.5852931920283,0.006975112781001893,True,,0.10032857587157937,,0.0,772.9920854594448
2026-09-04,2026-09-11,put,779.0,7.36,7.94,7.64,693.0,581.0,773.17,100,7.65,0.5800000000000001,True,,7.0,0.019178082191780823,773.5852931920283,0.006975112781001893,True,,0.10334668195313731,,5.410554653094209,778.402640112539
2026-09-04,2026-09-11,call,780.0,1.8,1.82,1.8,8472.0,15389.0,773.17,100,1.81,0.020000000000000018,True,,7.0,0.019178082191780823,773.5852931920283,0.008257986593891086,True,,0.0996109570327622,,0.0,772.9920854594448
2026-09-04,2026-09-11,put,780.0,8.05,8.65,8.2,1156.0,1011.0,773.17,100,8.350000000000001,0.5999999999999996,True,,7.0,0.019178082191780823,773.5852931920283,0.008257986593891086,True,,0.1032206963294417,,6.409787823970419,779.4018732834152
2026-09-04,2026-09-11,call,781.0,1.52,1.53,1.52,2098.0,1796.0,773.17,100,1.525,0.010000000000000009,True,,7.0,0.019178082191780823,773.5852931920283,0.009539216749939666,True,,0.09878298078994657,,0.0,772.9920854594448
2026-09-04,2026-09-11,put,781.0,8.77,9.39,9.02,394.0,15.0,773.17,100,9.08,0.620000000000001,True,,7.0,0.019178082191780823,773.5852931920283,0.009539216749939666,True,,0.10307757955822774,,7.409020994846514,780.4011064542913
2026-09-04,2026-09-11,call,782.0,1.27,1.29,1.28,2066.0,1241.0,773.17,100,1.28,0.020000000000000018,True,,7.0,0.019178082191780823,773.5852931920283,0.010818807455564817,True,,0.09818499853191286,,0.0,772.9920854594448
2026-09-04,2026-09-11,put,782.0,9.54,10.15,9.42,59.0,11.0,773.17,100,9.844999999999999,0.6100000000000012,True,,7.0,0.019178082191780823,773.5852931920283,0.010818807455564817,True,,0.1031195578938695,,8.408254165722724,781.4003396251675
2026-09-04,2026-09-11,call,783.0,1.06,1.07,1.07,2417.0,1954.0,773.17,100,1.065,0.010000000000000009,True,,7.0,0.019178082191780823,773.5852931920283,0.012096762901056872,True,,0.09758696191477916,,0.0,772.9920854594448
2026-09-04,2026-09-11,put,783.0,10.35,10.96,10.7,483.0,2.0,773.17,100,10.655000000000001,0.6100000000000012,True,,7.0,0.019178082191780823,773.5852931920283,0.012096762901056872,True,,0.1037778524382654,,9.407487336598933,782.3995727960437
2026-09-04,2026-09-11,call,784.0,0.87,0.89,0.89,1561.0,990.0,773.17,100,0.88,0.020000000000000018,True,,7.0,0.019178082191780823,773.5852931920283,0.013373087260661436,True,,0.09706351068789265,,0.0,772.9920854594448
2026-09-04,2026-09-11,put,784.0,11.19,11.79,11.45,44.0,0.0,773.17,100,11.489999999999998,0.5999999999999996,True,,7.0,0.019178082191780823,773.5852931920283,0.013373087260661436,True,,0.10454818374258655,,10.406720507475029,783.3988059669198
2026-09-04,2026-09-11,call,785.0,0.71,0.73,0.73,4259.0,3459.0,773.17,100,0.72,0.020000000000000018,True,,7.0,0.019178082191780823,773.5852931920283,0.014647784692662055,True,,0.09651697843333656,,0.0,772.9920854594448
2026-09-04,2026-09-11,put,785.0,12.05,12.64,12.33,915.0,445.0,773.17,100,12.345,0.5899999999999999,True,,7.0,0.019178082191780823,773.5852931920283,0.014647784692662055,True,,0.1053407208749468,,11.405953678351239,784.398039137796
2026-09-04,2026-09-11,call,786.0,0.58,0.59,0.58,2250.0,1844.0,773.17,100,0.585,0.010000000000000009,True,,7.0,0.019178082191780823,773.5852931920283,0.015920859339460202,True,,0.09604422145019076,,0.0,772.9920854594448
2026-09-04,2026-09-11,put,786.0,12.0,14.75,12.64,100.0,0.0,773.17,100,13.375,2.75,True,,7.0,0.019178082191780823,773.5852931920283,0.015920859339460202,True,,0.11249792689663042,,12.405186849227448,785.3972723086722
2026-09-04,2026-09-11,call,787.0,0.47,0.48,0.47,1511.0,1556.0,773.17,100,0.475,0.010000000000000009,True,,7.0,0.019178082191780823,773.5852931920283,0.01719231532765692,True,,0.09579694859566193,,0.0,772.9920854594448
2026-09-04,2026-09-11,put,787.0,12.22,16.07,13.54,250.0,0.0,773.17,100,14.145,3.8499999999999996,True,,7.0,0.019178082191780823,773.5852931920283,0.01719231532765692,True,,0.10870147062031436,,13.404420020103544,786.3965054795483
2026-09-04,2026-09-11,call,788.0,0.38,0.39,0.38,1275.0,1027.0,773.17,100,0.385,0.010000000000000009,True,,7.0,0.019178082191780823,773.5852931920283,0.018462156768132853,True,,0.09570239877174408,,0.0,772.9920854594448
2026-09-04,2026-09-11,put,788.0,13.22,17.06,14.77,80.0,0.0,773.17,100,15.14,3.839999999999998,True,,7.0,0.019178082191780823,773.5852931920283,0.018462156768132853,True,,0.11404207648047539,,14.403653190979753,787.3957386504245
2026-09-04,2026-09-11,call,789.0,0.31,0.32,0.32,929.0,1254.0,773.17,100,0.315,0.010000000000000009,True,,7.0,0.019178082191780823,773.5852931920283,0.019730387756128006,True,,0.09597533239109562,,0.0,772.9920854594448
2026-09-04,2026-09-11,put,789.0,14.22,18.06,18.29,2.0,0.0,773.17,100,16.14,3.839999999999998,True,,7.0,0.019178082191780823,773.5852931920283,0.019730387756128006,True,,0.11953470755843597,,15.402886361855963,788.3949718213007
2026-09-04,2026-09-11,call,790.0,0.25,0.26,0.26,3539.0,2514.0,773.17,100,0.255,0.010000000000000009,True,,7.0,0.019178082191780823,773.5852931920283,0.020997012371320758,True,,0.09613257430578041,,0.0,772.9920854594448
2026-09-04,2026-09-11,put,790.0,15.22,19.06,17.11,8.0,1.0,773.17,100,17.14,3.839999999999998,True,,7.0,0.019178082191780823,773.5852931920283,0.020997012371320758,True,,0.12496182332184821,,16.40211953273206,789.3942049921768
2026-09-04,2026-09-11,call,791.0,0.2,0.21,0.21,3283.0,3354.0,773.17,100,0.20500000000000002,0.009999999999999981,True,,7.0,0.019178082191780823,773.5852931920283,0.02226203467790749,True,,0.09626649415208763,,0.0,772.9920854594448
2026-09-04,2026-09-11,put,791.0,16.22,20.06,19.5,15.0,0.0,773.17,100,18.14,3.84,True,,7.0,0.019178082191780823,773.5852931920283,0.02226203467790749,True,,0.1303282532098617,,17.401352703608268,790.393438163053
2026-09-04,2026-09-11,call,792.0,0.16,0.17,0.17,1748.0,4132.0,773.17,100,0.165,0.010000000000000009,True,,7.0,0.019178082191780823,773.5852931920283,0.023525458724679506,True,,0.09652720219511125,,0.0,772.9920854594448
2026-09-04,2026-09-11,put,792.0,17.22,21.06,28.67,0.0,0.0,773.17,100,19.14,3.84,True,,7.0,0.019178082191780823,773.5852931920283,0.023525458724679506,True,,0.135638199270035,,18.400585874484477,791.3926713339292
2026-09-04,2026-09-11,call,793.0,0.13,0.14,0.13,275.0,683.0,773.17,100,0.135,0.010000000000000009,True,,7.0,0.019178082191780823,773.5852931920283,0.02478728854510167,True,,0.09715016263802814,,0.0,772.9920854594448
2026-09-04,2026-09-11,put,793.0,18.22,22.06,21.45,0.0,0.0,773.17,100,20.14,3.84,True,,7.0,0.019178082191780823,773.5852931920283,0.02478728854510167,True,,0.14089534672284784,,19.399819045360687,792.3919045048054
2026-09-04,2026-09-11,call,794.0,0.1,0.11,0.1,122.0,382.0,773.17,100,0.10500000000000001,0.009999999999999995,True,,7.0,0.019178082191780823,773.5852931920283,0.026047528157389442,True,,0.09699999183151416,,0.0,772.9920854594448
2026-09-04,2026-09-11,put,794.0,18.79,23.18,20.55,0.0,0.0,773.17,100,20.985,4.390000000000001,True,,7.0,0.019178082191780823,773.5852931920283,0.026047528157389442,True,,0.13746312135354963,,20.399052216236782,793.3911376756815
2026-09-04,2026-09-11,call,795.0,0.08,0.09,0.1,748.0,1722.0,773.17,100,0.08499999999999999,0.009999999999999995,True,,7.0,0.019178082191780823,773.5852931920283,0.027306181564585655,True,,0.09757149933758476,,0.0,772.9920854594448
2026-09-04,2026-09-11,put,795.0,19.7,24.19,25.0,1.0,0.0,773.17,100,21.945,4.490000000000002,True,,7.0,0.019178082191780823,773.5852931920283,0.027306181564585655,True,,0.13999300084351465,,21.398285387112992,794.3903708465577
2026-09-04,2026-09-11,call,796.0,0.07,0.08,0.07,1545.0,1086.0,773.17,100,0.07500000000000001,0.009999999999999995,True,,7.0,0.019178082191780823,773.5852931920283,0.02856325275463659,True,,0.0994425035572987,,0.0,772.9920854594448
2026-09-04,2026-09-11,put,796.0,20.71,25.14,25.77,0.0,0.0,773.17,100,22.925,4.43,True,,7.0,0.019178082191780823,773.5852931920283,0.02856325275463659,True,,0.14359657978877807,,22.3975185579892,795.389604017434
2026-09-04,2026-09-11,call,797.0,0.06,0.07,0.06,475.0,903.0,773.17,100,0.065,0.010000000000000009,True,,7.0,0.019178082191780823,773.5852931920283,0.02981874570046865,True,,0.10100649414692724,,0.0,772.9920854594448
2026-09-04,2026-09-11,put,797.0,21.7,26.19,32.8,0.0,0.0,773.17,100,23.945,4.490000000000002,True,,7.0,0.019178082191780823,773.5852931920283,0.02981874570046865,True,,0.14972932060588792,,23.396751728865297,796.38883718831
2026-09-04,2026-09-11,call,798.0,0.05,0.06,0.06,354.0,2908.0,773.17,100,0.055,0.009999999999999995,True,,7.0,0.019178082191780823,773.5852931920283,0.03107266436006241,True,,0.10219816502113054,,0.0,772.9920854594448
2026-09-04,2026-09-11,put,798.0,22.79,27.14,30.27,0.0,0.0,773.17,100,24.965,4.350000000000001,True,,7.0,0.019178082191780823,773.5852931920283,0.03107266436006241,True,,0.155853991447418,,24.395984899741507,797.3880703591863
2026-09-04,2026-09-11,call,799.0,0.04,0.05,0.05,356.0,1151.0,773.17,100,0.045,0.010000000000000002,True,,7.0,0.019178082191780823,773.5852931920283,0.03232501267652835,True,,0.1029167341319216,,0.0,772.9920854594448
2026-09-04,2026-09-11,put,799.0,23.7,28.14,28.22,3.0,1.0,773.17,100,25.92,4.440000000000001,True,,7.0,0.019178082191780823,773.5852931920283,0.03232501267652835,True,,0.15761750998852703,,25.395218070617716,798.3873035300625
2026-09-04,2026-09-11,call,800.0,0.04,0.05,0.05,869.0,2785.0,773.17,100,0.045,0.010000000000000002,True,,7.0,0.019178082191780823,773.5852931920283,0.03357579457818101,True,,0.10635826732756329,,0.0,772.9920854594448
2026-09-04,2026-09-11,put,800.0,24.7,29.18,27.25,62.0,0.0,773.17,100,26.939999999999998,4.48,True,,7.0,0.019178082191780823,773.5852931920283,0.03357579457818101,True,,0.16372474794005631,,26.39445124149381,799.3865367009386
2026-09-04,2026-09-11,call,801.0,0.03,0.04,0.03,242.0,1215.0,773.17,100,0.035,0.010000000000000002,True,,7.0,0.019178082191780823,773.5852931920283,0.03482501397861297,True,,0.1063323362763442,,0.0,772.9920854594448
2026-09-04,2026-09-11,put,801.0,25.76,30.18,33.0,20.0,0.0,773.17,100,27.97,4.419999999999998,True,,7.0,0.019178082191780823,773.5852931920283,0.03482501397861297,True,,0.1705101897422513,,27.39368441237002,800.3857698718148
2026-09-04,2026-09-11,call,802.0,0.03,0.04,0.03,1111.0,1134.0,773.17,100,0.035,0.010000000000000002,True,,7.0,0.019178082191780823,773.5852931920283,0.036072674776768066,True,,0.10965477467482575,,0.0,772.9920854594448
2026-09-04,2026-09-11,put,802.0,26.74,31.18,28.25,6.0,0.0,773.17,100,28.96,4.440000000000001,True,,7.0,0.019178082191780823,773.5852931920283,0.036072674776768066,True,,0.1745277097988252,,28.39291758324623,801.385003042691
2026-09-04,2026-09-11,call,803.0,0.03,0.04,0.04,6.0,736.0,773.17,100,0.035,0.010000000000000002,True,,7.0,0.019178082191780823,773.5852931920283,0.037318780857015274,True,,0.11296143028861624,,0.0,772.9920854594448
2026-09-04,2026-09-11,put,803.0,27.7,32.14,37.0,0.0,0.0,773.17,100,29.92,4.440000000000001,True,,7.0,0.019178082191780823,773.5852931920283,0.037318780857015274,True,,0.17630080915635132,,29.392150754122326,802.3842362135671
2026-09-04,2026-09-11,call,804.0,0.02,0.03,0.03,1.0,1219.0,773.17,100,0.025,0.009999999999999998,True,,7.0,0.019178082191780823,773.5852931920283,0.03856333608922001,True,,0.1117171857435192,,0.0,772.9920854594448
2026-09-04,2026-09-11,put,804.0,28.7,33.14,30.38,0.0,0.0,773.17,100,30.92,4.440000000000001,True,,7.0,0.019178082191780823,773.5852931920283,0.03856333608922001,True,,0.18090103944684705,,30.391383924998536,803.3834693844433
2026-09-04,2026-09-11,call,805.0,0.02,0.03,0.02,36.0,567.0,773.17,100,0.025,0.009999999999999998,True,,7.0,0.019178082191780823,773.5852931920283,0.039806344328817043,True,,0.11489176851247467,,0.0,772.9920854594448
2026-09-04,2026-09-11,put,805.0,29.79,34.14,39.9,0.0,0.0,773.17,100,31.965,4.350000000000001,True,,7.0,0.019178082191780823,773.5852931920283,0.039806344328817043,True,,0.18883518442443253,,31.390617095874745,804.3827025553195
2026-09-04,2026-09-11,call,806.0,0.02,0.03,0.04,41.0,266.0,773.17,100,0.025,0.009999999999999998,True,,7.0,0.019178082191780823,773.5852931920283,0.041047809416882,True,,0.11805291789505913,,0.0,772.9920854594448
2026-09-04,2026-09-11,put,806.0,30.79,35.14,36.98,0.0,0.0,773.17,100,32.965,4.350000000000001,True,,7.0,0.019178082191780823,773.5852931920283,0.041047809416882,True,,0.19343486269958984,,32.38985026675084,805.3819357261956
2026-09-04,2026-09-11,call,807.0,0.02,0.03,0.02,1.0,987.0,773.17,100,0.025,0.009999999999999998,True,,7.0,0.019178082191780823,773.5852931920283,0.04228773518020254,True,,0.12120101972394351,,0.0,772.9920854594448
2026-09-04,2026-09-11,put,807.0,31.7,36.14,33.43,0.0,0.0,773.17,100,33.92,4.440000000000001,True,,7.0,0.019178082191780823,773.5852931920283,0.04228773518020254,True,,0.19454894906632583,,33.38908343762705,806.3811688970718
2026-09-04,2026-09-11,call,808.0,0.02,0.03,0.01,0.0,187.0,773.17,100,0.025,0.009999999999999998,True,,7.0,0.019178082191780823,773.5852931920283,0.04352612543134916,True,,0.12433643491755912,,0.0,772.9920854594448
2026-09-04,2026-09-11,put,808.0,32.7,37.14,34.4,0.0,0.0,773.17,100,34.92,4.439999999999998,True,,7.0,0.019178082191780823,773.5852931920283,0.04352612543134916,True,,0.19905024797970566,,34.38831660850326,807.380402067948
2026-09-04,2026-09-11,call,809.0,0.02,0.03,0.02,7.0,1203.0,773.17,100,0.025,0.009999999999999998,True,,7.0,0.019178082191780823,773.5852931920283,0.044762983968745285,True,,0.12745950179562435,,0.0,772.9920854594448
2026-09-04,2026-09-11,put,809.0,33.71,38.18,42.73,0.0,0.0,773.17,100,35.945,4.469999999999999,True,,7.0,0.019178082191780823,773.5852931920283,0.044762983968745285,True,,0.2055247497176896,,35.387549779379356,808.3796352388241
2026-09-04,2026-09-11,call,810.0,0.02,0.03,0.03,9.0,1688.0,773.17,100,0.025,0.009999999999999998,True,,7.0,0.019178082191780823,773.5852931920283,0.04599831457673808,True,,0.13057053812089633,,0.0,772.9920854594448
2026-09-04,2026-09-11,put,810.0,34.71,39.14,32.04,0.0,0.0,773.17,100,36.925,4.43,True,,7.0,0.019178082191780823,773.5852931920283,0.04599831457673808,True,,0.20839406975118252,,36.386782950255565,809.3788684097003
2026-09-04,2026-09-11,call,811.0,0.01,0.02,0.02,3.0,561.0,773.17,100,0.015,0.01,True,,7.0,0.019178082191780823,773.5852931920283,0.04723212102566659,True,,0.12660014404158168,,0.0,772.9920854594448
2026-09-04,2026-09-11,put,811.0,35.79,40.18,33.03,0.0,0.0,773.17,100,37.985,4.390000000000001,True,,7.0,0.019178082191780823,773.5852931920283,0.04723212102566659,True,,0.21765073977710436,,37.386016121131775,810.3781015805765
2026-09-04,2026-09-11,call,812.0,0.01,0.02,0.02,0.0,1515.0,773.17,100,0.015,0.01,True,,7.0,0.019178082191780823,773.5852931920283,0.04846440707193165,True,,0.12955466408559996,,0.0,772.9920854594448
2026-09-04,2026-09-11,put,812.0,36.79,41.18,34.03,0.0,0.0,773.17,100,38.985,4.390000000000001,True,,7.0,0.019178082191780823,773.5852931920283,0.04846440707193165,True,,0.22213245468632978,,38.38524929200787,811.3773347514526
2026-09-04,2026-09-11,call,813.0,0.01,0.02,0.02,6.0,1177.0,773.17,100,0.015,0.01,True,,7.0,0.019178082191780823,773.5852931920283,0.04969517645806432,True,,0.13249894003851317,,0.0,772.9920854594448
2026-09-04,2026-09-11,put,813.0,37.79,42.18,35.02,0.0,0.0,773.17,100,39.985,4.390000000000001,True,,7.0,0.019178082191780823,773.5852931920283,0.04969517645806432,True,,0.22659329606854572,,39.38448246288408,812.3765679223288
2026-09-04,2026-09-11,call,814.0,0.01,0.02,0.01,1.0,933.0,773.17,100,0.015,0.01,True,,7.0,0.019178082191780823,773.5852931920283,0.05092443291279407,True,,0.13543319571041362,,0.0,772.9920854594448
2026-09-04,2026-09-11,put,814.0,38.72,43.18,44.22,0.0,0.0,773.17,100,40.95,4.460000000000001,True,,7.0,0.019178082191780823,773.5852931920283,0.05092443291279407,True,,0.22815235390068325,,40.38371563376029,813.375801093205
2026-09-04,2026-09-11,call,815.0,0.01,0.02,0.01,4.0,947.0,773.17,100,0.015,0.01,True,,7.0,0.019178082191780823,773.5852931920283,0.0521521801511163,True,,0.13835764330212177,,0.0,772.9920854594448
2026-09-04,2026-09-11,put,815.0,39.72,44.18,42.22,0.0,0.0,773.17,100,41.95,4.460000000000001,True,,7.0,0.019178082191780823,773.5852931920283,0.0521521801511163,True,,0.23253887517365393,,41.3829488046365,814.3750342640813
2026-09-04,2026-09-11,call,816.0,0.01,0.02,0.02,9.0,624.0,773.17,100,0.015,0.01,True,,7.0,0.019178082191780823,773.5852931920283,0.053378421874360635,True,,0.14127248425306116,,0.0,772.9920854594448
2026-09-04,2026-09-11,put,816.0,40.79,45.18,45.12,0.0,0.0,773.17,100,42.985,4.390000000000001,True,,7.0,0.019178082191780823,773.5852931920283,0.053378421874360635,True,,0.2398562184407931,,42.382181975512594,815.3742674349573
2026-09-04,2026-09-11,call,817.0,0.01,0.02,0.01,3.0,184.0,773.17,100,0.015,0.01,True,,7.0,0.019178082191780823,773.5852931920283,0.05460316177025654,True,,0.1441779100267503,,0.0,772.9920854594448
2026-09-04,2026-09-11,put,817.0,41.72,46.18,44.13,0.0,0.0,773.17,100,43.95,4.460000000000001,True,,7.0,0.019178082191780823,773.5852931920283,0.05460316177025654,True,,0.24125585012815273,,43.381415146388804,816.3735006058336
2026-09-04,2026-09-11,call,818.0,0.01,0.02,0.02,1.0,1284.0,773.17,100,0.015,0.01,True,,7.0,0.019178082191780823,773.5852931920283,0.05582640351300075,True,,0.14707410283313999,,0.0,772.9920854594448
2026-09-04,2026-09-11,put,818.0,42.73,47.14,45.1,0.0,0.0,773.17,100,44.935,4.410000000000004,True,,7.0,0.019178082191780823,773.5852931920283,0.05582640351300075,True,,0.24426352869851525,,44.38064831726501,817.3727337767098
2026-09-04,2026-09-11,call,819.0,0.01,0.02,0.02,0.0,1076.0,773.17,100,0.015,0.01,True,,7.0,0.019178082191780823,773.5852931920283,0.057048150763323154,True,,0.1499612362892683,,0.0,772.9920854594448
2026-09-04,2026-09-11,put,819.0,43.73,48.14,46.07,0.0,0.0,773.17,100,45.935,4.410000000000004,True,,7.0,0.019178082191780823,773.5852931920283,0.057048150763323154,True,,0.24856296799752536,,45.37988148814111,818.3719669475859
2026-09-04,2026-09-11,call,820.0,0.01,0.02,0.02,0.0,623.0,773.17,100,0.015,0.01,True,,7.0,0.019178082191780823,773.5852931920283,0.058268407168552555,True,,0.15283948445999743,,0.0,772.9920854594448
2026-09-04,2026-09-11,put,820.0,44.73,49.18,50.23,0.0,0.0,773.17,100,46.955,4.450000000000003,True,,7.0,0.019178082191780823,773.5852931920283,0.058268407168552555,True,,0.25464444286372473,,46.37911465901732,819.3712001184621
2026-09-04,2026-09-11,call,821.0,0.01,0.02,0.01,0.0,515.0,773.17,100,0.015,0.01,True,,7.0,0.019178082191780823,773.5852931920283,0.059487176362681804,True,,0.1557089829143985,,0.0,772.9920854594448
2026-09-04,2026-09-11,put,821.0,45.73,50.14,51.68,0.0,0.0,773.17,100,47.935,4.410000000000004,True,,7.0,0.019178082191780823,773.5852931920283,0.059487176362681804,True,,0.25711147013469854,,47.37834782989353,820.3704332893383
2026-09-04,2026-09-11,call,822.0,0.01,0.02,0.01,0.0,261.0,773.17,100,0.015,0.01,True,,7.0,0.019178082191780823,773.5852931920283,0.06070446196643354,True,,0.15856990087478776,,0.0,772.9920854594448
2026-09-04,2026-09-11,put,822.0,46.73,51.14,49.0,0.0,0.0,773.17,100,48.935,4.410000000000004,True,,7.0,0.019178082191780823,773.5852931920283,0.06070446196643354,True,,0.2613612881384571,,48.377581000769624,821.3696664602144
2026-09-04,2026-09-11,call,823.0,0.01,0.02,0.02,0.0,5415.0,773.17,100,0.015,0.01,True,,7.0,0.019178082191780823,773.5852931920283,0.06192026758732346,True,,0.1614223806637192,,0.0,772.9920854594448
2026-09-04,2026-09-11,put,823.0,47.73,52.14,51.11,0.0,0.0,773.17,100,49.935,4.410000000000004,True,,7.0,0.019178082191780823,773.5852931920283,0.06192026758732346,True,,0.26559529159344103,,49.37681417164583,822.3688996310906
2026-09-04,2026-09-11,call,824.0,0.01,0.02,0.03,0.0,5949.0,773.17,100,0.015,0.01,True,,7.0,0.019178082191780823,773.5852931920283,0.06313459681972539,True,,0.164266560040268,,0.0,772.9920854594448
2026-09-04,2026-09-11,put,824.0,48.73,53.14,52.27,0.0,0.0,773.17,100,50.935,4.410000000000004,True,,7.0,0.019178082191780823,773.5852931920283,0.06313459681972539,True,,0.2698138160088085,,50.37604734252204,823.3681328019668
2026-09-04,2026-09-11,call,825.0,0.01,0.02,0.01,0.0,1091.0,773.17,100,0.015,0.01,True,,7.0,0.019178082191780823,773.5852931920283,0.06434745324493471,True,,0.16710257170330178,,0.0,772.9920854594448
2026-09-04,2026-09-11,put,825.0,49.73,54.14,53.39,0.0,0.0,773.17,100,51.935,4.410000000000004,True,,7.0,0.019178082191780823,773.5852931920283,0.06434745324493471,True,,0.2740171814136331,,51.37528051339814,824.3673659728429
2026-09-04,2026-09-11,call,830.0,0.01,0.02,0.01,2.0,2130.0,773.17,100,0.015,0.01,True,,7.0,0.019178082191780823,773.5852931920283,0.07038976770089729,True,,0.18116441301660022,,0.0,772.9920854594448
2026-09-04,2026-09-11,put,830.0,55.26,59.09,57.0,0.0,0.0,773.17,100,57.175,3.8300000000000054,True,,7.0,0.019178082191780823,773.5852931920283,0.07038976770089729,True,,0.31645226026811657,,56.37144636777907,829.3635318272238
2026-09-04,2026-09-11,call,835.0,0.01,0.02,0.03,0.0,1058.0,773.17,100,0.015,0.01,True,,7.0,0.019178082191780823,773.5852931920283,0.07639579176110912,True,,0.19503928587296604,,0.0,772.9920854594448
2026-09-04,2026-09-11,put,835.0,60.22,64.06,61.95,0.0,0.0,773.17,100,62.14,3.8400000000000034,True,,7.0,0.019178082191780823,773.5852931920283,0.07639579176110912,True,,0.3347910578470475,,61.36761222215989,834.3596976816046
2026-09-04,2026-09-11,call,840.0,0.0,0.01,0.01,1.0,2291.0,773.17,100,0.005,0.01,True,,7.0,0.019178082191780823,773.5852931920283,0.0823659587476129,True,,0.18978028932475677,,0.0,772.9920854594448
2026-09-04,2026-09-11,put,840.0,65.22,69.06,66.94,0.0,0.0,773.17,100,67.14,3.8400000000000034,True,,7.0,0.019178082191780823,773.5852931920283,0.0823659587476129,True,,0.355696614920129,,66.36377807654083,839.3558635359856
2026-09-04,2026-09-11,call,845.0,0.0,0.01,0.01,52.0,155.0,773.17,100,0.005,0.01,True,,7.0,0.019178082191780823,773.5852931920283,0.0883006942674276,True,,0.2022774061082717,,0.0,772.9920854594448
2026-09-04,2026-09-11,put,845.0,70.22,74.06,71.94,0.0,0.0,773.17,100,72.14,3.8400000000000034,True,,7.0,0.019178082191780823,773.5852931920283,0.0883006942674276,True,,0.3762855673439289,,71.35994393092165,844.3520293903664
2026-09-04,2026-09-11,call,850.0,0.0,0.01,0.01,4.0,279.0,773.17,100,0.005,0.01,True,,7.0,0.019178082191780823,773.5852931920283,0.09420041639461586,True,,0.21463870955223763,,0.0,772.9920854594448
2026-09-04,2026-09-11,put,850.0,75.22,79.07,78.62,0.0,0.0,773.17,100,77.145,3.8499999999999943,True,,7.0,0.019178082191780823,773.5852931920283,0.09420041639461586,True,,0.39706550163482723,,76.35610978530246,849.3481952447472
2026-09-04,2026-09-11,call,855.0,0.0,0.01,0.02,0.0,95.0,773.17,100,0.005,0.01,True,,7.0,0.019178082191780823,773.5852931920283,0.1000655358470139,True,,0.22687033542810062,,0.0,772.9920854594448
2026-09-04,2026-09-11,put,855.0,80.22,84.06,82.08,0.0,0.0,773.17,100,82.14,3.8400000000000034,True,,7.0,0.019178082191780823,773.5852931920283,0.1000655358470139,True,,0.41659859640351826,,81.3522756396834,854.3443610991282
2026-09-04,2026-09-11,call,860.0,0.0,0.01,0.01,0.0,161.0,773.17,100,0.005,0.01,True,,7.0,0.019178082191780823,773.5852931920283,0.10589645615780707,True,,0.23897782013619417,,0.0,772.9920854594448
2026-09-04,2026-09-11,put,860.0,85.22,89.06,87.07,0.0,0.0,773.17,100,87.14,3.8400000000000034,True,,7.0,0.019178082191780823,773.5852931920283,0.10589645615780707,True,,0.43635794081247015,,86.34844149406422,859.340526953509
2026-09-04,2026-09-11,call,865.0,0.0,0.01,0.02,0.0,245.0,773.17,100,0.005,0.01,True,,7.0,0.019178082191780823,773.5852931920283,0.11169357384213294,True,,0.25096603093084036,,0.0,772.9920854594448
2026-09-04,2026-09-11,put,865.0,90.22,94.06,92.07,0.0,0.0,773.17,100,92.14,3.8400000000000034,True,,7.0,0.019178082191780823,773.5852931920283,0.11169357384213294,True,,0.4558723113445432,,91.34460734844515,864.3366928078899
2026-09-04,2026-09-11,call,870.0,0.0,0.01,0.02,0.0,182.0,773.17,100,0.005,0.01,True,,7.0,0.019178082191780823,773.5852931920283,0.11745727855888317,True,,0.26283936393045326,,0.0,772.9920854594448
2026-09-04,2026-09-11,put,870.0,95.22,99.06,97.07,0.0,0.0,773.17,100,97.14,3.8400000000000034,True,,7.0,0.019178082191780823,773.5852931920283,0.11745727855888317,True,,0.47515438096913704,,96.34077320282597,869.3328586622707
2026-09-04,2026-09-11,call,875.0,0.0,0.01,0.01,0.0,269.0,773.17,100,0.005,0.01,True,,7.0,0.019178082191780823,773.5852931920283,0.12318795326786816,True,,0.27460181446095855,,0.0,772.9920854594448
2026-09-04,2026-09-11,put,875.0,100.22,104.06,102.08,0.0,0.0,773.17,100,102.14,3.8400000000000034,True,,7.0,0.019178082191780823,773.5852931920283,0.12318795326786816,True,,0.4942154326569862,,101.33693905720679,874.3290245166515
2026-09-04,2026-09-11,call,880.0,0.0,0.01,0.01,0.0,155.0,773.17,100,0.005,0.01,True,,7.0,0.019178082191780823,773.5852931920283,0.12888597438250585,True,,0.28625701765418055,,0.0,772.9920854594448
2026-09-04,2026-09-11,put,880.0,105.22,109.06,0.0,0.0,0.0,773.17,100,107.14,3.8400000000000034,True,,7.0,0.019178082191780823,773.5852931920283,0.12888597438250585,True,,0.5130655747484634,,106.33310491158772,879.3251903710325
2026-09-04,2026-09-11,call,885.0,0.0,0.01,0.01,1.0,1437.0,773.17,100,0.005,0.01,True,,7.0,0.019178082191780823,773.5852931920283,0.1345517119181832,True,,0.2978082464897931,,0.0,772.9920854594448
2026-09-04,2026-09-11,put,885.0,110.22,114.06,0.0,0.0,0.0,773.17,100,112.14,3.8400000000000034,True,,7.0,0.019178082191780823,773.5852931920283,0.1345517119181832,True,,0.5317139272180567,,111.32927076596854,884.3213562254133
2026-09-04,2026-09-11,call,890.0,0.0,0.01,0.01,0.0,1285.0,773.17,100,0.005,0.01,True,,7.0,0.019178082191780823,773.5852931920283,0.14018552963643915,True,,0.3092585944842994,,0.0,772.9920854594448
2026-09-04,2026-09-11,put,890.0,115.22,119.06,0.0,0.0,0.0,773.17,100,117.14,3.8400000000000034,True,,7.0,0.019178082191780823,773.5852931920283,0.14018552963643915,True,,0.5501687555519628,,116.32543662034948,889.3175220797942
2026-09-04,2026-09-11,call,895.0,0.0,0.01,0.01,0.0,2371.0,773.17,100,0.005,0.01,True,,7.0,0.019178082191780823,773.5852931920283,0.14578778518510896,True,,0.3206109673635512,,0.0,772.9920854594448
2026-09-04,2026-09-11,put,895.0,120.22,124.06,0.0,0.0,0.0,773.17,100,122.14,3.8400000000000034,True,,7.0,0.019178082191780823,773.5852931920283,0.14578778518510896,True,,0.568437596476609,,121.3216024747303,894.313687934175
2026-09-04,2026-09-11,call,900.0,0.0,0.01,0.01,0.0,2336.0,773.17,100,0.005,0.01,True,,7.0,0.019178082191780823,773.5852931920283,0.15135883023456448,True,,0.33186797283023595,,0.0,772.9920854594448
2026-09-04,2026-09-11,put,900.0,125.22,129.06,0.0,0.0,0.0,773.17,100,127.14,3.8400000000000034,True,,7.0,0.019178082191780823,773.5852931920283,0.15135883023456448,True,,0.586527353419199,,126.31776832911112,899.3098537885559
2026-09-04,2026-09-11,call,905.0,0.0,0.01,0.01,0.0,37.0,773.17,100,0.005,0.01,True,,7.0,0.019178082191780823,773.5852931920283,0.15689901061017983,True,,0.3430320695754588,,0.0,772.9920854594448
2026-09-04,2026-09-11,put,905.0,130.22,134.06,0.0,0.0,0.0,773.17,100,132.14,3.8400000000000034,True,,7.0,0.019178082191780823,773.5852931920283,0.15689901061017983,True,,0.6044443686851979,,131.31393418349205,904.3060196429368
2026-09-04,2026-09-11,call,910.0,0.0,0.01,0.01,0.0,1769.0,773.17,100,0.005,0.01,True,,7.0,0.019178082191780823,773.5852931920283,0.1624086664211494,True,,0.35410556727874276,,0.0,772.9920854594448
2026-09-04,2026-09-11,put,910.0,135.22,139.06,0.0,0.0,0.0,773.17,100,137.14,3.8400000000000034,True,,7.0,0.019178082191780823,773.5852931920283,0.1624086664211494,True,,0.6221944979641225,,136.31010003787287,909.3021854973176
2026-09-04,2026-09-11,call,915.0,0.0,0.01,0.01,0.0,1273.0,773.17,100,0.005,0.01,True,,7.0,0.019178082191780823,773.5852931920283,0.16788813218577495,True,,0.36509070111382,,0.0,772.9920854594448
2026-09-04,2026-09-11,put,915.0,140.22,144.06,0.0,0.0,0.0,773.17,100,142.14,3.8400000000000034,True,,7.0,0.019178082191780823,773.5852931920283,0.16788813218577495,True,,0.6397831708654962,,141.3062658922538,914.2983513516986
2026-09-04,2026-09-11,call,920.0,0.0,0.01,0.02,0.0,2245.0,773.17,100,0.005,0.01,True,,7.0,0.019178082191780823,773.5852931920283,0.1733377369533396,True,,0.37598940823125837,,0.0,772.9920854594448
2026-09-04,2026-09-11,put,920.0,145.22,149.06,0.0,0.0,0.0,773.17,100,147.14,3.8400000000000034,True,,7.0,0.019178082191780823,773.5852931920283,0.1733377369533396,True,,0.6572154281717465,,146.30243174663462,919.2945172060794
2026-09-04,2026-09-11,call,925.0,0.0,0.01,0.01,0.0,5660.0,773.17,100,0.005,0.01,True,,7.0,0.019178082191780823,773.5852931920283,0.17875780442267894,True,,0.3868037747932077,,0.0,772.9920854594448
2026-09-04,2026-09-11,put,925.0,150.22,154.06,0.0,0.0,0.0,773.17,100,152.14,3.8400000000000034,True,,7.0,0.019178082191780823,773.5852931920283,0.17875780442267894,True,,0.6744959730609343,,151.29859760101556,924.2906830604603
2026-09-04,2026-09-11,call,930.0,0.0,0.01,0.01,0.0,2006.0,773.17,100,0.005,0.01,True,,7.0,0.019178082191780823,773.5852931920283,0.18414865305755532,True,,0.39753543992707135,,0.0,772.9920854594448
2026-09-04,2026-09-11,put,930.0,155.22,159.06,161.45,0.0,0.0,773.17,100,157.14,3.8400000000000034,True,,7.0,0.019178082191780823,773.5852931920283,0.18414865305755532,True,,0.6916292013747329,,156.29476345539638,929.2868489148411
2026-09-04,2026-09-14,call,700.0,71.67,75.95,73.96,16.0,10.0,773.17,100,73.81,4.280000000000001,True,,10.0,0.0273972602739726,773.7633442673337,-0.10018573503264304,True,,0.26604365611963005,,73.6825520034904,772.9158489038392
2026-09-04,2026-09-14,put,700.0,0.08,0.09,0.08,144.0,276.0,773.17,100,0.08499999999999999,0.009999999999999995,True,,10.0,0.0273972602739726,773.7633442673337,-0.10018573503264304,True,,0.2527554713115166,,0.0,699.2332969003488
2026-09-04,2026-09-14,call,705.0,66.67,70.5,0.0,0.0,0.0,773.17,100,68.58500000000001,3.8299999999999983,True,,10.0,0.0273972602739726,773.7633442673337,-0.093068267263779,False,below_european_lower_bound,,market_price is below the no-arbitrage lower bound.,68.68802845420214,772.9158489038392
2026-09-04,2026-09-14,put,705.0,0.09,0.1,0.13,14.0,72.0,773.17,100,0.095,0.010000000000000009,True,,10.0,0.0273972602739726,773.7633442673337,-0.093068267263779,True,,0.2401338857299129,,0.0,704.2278204496371
2026-09-04,2026-09-14,call,710.0,61.7,65.77,0.0,0.0,0.0,773.17,100,63.735,4.069999999999993,True,,10.0,0.0273972602739726,773.7633442673337,-0.0860011000406866,True,,0.203053163800536,,63.69350490491399,772.9158489038392
2026-09-04,2026-09-14,put,710.0,0.1,0.11,0.13,18.0,65.0,773.17,100,0.10500000000000001,0.009999999999999995,True,,10.0,0.0273972602739726,773.7633442673337,-0.0860011000406866,True,,0.22694113721938047,,0.0,709.2223439989252
2026-09-04,2026-09-14,call,715.0,56.67,60.82,52.65,0.0,1.0,773.17,100,58.745000000000005,4.149999999999999,True,,10.0,0.0273972602739726,773.7633442673337,-0.07898352738204,True,,0.19039509871394467,,58.69898135562573,772.9158489038392
2026-09-04,2026-09-14,put,715.0,0.11,0.12,0.12,7.0,208.0,773.17,100,0.11499999999999999,0.009999999999999995,True,,10.0,0.0273972602739726,773.7633442673337,-0.07898352738204,True,,0.21323502526961446,,0.0,714.2168675482135
2026-09-04,2026-09-14,call,720.0,51.75,56.0,44.53,0.0,4.0,773.17,100,53.875,4.25,True,,10.0,0.0273972602739726,773.7633442673337,-0.07201485806594672,True,,0.20812553028190106,,53.70445780633747,772.9158489038392
2026-09-04,2026-09-14,put,720.0,0.13,0.14,0.14,56.0,218.0,773.17,100,0.135,0.010000000000000009,True,,10.0,0.0273972602739726,773.7633442673337,-0.07201485806594672,True,,0.20121240573860852,,0.0,719.2113910975017
2026-09-04,2026-09-14,call,725.0,46.72,51.05,49.49,1.0,5.0,773.17,100,48.885,4.329999999999998,True,,10.0,0.0273972602739726,773.7633442673337,-0.06509441522137288,True,,0.19164706019558211,,48.709934257049326,772.9158489038392
2026-09-04,2026-09-14,put,725.0,0.15,0.16,0.17,87.0,1763.0,773.17,100,0.155,0.010000000000000009,True,,10.0,0.0273972602739726,773.7633442673337,-0.06509441522137288,True,,0.18818074519707562,,0.0,724.2059146467899
2026-09-04,2026-09-14,call,730.0,41.76,46.08,37.94,0.0,1.0,773.17,100,43.92,4.32,True,,10.0,0.0273972602739726,773.7633442673337,-0.0582215359336109,True,,0.17862559116429721,,43.715410707761066,772.9158489038392
2026-09-04,2026-09-14,put,730.0,0.18,0.19,0.19,407.0,403.0,773.17,100,0.185,0.010000000000000009,True,,10.0,0.0273972602739726,773.7633442673337,-0.0582215359336109,True,,0.17579196574808412,,0.0,729.2004381960782
2026-09-04,2026-09-14,call,735.0,36.82,41.18,0.0,0.0,0.0,773.17,100,39.0,4.359999999999999,True,,10.0,0.0273972602739726,773.7633442673337,-0.05139557086321098,True,,0.16958793005178416,,38.72088715847292,772.9158489038392
2026-09-04,2026-09-14,put,735.0,0.23,0.24,0.25,417.0,471.0,773.17,100,0.235,0.009999999999999981,True,,10.0,0.0273972602739726,773.7633442673337,-0.05139557086321098,True,,0.16460266176348773,,0.0,734.1949617453663
2026-09-04,2026-09-14,call,740.0,32.07,36.31,33.87,2.0,3.0,773.17,100,34.19,4.240000000000002,True,,10.0,0.0273972602739726,773.7633442673337,-0.04461588387783228,True,,0.16655100379382667,,33.72636360918466,772.9158489038392
2026-09-04,2026-09-14,put,740.0,0.3,0.31,0.32,811.0,719.0,773.17,100,0.305,0.010000000000000009,True,,10.0,0.0273972602739726,773.7633442673337,-0.04461588387783228,True,,0.1534065192788726,,0.0,739.1894852946546
2026-09-04,2026-09-14,call,745.0,27.31,29.5,28.75,10.0,14.0,773.17,100,28.405,2.1900000000000013,True,,10.0,0.0273972602739726,773.7633442673337,-0.037881851696488146,False,below_european_lower_bound,,market_price is below the no-arbitrage lower bound.,28.731840059896513,772.9158489038392
2026-09-04,2026-09-14,put,745.0,0.42,0.43,0.43,493.0,641.0,773.17,100,0.425,0.010000000000000009,True,,10.0,0.0273972602739726,773.7633442673337,-0.037881851696488146,True,,0.14358903274149218,,0.0,744.1840088439427
2026-09-04,2026-09-14,call,750.0,22.81,25.79,24.57,215.0,226.0,773.17,100,24.299999999999997,2.9800000000000004,True,,10.0,0.0273972602739726,773.7633442673337,-0.031192863545691594,True,,0.13140588144398943,,23.737316510608252,772.9158489038392
2026-09-04,2026-09-14,put,750.0,0.61,0.62,0.61,881.0,1406.0,773.17,100,0.615,0.010000000000000009,True,,10.0,0.0273972602739726,773.7633442673337,-0.031192863545691594,True,,0.13425455168623365,,0.0,749.178532393231
2026-09-04,2026-09-14,call,755.0,18.45,20.65,20.23,216.0,500.0,773.17,100,19.549999999999997,2.1999999999999993,True,,10.0,0.0273972602739726,773.7633442673337,-0.02454832082702296,True,,0.12073075197660782,,18.742792961320106,772.9158489038392
2026-09-04,2026-09-14,put,755.0,0.92,0.94,0.92,939.0,695.0,773.17,100,0.9299999999999999,0.019999999999999907,True,,10.0,0.0273972602739726,773.7633442673337,-0.02454832082702296,True,,0.12575599559438116,,0.0,754.1730559425191
2026-09-04,2026-09-14,call,760.0,14.84,15.22,15.07,847.0,612.0,773.17,100,15.030000000000001,0.3800000000000008,True,,10.0,0.0273972602739726,773.7633442673337,-0.017947636795670956,True,,0.11278965421962518,,13.748269412031846,772.9158489038392
2026-09-04,2026-09-14,put,760.0,1.43,1.45,1.43,1778.0,1325.0,773.17,100,1.44,0.020000000000000018,True,,10.0,0.0273972602739726,773.7633442673337,-0.017947636795670956,True,,0.11766236397483039,,0.0,759.1675794918074
2026-09-04,2026-09-14,call,765.0,10.68,11.05,11.0,534.0,1035.0,773.17,100,10.865,0.370000000000001,True,,10.0,0.0273972602739726,773.7633442673337,-0.011390236249511826,True,,0.10632699502347882,,8.753745862743699,772.9158489038392
2026-09-04,2026-09-14,put,765.0,2.25,2.28,2.25,1236.0,540.0,773.17,100,2.2649999999999997,0.029999999999999805,True,,10.0,0.0273972602739726,773.7633442673337,-0.011390236249511826,True,,0.1100362240644494,,0.0,764.1621030410955
2026-09-04,2026-09-14,call,770.0,7.03,7.32,7.23,1259.0,895.0,773.17,100,7.175000000000001,0.29000000000000004,True,,10.0,0.0273972602739726,773.7633442673337,-0.0048755552283181874,True,,0.09968709444718464,,3.759222313455439,772.9158489038392
2026-09-04,2026-09-14,put,770.0,3.59,3.62,3.59,1356.0,169.0,773.17,100,3.605,0.03000000000000025,True,,10.0,0.0273972602739726,773.7633442673337,-0.0048755552283181874,True,,0.1035632382754617,,0.0,769.1566265903838
2026-09-04,2026-09-14,call,775.0,4.26,4.29,4.29,2953.0,482.0,773.17,100,4.275,0.03000000000000025,True,,10.0,0.0273972602739726,773.7633442673337,0.0015969592772993296,True,,0.0952989037249135,,0.0,772.9158489038392
2026-09-04,2026-09-14,put,775.0,5.66,5.7,5.71,1548.0,118.0,773.17,100,5.68,0.040000000000000036,True,,10.0,0.0273972602739726,773.7633442673337,0.0015969592772993296,True,,0.09863778029867024,,1.2353012358327078,774.1511501396719
2026-09-04,2026-09-14,call,780.0,2.19,2.21,2.18,1640.0,384.0,773.17,100,2.2,0.020000000000000018,True,,10.0,0.0273972602739726,773.7633442673337,0.008027849607589808,True,,0.09110596863208946,,0.0,772.9158489038392
2026-09-04,2026-09-14,put,780.0,8.34,8.98,8.3,84.0,14.0,773.17,100,8.66,0.6400000000000006,True,,10.0,0.0273972602739726,773.7633442673337,0.008027849607589808,True,,0.09624265879564005,,6.229824785120968,779.1456736889602
2026-09-04,2026-09-14,call,785.0,0.96,0.98,0.98,1608.0,534.0,773.17,100,0.97,0.020000000000000018,True,,10.0,0.0273972602739726,773.7633442673337,0.014417647706360873,True,,0.0882156223917477,,0.0,772.9158489038392
2026-09-04,2026-09-14,put,785.0,12.17,12.87,12.45,5.0,0.0,773.17,100,12.52,0.6999999999999993,True,,10.0,0.0273972602739726,773.7633442673337,0.014417647706360873,True,,0.09803514836472689,,11.224348334409115,784.1401972382483
2026-09-04,2026-09-14,call,790.0,0.37,0.39,0.39,874.0,341.0,773.17,100,0.38,0.020000000000000018,True,,10.0,0.0273972602739726,773.7633442673337,0.020766875385019454,True,,0.08724081130765539,,0.0,772.9158489038392
2026-09-04,2026-09-14,put,790.0,15.22,18.91,23.35,0.0,2.0,773.17,100,17.065,3.6899999999999995,True,,10.0,0.0273972602739726,773.7633442673337,0.020766875385019454,True,,0.10797529849607362,,16.218871883697375,789.1347207875366
2026-09-04,2026-09-14,call,795.0,0.14,0.15,0.15,5821.0,3297.0,773.17,100,0.14500000000000002,0.009999999999999981,True,,10.0,0.0273972602739726,773.7633442673337,0.02707604457828423,True,,0.0885090299661778,,0.0,772.9158489038392
2026-09-04,2026-09-14,put,795.0,20.19,24.07,21.16,2.0,0.0,773.17,100,22.130000000000003,3.879999999999999,True,,10.0,0.0273972602739726,773.7633442673337,0.02707604457828423,True,,0.13328581320186628,,21.21339543298552,794.1292443368247
2026-09-04,2026-09-14,call,800.0,0.06,0.07,0.06,7281.0,148.0,773.17,100,0.065,0.010000000000000009,True,,10.0,0.0273972602739726,773.7633442673337,0.03334565759187968,True,,0.09298919857434834,,0.0,772.9158489038392
2026-09-04,2026-09-14,put,800.0,24.73,29.18,34.63,0.0,41.0,773.17,100,26.955,4.449999999999999,True,,10.0,0.0273972602739726,773.7633442673337,0.03334565759187968,True,,0.14695368718265397,,26.20791898227378,799.123767886113
2026-09-04,2026-09-14,call,805.0,0.03,0.04,0.05,460.0,22.0,773.17,100,0.035,0.010000000000000002,True,,10.0,0.0273972602739726,773.7633442673337,0.0395762073425158,True,,0.09949979166497513,,0.0,772.9158489038392
2026-09-04,2026-09-14,put,805.0,29.73,34.18,0.0,0.0,0.0,773.17,100,31.955,4.449999999999999,True,,10.0,0.0273972602739726,773.7633442673337,0.0395762073425158,True,,0.16741525878976324,,31.20244253156193,804.1182914354011
2026-09-04,2026-09-14,call,810.0,0.02,0.03,0.04,16.0,132.0,773.17,100,0.025,0.009999999999999998,True,,10.0,0.0273972602739726,773.7633442673337,0.04576817759043672,True,,0.10875994786841446,,0.0,772.9158489038392
2026-09-04,2026-09-14,put,810.0,34.73,39.14,0.0,0.0,0.0,773.17,100,36.935,4.410000000000004,True,,10.0,0.0273972602739726,773.7633442673337,0.04576817759043672,True,,0.18614527469417363,,36.19696608085019,809.1128149846894
2026-09-04,2026-09-14,call,815.0,0.02,0.03,0.02,26.0,5.0,773.17,100,0.025,0.009999999999999998,True,,10.0,0.0273972602739726,773.7633442673337,0.05192204316481504,True,,0.12163746792796677,,0.0,772.9158489038392
2026-09-04,2026-09-14,put,815.0,39.79,44.19,0.0,0.0,0.0,773.17,100,41.989999999999995,4.399999999999999,True,,10.0,0.0273972602739726,773.7633442673337,0.05192204316481504,True,,0.20876568217583313,,41.191489630138335,814.1073385339776
2026-09-04,2026-09-14,call,820.0,0.01,0.02,0.01,0.0,12.0,773.17,100,0.015,0.01,True,,10.0,0.0273972602739726,773.7633442673337,0.058038270182251175,True,,0.12742209973645047,,0.0,772.9158489038392
2026-09-04,2026-09-14,put,820.0,44.72,49.18,0.0,0.0,0.0,773.17,100,46.95,4.460000000000001,True,,10.0,0.0273972602739726,773.7633442673337,0.058038270182251175,True,,0.22531345253478754,,46.186013179426595,819.1018620832658
2026-09-04,2026-09-14,call,825.0,0.01,0.02,0.01,0.0,5.0,773.17,100,0.015,0.01,True,,10.0,0.0273972602739726,773.7633442673337,0.06411731625863341,True,,0.13935944845839265,,0.0,772.9158489038392
2026-09-04,2026-09-14,put,825.0,49.79,54.18,0.0,0.0,0.0,773.17,100,51.985,4.390000000000001,True,,10.0,0.0273972602739726,773.7633442673337,0.06411731625863341,True,,0.24619587661443007,,51.180536728714856,824.0963856325541
2026-09-04,2026-09-14,call,830.0,0.01,0.02,0.01,0.0,1006.0,773.17,100,0.015,0.01,True,,10.0,0.0273972602739726,773.7633442673337,0.07015963071459588,True,,0.15112799141911465,,0.0,772.9158489038392
2026-09-04,2026-09-14,put,830.0,54.7,59.18,0.0,0.0,0.0,773.17,100,56.94,4.479999999999997,True,,10.0,0.0273972602739726,773.7633442673337,0.07015963071459588,True,,0.26140504577311535,,56.175060278003,829.0909091818422
2026-09-04,2026-09-14,call,835.0,0.01,0.02,0.01,0.0,1.0,773.17,100,0.015,0.01,True,,10.0,0.0273972602739726,773.7633442673337,0.0761656547748078,True,,0.16273975965849247,,0.0,772.9158489038392
2026-09-04,2026-09-14,put,835.0,60.26,64.09,0.0,0.0,0.0,773.17,100,62.175,3.8300000000000054,True,,10.0,0.0273972602739726,773.7633442673337,0.0761656547748078,True,,0.29529180491593077,,61.16958382729126,834.0854327311305
2026-09-04,2026-09-14,call,840.0,0.01,0.02,0.01,76.0,2228.0,773.17,100,0.015,0.01,True,,10.0,0.0273972602739726,773.7633442673337,0.08213582176131168,True,,0.17420478322192934,,0.0,772.9158489038392
2026-09-04,2026-09-14,put,840.0,65.22,69.06,0.0,0.0,0.0,773.17,100,67.14,3.8400000000000034,True,,10.0,0.0273972602739726,773.7633442673337,0.08213582176131168,True,,0.3111704011345924,,66.16410737657941,839.0799562804186
2026-09-04,2026-09-14,call,845.0,0.0,0.01,0.01,100.0,20.0,773.17,100,0.005,0.01,True,,10.0,0.0273972602739726,773.7633442673337,0.08807055728112627,True,,0.16883429276674566,,0.0,772.9158489038392
2026-09-04,2026-09-14,put,845.0,70.22,74.06,0.0,0.0,0.0,773.17,100,72.14,3.8400000000000034,True,,10.0,0.0273972602739726,773.7633442673337,0.08807055728112627,True,,0.3290160975018795,,71.15863092586767,844.0744798297069
2026-09-04,2026-09-15,call,695.0,76.82,80.59,0.0,0.0,0.0,773.17,100,78.705,3.7700000000000102,True,,11.0,0.030136986301369864,773.8227037321593,-0.10743093684002264,False,below_european_lower_bound,,market_price is below the no-arbitrage lower bound.,78.72774183126478,772.8904383895299
2026-09-04,2026-09-15,put,695.0,0.1,0.11,0.11,47.0,79.0,773.17,100,0.10500000000000001,0.009999999999999995,True,,11.0,0.030136986301369864,773.8227037321593,-0.10743093684002264,True,,0.26309536162960256,,0.0,694.1626965582651
2026-09-04,2026-09-15,call,700.0,71.83,75.61,0.0,0.0,0.0,773.17,100,73.72,3.780000000000001,True,,11.0,0.030136986301369864,773.8227037321593,-0.10026244736141009,False,below_european_lower_bound,,market_price is below the no-arbitrage lower bound.,73.73376559703263,772.8904383895299
2026-09-04,2026-09-15,put,700.0,0.11,0.12,0.14,3.0,31.0,773.17,100,0.11499999999999999,0.009999999999999995,True,,11.0,0.030136986301369864,773.8227037321593,-0.10026244736141009,True,,0.25046397691393035,,0.0,699.1566727924973
2026-09-04,2026-09-15,call,705.0,66.81,70.6,0.0,0.0,0.0,773.17,100,68.705,3.789999999999992,True,,11.0,0.030136986301369864,773.8227037321593,-0.09314497959254611,False,below_european_lower_bound,,market_price is below the no-arbitrage lower bound.,68.73978936280048,772.8904383895299
2026-09-04,2026-09-15,put,705.0,0.12,0.13,0.26,0.0,34.0,773.17,100,0.125,0.010000000000000009,True,,11.0,0.030136986301369864,773.8227037321593,-0.09314497959254611,True,,0.23739566526524003,,0.0,704.1506490267294
2026-09-04,2026-09-15,call,710.0,61.76,65.7,0.0,0.0,0.0,773.17,100,63.730000000000004,3.940000000000005,True,,11.0,0.030136986301369864,773.8227037321593,-0.08607781236945365,False,below_european_lower_bound,,market_price is below the no-arbitrage lower bound.,63.74581312856844,772.8904383895299
2026-09-04,2026-09-15,put,710.0,0.13,0.14,0.18,2.0,19.0,773.17,100,0.135,0.010000000000000009,True,,11.0,0.030136986301369864,773.8227037321593,-0.08607781236945365,True,,0.22392486141681595,,0.0,709.1446252609614
2026-09-04,2026-09-15,call,715.0,56.8,60.69,48.22,0.0,2.0,773.17,100,58.745,3.8900000000000006,True,,11.0,0.030136986301369864,773.8227037321593,-0.0790602397108071,False,below_european_lower_bound,,market_price is below the no-arbitrage lower bound.,58.75183689433629,772.8904383895299
2026-09-04,2026-09-15,put,715.0,0.15,0.16,0.17,84.0,46.0,773.17,100,0.155,0.010000000000000009,True,,11.0,0.030136986301369864,773.8227037321593,-0.0790602397108071,True,,0.21206826766402703,,0.0,714.1386014951936
2026-09-04,2026-09-15,call,720.0,51.81,55.89,44.53,0.0,1.0,773.17,100,53.85,4.079999999999998,True,,11.0,0.030136986301369864,773.8227037321593,-0.07209157039471376,True,,0.1823047742843264,,53.75786066010414,772.8904383895299
2026-09-04,2026-09-15,put,720.0,0.17,0.18,0.31,4.0,41.0,773.17,100,0.175,0.009999999999999981,True,,11.0,0.030136986301369864,773.8227037321593,-0.07209157039471376,True,,0.19938391895499788,,0.0,719.1325777294257
2026-09-04,2026-09-15,call,725.0,46.87,50.88,40.0,0.0,7.0,773.17,100,48.875,4.010000000000005,True,,11.0,0.030136986301369864,773.8227037321593,-0.06517112755013997,True,,0.17124801817518673,,48.76388442587199,772.8904383895299
2026-09-04,2026-09-15,put,725.0,0.2,0.21,0.23,8.0,120.0,773.17,100,0.20500000000000002,0.009999999999999981,True,,11.0,0.030136986301369864,773.8227037321593,-0.06517112755013997,True,,0.18742415232450682,,0.0,724.1265539636579
2026-09-04,2026-09-15,call,730.0,41.9,46.23,44.7,2.0,0.0,773.17,100,44.065,4.329999999999998,True,,11.0,0.030136986301369864,773.8227037321593,-0.058298248262377936,True,,0.18127296638667273,,43.769908191639956,772.8904383895299
2026-09-04,2026-09-15,put,730.0,0.25,0.26,0.25,37.0,199.0,773.17,100,0.255,0.010000000000000009,True,,11.0,0.030136986301369864,773.8227037321593,-0.058298248262377936,True,,0.17679402793146043,,0.0,729.1205301978899
2026-09-04,2026-09-15,call,735.0,36.98,41.41,0.0,0.0,0.0,773.17,100,39.19499999999999,4.43,True,,11.0,0.030136986301369864,773.8227037321593,-0.051472283191978066,True,,0.17457509233072924,,38.775931957407806,772.8904383895299
2026-09-04,2026-09-15,put,735.0,0.31,0.32,0.31,80.0,385.0,773.17,100,0.315,0.010000000000000009,True,,11.0,0.030136986301369864,773.8227037321593,-0.051472283191978066,True,,0.16544613089527746,,0.0,734.1145064321221
2026-09-04,2026-09-15,call,740.0,32.27,36.5,24.58,0.0,2.0,773.17,100,34.385000000000005,4.229999999999997,True,,11.0,0.030136986301369864,773.8227037321593,-0.04469259620659931,True,,0.16820607292650863,,33.781955723175656,772.8904383895299
2026-09-04,2026-09-15,put,740.0,0.4,0.41,0.4,546.0,521.0,773.17,100,0.405,0.009999999999999953,True,,11.0,0.030136986301369864,773.8227037321593,-0.04469259620659931,True,,0.15471151794155286,,0.0,739.1084826663542
2026-09-04,2026-09-15,call,745.0,27.55,31.2,20.1,0.0,3.0,773.17,100,29.375,3.6499999999999986,True,,11.0,0.030136986301369864,773.8227037321593,-0.03795856402525523,True,,0.14719909813239723,,28.787979488943506,772.8904383895299
2026-09-04,2026-09-15,put,745.0,0.55,0.56,0.56,227.0,232.0,773.17,100,0.555,0.010000000000000009,True,,11.0,0.030136986301369864,773.8227037321593,-0.03795856402525523,True,,0.14533529820459987,,0.0,744.1024589005864
2026-09-04,2026-09-15,call,750.0,22.94,26.43,23.42,3.0,11.0,773.17,100,24.685000000000002,3.4899999999999984,True,,11.0,0.030136986301369864,773.8227037321593,-0.03126957587445861,True,,0.1410711246616847,,23.79400325471147,772.8904383895299
2026-09-04,2026-09-15,put,750.0,0.77,0.79,0.78,423.0,895.0,773.17,100,0.78,0.020000000000000018,True,,11.0,0.030136986301369864,773.8227037321593,-0.03126957587445861,True,,0.13617056982406756,,0.0,749.0964351348184
2026-09-04,2026-09-15,call,755.0,18.19,21.5,20.44,27.0,55.0,773.17,100,19.845,3.3099999999999987,True,,11.0,0.030136986301369864,773.8227037321593,-0.02462503315579003,True,,0.12443196269282258,,18.80002702047932,772.8904383895299
2026-09-04,2026-09-15,put,755.0,1.12,1.15,1.12,7932.0,22272.0,773.17,100,1.135,0.029999999999999805,True,,11.0,0.030136986301369864,773.8227037321593,-0.02462503315579003,True,,0.12764006712763015,,0.0,754.0904113690506
2026-09-04,2026-09-15,call,760.0,15.16,15.56,16.36,69.0,333.0,773.17,100,15.36,0.40000000000000036,True,,11.0,0.030136986301369864,773.8227037321593,-0.018024349124437972,True,,0.11574136248562364,,13.80605078624717,772.8904383895299
2026-09-04,2026-09-15,put,760.0,1.69,1.7,1.68,806.0,1376.0,773.17,100,1.6949999999999998,0.010000000000000009,True,,11.0,0.030136986301369864,773.8227037321593,-0.018024349124437972,True,,0.1196654041346434,,0.0,759.0843876032827
2026-09-04,2026-09-15,call,765.0,11.04,11.45,11.15,205.0,660.0,773.17,100,11.245,0.41000000000000014,True,,11.0,0.030136986301369864,773.8227037321593,-0.011466948578278895,True,,0.10909236538581128,,8.81207455201502,772.8904383895299
2026-09-04,2026-09-15,put,765.0,2.55,2.57,2.57,1292.0,470.0,773.17,100,2.5599999999999996,0.020000000000000018,True,,11.0,0.030136986301369864,773.8227037321593,-0.011466948578278895,True,,0.11194711432514054,,0.0,764.0783638375149
2026-09-04,2026-09-15,call,770.0,7.53,7.71,7.65,656.0,735.0,773.17,100,7.62,0.17999999999999972,True,,11.0,0.030136986301369864,773.8227037321593,-0.004952267557085196,True,,0.10303330368517907,,3.818098317782983,772.8904383895299
2026-09-04,2026-09-15,put,770.0,3.91,3.94,3.91,1274.0,39.0,773.17,100,3.925,0.029999999999999805,True,,11.0,0.030136986301369864,773.8227037321593,-0.004952267557085196,True,,0.10542681394318101,,0.0,769.0723400717469
2026-09-04,2026-09-15,call,775.0,4.64,4.67,4.74,1260.0,479.0,773.17,100,4.654999999999999,0.03000000000000025,True,,11.0,0.030136986301369864,773.8227037321593,0.0015202469485321567,True,,0.09748194057412331,,0.0,772.8904383895299
2026-09-04,2026-09-15,put,775.0,5.98,6.01,5.97,230.0,60.0,773.17,100,5.995,0.02999999999999936,True,,11.0,0.030136986301369864,773.8227037321593,0.0015202469485321567,True,,0.10055785207936904,,1.175877916449167,774.0663163059791
2026-09-04,2026-09-15,call,780.0,2.51,2.53,2.48,2239.0,179.0,773.17,100,2.5199999999999996,0.020000000000000018,True,,11.0,0.030136986301369864,773.8227037321593,0.007951137278822585,True,,0.09327118927911011,,0.0,772.8904383895299
2026-09-04,2026-09-15,put,780.0,8.56,9.22,8.57,16.0,12.0,773.17,100,8.89,0.6600000000000001,True,,11.0,0.030136986301369864,773.8227037321593,0.007951137278822585,True,,0.09745114206144291,,6.169854150681317,779.0602925402112
2026-09-04,2026-09-15,call,785.0,1.18,1.2,1.18,645.0,354.0,773.17,100,1.19,0.020000000000000018,True,,11.0,0.030136986301369864,773.8227037321593,0.0143409353775936,True,,0.09022680810814544,,0.0,772.8904383895299
2026-09-04,2026-09-15,put,785.0,12.29,13.01,12.66,66.0,1.0,773.17,100,12.649999999999999,0.7200000000000006,True,,11.0,0.030136986301369864,773.8227037321593,0.0143409353775936,True,,0.09829671331925853,,11.163830384913467,784.0542687744434
2026-09-04,2026-09-15,call,790.0,0.49,0.51,0.5,593.0,119.0,773.17,100,0.5,0.020000000000000018,True,,11.0,0.030136986301369864,773.8227037321593,0.020690163056252348,True,,0.08876539897706882,,0.0,772.8904383895299
2026-09-04,2026-09-15,put,790.0,15.23,19.07,0.0,0.0,0.0,773.17,100,17.15,3.84,True,,11.0,0.030136986301369864,773.8227037321593,0.020690163056252348,True,,0.10781470759244458,,16.157806619145617,789.0482450086755
2026-09-04,2026-09-15,call,795.0,0.2,0.21,0.21,6007.0,284.0,773.17,100,0.20500000000000002,0.009999999999999981,True,,11.0,0.030136986301369864,773.8227037321593,0.026999332249517075,True,,0.08967252803860934,,0.0,772.8904383895299
2026-09-04,2026-09-15,put,795.0,20.22,24.06,0.0,0.0,0.0,773.17,100,22.14,3.84,True,,11.0,0.030136986301369864,773.8227037321593,0.026999332249517075,True,,0.1295823201212094,,21.151782853377654,794.0422212429075
2026-09-04,2026-09-15,call,800.0,0.08,0.09,0.1,177.0,173.0,773.17,100,0.08499999999999999,0.009999999999999995,True,,11.0,0.030136986301369864,773.8227037321593,0.03326894526311247,True,,0.09199020583538818,,0.0,772.8904383895299
2026-09-04,2026-09-15,put,800.0,24.79,29.14,0.0,0.0,0.0,773.17,100,26.965,4.350000000000001,True,,11.0,0.030136986301369864,773.8227037321593,0.03326894526311247,True,,0.14319215549395778,,26.145759087609804,799.0361974771397
2026-09-04,2026-09-15,call,805.0,0.04,0.05,0.05,70.0,0.0,773.17,100,0.045,0.010000000000000002,True,,11.0,0.030136986301369864,773.8227037321593,0.039499495013748546,True,,0.09770866419112721,,0.0,772.8904383895299
2026-09-04,2026-09-15,put,805.0,29.73,34.14,0.0,0.0,0.0,773.17,100,31.935000000000002,4.41,True,,11.0,0.030136986301369864,773.8227037321593,0.039499495013748546,True,,0.16152956316526199,,31.139735321841954,804.0301737113718
2026-09-04,2026-09-15,call,810.0,0.03,0.04,0.04,27.0,1.0,773.17,100,0.035,0.010000000000000002,True,,11.0,0.030136986301369864,773.8227037321593,0.04569146526166963,True,,0.10762205627995435,,0.0,772.8904383895299
2026-09-04,2026-09-15,put,810.0,34.7,39.14,0.0,0.0,0.0,773.17,100,36.92,4.439999999999998,True,,11.0,0.030136986301369864,773.8227037321593,0.04569146526166963,True,,0.17986748943804184,,36.133711556074104,809.024149945604
2026-09-04,2026-09-15,call,815.0,0.02,0.03,0.03,30.0,0.0,773.17,100,0.025,0.009999999999999998,True,,11.0,0.030136986301369864,773.8227037321593,0.05184533083604789,True,,0.1158250131653764,,0.0,772.8904383895299
2026-09-04,2026-09-15,put,815.0,39.7,44.18,0.0,0.0,0.0,773.17,100,41.94,4.479999999999997,True,,11.0,0.030136986301369864,773.8227037321593,0.05184533083604789,True,,0.19959877514863886,,41.12768779030614,814.018126179836
2026-09-04,2026-09-15,call,820.0,0.02,0.03,0.0,0.0,0.0,773.17,100,0.025,0.009999999999999998,True,,11.0,0.030136986301369864,773.8227037321593,0.05796155785348398,True,,0.1278949105672516,,0.0,772.8904383895299
2026-09-04,2026-09-15,put,820.0,44.7,49.14,0.0,0.0,0.0,773.17,100,46.92,4.439999999999998,True,,11.0,0.030136986301369864,773.8227037321593,0.05796155785348398,True,,0.21667600627556144,,46.12166402453829,819.0121024140682
2026-09-04,2026-09-15,call,825.0,0.01,0.02,0.02,10.0,0.0,773.17,100,0.015,0.01,True,,11.0,0.030136986301369864,773.8227037321593,0.06404060392986617,True,,0.13273141758277687,,0.0,772.8904383895299
2026-09-04,2026-09-15,put,825.0,49.7,54.18,0.0,0.0,0.0,773.17,100,51.94,4.479999999999997,True,,11.0,0.030136986301369864,773.8227037321593,0.06404060392986617,True,,0.23575397763223704,,51.11564025877044,824.0060786483003
2026-09-04,2026-09-15,call,830.0,0.01,0.02,0.0,0.0,0.0,773.17,100,0.015,0.01,True,,11.0,0.030136986301369864,773.8227037321593,0.0700829183858288,True,,0.14395341787042568,,0.0,772.8904383895299
2026-09-04,2026-09-15,put,830.0,54.7,59.14,0.0,0.0,0.0,773.17,100,56.92,4.439999999999998,True,,11.0,0.030136986301369864,773.8227037321593,0.0700829183858288,True,,0.25203075676342407,,56.10961649300259,829.0000548825325
2026-09-04,2026-09-15,call,835.0,0.01,0.02,0.0,0.0,0.0,773.17,100,0.015,0.01,True,,11.0,0.030136986301369864,773.8227037321593,0.07608894244604067,True,,0.15502583833199815,,0.0,772.8904383895299
2026-09-04,2026-09-15,put,835.0,59.7,64.14,0.0,0.0,0.0,773.17,100,61.92,4.439999999999998,True,,11.0,0.030136986301369864,773.8227037321593,0.07608894244604067,True,,0.2692540639924269,,61.10359272723463,833.9940311167645
2026-09-04,2026-09-15,call,840.0,0.01,0.02,0.0,0.0,0.0,773.17,100,0.015,0.01,True,,11.0,0.030136986301369864,773.8227037321593,0.08205910943254449,True,,0.16595823313549604,,0.0,772.8904383895299
2026-09-04,2026-09-15,put,840.0,65.22,69.06,0.0,0.0,0.0,773.17,100,67.14,3.8400000000000034,True,,11.0,0.030136986301369864,773.8227037321593,0.08205910943254449,True,,0.3006543700259782,,66.09756896146678,838.9880073509967
