snapshot_date,expiry,option_type,strike,bid,ask,last,volume,open_interest,spot,multiplier,mid,spread,quote_valid,invalid_reason,time_to_expiry_days,time_to_expiry,forward,log_moneyness,no_arbitrage_pass,arbitrage_note,iv,iv_error,arb_lower_bound,arb_upper_bound,quality,butterfly_ok
2026-09-04,2026-09-08,call,670.0,102.45,103.81,95.89,0.0,1.0,773.17,100,103.13,1.3599999999999994,True,,4.0,0.010958904109589,773.4072830881462,-0.1435280837184332,False,below_european_lower_bound,,market_price is below the no-arbitrage lower bound.,103.3619638018822,773.0683295346428,good,True
2026-09-04,2026-09-08,put,670.0,0.0,0.01,0.01,15.0,22.0,773.17,100,0.005,0.01,True,,4.0,0.010958904109589,773.4072830881462,-0.1435280837184332,True,,0.4226167714090645,,0.0,669.7063657327606,good,True
2026-09-04,2026-09-08,put,675.0,0.01,0.02,0.02,0.0,426.0,773.17,100,0.015,0.01,True,,4.0,0.010958904109589,773.4072830881462,-0.1360931052309152,True,,0.4402426809078307,,0.0,674.7041744322587,good,False
2026-09-04,2026-09-08,put,680.0,0.01,0.02,0.03,0.0,9260.0,773.17,100,0.015,0.01,True,,4.0,0.010958904109589,773.4072830881462,-0.1287129979332926,True,,0.4182965903668777,,0.0,679.701983131757,good,True
2026-09-04,2026-09-08,put,685.0,0.01,0.02,0.02,0.0,5672.0,773.17,100,0.015,0.01,True,,4.0,0.010958904109589,773.4072830881462,-0.1213869578412197,True,,0.3964302210223675,,0.0,684.6997918312552,good,True
2026-09-04,2026-09-08,call,690.0,82.47,83.82,71.42,0.0,4.0,773.17,100,83.145,1.3499999999999943,True,,4.0,0.010958904109589,773.4072830881462,-0.1141141985121399,False,below_european_lower_bound,,market_price is below the no-arbitrage lower bound.,83.37072900388944,773.0683295346428,good,True
2026-09-04,2026-09-08,put,690.0,0.01,0.02,0.01,16.0,228.0,773.17,100,0.015,0.01,True,,4.0,0.010958904109589,773.4072830881462,-0.1141141985121399,True,,0.3746364948241486,,0.0,689.6976005307533,good,True
2026-09-04,2026-09-08,call,695.0,77.47,78.83,67.26,0.0,8.0,773.17,100,78.15,1.3599999999999994,True,,4.0,0.010958904109589,773.4072830881462,-0.1068939505386529,False,below_european_lower_bound,,market_price is below the no-arbitrage lower bound.,78.37292030439119,773.0683295346428,good,False
2026-09-04,2026-09-08,put,695.0,0.01,0.02,0.02,4.0,174.0,773.17,100,0.015,0.01,True,,4.0,0.010958904109589,773.4072830881462,-0.1068939505386529,True,,0.3529077749286369,,0.0,694.6954092302516,good,True
2026-09-04,2026-09-08,call,700.0,72.52,73.77,73.64,7.0,22.0,773.17,100,73.145,1.25,True,,4.0,0.010958904109589,773.4072830881462,-0.0997254610600403,False,below_european_lower_bound,,market_price is below the no-arbitrage lower bound.,73.37511160489294,773.0683295346428,good,True
2026-09-04,2026-09-08,put,700.0,0.01,0.02,0.02,77.0,405.0,773.17,100,0.015,0.01,True,,4.0,0.010958904109589,773.4072830881462,-0.0997254610600403,True,,0.3312355676756501,,0.0,699.6932179297498,good,True
2026-09-04,2026-09-08,call,705.0,67.48,68.83,64.37,1.0,3.0,773.17,100,68.155,1.3499999999999943,True,,4.0,0.010958904109589,773.4072830881462,-0.0926079932911764,False,below_european_lower_bound,,market_price is below the no-arbitrage lower bound.,68.3773029053948,773.0683295346428,good,False
2026-09-04,2026-09-08,put,705.0,0.01,0.02,0.02,69.0,200.0,773.17,100,0.015,0.01,True,,4.0,0.010958904109589,773.4072830881462,-0.0926079932911764,True,,0.309610485335514,,0.0,704.691026629248,good,True
2026-09-04,2026-09-08,call,710.0,62.48,63.84,63.69,5.0,9.0,773.17,100,63.16,1.3600000000000063,True,,4.0,0.010958904109589,773.4072830881462,-0.0855408260680839,False,below_european_lower_bound,,market_price is below the no-arbitrage lower bound.,63.37949420589655,773.0683295346428,good,False
2026-09-04,2026-09-08,put,710.0,0.01,0.02,0.02,42.0,2239.0,773.17,100,0.015,0.01,True,,4.0,0.010958904109589,773.4072830881462,-0.0855408260680839,True,,0.2880219926251963,,0.0,709.6888353287462,good,True
2026-09-04,2026-09-08,call,715.0,57.53,58.78,58.91,41.0,41.0,773.17,100,58.155,1.25,True,,4.0,0.010958904109589,773.4072830881462,-0.0785232534094374,False,below_european_lower_bound,,market_price is below the no-arbitrage lower bound.,58.3816855063983,773.0683295346428,good,True
2026-09-04,2026-09-08,put,715.0,0.02,0.03,0.03,34.0,143.0,773.17,100,0.025,0.0099999999999999,True,,4.0,0.010958904109589,773.4072830881462,-0.0785232534094374,True,,0.2803016958668101,,0.0,714.6866440282445,good,False
2026-09-04,2026-09-08,call,718.0,54.49,55.85,55.83,1.0,6.0,773.17,100,55.17,1.3599999999999994,True,,4.0,0.010958904109589,773.4072830881462,-0.0743362270552208,False,below_european_lower_bound,,market_price is below the no-arbitrage lower bound.,55.38300028669937,773.0683295346428,good,False
2026-09-04,2026-09-08,put,718.0,0.02,0.03,0.03,4.0,32.0,773.17,100,0.025,0.0099999999999999,True,,4.0,0.010958904109589,773.4072830881462,-0.0743362270552208,True,,0.2668075091867556,,0.0,717.6853292479434,good,True
2026-09-04,2026-09-08,call,719.0,53.49,54.85,46.92,0.0,7.0,773.17,100,54.17,1.3599999999999994,True,,4.0,0.010958904109589,773.4072830881462,-0.0729444383823984,False,below_european_lower_bound,,market_price is below the no-arbitrage lower bound.,54.383438546799766,773.0683295346428,good,False
2026-09-04,2026-09-08,put,719.0,0.02,0.03,0.03,4.0,11.0,773.17,100,0.025,0.0099999999999999,True,,4.0,0.010958904109589,773.4072830881462,-0.0729444383823984,True,,0.2623088950644054,,0.0,718.684890987843,good,True
2026-09-04,2026-09-08,call,720.0,52.54,53.79,53.67,9.0,13.0,773.17,100,53.165,1.25,True,,4.0,0.010958904109589,773.4072830881462,-0.071554584093344,False,below_european_lower_bound,,market_price is below the no-arbitrage lower bound.,53.38387680690016,773.0683295346428,good,True
2026-09-04,2026-09-08,put,720.0,0.02,0.03,0.03,21.0,137.0,773.17,100,0.025,0.0099999999999999,True,,4.0,0.010958904109589,773.4072830881462,-0.071554584093344,True,,0.2578097619331743,,0.0,719.6844527277426,good,True
2026-09-04,2026-09-08,call,721.0,51.49,52.85,41.79,0.0,3.0,773.17,100,52.17,1.3599999999999994,True,,4.0,0.010958904109589,773.4072830881462,-0.070166658818496,False,below_european_lower_bound,,market_price is below the no-arbitrage lower bound.,52.38431506700044,773.0683295346428,good,False
2026-09-04,2026-09-08,put,721.0,0.02,0.03,0.03,21.0,6.0,773.17,100,0.025,0.0099999999999999,True,,4.0,0.010958904109589,773.4072830881462,-0.070166658818496,True,,0.2533099482428005,,0.0,720.6840144676423,good,True
2026-09-04,2026-09-08,call,722.0,50.49,51.85,43.72,0.0,7.0,773.17,100,51.17,1.3599999999999994,True,,4.0,0.010958904109589,773.4072830881462,-0.0687806572106188,False,below_european_lower_bound,,market_price is below the no-arbitrage lower bound.,51.38475332710084,773.0683295346428,good,True
2026-09-04,2026-09-08,put,722.0,0.02,0.03,0.03,20.0,62.0,773.17,100,0.025,0.0099999999999999,True,,4.0,0.010958904109589,773.4072830881462,-0.0687806572106188,True,,0.248809285523251,,0.0,721.6835762075419,good,True
2026-09-04,2026-09-08,call,723.0,49.5,50.85,38.96,0.0,18.0,773.17,100,50.175,1.3500000000000014,True,,4.0,0.010958904109589,773.4072830881462,-0.0673965739446804,False,below_european_lower_bound,,market_price is below the no-arbitrage lower bound.,50.385191587201234,773.0683295346428,good,False
2026-09-04,2026-09-08,put,723.0,0.02,0.03,0.04,11.0,18.0,773.17,100,0.025,0.0099999999999999,True,,4.0,0.010958904109589,773.4072830881462,-0.0673965739446804,True,,0.2443076160597865,,0.0,722.6831379474415,good,True
2026-09-04,2026-09-08,call,724.0,48.5,49.85,40.99,0.0,8.0,773.17,100,49.175,1.3500000000000014,True,,4.0,0.010958904109589,773.4072830881462,-0.0660144037177286,False,below_european_lower_bound,,market_price is below the no-arbitrage lower bound.,49.38562984730152,773.0683295346428,good,True
2026-09-04,2026-09-08,put,724.0,0.02,0.03,0.03,155.0,37.0,773.17,100,0.025,0.0099999999999999,True,,4.0,0.010958904109589,773.4072830881462,-0.0660144037177286,True,,0.2398047305909412,,0.0,723.6826996873413,good,True
2026-09-04,2026-09-08,call,725.0,47.5,48.85,41.09,0.0,6.0,773.17,100,48.175,1.3500000000000014,True,,4.0,0.010958904109589,773.4072830881462,-0.0646341412487703,False,below_european_lower_bound,,market_price is below the no-arbitrage lower bound.,48.38606810740191,773.0683295346428,good,True
2026-09-04,2026-09-08,put,725.0,0.03,0.04,0.03,167.0,145.0,773.17,100,0.035,0.01,True,,4.0,0.010958904109589,773.4072830881462,-0.0646341412487703,True,,0.2441128623276156,,0.0,724.6822614272409,good,False
2026-09-04,2026-09-08,call,726.0,46.55,47.86,47.72,2.0,9.0,773.17,100,47.205,1.3100000000000025,True,,4.0,0.010958904109589,773.4072830881462,-0.0632557812786489,False,below_european_lower_bound,,market_price is below the no-arbitrage lower bound.,47.38650636750231,773.0683295346428,good,False
2026-09-04,2026-09-08,put,726.0,0.03,0.04,0.04,17.0,95.0,773.17,100,0.035,0.01,True,,4.0,0.010958904109589,773.4072830881462,-0.0632557812786489,True,,0.2394687502947588,,0.0,725.6818231671405,good,True
2026-09-04,2026-09-08,call,727.0,45.5,46.86,38.03,0.0,36.0,773.17,100,46.18,1.3599999999999994,True,,4.0,0.010958904109589,773.4072830881462,-0.0618793185699257,False,below_european_lower_bound,,market_price is below the no-arbitrage lower bound.,46.38694462760259,773.0683295346428,good,True
2026-09-04,2026-09-08,put,727.0,0.03,0.04,0.03,1.0,306.0,773.17,100,0.035,0.01,True,,4.0,0.010958904109589,773.4072830881462,-0.0618793185699257,True,,0.2348224371444127,,0.0,726.6813849070402,good,True
2026-09-04,2026-09-08,call,728.0,44.55,45.8,45.96,4.0,9.0,773.17,100,45.175,1.25,True,,4.0,0.010958904109589,773.4072830881462,-0.060504747906759,False,below_european_lower_bound,,market_price is below the no-arbitrage lower bound.,45.38738288770298,773.0683295346428,good,True
2026-09-04,2026-09-08,put,728.0,0.03,0.04,0.03,25.0,361.0,773.17,100,0.035,0.01,True,,4.0,0.010958904109589,773.4072830881462,-0.060504747906759,True,,0.2301736799827127,,0.0,727.6809466469398,good,True
2026-09-04,2026-09-08,call,729.0,43.51,44.86,36.03,0.0,78.0,773.17,100,44.185,1.3500000000000014,True,,4.0,0.010958904109589,773.4072830881462,-0.0591320640947869,False,below_european_lower_bound,,market_price is below the no-arbitrage lower bound.,44.38782114780338,773.0683295346428,good,True
2026-09-04,2026-09-08,put,729.0,0.03,0.04,0.03,341.0,237.0,773.17,100,0.035,0.01,True,,4.0,0.010958904109589,773.4072830881462,-0.0591320640947869,True,,0.2255222538010497,,0.0,728.6805083868394,good,True
2026-09-04,2026-09-08,call,730.0,42.86,43.68,43.89,6.0,104.0,773.17,100,43.27,0.8200000000000003,True,,4.0,0.010958904109589,773.4072830881462,-0.0577612619610082,False,below_european_lower_bound,,market_price is below the no-arbitrage lower bound.,43.38825940790366,773.0683295346428,good,False
2026-09-04,2026-09-08,put,730.0,0.03,0.04,0.04,252.0,448.0,773.17,100,0.035,0.01,True,,4.0,0.010958904109589,773.4072830881462,-0.0577612619610082,True,,0.2208679073728175,,0.0,729.6800701267391,good,True
2026-09-04,2026-09-08,call,731.0,41.51,42.86,35.26,0.0,90.0,773.17,100,42.185,1.3500000000000014,True,,4.0,0.010958904109589,773.4072830881462,-0.0563923363536664,False,below_european_lower_bound,,market_price is below the no-arbitrage lower bound.,42.388697668004056,773.0683295346428,good,True
2026-09-04,2026-09-08,put,731.0,0.03,0.04,0.04,18.0,222.0,773.17,100,0.035,0.01,True,,4.0,0.010958904109589,773.4072830881462,-0.0563923363536664,True,,0.2162103656508919,,0.0,730.6796318666387,good,True
2026-09-04,2026-09-08,call,732.0,40.56,41.8,41.89,2.0,12.0,773.17,100,41.18,1.2399999999999949,True,,4.0,0.010958904109589,773.4072830881462,-0.0550252821421334,False,below_european_lower_bound,,market_price is below the no-arbitrage lower bound.,41.38913592810445,773.0683295346428,good,True
2026-09-04,2026-09-08,put,732.0,0.03,0.04,0.05,47.0,157.0,773.17,100,0.035,0.01,True,,4.0,0.010958904109589,773.4072830881462,-0.0550252821421334,True,,0.2115493642361043,,0.0,731.6791936065383,good,True
2026-09-04,2026-09-08,call,733.0,39.51,40.87,32.99,0.0,9.0,773.17,100,40.19,1.3599999999999994,True,,4.0,0.010958904109589,773.4072830881462,-0.0536600942167935,False,below_european_lower_bound,,market_price is below the no-arbitrage lower bound.,40.38957418820473,773.0683295346428,good,False
2026-09-04,2026-09-08,put,733.0,0.03,0.04,0.04,33.0,436.0,773.17,100,0.035,0.01,True,,4.0,0.010958904109589,773.4072830881462,-0.0536600942167935,True,,0.206884609947298,,0.0,732.678755346438,good,True
2026-09-04,2026-09-08,call,734.0,38.57,39.81,39.8,2.0,53.0,773.17,100,39.19,1.240000000000002,True,,4.0,0.010958904109589,773.4072830881462,-0.0522967674889294,False,below_european_lower_bound,,market_price is below the no-arbitrage lower bound.,39.39001244830513,773.0683295346428,good,False
2026-09-04,2026-09-08,put,734.0,0.04,0.05,0.04,250.0,815.0,773.17,100,0.045,0.01,True,,4.0,0.010958904109589,773.4072830881462,-0.0522967674889294,True,,0.2083539359812672,,0.0,733.6783170863376,good,False
2026-09-04,2026-09-08,call,735.0,37.52,38.81,38.89,6.0,56.0,773.17,100,38.165000000000006,1.2899999999999991,True,,4.0,0.010958904109589,773.4072830881462,-0.0509352968906083,False,below_european_lower_bound,,market_price is below the no-arbitrage lower bound.,38.39045070840552,773.0683295346428,good,True
2026-09-04,2026-09-08,put,735.0,0.04,0.05,0.04,186.0,986.0,773.17,100,0.045,0.01,True,,4.0,0.010958904109589,773.4072830881462,-0.0509352968906083,True,,0.2035665354293169,,0.0,734.6778788262372,good,True
2026-09-04,2026-09-08,call,736.0,36.57,37.87,28.82,0.0,35.0,773.17,100,37.22,1.2999999999999972,True,,4.0,0.010958904109589,773.4072830881462,-0.0495756773745688,False,below_european_lower_bound,,market_price is below the no-arbitrage lower bound.,37.390888968505806,773.0683295346428,good,False
2026-09-04,2026-09-08,put,736.0,0.04,0.05,0.05,101.0,1781.0,773.17,100,0.045,0.01,True,,4.0,0.010958904109589,773.4072830881462,-0.0495756773745688,True,,0.1987738988901432,,0.0,735.677440566137,good,True
2026-09-04,2026-09-08,call,737.0,35.57,36.81,32.5,1.0,13.0,773.17,100,36.19,1.240000000000002,True,,4.0,0.010958904109589,773.4072830881462,-0.0482179039141084,False,below_european_lower_bound,,market_price is below the no-arbitrage lower bound.,36.3913272286062,773.0683295346428,good,True
2026-09-04,2026-09-08,put,737.0,0.04,0.05,0.04,5159.0,482.0,773.17,100,0.045,0.01,True,,4.0,0.010958904109589,773.4072830881462,-0.0482179039141084,True,,0.193975637763375,,0.0,736.6770023060366,good,True
2026-09-04,2026-09-08,call,738.0,34.58,35.81,26.81,0.0,10.0,773.17,100,35.195,1.230000000000004,True,,4.0,0.010958904109589,773.4072830881462,-0.0468619715029725,False,below_european_lower_bound,,market_price is below the no-arbitrage lower bound.,35.3917654887066,773.0683295346428,good,False
2026-09-04,2026-09-08,put,738.0,0.04,0.05,0.05,138.0,769.0,773.17,100,0.045,0.01,True,,4.0,0.010958904109589,773.4072830881462,-0.0468619715029725,True,,0.1891713438007471,,0.0,737.6765640459362,good,True
2026-09-04,2026-09-08,call,739.0,33.58,34.81,34.98,12.0,7.0,773.17,100,34.195,1.230000000000004,True,,4.0,0.010958904109589,773.4072830881462,-0.0455078751552432,False,below_european_lower_bound,,market_price is below the no-arbitrage lower bound.,34.39220374880688,773.0683295346428,good,True
2026-09-04,2026-09-08,put,739.0,0.04,0.05,0.05,307.0,849.0,773.17,100,0.045,0.01,True,,4.0,0.010958904109589,773.4072830881462,-0.0455078751552432,True,,0.1843605842188707,,0.0,738.6761257858359,good,True
2026-09-04,2026-09-08,call,740.0,32.58,33.82,33.93,420.0,7.0,773.17,100,33.2,1.240000000000002,True,,4.0,0.010958904109589,773.4072830881462,-0.0441556099052296,False,below_european_lower_bound,,market_price is below the no-arbitrage lower bound.,33.39264200890727,773.0683295346428,good,True
2026-09-04,2026-09-08,put,740.0,0.05,0.06,0.04,3360.0,1250.0,773.17,100,0.055,0.0099999999999999,True,,4.0,0.010958904109589,773.4072830881462,-0.0441556099052296,True,,0.1842029499440718,,0.0,739.6756875257355,good,False
2026-09-04,2026-09-08,call,741.0,31.59,32.82,32.69,576.0,16.0,773.17,100,32.205,1.2300000000000004,True,,4.0,0.010958904109589,773.4072830881462,-0.0428051708073581,False,below_european_lower_bound,,market_price is below the no-arbitrage lower bound.,32.39308026900767,773.0683295346428,good,False
2026-09-04,2026-09-08,put,741.0,0.05,0.06,0.05,83.0,539.0,773.17,100,0.055,0.0099999999999999,True,,4.0,0.010958904109589,773.4072830881462,-0.0428051708073581,True,,0.1792785999966079,,0.0,740.6752492656351,good,True
2026-09-04,2026-09-08,call,742.0,30.59,31.82,31.66,237.0,20.0,773.17,100,31.205,1.2300000000000004,True,,4.0,0.010958904109589,773.4072830881462,-0.0414565529360646,False,below_european_lower_bound,,market_price is below the no-arbitrage lower bound.,31.39351852910795,773.0683295346428,good,True
2026-09-04,2026-09-08,put,742.0,0.05,0.06,0.06,162.0,594.0,773.17,100,0.055,0.0099999999999999,True,,4.0,0.010958904109589,773.4072830881462,-0.0414565529360646,True,,0.1743457158927027,,0.0,741.6748110055348,good,True
2026-09-04,2026-09-08,call,743.0,29.6,30.82,30.62,567.0,82.0,773.17,100,30.21,1.2199999999999989,True,,4.0,0.010958904109589,773.4072830881462,-0.0401097513856858,False,below_european_lower_bound,,market_price is below the no-arbitrage lower bound.,30.393956789208342,773.0683295346428,good,True
2026-09-04,2026-09-08,put,743.0,0.06,0.07,0.07,64.0,914.0,773.17,100,0.065,0.01,True,,4.0,0.010958904109589,773.4072830881462,-0.0401097513856858,True,,0.173255014359366,,0.0,742.6743727454344,good,False
2026-09-04,2026-09-08,call,744.0,28.6,29.83,29.67,405.0,16.0,773.17,100,29.215,1.2299999999999969,True,,4.0,0.010958904109589,773.4072830881462,-0.0387647612703532,False,below_european_lower_bound,,market_price is below the no-arbitrage lower bound.,29.39439504930874,773.0683295346428,good,True
2026-09-04,2026-09-08,put,744.0,0.06,0.07,0.07,141.0,1203.0,773.17,100,0.065,0.01,True,,4.0,0.010958904109589,773.4072830881462,-0.0387647612703532,True,,0.1682151085926866,,0.0,743.673934485334,good,True
2026-09-04,2026-09-08,call,745.0,27.61,28.83,28.06,829.0,112.0,773.17,100,28.22,1.2199999999999989,True,,4.0,0.010958904109589,773.4072830881462,-0.0374215777238855,False,below_european_lower_bound,,market_price is below the no-arbitrage lower bound.,28.394833309409023,773.0683295346428,good,False
2026-09-04,2026-09-08,put,745.0,0.06,0.07,0.07,1473.0,1507.0,773.17,100,0.065,0.01,True,,4.0,0.010958904109589,773.4072830881462,-0.0374215777238855,True,,0.163164137143064,,0.0,744.6734962252337,good,True
2026-09-04,2026-09-08,call,746.0,26.61,27.83,27.14,246.0,14.0,773.17,100,27.22,1.2199999999999989,True,,4.0,0.010958904109589,773.4072830881462,-0.0360801958996842,False,below_european_lower_bound,,market_price is below the no-arbitrage lower bound.,27.39527156950942,773.0683295346428,good,True
2026-09-04,2026-09-08,put,746.0,0.07,0.08,0.07,1406.0,600.0,773.17,100,0.075,0.0099999999999999,True,,4.0,0.010958904109589,773.4072830881462,-0.0360801958996842,True,,0.1613366871986794,,0.0,745.6730579651334,good,False
2026-09-04,2026-09-08,call,747.0,25.62,26.84,27.26,86.0,59.0,773.17,100,26.23,1.2199999999999989,True,,4.0,0.010958904109589,773.4072830881462,-0.0347406109706277,False,below_european_lower_bound,,market_price is below the no-arbitrage lower bound.,26.39570982960981,773.0683295346428,good,False
2026-09-04,2026-09-08,put,747.0,0.07,0.08,0.07,680.0,488.0,773.17,100,0.075,0.0099999999999999,True,,4.0,0.010958904109589,773.4072830881462,-0.0347406109706277,True,,0.1561809043259454,,0.0,746.672619705033,good,True
2026-09-04,2026-09-08,call,748.0,24.63,25.84,26.21,394.0,96.0,773.17,100,25.235,1.2100000000000009,True,,4.0,0.010958904109589,773.4072830881462,-0.0334028181289678,False,below_european_lower_bound,,market_price is below the no-arbitrage lower bound.,25.396148089710096,773.0683295346428,good,True
2026-09-04,2026-09-08,put,748.0,0.08,0.09,0.09,303.0,1085.0,773.17,100,0.0849999999999999,0.0099999999999999,True,,4.0,0.010958904109589,773.4072830881462,-0.0334028181289678,True,,0.1538283287355352,,0.0,747.6721814449327,good,False
2026-09-04,2026-09-08,call,749.0,23.64,24.85,24.0,514.0,97.0,773.17,100,24.245,1.2100000000000009,True,,4.0,0.010958904109589,773.4072830881462,-0.0320668125862255,False,below_european_lower_bound,,market_price is below the no-arbitrage lower bound.,24.39658634981049,773.0683295346428,good,True
2026-09-04,2026-09-08,put,749.0,0.08,0.09,0.08,315.0,862.0,773.17,100,0.0849999999999999,0.0099999999999999,True,,4.0,0.010958904109589,773.4072830881462,-0.0320668125862255,True,,0.148569042925426,,0.0,748.6717431848323,good,True
2026-09-04,2026-09-08,call,750.0,22.94,23.73,23.34,1368.0,243.0,773.17,100,23.335,0.7899999999999991,True,,4.0,0.010958904109589,773.4072830881462,-0.0307325895730889,False,below_european_lower_bound,,market_price is below the no-arbitrage lower bound.,23.397024609910886,773.0683295346428,good,False
2026-09-04,2026-09-08,put,750.0,0.09,0.1,0.09,4883.0,860.0,773.17,100,0.095,0.01,True,,4.0,0.010958904109589,773.4072830881462,-0.0307325895730889,True,,0.145767634967464,,0.0,749.6713049247319,good,True
2026-09-04,2026-09-08,call,751.0,21.94,22.74,22.16,892.0,432.0,773.17,100,22.34,0.7999999999999972,True,,4.0,0.010958904109589,773.4072830881462,-0.0294001443393102,False,below_european_lower_bound,,market_price is below the no-arbitrage lower bound.,22.397462870011168,773.0683295346428,good,True
2026-09-04,2026-09-08,put,751.0,0.1,0.11,0.1,637.0,550.0,773.17,100,0.105,0.0099999999999999,True,,4.0,0.010958904109589,773.4072830881462,-0.0294001443393102,True,,0.1426549712752985,,0.0,750.6708666646316,good,True
2026-09-04,2026-09-08,call,752.0,20.95,21.75,21.35,856.0,304.0,773.17,100,21.35,0.8000000000000007,True,,4.0,0.010958904109589,773.4072830881462,-0.0280694721536052,False,below_european_lower_bound,,market_price is below the no-arbitrage lower bound.,21.397901130111563,773.0683295346428,good,False
2026-09-04,2026-09-08,put,752.0,0.11,0.12,0.12,639.0,581.0,773.17,100,0.1149999999999999,0.0099999999999999,True,,4.0,0.010958904109589,773.4072830881462,-0.0280694721536052,True,,0.1392667801498635,,0.0,751.6704284045312,good,True
2026-09-04,2026-09-08,call,753.0,19.96,20.75,20.68,257.0,296.0,773.17,100,20.355,0.7899999999999991,True,,4.0,0.010958904109589,773.4072830881462,-0.0267405683035514,False,below_european_lower_bound,,market_price is below the no-arbitrage lower bound.,20.39833939021196,773.0683295346428,good,True
2026-09-04,2026-09-08,put,753.0,0.12,0.13,0.13,1565.0,923.0,773.17,100,0.125,0.01,True,,4.0,0.010958904109589,773.4072830881462,-0.0267405683035514,True,,0.1356300239496815,,0.0,752.6699901444308,good,True
2026-09-04,2026-09-08,call,754.0,19.0,19.77,19.39,631.0,340.0,773.17,100,19.385,0.7699999999999996,True,,4.0,0.010958904109589,773.4072830881462,-0.025413428095489,False,below_european_lower_bound,,market_price is below the no-arbitrage lower bound.,19.39877765031224,773.0683295346428,good,False
2026-09-04,2026-09-08,put,754.0,0.14,0.15,0.14,677.0,927.0,773.17,100,0.145,0.0099999999999999,True,,4.0,0.010958904109589,773.4072830881462,-0.025413428095489,True,,0.1334414033882951,,0.0,753.6695518843305,good,False
2026-09-04,2026-09-08,call,755.0,17.99,18.75,18.37,1518.0,311.0,773.17,100,18.37,0.7600000000000016,True,,4.0,0.010958904109589,773.4072830881462,-0.0240880468544203,False,below_european_lower_bound,,market_price is below the no-arbitrage lower bound.,18.39921591041264,773.0683295346428,good,True
2026-09-04,2026-09-08,put,755.0,0.15,0.16,0.17,2090.0,1413.0,773.17,100,0.155,0.01,True,,4.0,0.010958904109589,773.4072830881462,-0.0240880468544203,True,,0.1292474159656217,,0.0,754.6691136242301,good,True
2026-09-04,2026-09-08,call,756.0,17.04,17.8,17.77,2533.0,244.0,773.17,100,17.42,0.7600000000000016,True,,4.0,0.010958904109589,773.4072830881462,-0.022764419923912,True,,0.0909512578555674,,17.39965417051303,773.0683295346428,good,False
2026-09-04,2026-09-08,put,756.0,0.18,0.19,0.17,877.0,1033.0,773.17,100,0.185,0.01,True,,4.0,0.010958904109589,773.4072830881462,-0.022764419923912,True,,0.1276264534793608,,0.0,755.6686753641297,good,False
2026-09-04,2026-09-08,call,757.0,16.05,16.81,16.46,1695.0,178.0,773.17,100,16.43,0.759999999999998,True,,4.0,0.010958904109589,773.4072830881462,-0.0214425426659962,True,,0.0906547030685165,,16.400092430613313,773.0683295346428,good,True
2026-09-04,2026-09-08,put,757.0,0.2,0.21,0.2,541.0,656.0,773.17,100,0.205,0.0099999999999999,True,,4.0,0.010958904109589,773.4072830881462,-0.0214425426659962,True,,0.1241253124348174,,0.0,756.6682371040295,good,True
2026-09-04,2026-09-08,call,758.0,15.07,15.83,15.85,2930.0,254.0,773.17,100,15.45,0.7599999999999998,True,,4.0,0.010958904109589,773.4072830881462,-0.0201224104610734,True,,0.0921024306433906,,15.400530690713708,773.0683295346428,good,True
2026-09-04,2026-09-08,put,758.0,0.23,0.24,0.24,1518.0,670.0,773.17,100,0.235,0.0099999999999999,True,,4.0,0.010958904109589,773.4072830881462,-0.0201224104610734,True,,0.1213912294426793,,0.0,757.6677988439291,good,True
2026-09-04,2026-09-08,call,759.0,14.13,14.84,14.91,1274.0,207.0,773.17,100,14.485,0.7099999999999991,True,,4.0,0.010958904109589,773.4072830881462,-0.0188040187078151,True,,0.0945864760454336,,14.400968950814104,773.0683295346428,good,False
2026-09-04,2026-09-08,put,759.0,0.26,0.27,0.27,2258.0,1210.0,773.17,100,0.265,0.01,True,,4.0,0.010958904109589,773.4072830881462,-0.0188040187078151,True,,0.1181507710849061,,0.0,758.6673605838287,good,True
2026-09-04,2026-09-08,call,760.0,13.26,13.65,13.33,2919.0,401.0,773.17,100,13.455,0.3900000000000005,True,,4.0,0.010958904109589,773.4072830881462,-0.0174873628230683,True,,0.0827476867982135,,13.401407210914384,773.0683295346428,good,True
2026-09-04,2026-09-08,put,760.0,0.31,0.32,0.32,6351.0,1687.0,773.17,100,0.315,0.01,True,,4.0,0.010958904109589,773.4072830881462,-0.0174873628230683,True,,0.1162448791768158,,0.0,759.6669223237284,good,True
2026-09-04,2026-09-08,call,761.0,12.23,12.69,12.46,2354.0,716.0,773.17,100,12.46,0.4599999999999991,True,,4.0,0.010958904109589,773.4072830881462,-0.0161724382417591,True,,0.0784742702625569,,12.40184547101478,773.0683295346428,good,True
2026-09-04,2026-09-08,put,761.0,0.36,0.37,0.37,4661.0,1551.0,773.17,100,0.365,0.01,True,,4.0,0.010958904109589,773.4072830881462,-0.0161724382417591,True,,0.1135982573729709,,0.0,760.666484063628,good,True
2026-09-04,2026-09-08,call,762.0,11.29,11.79,11.6,1766.0,733.0,773.17,100,11.54,0.5,True,,4.0,0.010958904109589,773.4072830881462,-0.0148592404167988,True,,0.0854245389031033,,11.402283731115176,773.0683295346428,good,True
2026-09-04,2026-09-08,put,762.0,0.42,0.43,0.42,2293.0,1045.0,773.17,100,0.425,0.01,True,,4.0,0.010958904109589,773.4072830881462,-0.0148592404167988,True,,0.1110264095880443,,0.0,761.6660458035276,good,True
2026-09-04,2026-09-08,call,763.0,10.45,10.86,10.37,1162.0,785.0,773.17,100,10.655,0.4100000000000001,True,,4.0,0.010958904109589,773.4072830881462,-0.013547764818988,True,,0.0907312421210804,,10.402721991215458,773.0683295346428,good,False
2026-09-04,2026-09-08,put,763.0,0.49,0.5,0.5,3471.0,807.0,773.17,100,0.495,0.01,True,,4.0,0.010958904109589,773.4072830881462,-0.013547764818988,True,,0.1083985089632009,,0.0,762.6656075434273,good,True
2026-09-04,2026-09-08,call,764.0,9.49,9.93,9.85,2922.0,1606.0,773.17,100,9.71,0.4399999999999995,True,,4.0,0.010958904109589,773.4072830881462,-0.0122380069369245,True,,0.0882696504298748,,9.403160251315851,773.0683295346428,good,True
2026-09-04,2026-09-08,put,764.0,0.58,0.59,0.59,3314.0,935.0,773.17,100,0.585,0.01,True,,4.0,0.010958904109589,773.4072830881462,-0.0122380069369245,True,,0.1061860319935388,,0.0,763.6651692833269,good,True
2026-09-04,2026-09-08,call,765.0,8.67,9.0,8.78,2304.0,1668.0,773.17,100,8.835,0.33,True,,4.0,0.010958904109589,773.4072830881462,-0.0109299622769091,True,,0.0894239256079832,,8.403598511416249,773.0683295346428,good,True
2026-09-04,2026-09-08,put,765.0,0.69,0.7,0.69,8620.0,1723.0,773.17,100,0.695,0.01,True,,4.0,0.010958904109589,773.4072830881462,-0.0109299622769091,True,,0.1041440775414309,,0.0,764.6647310232265,good,True
2026-09-04,2026-09-08,call,766.0,7.82,8.12,7.92,3549.0,1141.0,773.17,100,7.97,0.2999999999999989,True,,4.0,0.010958904109589,773.4072830881462,-0.0096236263628537,True,,0.0892787133783113,,7.40403677151653,773.0683295346428,good,True
2026-09-04,2026-09-08,put,766.0,0.81,0.83,0.82,4799.0,890.0,773.17,100,0.8200000000000001,0.0199999999999999,True,,4.0,0.010958904109589,773.4072830881462,-0.0096236263628537,True,,0.1018539778888761,,0.0,765.6642927631262,good,True
2026-09-04,2026-09-08,call,767.0,6.99,7.27,7.17,5024.0,951.0,773.17,100,7.13,0.2799999999999993,True,,4.0,0.010958904109589,773.4072830881462,-0.0083189947361888,True,,0.0888018097096328,,6.404475031616926,773.0683295346428,good,True
2026-09-04,2026-09-08,put,767.0,0.97,0.98,0.96,6330.0,741.0,773.17,100,0.975,0.01,True,,4.0,0.010958904109589,773.4072830881462,-0.0083189947361888,True,,0.0998760392951623,,0.0,766.6638545030258,good,True
2026-09-04,2026-09-08,call,768.0,6.19,6.44,6.35,5287.0,687.0,773.17,100,6.315,0.25,True,,4.0,0.010958904109589,773.4072830881462,-0.0070160629557729,True,,0.0879063050716988,,5.404913291717321,773.0683295346428,good,True
2026-09-04,2026-09-08,put,768.0,1.14,1.16,1.16,9555.0,325.0,773.17,100,1.15,0.02,True,,4.0,0.010958904109589,773.4072830881462,-0.0070160629557729,True,,0.0975937618350782,,0.0,767.6634162429255,good,True
2026-09-04,2026-09-08,call,769.0,5.44,5.6,5.41,4753.0,1277.0,773.17,100,5.52,0.1599999999999992,True,,4.0,0.010958904109589,773.4072830881462,-0.005714826597801,True,,0.086336747433623,,4.405351551817603,773.0683295346428,good,True
2026-09-04,2026-09-08,put,769.0,1.36,1.38,1.36,5660.0,351.0,773.17,100,1.37,0.0199999999999997,True,,4.0,0.010958904109589,773.4072830881462,-0.005714826597801,True,,0.0958331870092322,,0.0,768.6629779828252,good,True
2026-09-04,2026-09-08,call,770.0,4.74,4.85,4.8,7489.0,6447.0,773.17,100,4.795,0.1099999999999994,True,,4.0,0.010958904109589,773.4072830881462,-0.0044152812557155,True,,0.0858249070729324,,3.405789811917998,773.0683295346428,good,True
2026-09-04,2026-09-08,put,770.0,1.62,1.64,1.63,11896.0,1217.0,773.17,100,1.63,0.0199999999999997,True,,4.0,0.010958904109589,773.4072830881462,-0.0044152812557155,True,,0.0941689716545331,,0.0,769.6625397227248,good,True
2026-09-04,2026-09-08,call,771.0,4.05,4.15,4.1,3540.0,1105.0,773.17,100,4.1,0.1000000000000005,True,,4.0,0.010958904109589,773.4072830881462,-0.0031174225401155,True,,0.0846838877681771,,2.40622807201828,773.0683295346428,good,True
2026-09-04,2026-09-08,put,771.0,1.93,1.94,1.92,6118.0,354.0,773.17,100,1.935,0.01,True,,4.0,0.010958904109589,773.4072830881462,-0.0031174225401155,True,,0.0926025522520598,,0.0,770.6621014626245,good,True
2026-09-04,2026-09-08,call,772.0,3.41,3.5,3.45,4009.0,1225.0,773.17,100,3.455,0.0899999999999998,True,,4.0,0.010958904109589,773.4072830881462,-0.0018212460786689,True,,0.0835004342475299,,1.4066663321186752,773.0683295346428,good,True
2026-09-04,2026-09-08,put,772.0,2.28,2.3,2.28,6580.0,329.0,773.17,100,2.29,0.02,True,,4.0,0.010958904109589,773.4072830881462,-0.0018212460786689,True,,0.091143021949352,,0.0,771.6616632025241,good,True
2026-09-04,2026-09-08,call,773.0,2.86,2.88,2.85,6841.0,1036.0,773.17,100,2.87,0.02,True,,4.0,0.010958904109589,773.4072830881462,-0.000526747516023,True,,0.0824574089043246,,0.4071045922190706,773.0683295346428,good,True
2026-09-04,2026-09-08,put,773.0,2.69,2.71,2.68,7365.0,158.0,773.17,100,2.7,0.02,True,,4.0,0.010958904109589,773.4072830881462,-0.000526747516023,True,,0.0898159140945187,,0.0,772.6612249424237,good,True
2026-09-04,2026-09-08,call,774.0,2.33,2.35,2.33,5750.0,846.0,773.17,100,2.34,0.02,True,,4.0,0.010958904109589,773.4072830881462,0.0007660774862821,True,,0.0812927030912747,,0.0,773.0683295346428,good,True
2026-09-04,2026-09-08,put,774.0,3.16,3.18,3.18,3627.0,325.0,773.17,100,3.17,0.02,True,,4.0,0.010958904109589,773.4072830881462,0.0007660774862821,True,,0.0886748310385571,,0.5924571476806477,773.6607866823234,good,True
2026-09-04,2026-09-08,call,775.0,1.87,1.89,1.88,12913.0,2305.0,773.17,100,1.88,0.0199999999999997,True,,4.0,0.010958904109589,773.4072830881462,0.0020572332499019,True,,0.080410562355771,,0.0,773.0683295346428,good,True
2026-09-04,2026-09-08,put,775.0,3.62,3.73,3.69,1824.0,287.0,773.17,100,3.675,0.1099999999999998,True,,4.0,0.010958904109589,773.4072830881462,0.0020572332499019,True,,0.0868672067557463,,1.5920188875802523,774.660348422223,good,True
2026-09-04,2026-09-08,call,776.0,1.47,1.48,1.46,3676.0,880.0,773.17,100,1.475,0.01,True,,4.0,0.010958904109589,773.4072830881462,0.0033467240797736,True,,0.079320689049874,,0.0,773.0683295346428,good,True
2026-09-04,2026-09-08,put,776.0,4.21,4.43,4.29,1640.0,404.0,773.17,100,4.32,0.2199999999999997,True,,4.0,0.010958904109589,773.4072830881462,0.0033467240797736,True,,0.0877537625093019,,2.591580627479857,775.6599101621226,good,True
2026-09-04,2026-09-08,call,777.0,1.13,1.15,1.13,3921.0,1615.0,773.17,100,1.14,0.02,True,,4.0,0.010958904109589,773.4072830881462,0.0046345542642022,True,,0.0785597574605019,,0.0,773.0683295346428,good,True
2026-09-04,2026-09-08,put,777.0,4.89,5.07,5.02,3477.0,1.0,773.17,100,4.98,0.1800000000000006,True,,4.0,0.010958904109589,773.4072830881462,0.0046345542642022,True,,0.0874289783210836,,3.591142367379576,776.6594719020223,good,True
2026-09-04,2026-09-08,call,778.0,0.86,0.87,0.86,4456.0,2018.0,773.17,100,0.865,0.01,True,,4.0,0.010958904109589,773.4072830881462,0.0059207280749466,True,,0.0779294722935343,,0.0,773.0683295346428,good,True
2026-09-04,2026-09-08,put,778.0,5.58,5.78,5.69,2787.0,0.0,773.17,100,5.68,0.2000000000000001,True,,4.0,0.010958904109589,773.4072830881462,0.0059207280749466,True,,0.0867051651175643,,4.59070410727918,777.659033641922,good,True
2026-09-04,2026-09-08,call,779.0,0.63,0.65,0.65,4323.0,2712.0,773.17,100,0.64,0.02,True,,4.0,0.010958904109589,773.4072830881462,0.0072052497673032,True,,0.0772216329822391,,0.0,773.0683295346428,good,True
2026-09-04,2026-09-08,put,779.0,6.35,6.63,6.37,3733.0,37.0,773.17,100,6.49,0.2800000000000002,True,,4.0,0.010958904109589,773.4072830881462,0.0072052497673032,True,,0.0885516232922663,,5.5902658471787845,778.6585953818216,good,True
2026-09-04,2026-09-08,call,780.0,0.46,0.47,0.47,11890.0,2905.0,773.17,100,0.4649999999999999,0.0099999999999999,True,,4.0,0.010958904109589,773.4072830881462,0.0084881235801923,True,,0.0766860938712819,,0.0,773.0683295346428,good,True
2026-09-04,2026-09-08,put,780.0,7.13,7.48,7.33,3134.0,44.0,773.17,100,7.305,0.3500000000000005,True,,4.0,0.010958904109589,773.4072830881462,0.0084881235801923,True,,0.0891547155846593,,6.589827587078503,779.6581571217213,good,True
2026-09-04,2026-09-08,call,781.0,0.33,0.34,0.34,5283.0,708.0,773.17,100,0.335,0.01,True,,4.0,0.010958904109589,773.4072830881462,0.0097693537362408,True,,0.0764981445320626,,0.0,773.0683295346428,good,True
2026-09-04,2026-09-08,put,781.0,7.86,8.56,8.09,1346.0,1.0,773.17,100,8.21,0.7000000000000002,True,,4.0,0.010958904109589,773.4072830881462,0.0097693537362408,True,,0.0927253595889419,,7.589389326978107,780.6577188616209,good,True
2026-09-04,2026-09-08,call,782.0,0.24,0.25,0.25,2873.0,707.0,773.17,100,0.245,0.01,True,,4.0,0.010958904109589,773.4072830881462,0.011048944441866,True,,0.0770008242163447,,0.0,773.0683295346428,good,True
2026-09-04,2026-09-08,put,782.0,8.81,9.52,8.82,1637.0,0.0,773.17,100,9.165,0.7099999999999991,True,,4.0,0.010958904109589,773.4072830881462,0.011048944441866,True,,0.0981900093703501,,8.588951066877712,781.6572806015205,good,True
2026-09-04,2026-09-08,call,783.0,0.17,0.18,0.17,5505.0,1188.0,773.17,100,0.175,0.0099999999999999,True,,4.0,0.010958904109589,773.4072830881462,0.012326899887358,True,,0.0773115646744265,,0.0,773.0683295346428,good,True
2026-09-04,2026-09-08,put,783.0,9.63,10.77,9.67,150.0,0.0,773.17,100,10.2,1.1399999999999988,True,,4.0,0.010958904109589,773.4072830881462,0.012326899887358,True,,0.1077973219663527,,9.58851280677743,782.6568423414202,good,False
2026-09-04,2026-09-08,call,784.0,0.12,0.13,0.13,2040.0,890.0,773.17,100,0.125,0.01,True,,4.0,0.010958904109589,773.4072830881462,0.0136032242469627,True,,0.0778489162014003,,0.0,773.0683295346428,good,True
2026-09-04,2026-09-08,put,784.0,10.61,11.8,11.2,271.0,0.0,773.17,100,11.205,1.1900000000000013,True,,4.0,0.010958904109589,773.4072830881462,0.0136032242469627,True,,0.1156454037651699,,10.588074546677037,783.6564040813198,good,True
2026-09-04,2026-09-08,call,785.0,0.08,0.09,0.09,1357.0,744.0,773.17,100,0.0849999999999999,0.0099999999999999,True,,4.0,0.010958904109589,773.4072830881462,0.0148779216789632,True,,0.0778598286368287,,0.0,773.0683295346428,good,True
2026-09-04,2026-09-08,put,785.0,11.99,12.76,12.2,1365.0,0.0,773.17,100,12.375,0.7699999999999996,True,,4.0,0.010958904109589,773.4072830881462,0.0148779216789632,True,,0.132775223191473,,11.58763628657664,784.6559658212194,good,False
2026-09-04,2026-09-08,call,786.0,0.06,0.07,0.07,531.0,293.0,773.17,100,0.065,0.01,True,,4.0,0.010958904109589,773.4072830881462,0.0161509963257615,True,,0.0796071290507659,,0.0,773.0683295346428,good,True
2026-09-04,2026-09-08,put,786.0,12.57,13.77,12.31,18.0,0.0,773.17,100,13.17,1.1999999999999993,True,,4.0,0.010958904109589,773.4072830881462,0.0161509963257615,True,,0.1282104970166646,,12.587198026476358,785.6555275611191,good,True
2026-09-04,2026-09-08,call,787.0,0.05,0.06,0.06,1703.0,1545.0,773.17,100,0.055,0.0099999999999999,True,,4.0,0.010958904109589,773.4072830881462,0.0174224523139581,True,,0.0825968361379718,,0.0,773.0683295346428,good,True
2026-09-04,2026-09-08,put,787.0,13.56,14.78,13.54,164.0,0.0,773.17,100,14.17,1.2199999999999989,True,,4.0,0.010958904109589,773.4072830881462,0.0174224523139581,True,,0.1353542161977316,,13.586759766375962,786.6550893010187,good,True
2026-09-04,2026-09-08,call,788.0,0.04,0.05,0.05,753.0,465.0,773.17,100,0.045,0.01,True,,4.0,0.010958904109589,773.4072830881462,0.018692293754434,True,,0.0850478620382853,,0.0,773.0683295346428,good,True
2026-09-04,2026-09-08,put,788.0,14.56,15.84,14.46,319.0,0.0,773.17,100,15.2,1.2799999999999994,True,,4.0,0.010958904109589,773.4072830881462,0.018692293754434,True,,0.1444013465430979,,14.586321506275567,787.6546510409183,good,False
2026-09-04,2026-09-08,call,789.0,0.03,0.04,0.04,621.0,805.0,773.17,100,0.035,0.01,True,,4.0,0.010958904109589,773.4072830881462,0.019960524742429,True,,0.0867995770068649,,0.0,773.0683295346428,good,True
2026-09-04,2026-09-08,put,789.0,15.55,16.79,15.78,86.0,0.0,773.17,100,16.17,1.2399999999999984,True,,4.0,0.010958904109589,773.4072830881462,0.019960524742429,True,,0.149363822592942,,15.585883246175284,788.654212780818,good,True
2026-09-04,2026-09-08,call,790.0,0.02,0.03,0.03,1099.0,2136.0,773.17,100,0.025,0.0099999999999999,True,,4.0,0.010958904109589,773.4072830881462,0.0212271493576221,True,,0.0875447716628863,,0.0,773.0683295346428,good,True
2026-09-04,2026-09-08,put,790.0,16.5,17.85,16.09,451.0,0.0,773.17,100,17.175,1.3500000000000014,True,,4.0,0.010958904109589,773.4072830881462,0.0212271493576221,True,,0.1565994186891255,,16.58544498607489,789.6537745207177,good,False
2026-09-04,2026-09-08,call,791.0,0.02,0.03,0.03,298.0,571.0,773.17,100,0.025,0.0099999999999999,True,,4.0,0.010958904109589,773.4072830881462,0.0224921716642088,True,,0.0920737183137541,,0.0,773.0683295346428,good,True
2026-09-04,2026-09-08,put,791.0,17.54,18.8,17.75,140.0,0.0,773.17,100,18.17,1.2600000000000016,True,,4.0,0.010958904109589,773.4072830881462,0.0224921716642088,True,,0.1630502241611464,,17.585006725974495,790.6533362606173,good,True
2026-09-04,2026-09-08,call,792.0,0.02,0.03,0.03,297.0,691.0,773.17,100,0.025,0.0099999999999999,True,,4.0,0.010958904109589,773.4072830881462,0.0237555957109807,True,,0.0965709970552965,,0.0,773.0683295346428,good,True
2026-09-04,2026-09-08,put,792.0,18.54,19.81,18.26,886.0,0.0,773.17,100,19.175,1.2699999999999996,True,,4.0,0.010958904109589,773.4072830881462,0.0237555957109807,True,,0.1701595454459538,,18.584568465874213,791.652898000517,good,False
2026-09-04,2026-09-08,call,793.0,0.02,0.03,0.02,143.0,81.0,773.17,100,0.025,0.0099999999999999,True,,4.0,0.010958904109589,773.4072830881462,0.025017425531403,True,,0.1010383870155986,,0.0,773.0683295346428,good,False
2026-09-04,2026-09-08,call,794.0,0.01,0.02,0.02,165.0,144.0,773.17,100,0.015,0.01,True,,4.0,0.010958904109589,773.4072830881462,0.0262776651436907,True,,0.0993270737867419,,0.0,773.0683295346428,good,True
2026-09-04,2026-09-08,call,795.0,0.01,0.02,0.02,15.0,454.0,773.17,100,0.015,0.01,True,,4.0,0.010958904109589,773.4072830881462,0.0275363185508868,True,,0.1035331455852621,,0.0,773.0683295346428,good,True
2026-09-04,2026-09-08,call,796.0,0.01,0.02,0.01,42.0,343.0,773.17,100,0.015,0.01,True,,4.0,0.010958904109589,773.4072830881462,0.0287933897409379,True,,0.1077160876778117,,0.0,773.0683295346428,good,True
2026-09-04,2026-09-08,call,797.0,0.01,0.02,0.01,1.0,75.0,773.17,100,0.015,0.01,True,,4.0,0.010958904109589,773.4072830881462,0.03004888268677,True,,0.1118769160658585,,0.0,773.0683295346428,good,True
2026-09-04,2026-09-08,call,798.0,0.01,0.02,0.01,245.0,35.0,773.17,100,0.015,0.01,True,,4.0,0.010958904109589,773.4072830881462,0.0313028013463637,True,,0.1160165293650802,,0.0,773.0683295346428,good,True
2026-09-04,2026-09-08,put,798.0,24.53,25.86,29.28,2.0,0.0,773.17,100,25.195,1.3299999999999983,True,,4.0,0.010958904109589,773.4072830881462,0.0313028013463637,True,,0.2110597923593548,,24.581938905272068,797.6502684399148,good,False
2026-09-04,2026-09-08,call,799.0,0.01,0.02,0.01,19.0,263.0,773.17,100,0.015,0.01,True,,4.0,0.010958904109589,773.4072830881462,0.0325551496628296,True,,0.120135775079723,,0.0,773.0683295346428,good,True
2026-09-04,2026-09-08,put,799.0,25.48,26.81,26.17,1.0,0.0,773.17,100,26.145,1.3299999999999983,True,,4.0,0.010958904109589,773.4072830881462,0.0325551496628296,True,,0.2131232242194588,,25.58150064517168,798.6498301798144,good,True
2026-09-04,2026-09-08,call,800.0,0.01,0.02,0.01,15.0,500.0,773.17,100,0.015,0.01,True,,4.0,0.010958904109589,773.4072830881462,0.0338059315644821,True,,0.1242354153114325,,0.0,773.0683295346428,good,True
2026-09-04,2026-09-08,put,800.0,26.53,27.81,27.04,25.0,1.0,773.17,100,27.17,1.2799999999999976,True,,4.0,0.010958904109589,773.4072830881462,0.0338059315644821,True,,0.2216134791680012,,26.58106238507128,799.649391919714,good,False
2026-09-04,2026-09-08,call,801.0,0.01,0.02,0.01,0.0,14.0,773.17,100,0.015,0.01,True,,4.0,0.010958904109589,773.4072830881462,0.0350551509649142,True,,0.1283161503758165,,0.0,773.0683295346428,good,True
2026-09-04,2026-09-08,put,801.0,27.48,28.81,28.15,1.0,1.0,773.17,100,28.145,1.3299999999999983,True,,4.0,0.010958904109589,773.4072830881462,0.0350551509649142,True,,0.2256110592325546,,27.580624124971,800.6489536596138,good,True
2026-09-04,2026-09-08,call,802.0,0.01,0.02,0.01,11.0,20.0,773.17,100,0.015,0.01,True,,4.0,0.010958904109589,773.4072830881462,0.0363028117630694,True,,0.1323786257936274,,0.0,773.0683295346428,good,True
2026-09-04,2026-09-08,call,803.0,0.01,0.02,0.01,17.0,1.0,773.17,100,0.015,0.01,True,,4.0,0.010958904109589,773.4072830881462,0.0375489178433166,True,,0.1364234383069744,,0.0,773.0683295346428,good,True
2026-09-04,2026-09-08,put,803.0,29.53,30.81,29.88,1.0,1.0,773.17,100,30.17,1.2799999999999976,True,,4.0,0.010958904109589,773.4072830881462,0.0375489178433166,True,,0.2402779763973507,,29.579747604770205,802.648077139413,good,False
2026-09-04,2026-09-08,call,804.0,0.01,0.02,0.01,0.0,1.0,773.17,100,0.015,0.01,True,,4.0,0.010958904109589,773.4072830881462,0.0387934730755212,True,,0.1404511410988161,,0.0,773.0683295346428,good,True
2026-09-04,2026-09-08,call,805.0,0.01,0.02,0.02,5.0,50.0,773.17,100,0.015,0.01,True,,4.0,0.010958904109589,773.4072830881462,0.0400364813151184,True,,0.1444622483350017,,0.0,773.0683295346428,good,True
2026-09-04,2026-09-08,call,806.0,0.01,0.02,0.01,1236.0,0.0,773.17,100,0.015,0.01,True,,4.0,0.010958904109589,773.4072830881462,0.0412779464031832,True,,0.1484572391216588,,0.0,773.0683295346428,good,True
2026-09-04,2026-09-08,call,807.0,0.01,0.02,0.01,16.0,0.0,773.17,100,0.015,0.01,True,,4.0,0.010958904109589,773.4072830881462,0.0425178721665037,True,,0.1524365637523886,,0.0,773.0683295346428,good,True
2026-09-04,2026-09-08,put,807.0,33.53,34.81,37.28,2.0,0.0,773.17,100,34.17,1.2800000000000011,True,,4.0,0.010958904109589,773.4072830881462,0.0425178721665037,True,,0.2646382205441939,,33.57799456436885,806.6463240990116,good,True
2026-09-04,2026-09-08,call,808.0,0.01,0.02,0.01,1014.0,34.0,773.17,100,0.015,0.01,True,,4.0,0.010958904109589,773.4072830881462,0.0437562624176502,True,,0.1564006333057265,,0.0,773.0683295346428,good,True
2026-09-04,2026-09-08,call,809.0,0.01,0.02,0.01,341.0,1.0,773.17,100,0.015,0.01,True,,4.0,0.010958904109589,773.4072830881462,0.0449931209550467,True,,0.1603498475976552,,0.0,773.0683295346428,good,False
2026-09-04,2026-09-08,call,810.0,0.0,0.01,0.01,25.0,24.0,773.17,100,0.005,0.01,True,,4.0,0.010958904109589,773.4072830881462,0.0462284515630394,True,,0.1481032410405492,,0.0,773.0683295346428,good,True
2026-09-04,2026-09-08,put,810.0,36.48,37.86,36.23,25.0,0.0,773.17,100,37.17,1.3800000000000026,True,,4.0,0.010958904109589,773.4072830881462,0.0462284515630394,True,,0.2825582511292507,,36.57667978406778,809.6450093187105,good,True
2026-09-04,2026-09-08,call,815.0,0.0,0.01,0.01,0.0,344.0,773.17,100,0.005,0.01,True,,4.0,0.010958904109589,773.4072830881462,0.0523823171374176,True,,0.1659740974572759,,0.0,773.0683295346428,good,True
2026-09-04,2026-09-08,call,820.0,0.0,0.01,0.01,0.0,128.0,773.17,100,0.005,0.01,True,,4.0,0.010958904109589,773.4072830881462,0.0584985441548536,True,,0.1835763013243642,,0.0,773.0683295346428,good,True
2026-09-04,2026-09-08,call,825.0,0.0,0.01,0.01,0.0,50.0,773.17,100,0.005,0.01,True,,4.0,0.010958904109589,773.4072830881462,0.064577590231236,True,,0.2009328135929163,,0.0,773.0683295346428,good,True
2026-09-04,2026-09-08,call,830.0,0.0,0.01,0.02,0.0,1.0,773.17,100,0.005,0.01,True,,4.0,0.010958904109589,773.4072830881462,0.0706199046871985,True,,0.2180619976571056,,0.0,773.0683295346428,good,True
2026-09-04,2026-09-08,call,835.0,0.0,0.01,0.01,160.0,160.0,773.17,100,0.005,0.01,True,,4.0,0.010958904109589,773.4072830881462,0.0766259287474104,True,,0.2349789887981683,,0.0,773.0683295346428,good,True
2026-09-04,2026-09-08,call,840.0,0.0,0.01,0.01,1.0,21.0,773.17,100,0.005,0.01,True,,4.0,0.010958904109589,773.4072830881462,0.0825960957339141,True,,0.2516964385543107,,0.0,773.0683295346428,good,True
2026-09-04,2026-09-08,call,875.0,0.0,0.01,0.02,0.0,593.0,773.17,100,0.005,0.01,True,,4.0,0.010958904109589,773.4072830881462,0.1234180902541693,True,,0.3638850484027565,,0.0,773.0683295346428,good,True
2026-09-04,2026-09-08,call,880.0,0.0,0.01,0.01,0.0,1.0,773.17,100,0.005,0.01,True,,4.0,0.010958904109589,773.4072830881462,0.1291161113688071,True,,0.3793011906442344,,0.0,773.0683295346428,good,True
2026-09-04,2026-09-09,call,670.0,102.51,103.87,101.98,0.0,1.0,773.17,100,103.19,1.3599999999999994,True,,5.0,0.0136986301369863,773.4666152376419,-0.1436047960472004,False,below_european_lower_bound,,market_price is below the no-arbitrage lower bound.,103.40993673167122,773.042914007354,good,True
2026-09-04,2026-09-09,put,670.0,0.01,0.02,0.03,0.0,40.0,773.17,100,0.015,0.01,True,,5.0,0.0136986301369863,773.4666152376419,-0.1436047960472004,True,,0.4136755176874622,,0.0,669.6329772756828,good,True
2026-09-04,2026-09-09,call,675.0,97.52,98.88,91.69,0.0,3.0,773.17,100,98.2,1.3599999999999994,True,,5.0,0.0136986301369863,773.4666152376419,-0.1361698175596823,False,below_european_lower_bound,,market_price is below the no-arbitrage lower bound.,98.41267570722584,773.042914007354,good,False
2026-09-04,2026-09-09,put,675.0,0.01,0.02,0.01,1.0,1.0,773.17,100,0.015,0.01,True,,5.0,0.0136986301369863,773.4666152376419,-0.1361698175596823,True,,0.3939698162839263,,0.0,674.6302383001282,good,True
2026-09-04,2026-09-09,call,680.0,92.57,93.82,86.53,0.0,3.0,773.17,100,93.195,1.25,True,,5.0,0.0136986301369863,773.4666152376419,-0.1287897102620597,False,below_european_lower_bound,,market_price is below the no-arbitrage lower bound.,93.41541468278048,773.042914007354,good,True
2026-09-04,2026-09-09,put,680.0,0.01,0.02,0.08,0.0,1.0,773.17,100,0.015,0.01,True,,5.0,0.0136986301369863,773.4666152376419,-0.1287897102620597,True,,0.3743413401328326,,0.0,679.6274993245736,good,True
2026-09-04,2026-09-09,call,685.0,87.57,88.83,87.05,0.0,1.0,773.17,100,88.19999999999999,1.2600000000000051,True,,5.0,0.0136986301369863,773.4666152376419,-0.1214636701699869,False,below_european_lower_bound,,market_price is below the no-arbitrage lower bound.,88.41815365833509,773.042914007354,good,True
2026-09-04,2026-09-09,put,685.0,0.01,0.02,0.05,0.0,3.0,773.17,100,0.015,0.01,True,,5.0,0.0136986301369863,773.4666152376419,-0.1214636701699869,True,,0.3547842032766863,,0.0,684.624760349019,good,True
2026-09-04,2026-09-09,call,690.0,82.58,83.83,82.04,0.0,2.0,773.17,100,83.205,1.25,True,,5.0,0.0136986301369863,773.4666152376419,-0.1141909108409071,False,below_european_lower_bound,,market_price is below the no-arbitrage lower bound.,83.42089263388971,773.042914007354,good,False
2026-09-04,2026-09-09,put,690.0,0.01,0.02,0.02,1.0,100.0,773.17,100,0.015,0.01,True,,5.0,0.0136986301369863,773.4666152376419,-0.1141909108409071,True,,0.3352921099761426,,0.0,689.6220213734643,good,True
2026-09-04,2026-09-09,call,695.0,77.58,78.83,77.07,0.0,3.0,773.17,100,78.205,1.25,True,,5.0,0.0136986301369863,773.4666152376419,-0.1069706628674199,False,below_european_lower_bound,,market_price is below the no-arbitrage lower bound.,78.42363160944433,773.042914007354,good,True
2026-09-04,2026-09-09,put,695.0,0.02,0.03,0.03,50.0,19.0,773.17,100,0.025,0.0099999999999999,True,,5.0,0.0136986301369863,773.4666152376419,-0.1069706628674199,True,,0.3315365338186696,,0.0,694.6192823979097,good,False
2026-09-04,2026-09-09,call,700.0,72.54,73.9,65.58,0.0,4.0,773.17,100,73.22,1.3599999999999994,True,,5.0,0.0136986301369863,773.4666152376419,-0.0998021733888075,False,below_european_lower_bound,,market_price is below the no-arbitrage lower bound.,73.42637058499884,773.042914007354,good,False
2026-09-04,2026-09-09,put,700.0,0.02,0.03,0.03,29.0,137.0,773.17,100,0.025,0.0099999999999999,True,,5.0,0.0136986301369863,773.4666152376419,-0.0998021733888075,True,,0.3113395971081742,,0.0,699.6165434223552,good,True
2026-09-04,2026-09-09,call,705.0,67.59,68.84,67.14,0.0,4.0,773.17,100,68.215,1.25,True,,5.0,0.0136986301369863,773.4666152376419,-0.0926847056199435,False,below_european_lower_bound,,market_price is below the no-arbitrage lower bound.,68.42910956055346,773.042914007354,good,True
2026-09-04,2026-09-09,put,705.0,0.02,0.03,0.03,7666.0,1067.0,773.17,100,0.025,0.0099999999999999,True,,5.0,0.0136986301369863,773.4666152376419,-0.0926847056199435,True,,0.2911802398371866,,0.0,704.6138044468006,good,True
2026-09-04,2026-09-09,call,710.0,62.55,63.91,62.17,0.0,74.0,773.17,100,63.23,1.3599999999999994,True,,5.0,0.0136986301369863,773.4666152376419,-0.085617538396851,False,below_european_lower_bound,,market_price is below the no-arbitrage lower bound.,63.43184853610808,773.042914007354,good,False
2026-09-04,2026-09-09,put,710.0,0.02,0.03,0.03,8016.0,95.0,773.17,100,0.025,0.0099999999999999,True,,5.0,0.0136986301369863,773.4666152376419,-0.085617538396851,True,,0.2710480205438501,,0.0,709.611065471246,good,True
2026-09-04,2026-09-09,call,715.0,57.61,58.86,50.27,0.0,20.0,773.17,100,58.235,1.25,True,,5.0,0.0136986301369863,773.4666152376419,-0.0785999657382045,False,below_european_lower_bound,,market_price is below the no-arbitrage lower bound.,58.4345875116627,773.042914007354,good,True
2026-09-04,2026-09-09,put,715.0,0.03,0.04,0.03,84.0,203.0,773.17,100,0.035,0.01,True,,5.0,0.0136986301369863,773.4666152376419,-0.0785999657382045,True,,0.2600383260358142,,0.0,714.6083264956914,good,False
2026-09-04,2026-09-09,call,718.0,54.56,55.92,56.07,4.0,2.0,773.17,100,55.24,1.3599999999999994,True,,5.0,0.0136986301369863,773.4666152376419,-0.074412939383988,False,below_european_lower_bound,,market_price is below the no-arbitrage lower bound.,55.43623089699543,773.042914007354,good,True
2026-09-04,2026-09-09,put,718.0,0.03,0.04,0.05,13.0,126.0,773.17,100,0.035,0.01,True,,5.0,0.0136986301369863,773.4666152376419,-0.074412939383988,True,,0.2476072820944476,,0.0,717.6066831103586,good,True
2026-09-04,2026-09-09,call,719.0,53.57,54.92,47.55,0.0,2.0,773.17,100,54.245000000000005,1.3500000000000014,True,,5.0,0.0136986301369863,773.4666152376419,-0.0730211507111655,False,below_european_lower_bound,,market_price is below the no-arbitrage lower bound.,54.43677869210637,773.042914007354,good,True
2026-09-04,2026-09-09,put,719.0,0.03,0.04,0.05,21.0,18.0,773.17,100,0.035,0.01,True,,5.0,0.0136986301369863,773.4666152376419,-0.0730211507111655,True,,0.2434625748722013,,0.0,718.6061353152477,good,True
2026-09-04,2026-09-09,call,720.0,52.57,53.93,45.43,0.0,35.0,773.17,100,53.25,1.3599999999999994,True,,5.0,0.0136986301369863,773.4666152376419,-0.0716312964221111,False,below_european_lower_bound,,market_price is below the no-arbitrage lower bound.,53.43732648721732,773.042914007354,good,False
2026-09-04,2026-09-09,put,720.0,0.03,0.04,0.04,10.0,624.0,773.17,100,0.035,0.01,True,,5.0,0.0136986301369863,773.4666152376419,-0.0716312964221111,True,,0.2393171134439886,,0.0,719.6055875201367,good,True
2026-09-04,2026-09-09,call,721.0,51.62,52.87,51.18,0.0,1.0,773.17,100,52.245,1.25,True,,5.0,0.0136986301369863,773.4666152376419,-0.0702433711472631,False,below_european_lower_bound,,market_price is below the no-arbitrage lower bound.,52.437874282328266,773.042914007354,good,True
2026-09-04,2026-09-09,put,721.0,0.03,0.04,0.03,2.0,19.0,773.17,100,0.035,0.01,True,,5.0,0.0136986301369863,773.4666152376419,-0.0702433711472631,True,,0.2351707461474123,,0.0,720.6050397250258,good,True
2026-09-04,2026-09-09,call,722.0,50.62,51.87,42.13,0.0,3.0,773.17,100,51.245,1.25,True,,5.0,0.0136986301369863,773.4666152376419,-0.068857369539386,False,below_european_lower_bound,,market_price is below the no-arbitrage lower bound.,51.4384220774391,773.042914007354,good,True
2026-09-04,2026-09-09,put,722.0,0.03,0.04,0.05,122.0,171.0,773.17,100,0.035,0.01,True,,5.0,0.0136986301369863,773.4666152376419,-0.068857369539386,True,,0.2310233144586706,,0.0,721.604491929915,good,True
2026-09-04,2026-09-09,call,723.0,49.62,50.87,49.95,4.0,17.0,773.17,100,50.245,1.25,True,,5.0,0.0136986301369863,773.4666152376419,-0.0674732862734474,False,below_european_lower_bound,,market_price is below the no-arbitrage lower bound.,50.43896987255005,773.042914007354,good,True
2026-09-04,2026-09-09,put,723.0,0.04,0.05,0.04,125.0,139.0,773.17,100,0.045,0.01,True,,5.0,0.0136986301369863,773.4666152376419,-0.0674732862734474,True,,0.2334682867215636,,0.0,722.603944134804,good,False
2026-09-04,2026-09-09,call,724.0,48.62,49.87,47.05,4.0,41.0,773.17,100,49.245,1.25,True,,5.0,0.0136986301369863,773.4666152376419,-0.0660911160464958,False,below_european_lower_bound,,market_price is below the no-arbitrage lower bound.,49.43951766766099,773.042914007354,good,True
2026-09-04,2026-09-09,put,724.0,0.04,0.05,0.06,7.0,34.0,773.17,100,0.045,0.01,True,,5.0,0.0136986301369863,773.4666152376419,-0.0660911160464958,True,,0.2292200945341875,,0.0,723.6033963396931,good,True
2026-09-04,2026-09-09,call,725.0,47.63,48.87,44.82,2.0,18.0,773.17,100,48.25,1.2399999999999949,True,,5.0,0.0136986301369863,773.4666152376419,-0.0647108535775374,False,below_european_lower_bound,,market_price is below the no-arbitrage lower bound.,48.44006546277194,773.042914007354,good,False
2026-09-04,2026-09-09,put,725.0,0.04,0.05,0.04,216.0,1640.0,773.17,100,0.045,0.01,True,,5.0,0.0136986301369863,773.4666152376419,-0.0647108535775374,True,,0.2249700277530742,,0.0,724.6028485445821,good,True
2026-09-04,2026-09-09,call,726.0,46.63,47.87,43.87,2.0,22.0,773.17,100,47.25,1.2399999999999949,True,,5.0,0.0136986301369863,773.4666152376419,-0.063332493607416,False,below_european_lower_bound,,market_price is below the no-arbitrage lower bound.,47.44061325788289,773.042914007354,good,True
2026-09-04,2026-09-09,put,726.0,0.04,0.05,0.04,121.0,97.0,773.17,100,0.045,0.01,True,,5.0,0.0136986301369863,773.4666152376419,-0.063332493607416,True,,0.2207178898317714,,0.0,725.6023007494712,good,True
2026-09-04,2026-09-09,call,727.0,45.63,46.87,42.76,2.0,39.0,773.17,100,46.25,1.2399999999999949,True,,5.0,0.0136986301369863,773.4666152376419,-0.0619560308986928,False,below_european_lower_bound,,market_price is below the no-arbitrage lower bound.,46.44116105299372,773.042914007354,good,True
2026-09-04,2026-09-09,put,727.0,0.04,0.05,0.05,5.0,109.0,773.17,100,0.045,0.01,True,,5.0,0.0136986301369863,773.4666152376419,-0.0619560308986928,True,,0.2164634680057402,,0.0,726.6017529543603,good,True
2026-09-04,2026-09-09,call,728.0,44.59,45.94,37.82,0.0,17.0,773.17,100,45.265,1.3499999999999943,True,,5.0,0.0136986301369863,773.4666152376419,-0.0605814602355262,False,below_european_lower_bound,,market_price is below the no-arbitrage lower bound.,45.44170884810467,773.042914007354,good,False
2026-09-04,2026-09-09,put,728.0,0.04,0.05,0.05,92.0,453.0,773.17,100,0.045,0.01,True,,5.0,0.0136986301369863,773.4666152376419,-0.0605814602355262,True,,0.2122065516804919,,0.0,727.6012051592494,good,True
2026-09-04,2026-09-09,call,729.0,43.59,44.94,36.87,0.0,6.0,773.17,100,44.265,1.3499999999999943,True,,5.0,0.0136986301369863,773.4666152376419,-0.059208776423554,False,below_european_lower_bound,,market_price is below the no-arbitrage lower bound.,44.442256643215615,773.042914007354,good,True
2026-09-04,2026-09-09,put,729.0,0.04,0.05,0.05,6.0,68.0,773.17,100,0.045,0.01,True,,5.0,0.0136986301369863,773.4666152376419,-0.059208776423554,True,,0.2079469159007137,,0.0,728.6006573641384,good,True
2026-09-04,2026-09-09,call,730.0,42.94,43.76,44.12,36.0,130.0,773.17,100,43.35,0.8200000000000003,True,,5.0,0.0136986301369863,773.4666152376419,-0.0578379742897753,False,below_european_lower_bound,,market_price is below the no-arbitrage lower bound.,43.44280443832656,773.042914007354,good,False
2026-09-04,2026-09-09,put,730.0,0.05,0.06,0.07,13.0,185.0,773.17,100,0.055,0.0099999999999999,True,,5.0,0.0136986301369863,773.4666152376419,-0.0578379742897753,True,,0.2087205949095741,,0.0,729.6001095690275,good,False
2026-09-04,2026-09-09,call,731.0,41.59,42.94,35.28,0.0,4.0,773.17,100,42.265,1.3499999999999943,True,,5.0,0.0136986301369863,773.4666152376419,-0.0564690486824337,False,below_european_lower_bound,,market_price is below the no-arbitrage lower bound.,42.4433522334374,773.042914007354,good,True
2026-09-04,2026-09-09,put,731.0,0.05,0.06,0.05,13.0,489.0,773.17,100,0.055,0.0099999999999999,True,,5.0,0.0136986301369863,773.4666152376419,-0.0564690486824337,True,,0.204370178208009,,0.0,730.5995617739167,good,True
2026-09-04,2026-09-09,call,732.0,40.65,41.88,33.95,0.0,7.0,773.17,100,41.265,1.230000000000004,True,,5.0,0.0136986301369863,773.4666152376419,-0.0551019944709006,False,below_european_lower_bound,,market_price is below the no-arbitrage lower bound.,41.44390002854834,773.042914007354,good,True
2026-09-04,2026-09-09,put,732.0,0.05,0.06,0.06,320.0,986.0,773.17,100,0.055,0.0099999999999999,True,,5.0,0.0136986301369863,773.4666152376419,-0.0551019944709006,True,,0.2000159564362426,,0.0,731.5990139788057,good,True
2026-09-04,2026-09-09,call,733.0,39.65,40.89,36.88,3.0,19.0,773.17,100,40.27,1.240000000000002,True,,5.0,0.0136986301369863,773.4666152376419,-0.0537368065455607,False,below_european_lower_bound,,market_price is below the no-arbitrage lower bound.,40.44444782365929,773.042914007354,good,True
2026-09-04,2026-09-09,put,733.0,0.05,0.06,0.08,260.0,128.0,773.17,100,0.055,0.0099999999999999,True,,5.0,0.0136986301369863,773.4666152376419,-0.0537368065455607,True,,0.1956576293820238,,0.0,732.5984661836948,good,True
2026-09-04,2026-09-09,call,734.0,38.6,39.95,32.0,0.0,7.0,773.17,100,39.275000000000006,1.3500000000000014,True,,5.0,0.0136986301369863,773.4666152376419,-0.0523734798176966,False,below_european_lower_bound,,market_price is below the no-arbitrage lower bound.,39.44499561877024,773.042914007354,good,True
2026-09-04,2026-09-09,put,734.0,0.05,0.06,0.07,9.0,551.0,773.17,100,0.055,0.0099999999999999,True,,5.0,0.0136986301369863,773.4666152376419,-0.0523734798176966,True,,0.1912949042753306,,0.0,733.5979183885838,good,True
2026-09-04,2026-09-09,call,735.0,37.96,38.77,30.29,0.0,115.0,773.17,100,38.365,0.8100000000000023,True,,5.0,0.0136986301369863,773.4666152376419,-0.0510120092193754,False,below_european_lower_bound,,market_price is below the no-arbitrage lower bound.,38.44554341388107,773.042914007354,good,False
2026-09-04,2026-09-09,put,735.0,0.06,0.07,0.06,28.0,1209.0,773.17,100,0.065,0.01,True,,5.0,0.0136986301369863,773.4666152376419,-0.0510120092193754,True,,0.1909902827768812,,0.0,734.597370593473,good,False
2026-09-04,2026-09-09,call,736.0,36.66,37.89,30.14,0.0,68.0,773.17,100,37.275,1.230000000000004,True,,5.0,0.0136986301369863,773.4666152376419,-0.0496523897033359,False,below_european_lower_bound,,market_price is below the no-arbitrage lower bound.,37.446091208992016,773.042914007354,good,True
2026-09-04,2026-09-09,put,736.0,0.06,0.07,0.06,61.0,291.0,773.17,100,0.065,0.01,True,,5.0,0.0136986301369863,773.4666152376419,-0.0496523897033359,True,,0.1865424921052856,,0.0,735.596822798362,good,True
2026-09-04,2026-09-09,call,737.0,35.66,36.9,34.97,4.0,30.0,773.17,100,36.28,1.240000000000002,True,,5.0,0.0136986301369863,773.4666152376419,-0.0482946162428756,False,below_european_lower_bound,,market_price is below the no-arbitrage lower bound.,36.44663900410296,773.042914007354,good,True
2026-09-04,2026-09-09,put,737.0,0.06,0.07,0.06,9.0,730.0,773.17,100,0.065,0.01,True,,5.0,0.0136986301369863,773.4666152376419,-0.0482946162428756,True,,0.1820889044034804,,0.0,736.5962750032511,good,True
2026-09-04,2026-09-09,call,738.0,34.62,35.96,27.94,0.0,7.0,773.17,100,35.29,1.3400000000000034,True,,5.0,0.0136986301369863,773.4666152376419,-0.0469386838317396,False,below_european_lower_bound,,market_price is below the no-arbitrage lower bound.,35.44718679921391,773.042914007354,good,False
2026-09-04,2026-09-09,put,738.0,0.06,0.07,0.07,109.0,294.0,773.17,100,0.065,0.01,True,,5.0,0.0136986301369863,773.4666152376419,-0.0469386838317396,True,,0.1776291183062743,,0.0,737.5957272081401,good,True
2026-09-04,2026-09-09,call,739.0,33.63,34.96,27.29,0.0,9.0,773.17,100,34.295,1.3299999999999983,True,,5.0,0.0136986301369863,773.4666152376419,-0.0455845874840104,False,below_european_lower_bound,,market_price is below the no-arbitrage lower bound.,34.44773459432486,773.042914007354,good,False
2026-09-04,2026-09-09,put,739.0,0.07,0.08,0.07,219.0,1125.0,773.17,100,0.075,0.0099999999999999,True,,5.0,0.0136986301369863,773.4666152376419,-0.0455845874840104,True,,0.1765491414921267,,0.0,738.5951794130292,good,False
2026-09-04,2026-09-09,call,740.0,32.68,33.9,33.18,11.0,48.0,773.17,100,33.29,1.2199999999999989,True,,5.0,0.0136986301369863,773.4666152376419,-0.0442323222339967,False,below_european_lower_bound,,market_price is below the no-arbitrage lower bound.,33.44828238943569,773.042914007354,good,True
2026-09-04,2026-09-09,put,740.0,0.07,0.08,0.08,453.0,609.0,773.17,100,0.075,0.0099999999999999,True,,5.0,0.0136986301369863,773.4666152376419,-0.0442323222339967,True,,0.1720071964248438,,0.0,739.5946316179184,good,True
2026-09-04,2026-09-09,call,741.0,31.69,32.91,32.08,6.0,15.0,773.17,100,32.3,1.2199999999999953,True,,5.0,0.0136986301369863,773.4666152376419,-0.0428818831361252,False,below_european_lower_bound,,market_price is below the no-arbitrage lower bound.,32.44883018454664,773.042914007354,good,False
2026-09-04,2026-09-09,put,741.0,0.08,0.09,0.09,157.0,679.0,773.17,100,0.0849999999999999,0.0099999999999999,True,,5.0,0.0136986301369863,773.4666152376419,-0.0428818831361252,True,,0.170429700245418,,0.0,740.5940838228074,good,False
2026-09-04,2026-09-09,call,742.0,30.69,31.91,30.95,32.0,5.0,773.17,100,31.3,1.2199999999999989,True,,5.0,0.0136986301369863,773.4666152376419,-0.0415332652648317,False,below_european_lower_bound,,market_price is below the no-arbitrage lower bound.,31.449377979657584,773.042914007354,good,True
2026-09-04,2026-09-09,put,742.0,0.08,0.09,0.09,902.0,665.0,773.17,100,0.0849999999999999,0.0099999999999999,True,,5.0,0.0136986301369863,773.4666152376419,-0.0415332652648317,True,,0.1658085624414776,,0.0,741.5935360276965,good,True
2026-09-04,2026-09-09,call,743.0,29.7,30.92,31.14,1026.0,13.0,773.17,100,30.31,1.2200000000000024,True,,5.0,0.0136986301369863,773.4666152376419,-0.040186463714453,False,below_european_lower_bound,,market_price is below the no-arbitrage lower bound.,30.44992577476853,773.042914007354,good,False
2026-09-04,2026-09-09,put,743.0,0.09,0.1,0.09,416.0,124.0,773.17,100,0.095,0.01,True,,5.0,0.0136986301369863,773.4666152376419,-0.040186463714453,True,,0.1638129204990702,,0.0,742.5929882325855,good,False
2026-09-04,2026-09-09,call,744.0,28.71,29.92,22.14,0.0,27.0,773.17,100,29.315,1.2100000000000009,True,,5.0,0.0136986301369863,773.4666152376419,-0.0388414735991202,False,below_european_lower_bound,,market_price is below the no-arbitrage lower bound.,29.450473569879364,773.042914007354,good,True
2026-09-04,2026-09-09,put,744.0,0.09,0.1,0.1,142.0,808.0,773.17,100,0.095,0.01,True,,5.0,0.0136986301369863,773.4666152376419,-0.0388414735991202,True,,0.1591138968625566,,0.0,743.5924404374747,good,True
2026-09-04,2026-09-09,call,745.0,27.72,28.93,29.33,3.0,81.0,773.17,100,28.325,1.2100000000000009,True,,5.0,0.0136986301369863,773.4666152376419,-0.0374982900526526,False,below_european_lower_bound,,market_price is below the no-arbitrage lower bound.,28.45102136499031,773.042914007354,good,False
2026-09-04,2026-09-09,put,745.0,0.1,0.11,0.1,967.0,1198.0,773.17,100,0.105,0.0099999999999999,True,,5.0,0.0136986301369863,773.4666152376419,-0.0374982900526526,True,,0.1567562265409658,,0.0,744.5918926423637,good,True
2026-09-04,2026-09-09,call,746.0,26.73,27.93,27.28,530.0,76.0,773.17,100,27.33,1.1999999999999993,True,,5.0,0.0136986301369863,773.4666152376419,-0.0361569082284513,False,below_european_lower_bound,,market_price is below the no-arbitrage lower bound.,27.451569160101258,773.042914007354,good,True
2026-09-04,2026-09-09,put,746.0,0.11,0.12,0.12,219.0,479.0,773.17,100,0.1149999999999999,0.0099999999999999,True,,5.0,0.0136986301369863,773.4666152376419,-0.0361569082284513,True,,0.1541418135154034,,0.0,745.5913448472528,good,True
2026-09-04,2026-09-09,call,747.0,25.74,26.94,27.45,48.0,25.0,773.17,100,26.34,1.2000000000000028,True,,5.0,0.0136986301369863,773.4666152376419,-0.0348173232993948,False,below_european_lower_bound,,market_price is below the no-arbitrage lower bound.,26.452116955212205,773.042914007354,good,True
2026-09-04,2026-09-09,put,747.0,0.12,0.13,0.12,644.0,527.0,773.17,100,0.125,0.01,True,,5.0,0.0136986301369863,773.4666152376419,-0.0348173232993948,True,,0.1512988614376483,,0.0,746.5907970521419,good,True
2026-09-04,2026-09-09,call,748.0,24.75,25.95,25.5,1.0,50.0,773.17,100,25.35,1.1999999999999993,True,,5.0,0.0136986301369863,773.4666152376419,-0.0334795304577349,False,below_european_lower_bound,,market_price is below the no-arbitrage lower bound.,25.45266475032315,773.042914007354,good,True
2026-09-04,2026-09-09,put,748.0,0.13,0.14,0.13,105.0,780.0,773.17,100,0.135,0.01,True,,5.0,0.0136986301369863,773.4666152376419,-0.0334795304577349,True,,0.1482493438527456,,0.0,747.5902492570309,good,True
2026-09-04,2026-09-09,call,749.0,23.77,24.96,25.28,213.0,91.0,773.17,100,24.365,1.1900000000000013,True,,5.0,0.0136986301369863,773.4666152376419,-0.0321435249149927,False,below_european_lower_bound,,market_price is below the no-arbitrage lower bound.,24.453212545433985,773.042914007354,good,True
2026-09-04,2026-09-09,put,749.0,0.14,0.15,0.15,189.0,595.0,773.17,100,0.145,0.0099999999999999,True,,5.0,0.0136986301369863,773.4666152376419,-0.0321435249149927,True,,0.1450106142459891,,0.0,748.5897014619201,good,True
2026-09-04,2026-09-09,call,750.0,23.07,23.85,22.9,764.0,392.0,773.17,100,23.46,0.7800000000000011,True,,5.0,0.0136986301369863,773.4666152376419,-0.030809301901856,True,,0.0938192666485353,,23.45376034054493,773.042914007354,good,False
2026-09-04,2026-09-09,put,750.0,0.15,0.16,0.15,1078.0,1220.0,773.17,100,0.155,0.01,True,,5.0,0.0136986301369863,773.4666152376419,-0.030809301901856,True,,0.1415964971270399,,0.0,749.5891536668091,good,True
2026-09-04,2026-09-09,call,751.0,22.09,22.62,22.3,820.0,243.0,773.17,100,22.355,0.5300000000000011,True,,5.0,0.0136986301369863,773.4666152376419,-0.0294768566680774,False,below_european_lower_bound,,market_price is below the no-arbitrage lower bound.,22.45430813565588,773.042914007354,good,True
2026-09-04,2026-09-09,put,751.0,0.17,0.18,0.17,2955.0,723.0,773.17,100,0.175,0.0099999999999999,True,,5.0,0.0136986301369863,773.4666152376419,-0.0294768566680774,True,,0.1394782734189274,,0.0,750.5886058716982,good,True
2026-09-04,2026-09-09,call,752.0,20.83,22.01,21.98,30.0,146.0,773.17,100,21.42,1.1800000000000033,True,,5.0,0.0136986301369863,773.4666152376419,-0.0281461844823724,False,below_european_lower_bound,,market_price is below the no-arbitrage lower bound.,21.454855930766826,773.042914007354,good,True
2026-09-04,2026-09-09,put,752.0,0.19,0.2,0.19,243.0,514.0,773.17,100,0.195,0.01,True,,5.0,0.0136986301369863,773.4666152376419,-0.0281461844823724,True,,0.1369898474485527,,0.0,751.5880580765872,good,True
2026-09-04,2026-09-09,call,753.0,20.11,20.9,21.45,57.0,151.0,773.17,100,20.505,0.7899999999999991,True,,5.0,0.0136986301369863,773.4666152376419,-0.0268172806323185,True,,0.1054239400103351,,20.45540372587766,773.042914007354,good,False
2026-09-04,2026-09-09,put,753.0,0.21,0.22,0.21,458.0,517.0,773.17,100,0.215,0.01,True,,5.0,0.0136986301369863,773.4666152376419,-0.0268172806323185,True,,0.1341766089020834,,0.0,752.5875102814764,good,True
2026-09-04,2026-09-09,call,754.0,19.16,19.92,20.42,461.0,356.0,773.17,100,19.54,0.7600000000000016,True,,5.0,0.0136986301369863,773.4666152376419,-0.0254901404242561,True,,0.109193886195468,,19.45595152098861,773.042914007354,good,False
2026-09-04,2026-09-09,put,754.0,0.23,0.24,0.24,754.0,271.0,773.17,100,0.235,0.0099999999999999,True,,5.0,0.0136986301369863,773.4666152376419,-0.0254901404242561,True,,0.1310721618834091,,0.0,753.5869624863655,good,True
2026-09-04,2026-09-09,call,755.0,18.17,18.94,19.55,385.0,186.0,773.17,100,18.555,0.7699999999999996,True,,5.0,0.0136986301369863,773.4666152376419,-0.0241647591831875,True,,0.1071118379334157,,18.45649931609956,773.042914007354,good,True
2026-09-04,2026-09-09,put,755.0,0.26,0.27,0.27,959.0,1669.0,773.17,100,0.265,0.01,True,,5.0,0.0136986301369863,773.4666152376419,-0.0241647591831875,True,,0.1287271328223813,,0.0,754.5864146912545,good,True
2026-09-04,2026-09-09,call,756.0,17.2,17.96,17.58,332.0,165.0,773.17,100,17.58,0.7600000000000016,True,,5.0,0.0136986301369863,773.4666152376419,-0.0228411322526791,True,,0.1061487265661016,,17.4570471112105,773.042914007354,good,True
2026-09-04,2026-09-09,put,756.0,0.3,0.31,0.3,683.0,440.0,773.17,100,0.305,0.01,True,,5.0,0.0136986301369863,773.4666152376419,-0.0228411322526791,True,,0.1269014525294907,,0.0,755.5858668961436,good,True
2026-09-04,2026-09-09,call,757.0,16.26,16.98,17.15,727.0,102.0,773.17,100,16.62,0.7199999999999989,True,,5.0,0.0136986301369863,773.4666152376419,-0.0215192549947634,True,,0.1063727846605578,,16.457594906321333,773.042914007354,good,True
2026-09-04,2026-09-09,put,757.0,0.34,0.35,0.34,1173.0,920.0,773.17,100,0.345,0.0099999999999999,True,,5.0,0.0136986301369863,773.4666152376419,-0.0215192549947634,True,,0.1245617953609792,,0.0,756.5853191010327,good,True
2026-09-04,2026-09-09,call,758.0,15.39,16.0,15.63,223.0,62.0,773.17,100,15.695,0.6099999999999994,True,,5.0,0.0136986301369863,773.4666152376419,-0.0201991227898405,True,,0.1090853403359468,,15.45814270143228,773.042914007354,good,False
2026-09-04,2026-09-09,put,758.0,0.38,0.39,0.38,1006.0,1071.0,773.17,100,0.385,0.01,True,,5.0,0.0136986301369863,773.4666152376419,-0.0201991227898405,True,,0.1217737022571179,,0.0,757.5847713059218,good,True
2026-09-04,2026-09-09,call,759.0,14.37,15.04,15.06,746.0,189.0,773.17,100,14.704999999999998,0.6699999999999999,True,,5.0,0.0136986301369863,773.4666152376419,-0.0188807310365822,True,,0.1043187662914756,,14.458690496543229,773.042914007354,good,True
2026-09-04,2026-09-09,put,759.0,0.44,0.45,0.46,1809.0,861.0,773.17,100,0.445,0.01,True,,5.0,0.0136986301369863,773.4666152376419,-0.0188807310365822,True,,0.1199789797860769,,0.0,758.5842235108108,good,True
2026-09-04,2026-09-09,call,760.0,13.41,14.08,14.25,1368.0,961.0,773.17,100,13.745,0.6699999999999999,True,,5.0,0.0136986301369863,773.4666152376419,-0.0175640751518354,True,,0.1019668397322862,,13.459238291654174,773.042914007354,good,True
2026-09-04,2026-09-09,put,760.0,0.5,0.51,0.51,3150.0,3202.0,773.17,100,0.505,0.01,True,,5.0,0.0136986301369863,773.4666152376419,-0.0175640751518354,True,,0.1175923128764526,,0.0,759.5836757156999,good,True
2026-09-04,2026-09-09,call,761.0,12.51,13.13,13.13,1085.0,341.0,773.17,100,12.82,0.620000000000001,True,,5.0,0.0136986301369863,773.4666152376419,-0.0162491505705263,True,,0.1016283102249009,,12.45978608676512,773.042914007354,good,True
2026-09-04,2026-09-09,put,761.0,0.57,0.58,0.57,382.0,805.0,773.17,100,0.575,0.01,True,,5.0,0.0136986301369863,773.4666152376419,-0.0162491505705263,True,,0.1152621834161237,,0.0,760.5831279205889,good,True
2026-09-04,2026-09-09,call,762.0,11.6,12.19,12.41,348.0,735.0,773.17,100,11.895,0.5899999999999999,True,,5.0,0.0136986301369863,773.4666152376419,-0.0149359527455658,True,,0.1002900460808266,,11.460333881875954,773.042914007354,good,False
2026-09-04,2026-09-09,put,762.0,0.66,0.67,0.66,1092.0,938.0,773.17,100,0.665,0.01,True,,5.0,0.0136986301369863,773.4666152376419,-0.0149359527455658,True,,0.1134260045620064,,0.0,761.5825801254781,good,True
2026-09-04,2026-09-09,call,763.0,10.78,11.14,11.45,1824.0,1934.0,773.17,100,10.96,0.3600000000000012,True,,5.0,0.0136986301369863,773.4666152376419,-0.0136244771477551,True,,0.0975803771605121,,10.4608816769869,773.042914007354,good,True
2026-09-04,2026-09-09,put,763.0,0.76,0.77,0.76,519.0,700.0,773.17,100,0.765,0.01,True,,5.0,0.0136986301369863,773.4666152376419,-0.0136244771477551,True,,0.1113971087451199,,0.0,762.5820323303672,good,True
2026-09-04,2026-09-09,call,764.0,9.9,10.25,10.58,1488.0,789.0,773.17,100,10.075,0.3499999999999996,True,,5.0,0.0136986301369863,773.4666152376419,-0.0123147192656917,True,,0.0968356733524416,,9.461429472097848,773.042914007354,good,True
2026-09-04,2026-09-09,put,764.0,0.87,0.89,0.89,1882.0,392.0,773.17,100,0.88,0.02,True,,5.0,0.0136986301369863,773.4666152376419,-0.0123147192656917,True,,0.1093537127922818,,0.0,763.5814845352562,good,True
2026-09-04,2026-09-09,call,765.0,9.05,9.38,9.39,4406.0,1847.0,773.17,100,9.215,0.33,True,,5.0,0.0136986301369863,773.4666152376419,-0.0110066746056763,True,,0.0962216832058506,,8.461977267208795,773.042914007354,good,True
2026-09-04,2026-09-09,put,765.0,1.01,1.02,1.01,1512.0,831.0,773.17,100,1.015,0.01,True,,5.0,0.0136986301369863,773.4666152376419,-0.0110066746056763,True,,0.1074123481758397,,0.0,764.5809367401453,good,True
2026-09-04,2026-09-09,call,766.0,8.23,8.53,8.33,2654.0,1348.0,773.17,100,8.379999999999999,0.2999999999999989,True,,5.0,0.0136986301369863,773.4666152376419,-0.0097003386916208,True,,0.0955736959514001,,7.462525062319628,773.042914007354,good,True
2026-09-04,2026-09-09,put,766.0,1.16,1.18,1.17,783.0,329.0,773.17,100,1.17,0.02,True,,5.0,0.0136986301369863,773.4666152376419,-0.0097003386916208,True,,0.1054564325292885,,0.0,765.5803889450344,good,True
2026-09-04,2026-09-09,call,767.0,7.42,7.71,7.62,2165.0,1247.0,773.17,100,7.564999999999999,0.29,True,,5.0,0.0136986301369863,773.4666152376419,-0.008395707064956,True,,0.0945946205239843,,6.463072857430575,773.042914007354,good,True
2026-09-04,2026-09-09,put,767.0,1.34,1.36,1.34,2028.0,308.0,773.17,100,1.35,0.02,True,,5.0,0.0136986301369863,773.4666152376419,-0.008395707064956,True,,0.1035682330947475,,0.0,766.5798411499235,good,True
2026-09-04,2026-09-09,call,768.0,6.67,6.91,6.78,3039.0,684.0,773.17,100,6.79,0.2400000000000002,True,,5.0,0.0136986301369863,773.4666152376419,-0.0070927752845399,True,,0.0939313171301195,,5.463620652541522,773.042914007354,good,True
2026-09-04,2026-09-09,put,768.0,1.55,1.57,1.57,6174.0,270.0,773.17,100,1.56,0.02,True,,5.0,0.0136986301369863,773.4666152376419,-0.0070927752845399,True,,0.1018015026193983,,0.0,767.5792933548125,good,True
2026-09-04,2026-09-09,call,769.0,5.9,6.15,6.3,2735.0,1069.0,773.17,100,6.025,0.25,True,,5.0,0.0136986301369863,773.4666152376419,-0.0057915389265682,True,,0.0924498690787276,,4.464168447652469,773.042914007354,good,True
2026-09-04,2026-09-09,put,769.0,1.79,1.81,1.79,11283.0,370.0,773.17,100,1.8,0.02,True,,5.0,0.0136986301369863,773.4666152376419,-0.0057915389265682,True,,0.1000356418443241,,0.0,768.5787455597016,good,True
2026-09-04,2026-09-09,call,770.0,5.24,5.39,5.36,2913.0,1029.0,773.17,100,5.315,0.1499999999999994,True,,5.0,0.0136986301369863,773.4666152376419,-0.0044919935844826,True,,0.0915491681651193,,3.464716242763416,773.042914007354,good,True
2026-09-04,2026-09-09,put,770.0,2.07,2.09,2.08,3357.0,604.0,773.17,100,2.08,0.02,True,,5.0,0.0136986301369863,773.4666152376419,-0.0044919935844826,True,,0.0984706630110057,,0.0,769.5781977645906,good,True
2026-09-04,2026-09-09,call,771.0,4.57,4.7,4.68,2238.0,794.0,773.17,100,4.635,0.1299999999999999,True,,5.0,0.0136986301369863,773.4666152376419,-0.0031941348688826,True,,0.0903194092942183,,2.465264037874249,773.042914007354,good,True
2026-09-04,2026-09-09,put,771.0,2.4,2.41,2.41,1898.0,621.0,773.17,100,2.405,0.0100000000000002,True,,5.0,0.0136986301369863,773.4666152376419,-0.0031941348688826,True,,0.0971308322725957,,0.0,770.5776499694798,good,True
2026-09-04,2026-09-09,call,772.0,3.94,4.07,3.94,2648.0,1031.0,773.17,100,4.005,0.1300000000000003,True,,5.0,0.0136986301369863,773.4666152376419,-0.001897958407436,True,,0.0892688095750077,,1.465811832985196,773.042914007354,good,True
2026-09-04,2026-09-09,put,772.0,2.76,2.78,2.76,4814.0,483.0,773.17,100,2.77,0.02,True,,5.0,0.0136986301369863,773.4666152376419,-0.001897958407436,True,,0.0957686619937582,,0.0,771.5771021743689,good,True
2026-09-04,2026-09-09,call,773.0,3.4,3.43,3.41,3338.0,457.0,773.17,100,3.415,0.0300000000000002,True,,5.0,0.0136986301369863,773.4666152376419,-0.0006034598447902,True,,0.0880262504580573,,0.4663596280961428,773.042914007354,good,True
2026-09-04,2026-09-09,put,773.0,3.17,3.2,3.17,2966.0,290.0,773.17,100,3.185,0.0300000000000002,True,,5.0,0.0136986301369863,773.4666152376419,-0.0006034598447902,True,,0.0945869721206712,,0.0,772.5765543792579,good,True
2026-09-04,2026-09-09,call,774.0,2.87,2.89,2.87,2361.0,400.0,773.17,100,2.88,0.02,True,,5.0,0.0136986301369863,773.4666152376419,0.0006893651575149,True,,0.0869438812662147,,0.0,773.042914007354,good,True
2026-09-04,2026-09-09,put,774.0,3.64,3.67,3.65,1110.0,422.0,773.17,100,3.655,0.0299999999999998,True,,5.0,0.0136986301369863,773.4666152376419,0.0006893651575149,True,,0.0936578363714289,,0.5330925767929102,773.576006584147,good,True
2026-09-04,2026-09-09,call,775.0,2.39,2.41,2.41,3172.0,453.0,773.17,100,2.4000000000000004,0.02,True,,5.0,0.0136986301369863,773.4666152376419,0.0019805209211348,True,,0.0859730638866981,,0.0,773.042914007354,good,True
2026-09-04,2026-09-09,put,775.0,4.12,4.22,4.21,1079.0,275.0,773.17,100,4.17,0.0999999999999996,True,,5.0,0.0136986301369863,773.4666152376419,0.0019805209211348,True,,0.0926643562058804,,1.532544781682077,774.5754587890361,good,True
2026-09-04,2026-09-09,call,776.0,1.97,1.98,2.01,1692.0,506.0,773.17,100,1.975,0.01,True,,5.0,0.0136986301369863,773.4666152376419,0.0032700117510065,True,,0.0850976587087243,,0.0,773.042914007354,good,True
2026-09-04,2026-09-09,put,776.0,4.67,4.84,4.64,236.0,140.0,773.17,100,4.755,0.1699999999999999,True,,5.0,0.0136986301369863,773.4666152376419,0.0032700117510065,True,,0.0923067080806164,,2.53199698657113,775.5749109939252,good,True
2026-09-04,2026-09-09,call,777.0,1.59,1.61,1.61,1493.0,493.0,773.17,100,1.6,0.02,True,,5.0,0.0136986301369863,773.4666152376419,0.0045578419354351,True,,0.0841832703721351,,0.0,773.042914007354,good,True
2026-09-04,2026-09-09,put,777.0,5.31,5.46,5.34,865.0,70.0,773.17,100,5.385,0.1500000000000003,True,,5.0,0.0136986301369863,773.4666152376419,0.0045578419354351,True,,0.0919133227538792,,3.531449191460183,776.5743631988142,good,True
2026-09-04,2026-09-09,call,778.0,1.27,1.29,1.28,948.0,636.0,773.17,100,1.28,0.02,True,,5.0,0.0136986301369863,773.4666152376419,0.0058440157461793,True,,0.083426332797763,,0.0,773.042914007354,good,True
2026-09-04,2026-09-09,put,778.0,5.94,6.18,5.61,1663.0,5.0,773.17,100,6.0600000000000005,0.2399999999999993,True,,5.0,0.0136986301369863,773.4666152376419,0.0058440157461793,True,,0.0915273417822243,,4.530901396349236,777.5738154037033,good,True
2026-09-04,2026-09-09,call,779.0,1.0,1.02,1.01,1445.0,1243.0,773.17,100,1.01,0.02,True,,5.0,0.0136986301369863,773.4666152376419,0.0071285374385361,True,,0.0827656833368349,,0.0,773.042914007354,good,True
2026-09-04,2026-09-09,put,779.0,6.65,6.92,6.31,1701.0,0.0,773.17,100,6.785,0.2699999999999996,True,,5.0,0.0136986301369863,773.4666152376419,0.0071285374385361,True,,0.0913952758135296,,5.530353601238289,778.5732676085923,good,True
2026-09-04,2026-09-09,call,780.0,0.78,0.79,0.79,2790.0,995.0,773.17,100,0.785,0.01,True,,5.0,0.0136986301369863,773.4666152376419,0.0084114112514252,True,,0.082156610261615,,0.0,773.042914007354,good,True
2026-09-04,2026-09-09,put,780.0,7.43,7.71,7.59,2682.0,57.0,773.17,100,7.57,0.2800000000000002,True,,5.0,0.0136986301369863,773.4666152376419,0.0084114112514252,True,,0.0920598006606466,,6.529805806127456,779.5727198134815,good,True
2026-09-04,2026-09-09,call,781.0,0.6,0.61,0.61,1236.0,600.0,773.17,100,0.605,0.01,True,,5.0,0.0136986301369863,773.4666152376419,0.0096926414074737,True,,0.0817941117594548,,0.0,773.042914007354,good,True
2026-09-04,2026-09-09,put,781.0,8.23,8.55,8.5,1098.0,0.0,773.17,100,8.39,0.3200000000000003,True,,5.0,0.0136986301369863,773.4666152376419,0.0096926414074737,True,,0.0928623392015903,,7.529258011016509,780.5721720183706,good,True
2026-09-04,2026-09-09,call,782.0,0.45,0.46,0.46,1209.0,479.0,773.17,100,0.455,0.01,True,,5.0,0.0136986301369863,773.4666152376419,0.0109722321130988,True,,0.081220877983842,,0.0,773.042914007354,good,True
2026-09-04,2026-09-09,put,782.0,9.05,9.5,9.48,1848.0,0.0,773.17,100,9.275,0.4499999999999993,True,,5.0,0.0136986301369863,773.4666152376419,0.0109722321130988,True,,0.095356108107809,,8.528710215905562,781.5716242232596,good,True
2026-09-04,2026-09-09,call,783.0,0.33,0.35,0.34,930.0,774.0,773.17,100,0.3399999999999999,0.0199999999999999,True,,5.0,0.0136986301369863,773.4666152376419,0.0122501875585908,True,,0.0809150770563184,,0.0,773.042914007354,good,True
2026-09-04,2026-09-09,put,783.0,9.83,10.52,10.0,26.0,0.0,773.17,100,10.175,0.6899999999999995,True,,5.0,0.0136986301369863,773.4666152376419,0.0122501875585908,True,,0.0977538490780895,,9.528162420794615,782.5710764281487,good,False
2026-09-04,2026-09-09,call,784.0,0.25,0.26,0.26,1072.0,692.0,773.17,100,0.255,0.01,True,,5.0,0.0136986301369863,773.4666152376419,0.0135265119181955,True,,0.081001827035704,,0.0,773.042914007354,good,True
2026-09-04,2026-09-09,put,784.0,10.66,11.25,10.55,3.0,0.0,773.17,100,10.955,0.5899999999999999,True,,5.0,0.0136986301369863,773.4666152376419,0.0135265119181955,True,,0.092537278851781,,10.527614625683782,783.5705286330378,good,True
2026-09-04,2026-09-09,call,785.0,0.18,0.19,0.2,3707.0,1198.0,773.17,100,0.185,0.01,True,,5.0,0.0136986301369863,773.4666152376419,0.0148012093501963,True,,0.0807290088693003,,0.0,773.042914007354,good,True
2026-09-04,2026-09-09,put,785.0,11.96,12.72,12.17,450.0,0.0,773.17,100,12.34,0.7599999999999998,True,,5.0,0.0136986301369863,773.4666152376419,0.0148012093501963,True,,0.1195831710759754,,11.527066830572837,784.5699808379269,good,False
2026-09-04,2026-09-09,call,786.0,0.14,0.15,0.14,304.0,447.0,773.17,100,0.145,0.0099999999999999,True,,5.0,0.0136986301369863,773.4666152376419,0.0160742839969944,True,,0.0819577409704528,,0.0,773.042914007354,good,True
2026-09-04,2026-09-09,call,787.0,0.1,0.11,0.1,280.0,534.0,773.17,100,0.105,0.0099999999999999,True,,5.0,0.0136986301369863,773.4666152376419,0.017345739985191,True,,0.0820173840885839,,0.0,773.042914007354,good,True
2026-09-04,2026-09-09,put,787.0,13.53,14.82,13.59,1.0,0.0,773.17,100,14.175,1.290000000000001,True,,5.0,0.0136986301369863,773.4666152376419,0.017345739985191,True,,0.1244378893720101,,13.52597124035094,786.568885247705,good,True
2026-09-04,2026-09-09,call,788.0,0.07,0.08,0.08,243.0,141.0,773.17,100,0.075,0.0099999999999999,True,,5.0,0.0136986301369863,773.4666152376419,0.0186155814256669,True,,0.0820665451433002,,0.0,773.042914007354,good,True
2026-09-04,2026-09-09,put,788.0,14.57,15.78,14.59,330.0,0.0,773.17,100,15.175,1.209999999999999,True,,5.0,0.0136986301369863,773.4666152376419,0.0186155814256669,True,,0.1308644445369596,,14.525423445240108,787.5683374525942,good,True
2026-09-04,2026-09-09,call,789.0,0.06,0.07,0.07,317.0,710.0,773.17,100,0.065,0.01,True,,5.0,0.0136986301369863,773.4666152376419,0.0198838124136619,True,,0.0847590810600896,,0.0,773.042914007354,good,False
2026-09-04,2026-09-09,call,790.0,0.04,0.05,0.05,246.0,765.0,773.17,100,0.045,0.01,True,,5.0,0.0136986301369863,773.4666152376419,0.0211504370288548,True,,0.0845270196267527,,0.0,773.042914007354,good,True
2026-09-04,2026-09-09,put,790.0,16.56,17.79,21.83,90.0,0.0,773.17,100,17.174999999999997,1.2300000000000004,True,,5.0,0.0136986301369863,773.4666152376419,0.0211504370288548,True,,0.1434815294240749,,16.524327855018214,789.5672418623723,good,True
2026-09-04,2026-09-09,call,791.0,0.04,0.05,0.04,103.0,942.0,773.17,100,0.045,0.01,True,,5.0,0.0136986301369863,773.4666152376419,0.0224154593354417,True,,0.0888356476435204,,0.0,773.042914007354,good,False
2026-09-04,2026-09-09,call,792.0,0.03,0.04,0.02,158.0,282.0,773.17,100,0.035,0.01,True,,5.0,0.0136986301369863,773.4666152376419,0.0236788833822137,True,,0.0899646823609761,,0.0,773.042914007354,good,True
2026-09-04,2026-09-09,call,793.0,0.02,0.03,0.03,437.0,101.0,773.17,100,0.025,0.0099999999999999,True,,5.0,0.0136986301369863,773.4666152376419,0.0249407132026358,True,,0.0901295200139481,,0.0,773.042914007354,good,True
2026-09-04,2026-09-09,call,794.0,0.02,0.03,0.01,706.0,124.0,773.17,100,0.025,0.0099999999999999,True,,5.0,0.0136986301369863,773.4666152376419,0.0262009528149235,True,,0.09410117465887,,0.0,773.042914007354,good,True
2026-09-04,2026-09-09,put,794.0,20.54,21.81,25.54,1.0,1.0,773.17,100,21.175,1.2699999999999996,True,,5.0,0.0136986301369863,773.4666152376419,0.0262009528149235,True,,0.1679207310828573,,20.52213667457454,793.5650506819286,good,True
2026-09-04,2026-09-09,call,795.0,0.02,0.03,0.02,45.0,207.0,773.17,100,0.025,0.0099999999999999,True,,5.0,0.0136986301369863,773.4666152376419,0.0274596062221196,True,,0.0980487111975142,,0.0,773.042914007354,good,True
2026-09-04,2026-09-09,call,796.0,0.02,0.03,0.02,2.0,17.0,773.17,100,0.025,0.0099999999999999,True,,5.0,0.0136986301369863,773.4666152376419,0.0287166774121707,True,,0.1019732744107602,,0.0,773.042914007354,good,False
2026-09-04,2026-09-09,call,797.0,0.01,0.02,0.02,286.0,238.0,773.17,100,0.015,0.01,True,,5.0,0.0136986301369863,773.4666152376419,0.0299721703580029,True,,0.099839137292704,,0.0,773.042914007354,good,True
2026-09-04,2026-09-09,call,798.0,0.01,0.02,0.02,1.0,27.0,773.17,100,0.015,0.01,True,,5.0,0.0136986301369863,773.4666152376419,0.0312260890175966,True,,0.1035425884378635,,0.0,773.042914007354,good,True
2026-09-04,2026-09-09,call,799.0,0.01,0.02,0.02,3.0,74.0,773.17,100,0.015,0.01,True,,5.0,0.0136986301369863,773.4666152376419,0.0324784373340624,True,,0.1072277790441193,,0.0,773.042914007354,good,True
2026-09-04,2026-09-09,call,800.0,0.01,0.02,0.02,98.0,273.0,773.17,100,0.015,0.01,True,,5.0,0.0136986301369863,773.4666152376419,0.033729219235715,True,,0.1108953954429597,,0.0,773.042914007354,good,True
2026-09-04,2026-09-09,put,800.0,26.53,27.82,26.89,1.0,0.0,773.17,100,27.175,1.2899999999999991,True,,5.0,0.0136986301369863,773.4666152376419,0.033729219235715,True,,0.2030228253275331,,26.51884990390897,799.561763911263,good,True
2026-09-04,2026-09-09,call,801.0,0.01,0.02,0.02,2.0,91.0,773.17,100,0.015,0.01,True,,5.0,0.0136986301369863,773.4666152376419,0.0349784386361469,True,,0.1145460753045914,,0.0,773.042914007354,good,True
2026-09-04,2026-09-09,call,802.0,0.01,0.02,0.02,0.0,350.0,773.17,100,0.015,0.01,True,,5.0,0.0136986301369863,773.4666152376419,0.0362260994343022,True,,0.1181803792718713,,0.0,773.042914007354,good,True
2026-09-04,2026-09-09,call,803.0,0.01,0.02,0.01,0.0,62.0,773.17,100,0.015,0.01,True,,5.0,0.0136986301369863,773.4666152376419,0.0374722055145495,True,,0.1217988581723222,,0.0,773.042914007354,good,True
2026-09-04,2026-09-09,call,804.0,0.01,0.02,0.01,0.0,3.0,773.17,100,0.015,0.01,True,,5.0,0.0136986301369863,773.4666152376419,0.0387167607467542,True,,0.1254020076786467,,0.0,773.042914007354,good,True
2026-09-04,2026-09-09,call,805.0,0.01,0.02,0.01,160.0,305.0,773.17,100,0.015,0.01,True,,5.0,0.0136986301369863,773.4666152376419,0.0399597689863512,True,,0.1289902889467635,,0.0,773.042914007354,good,True
2026-09-04,2026-09-09,call,806.0,0.01,0.02,0.02,0.0,320.0,773.17,100,0.015,0.01,True,,5.0,0.0136986301369863,773.4666152376419,0.041201234074416,True,,0.1325641319360779,,0.0,773.042914007354,good,True
2026-09-04,2026-09-09,call,809.0,0.01,0.02,0.01,0.0,1.0,773.17,100,0.015,0.01,True,,5.0,0.0136986301369863,773.4666152376419,0.0449164086262795,True,,0.1432029224354883,,0.0,773.042914007354,good,True
2026-09-04,2026-09-09,call,810.0,0.01,0.02,0.01,0.0,3.0,773.17,100,0.015,0.01,True,,5.0,0.0136986301369863,773.4666152376419,0.0461517392342723,True,,0.1467227844536903,,0.0,773.042914007354,good,False
2026-09-04,2026-09-09,call,820.0,0.0,0.01,0.01,17.0,1.0,773.17,100,0.005,0.01,True,,5.0,0.0136986301369863,773.4666152376419,0.0584218318260865,True,,0.1639994309452408,,0.0,773.042914007354,good,True
2026-09-04,2026-09-09,call,825.0,0.0,0.01,0.03,0.0,2.0,773.17,100,0.005,0.01,True,,5.0,0.0136986301369863,773.4666152376419,0.0645008779024687,True,,0.179525081955772,,0.0,773.042914007354,good,True
2026-09-04,2026-09-09,call,830.0,0.0,0.01,0.02,0.0,58.0,773.17,100,0.005,0.01,True,,5.0,0.0136986301369863,773.4666152376419,0.0705431923584314,True,,0.1948472350166595,,0.0,773.042914007354,good,True
2026-09-04,2026-09-09,put,830.0,56.53,57.82,57.8,3.0,1.0,773.17,100,57.175,1.2899999999999991,True,,5.0,0.0136986301369863,773.4666152376419,0.0705431923584314,True,,0.3617064367082863,,56.50241605058136,829.5453300579354,good,True
2026-09-04,2026-09-09,call,840.0,0.0,0.01,0.02,0.0,1.0,773.17,100,0.005,0.01,True,,5.0,0.0136986301369863,773.4666152376419,0.0825193834051471,True,,0.2249331266097158,,0.0,773.042914007354,good,True
2026-09-04,2026-09-09,put,840.0,66.48,67.87,67.18,1.0,0.0,773.17,100,67.17500000000001,1.3900000000000006,True,,5.0,0.0136986301369863,773.4666152376419,0.0825193834051471,True,,0.4105060948864636,,66.49693809947212,839.5398521068262,good,True
2026-09-04,2026-09-09,put,845.0,71.48,72.87,72.16,1.0,2.0,773.17,100,72.17500000000001,1.3900000000000006,True,,5.0,0.0136986301369863,773.4666152376419,0.0884541189249617,True,,0.4343394823077382,,71.4941991239175,844.5371131312716,good,True
2026-09-04,2026-09-09,call,850.0,0.0,0.01,0.01,0.0,405.0,773.17,100,0.005,0.01,True,,5.0,0.0136986301369863,773.4666152376419,0.0943538410521498,True,,0.2543420293247507,,0.0,773.042914007354,good,True
2026-09-04,2026-09-09,call,855.0,0.0,0.01,0.01,1.0,406.0,773.17,100,0.005,0.01,True,,5.0,0.0136986301369863,773.4666152376419,0.100218960504548,True,,0.2688129414723683,,0.0,773.042914007354,good,True
2026-09-04,2026-09-10,put,670.0,0.01,0.02,0.01,3.0,11.0,773.17,100,0.015,0.01,True,,6.0,0.0164383561643835,773.5259519388196,-0.1436815083759676,True,,0.3778187489193528,,0.0,669.559596860735,good,True
2026-09-04,2026-09-10,put,675.0,0.02,0.03,0.02,2.0,6.0,773.17,100,0.025,0.0099999999999999,True,,6.0,0.0164383561643835,773.5259519388196,-0.1362465298884495,True,,0.3770932487788275,,0.0,674.5563102701435,good,False
2026-09-04,2026-09-10,call,680.0,92.6,93.95,86.31,0.0,2.0,773.17,100,93.275,1.3500000000000083,True,,6.0,0.0164383561643835,773.5259519388196,-0.1288664225908269,False,below_european_lower_bound,,market_price is below the no-arbitrage lower bound.,93.46447563607852,773.0174993156305,good,True
2026-09-04,2026-09-10,put,680.0,0.02,0.03,0.02,1.0,6.0,773.17,100,0.025,0.0099999999999999,True,,6.0,0.0164383561643835,773.5259519388196,-0.1288664225908269,True,,0.3584430709173529,,0.0,679.553023679552,good,True
2026-09-04,2026-09-10,call,685.0,87.6,88.95,80.75,0.0,2.0,773.17,100,88.275,1.3500000000000083,True,,6.0,0.0164383561643835,773.5259519388196,-0.121540382498754,False,below_european_lower_bound,,market_price is below the no-arbitrage lower bound.,88.46776222667006,773.0174993156305,good,True
2026-09-04,2026-09-10,put,685.0,0.02,0.03,0.03,4.0,5.0,773.17,100,0.025,0.0099999999999999,True,,6.0,0.0164383561643835,773.5259519388196,-0.121540382498754,True,,0.3398563719898686,,0.0,684.5497370889605,good,True
2026-09-04,2026-09-10,call,690.0,82.61,83.96,75.06,0.0,4.0,773.17,100,83.285,1.3499999999999943,True,,6.0,0.0164383561643835,773.5259519388196,-0.1142676231696743,False,below_european_lower_bound,,market_price is below the no-arbitrage lower bound.,83.47104881726159,773.0174993156305,good,False
2026-09-04,2026-09-10,put,690.0,0.02,0.03,0.02,10.0,111.0,773.17,100,0.025,0.0099999999999999,True,,6.0,0.0164383561643835,773.5259519388196,-0.1142676231696743,True,,0.3213269121363721,,0.0,689.5464504983689,good,True
2026-09-04,2026-09-10,call,695.0,77.61,78.96,70.53,0.0,2.0,773.17,100,78.285,1.3499999999999943,True,,6.0,0.0164383561643835,773.5259519388196,-0.1070473751961872,False,below_european_lower_bound,,market_price is below the no-arbitrage lower bound.,78.47433540785312,773.0174993156305,good,True
2026-09-04,2026-09-10,put,695.0,0.02,0.03,0.03,10.0,27.0,773.17,100,0.025,0.0099999999999999,True,,6.0,0.0164383561643835,773.5259519388196,-0.1070473751961872,True,,0.3028478448975825,,0.0,694.5431639077774,good,True
2026-09-04,2026-09-10,call,700.0,72.67,73.91,65.97,0.0,7.0,773.17,100,73.28999999999999,1.2399999999999949,True,,6.0,0.0164383561643835,773.5259519388196,-0.0998788857175747,False,below_european_lower_bound,,market_price is below the no-arbitrage lower bound.,73.47762199844465,773.0174993156305,good,True
2026-09-04,2026-09-10,put,700.0,0.03,0.04,0.03,73.0,172.0,773.17,100,0.035,0.01,True,,6.0,0.0164383561643835,773.5259519388196,-0.0998788857175747,True,,0.2943580527746636,,0.0,699.5398773171859,good,False
2026-09-04,2026-09-10,call,705.0,67.63,68.98,60.36,0.0,3.0,773.17,100,68.305,1.3500000000000083,True,,6.0,0.0164383561643835,773.5259519388196,-0.0927614179487107,False,below_european_lower_bound,,market_price is below the no-arbitrage lower bound.,68.48090858903618,773.0174993156305,good,False
2026-09-04,2026-09-10,put,705.0,0.03,0.04,0.03,13.0,3.0,773.17,100,0.035,0.01,True,,6.0,0.0164383561643835,773.5259519388196,-0.0927614179487107,True,,0.2754183329902296,,0.0,704.5365907265943,good,True
2026-09-04,2026-09-10,call,710.0,62.68,63.93,63.16,5.0,3.0,773.17,100,63.305,1.25,True,,6.0,0.0164383561643835,773.5259519388196,-0.0856942507256182,False,below_european_lower_bound,,market_price is below the no-arbitrage lower bound.,63.4841951796277,773.0174993156305,good,True
2026-09-04,2026-09-10,put,710.0,0.04,0.05,0.04,56.0,200.0,773.17,100,0.045,0.01,True,,6.0,0.0164383561643835,773.5259519388196,-0.0856942507256182,True,,0.2636674082881186,,0.0,709.5333041360028,good,False
2026-09-04,2026-09-10,call,715.0,57.7,58.94,58.6,20.0,34.0,773.17,100,58.32,1.2399999999999949,True,,6.0,0.0164383561643835,773.5259519388196,-0.0786766780669717,False,below_european_lower_bound,,market_price is below the no-arbitrage lower bound.,58.48748177021923,773.0174993156305,good,False
2026-09-04,2026-09-10,put,715.0,0.04,0.05,0.05,68.0,283.0,773.17,100,0.045,0.01,True,,6.0,0.0164383561643835,773.5259519388196,-0.0786766780669717,True,,0.2443217746715828,,0.0,714.5300175454113,good,True
2026-09-04,2026-09-10,call,718.0,54.65,56.0,46.38,0.0,20.0,773.17,100,55.325,1.3500000000000014,True,,6.0,0.0164383561643835,773.5259519388196,-0.0744896517127551,False,below_european_lower_bound,,market_price is below the no-arbitrage lower bound.,55.489453724574105,773.0174993156305,good,True
2026-09-04,2026-09-10,put,718.0,0.05,0.06,0.07,3.0,1.0,773.17,100,0.055,0.0099999999999999,True,,6.0,0.0164383561643835,773.5259519388196,-0.0744896517127551,True,,0.2382192580459324,,0.0,717.5280455910564,good,False
2026-09-04,2026-09-10,call,719.0,53.66,55.0,46.47,0.0,28.0,773.17,100,54.33,1.3400000000000034,True,,6.0,0.0164383561643835,773.5259519388196,-0.0730978630399326,False,below_european_lower_bound,,market_price is below the no-arbitrage lower bound.,54.49011104269243,773.0174993156305,good,True
2026-09-04,2026-09-10,put,719.0,0.05,0.06,0.09,5.0,47.0,773.17,100,0.055,0.0099999999999999,True,,6.0,0.0164383561643835,773.5259519388196,-0.0730978630399326,True,,0.2342733069561575,,0.0,718.5273882729381,good,True
2026-09-04,2026-09-10,call,720.0,52.66,54.01,45.31,0.0,10.0,773.17,100,53.335,1.3500000000000014,True,,6.0,0.0164383561643835,773.5259519388196,-0.0717080087508783,False,below_european_lower_bound,,market_price is below the no-arbitrage lower bound.,53.49076836081076,773.0174993156305,good,False
2026-09-04,2026-09-10,put,720.0,0.05,0.06,0.06,26.0,359.0,773.17,100,0.055,0.0099999999999999,True,,6.0,0.0164383561643835,773.5259519388196,-0.0717080087508783,True,,0.230326257142853,,0.0,719.5267309548198,good,True
2026-09-04,2026-09-10,call,721.0,51.66,53.01,44.92,0.0,13.0,773.17,100,52.335,1.3500000000000014,True,,6.0,0.0164383561643835,773.5259519388196,-0.0703200834760302,False,below_european_lower_bound,,market_price is below the no-arbitrage lower bound.,52.49142567892898,773.0174993156305,good,False
2026-09-04,2026-09-10,put,721.0,0.05,0.06,0.1,1000.0,0.0,773.17,100,0.055,0.0099999999999999,True,,6.0,0.0164383561643835,773.5259519388196,-0.0703200834760302,True,,0.2263779553635154,,0.0,720.5260736367015,good,True
2026-09-04,2026-09-10,call,722.0,50.71,51.95,47.05,4.0,12.0,773.17,100,51.33,1.240000000000002,True,,6.0,0.0164383561643835,773.5259519388196,-0.0689340818681531,False,below_european_lower_bound,,market_price is below the no-arbitrage lower bound.,51.492082997047305,773.0174993156305,good,True
2026-09-04,2026-09-10,put,722.0,0.05,0.06,0.08,2.0,17.0,773.17,100,0.055,0.0099999999999999,True,,6.0,0.0164383561643835,773.5259519388196,-0.0689340818681531,True,,0.2224282454644449,,0.0,721.5254163185832,good,True
2026-09-04,2026-09-10,call,723.0,49.67,51.01,43.15,0.0,9.0,773.17,100,50.34,1.3399999999999963,True,,6.0,0.0164383561643835,773.5259519388196,-0.0675499986022146,False,below_european_lower_bound,,market_price is below the no-arbitrage lower bound.,50.49274031516563,773.0174993156305,good,False
2026-09-04,2026-09-10,put,723.0,0.05,0.06,0.11,2.0,107.0,773.17,100,0.055,0.0099999999999999,True,,6.0,0.0164383561643835,773.5259519388196,-0.0675499986022146,True,,0.2184769463762576,,0.0,722.5247590004649,good,True
2026-09-04,2026-09-10,call,724.0,48.67,50.01,42.05,0.0,6.0,773.17,100,49.34,1.3399999999999963,True,,6.0,0.0164383561643835,773.5259519388196,-0.0661678283752629,False,below_european_lower_bound,,market_price is below the no-arbitrage lower bound.,49.49339763328396,773.0174993156305,good,True
2026-09-04,2026-09-10,put,724.0,0.06,0.07,0.19,0.0,123.0,773.17,100,0.065,0.01,True,,6.0,0.0164383561643835,773.5259519388196,-0.0661678283752629,True,,0.2189734787896745,,0.0,723.5241016823466,good,False
2026-09-04,2026-09-10,call,725.0,47.67,49.02,48.42,1.0,5.0,773.17,100,48.345,1.3500000000000014,True,,6.0,0.0164383561643835,773.5259519388196,-0.0647875659063046,False,below_european_lower_bound,,market_price is below the no-arbitrage lower bound.,48.49405495140229,773.0174993156305,good,True
2026-09-04,2026-09-10,put,725.0,0.06,0.07,0.07,22.0,62.0,773.17,100,0.065,0.01,True,,6.0,0.0164383561643835,773.5259519388196,-0.0647875659063046,True,,0.2149527328813021,,0.0,724.5234443642282,good,True
2026-09-04,2026-09-10,call,726.0,46.68,48.02,40.12,0.0,9.0,773.17,100,47.35,1.3400000000000034,True,,6.0,0.0164383561643835,773.5259519388196,-0.0634092059361832,False,below_european_lower_bound,,market_price is below the no-arbitrage lower bound.,47.494712269520505,773.0174993156305,good,False
2026-09-04,2026-09-10,put,726.0,0.06,0.07,0.51,0.0,18.0,773.17,100,0.065,0.01,True,,6.0,0.0164383561643835,773.5259519388196,-0.0634092059361832,True,,0.2109296458393168,,0.0,725.52278704611,good,True
2026-09-04,2026-09-10,call,727.0,45.68,47.02,38.93,0.0,13.0,773.17,100,46.35,1.3400000000000034,True,,6.0,0.0164383561643835,773.5259519388196,-0.0620327432274599,False,below_european_lower_bound,,market_price is below the no-arbitrage lower bound.,46.495369587638834,773.0174993156305,good,False
2026-09-04,2026-09-10,put,727.0,0.06,0.07,0.18,0.0,13.0,773.17,100,0.065,0.01,True,,6.0,0.0164383561643835,773.5259519388196,-0.0620327432274599,True,,0.2069040119807287,,0.0,726.5221297279917,good,True
2026-09-04,2026-09-10,call,728.0,44.73,45.96,42.19,2.0,12.0,773.17,100,45.345,1.230000000000004,True,,6.0,0.0164383561643835,773.5259519388196,-0.0606581725642933,False,below_european_lower_bound,,market_price is below the no-arbitrage lower bound.,45.49602690575716,773.0174993156305,good,True
2026-09-04,2026-09-10,put,728.0,0.06,0.07,0.1,3.0,16.0,773.17,100,0.065,0.01,True,,6.0,0.0164383561643835,773.5259519388196,-0.0606581725642933,True,,0.2028756138270178,,0.0,727.5214724098734,good,True
2026-09-04,2026-09-10,call,729.0,43.73,44.97,41.11,2.0,16.0,773.17,100,44.35,1.240000000000002,True,,6.0,0.0164383561643835,773.5259519388196,-0.0592854887523211,False,below_european_lower_bound,,market_price is below the no-arbitrage lower bound.,44.49668422387549,773.0174993156305,good,True
2026-09-04,2026-09-10,put,729.0,0.07,0.08,0.11,31.0,89.0,773.17,100,0.075,0.0099999999999999,True,,6.0,0.0164383561643835,773.5259519388196,-0.0592854887523211,True,,0.2025468403232043,,0.0,728.520815091755,good,False
2026-09-04,2026-09-10,call,730.0,42.74,43.97,41.18,4.0,8.0,773.17,100,43.355,1.2299999999999969,True,,6.0,0.0164383561643835,773.5259519388196,-0.0579146866185425,False,below_european_lower_bound,,market_price is below the no-arbitrage lower bound.,43.49734154199382,773.0174993156305,good,True
2026-09-04,2026-09-10,put,730.0,0.07,0.08,0.08,24.0,200.0,773.17,100,0.075,0.0099999999999999,True,,6.0,0.0164383561643835,773.5259519388196,-0.0579146866185425,True,,0.1984526675716318,,0.0,729.5201577736367,good,True
2026-09-04,2026-09-10,call,731.0,41.69,43.03,35.14,0.0,10.0,773.17,100,42.36,1.3400000000000034,True,,6.0,0.0164383561643835,773.5259519388196,-0.0565457610112008,False,below_european_lower_bound,,market_price is below the no-arbitrage lower bound.,42.497998860112034,773.0174993156305,good,True
2026-09-04,2026-09-10,put,731.0,0.07,0.08,0.08,7.0,90.0,773.17,100,0.075,0.0099999999999999,True,,6.0,0.0164383561643835,773.5259519388196,-0.0565457610112008,True,,0.1943547813827328,,0.0,730.5195004555185,good,True
2026-09-04,2026-09-10,call,732.0,40.75,41.98,38.28,4.0,18.0,773.17,100,41.365,1.2299999999999969,True,,6.0,0.0164383561643835,773.5259519388196,-0.0551787067996677,False,below_european_lower_bound,,market_price is below the no-arbitrage lower bound.,41.49865617823036,773.0174993156305,good,False
2026-09-04,2026-09-10,put,732.0,0.08,0.09,0.11,22.0,91.0,773.17,100,0.0849999999999999,0.0099999999999999,True,,6.0,0.0164383561643835,773.5259519388196,-0.0551787067996677,True,,0.1934705460001996,,0.0,731.5188431374002,good,False
2026-09-04,2026-09-10,call,733.0,39.75,40.98,37.05,4.0,10.0,773.17,100,40.365,1.2299999999999969,True,,6.0,0.0164383561643835,773.5259519388196,-0.0538135188743278,False,below_european_lower_bound,,market_price is below the no-arbitrage lower bound.,40.49931349634869,773.0174993156305,good,True
2026-09-04,2026-09-10,put,733.0,0.08,0.09,0.09,33.0,46.0,773.17,100,0.0849999999999999,0.0099999999999999,True,,6.0,0.0164383561643835,773.5259519388196,-0.0538135188743278,True,,0.1893098508785599,,0.0,732.5181858192818,good,True
2026-09-04,2026-09-10,call,734.0,38.71,40.04,31.71,0.0,4.0,773.17,100,39.375,1.3299999999999983,True,,6.0,0.0164383561643835,773.5259519388196,-0.0524501921464637,False,below_european_lower_bound,,market_price is below the no-arbitrage lower bound.,39.49997081446702,773.0174993156305,good,False
2026-09-04,2026-09-10,put,734.0,0.08,0.09,0.1,15.0,29.0,773.17,100,0.0849999999999999,0.0099999999999999,True,,6.0,0.0164383561643835,773.5259519388196,-0.0524501921464637,True,,0.1851443360564439,,0.0,733.5175285011635,good,True
2026-09-04,2026-09-10,call,735.0,37.71,39.05,31.32,0.0,18.0,773.17,100,38.38,1.3399999999999963,True,,6.0,0.0164383561643835,773.5259519388196,-0.0510887215481427,False,below_european_lower_bound,,market_price is below the no-arbitrage lower bound.,38.50062813258535,773.0174993156305,good,True
2026-09-04,2026-09-10,put,735.0,0.09,0.1,0.1,47.0,80.0,773.17,100,0.095,0.01,True,,6.0,0.0164383561643835,773.5259519388196,-0.0510887215481427,True,,0.1837956808084717,,0.0,734.5168711830452,good,False
2026-09-04,2026-09-10,call,736.0,36.72,38.05,30.15,0.0,7.0,773.17,100,37.385,1.3299999999999983,True,,6.0,0.0164383561643835,773.5259519388196,-0.0497291020321031,False,below_european_lower_bound,,market_price is below the no-arbitrage lower bound.,37.50128545070356,773.0174993156305,good,False
2026-09-04,2026-09-10,put,736.0,0.09,0.1,0.1,124.0,383.0,773.17,100,0.095,0.01,True,,6.0,0.0164383561643835,773.5259519388196,-0.0497291020321031,True,,0.17956883886159,,0.0,735.516213864927,good,True
2026-09-04,2026-09-10,call,737.0,35.77,36.99,37.12,6.0,7.0,773.17,100,36.38,1.2199999999999989,True,,6.0,0.0164383561643835,773.5259519388196,-0.0483713285716427,False,below_european_lower_bound,,market_price is below the no-arbitrage lower bound.,36.50194276882189,773.0174993156305,good,True
2026-09-04,2026-09-10,put,737.0,0.1,0.11,0.1,35.0,225.0,773.17,100,0.105,0.0099999999999999,True,,6.0,0.0164383561643835,773.5259519388196,-0.0483713285716427,True,,0.1778736928951169,,0.0,736.5155565468086,good,False
2026-09-04,2026-09-10,call,738.0,34.78,36.0,32.22,2.0,10.0,773.17,100,35.39,1.2199999999999989,True,,6.0,0.0164383561643835,773.5259519388196,-0.0470153961605068,False,below_european_lower_bound,,market_price is below the no-arbitrage lower bound.,35.50260008694022,773.0174993156305,good,False
2026-09-04,2026-09-10,put,738.0,0.1,0.11,0.11,157.0,700.0,773.17,100,0.105,0.0099999999999999,True,,6.0,0.0164383561643835,773.5259519388196,-0.0470153961605068,True,,0.1735868192004593,,0.0,737.5148992286903,good,True
2026-09-04,2026-09-10,put,739.0,0.11,0.12,0.12,99.0,128.0,773.17,100,0.1149999999999999,0.0099999999999999,True,,6.0,0.0164383561643835,773.5259519388196,-0.0456612998127775,True,,0.1715887341667487,,0.0,738.514241910572,good,False
2026-09-04,2026-09-10,call,740.0,32.8,34.01,34.45,238.0,1.0,773.17,100,33.405,1.2100000000000009,True,,6.0,0.0164383561643835,773.5259519388196,-0.0443090345627639,False,below_european_lower_bound,,market_price is below the no-arbitrage lower bound.,33.50391472317688,773.0174993156305,good,True
2026-09-04,2026-09-10,put,740.0,0.11,0.12,0.12,194.0,415.0,773.17,100,0.1149999999999999,0.0099999999999999,True,,6.0,0.0164383561643835,773.5259519388196,-0.0443090345627639,True,,0.1672422602778014,,0.0,739.5135845924536,good,True
2026-09-04,2026-09-10,call,741.0,31.81,33.02,32.89,370.0,8.0,773.17,100,32.415,1.2100000000000044,True,,6.0,0.0164383561643835,773.5259519388196,-0.0429585954648924,False,below_european_lower_bound,,market_price is below the no-arbitrage lower bound.,32.50457204129509,773.0174993156305,good,True
2026-09-04,2026-09-10,put,741.0,0.12,0.13,0.13,51.0,130.0,773.17,100,0.125,0.01,True,,6.0,0.0164383561643835,773.5259519388196,-0.0429585954648924,True,,0.1649739774704371,,0.0,740.5129272743354,good,True
2026-09-04,2026-09-10,call,742.0,30.82,32.03,32.41,382.0,17.0,773.17,100,31.425,1.2100000000000009,True,,6.0,0.0164383561643835,773.5259519388196,-0.0416099775935989,False,below_european_lower_bound,,market_price is below the no-arbitrage lower bound.,31.50522935941342,773.0174993156305,good,True
2026-09-04,2026-09-10,put,742.0,0.13,0.14,0.13,43.0,108.0,773.17,100,0.135,0.01,True,,6.0,0.0164383561643835,773.5259519388196,-0.0416099775935989,True,,0.1625106116887249,,0.0,741.5122699562171,good,True
2026-09-04,2026-09-10,call,743.0,29.83,31.04,31.64,404.0,14.0,773.17,100,30.435,1.2100000000000009,True,,6.0,0.0164383561643835,773.5259519388196,-0.0402631760432201,False,below_european_lower_bound,,market_price is below the no-arbitrage lower bound.,30.50588667753175,773.0174993156305,good,True
2026-09-04,2026-09-10,put,743.0,0.14,0.15,0.15,448.0,104.0,773.17,100,0.145,0.0099999999999999,True,,6.0,0.0164383561643835,773.5259519388196,-0.0402631760432201,True,,0.1598703048573987,,0.0,742.5116126380988,good,True
2026-09-04,2026-09-10,call,744.0,28.84,30.05,30.39,442.0,34.0,773.17,100,29.445,1.2100000000000009,True,,6.0,0.0164383561643835,773.5259519388196,-0.0389181859278874,False,below_european_lower_bound,,market_price is below the no-arbitrage lower bound.,29.50654399565008,773.0174993156305,good,True
2026-09-04,2026-09-10,put,744.0,0.15,0.16,0.15,266.0,85.0,773.17,100,0.155,0.01,True,,6.0,0.0164383561643835,773.5259519388196,-0.0389181859278874,True,,0.1570677169070281,,0.0,743.5109553199804,good,True
2026-09-04,2026-09-10,call,745.0,28.14,28.93,29.17,560.0,118.0,773.17,100,28.535,0.7899999999999991,True,,6.0,0.0164383561643835,773.5259519388196,-0.0375750023814197,True,,0.1199301540049727,,28.507201313768405,773.0174993156305,good,False
2026-09-04,2026-09-10,put,745.0,0.16,0.17,0.17,574.0,384.0,773.17,100,0.165,0.01,True,,6.0,0.0164383561643835,773.5259519388196,-0.0375750023814197,True,,0.1541148182377421,,0.0,744.5102980018621,good,True
2026-09-04,2026-09-10,call,746.0,26.88,28.07,28.53,418.0,42.0,773.17,100,27.475,1.1900000000000013,True,,6.0,0.0164383561643835,773.5259519388196,-0.0362336205572185,False,below_european_lower_bound,,market_price is below the no-arbitrage lower bound.,27.50785863188662,773.0174993156305,good,True
2026-09-04,2026-09-10,put,746.0,0.17,0.18,0.19,695.0,54.0,773.17,100,0.175,0.0099999999999999,True,,6.0,0.0164383561643835,773.5259519388196,-0.0362336205572185,True,,0.1510214372065254,,0.0,745.5096406837439,good,True
2026-09-04,2026-09-10,call,747.0,25.89,27.08,26.69,474.0,31.0,773.17,100,26.485,1.1899999999999975,True,,6.0,0.0164383561643835,773.5259519388196,-0.034894035628162,False,below_european_lower_bound,,market_price is below the no-arbitrage lower bound.,26.50851595000495,773.0174993156305,good,True
2026-09-04,2026-09-10,put,747.0,0.19,0.2,0.18,649.0,236.0,773.17,100,0.195,0.01,True,,6.0,0.0164383561643835,773.5259519388196,-0.034894035628162,True,,0.1491762832582629,,0.0,746.5089833656256,good,True
2026-09-04,2026-09-10,call,748.0,24.92,26.1,25.77,956.0,52.0,773.17,100,25.51,1.1799999999999995,True,,6.0,0.0164383561643835,773.5259519388196,-0.033556242786502,True,,0.0783085208365376,,25.50917326812328,773.0174993156305,good,False
2026-09-04,2026-09-10,put,748.0,0.21,0.22,0.21,2461.0,262.0,773.17,100,0.215,0.01,True,,6.0,0.0164383561643835,773.5259519388196,-0.033556242786502,True,,0.1470244474741888,,0.0,747.5083260475072,good,True
2026-09-04,2026-09-10,call,749.0,23.94,25.12,24.82,202.0,30.0,773.17,100,24.53,1.1799999999999995,True,,6.0,0.0164383561643835,773.5259519388196,-0.0322202372437598,True,,0.1008242442558854,,24.509830586241605,773.0174993156305,good,True
2026-09-04,2026-09-10,put,749.0,0.23,0.24,0.24,2539.0,415.0,773.17,100,0.235,0.0099999999999999,True,,6.0,0.0164383561643835,773.5259519388196,-0.0322202372437598,True,,0.1446010992185412,,0.0,748.5076687293889,good,True
2026-09-04,2026-09-10,call,750.0,22.97,24.14,24.18,36.0,102.0,773.17,100,23.555,1.1700000000000017,True,,6.0,0.0164383561643835,773.5259519388196,-0.0308860142306231,True,,0.1071516867765602,,23.51048790435993,773.0174993156305,good,True
2026-09-04,2026-09-10,put,750.0,0.25,0.26,0.26,1174.0,868.0,773.17,100,0.255,0.01,True,,6.0,0.0164383561643835,773.5259519388196,-0.0308860142306231,True,,0.1419331653682308,,0.0,749.5070114112706,good,True
2026-09-04,2026-09-10,call,751.0,22.0,23.16,23.52,176.0,23.0,773.17,100,22.58,1.16,True,,6.0,0.0164383561643835,773.5259519388196,-0.0295535689968446,True,,0.1096526106820295,,22.51114522247815,773.0174993156305,good,True
2026-09-04,2026-09-10,put,751.0,0.28,0.29,0.28,272.0,199.0,773.17,100,0.285,0.0099999999999999,True,,6.0,0.0164383561643835,773.5259519388196,-0.0295535689968446,True,,0.1400459902042836,,0.0,750.5063540931524,good,True
2026-09-04,2026-09-10,call,752.0,21.04,22.18,22.25,35.0,102.0,773.17,100,21.61,1.1400000000000006,True,,6.0,0.0164383561643835,773.5259519388196,-0.0282228968111395,True,,0.1113371534058448,,21.51180254059648,773.0174993156305,good,True
2026-09-04,2026-09-10,put,752.0,0.31,0.32,0.3,3724.0,477.0,773.17,100,0.315,0.01,True,,6.0,0.0164383561643835,773.5259519388196,-0.0282228968111395,True,,0.1378123591381197,,0.0,751.505696775034,good,True
2026-09-04,2026-09-10,call,753.0,20.09,21.2,21.67,64.0,156.0,773.17,100,20.645,1.1099999999999994,True,,6.0,0.0164383561643835,773.5259519388196,-0.0268939929610857,True,,0.1123934865491787,,20.51245985871481,773.0174993156305,good,True
2026-09-04,2026-09-10,put,753.0,0.34,0.35,0.33,785.0,151.0,773.17,100,0.345,0.0099999999999999,True,,6.0,0.0164383561643835,773.5259519388196,-0.0268939929610857,True,,0.1352699574831294,,0.0,752.5050394569157,good,True
2026-09-04,2026-09-10,call,754.0,19.14,20.22,19.42,329.0,109.0,773.17,100,19.68,1.0799999999999983,True,,6.0,0.0164383561643835,773.5259519388196,-0.0255668527530232,True,,0.1123197691214681,,19.51311717683313,773.0174993156305,good,True
2026-09-04,2026-09-10,put,754.0,0.38,0.39,0.39,254.0,198.0,773.17,100,0.385,0.01,True,,6.0,0.0164383561643835,773.5259519388196,-0.0255668527530232,True,,0.1332375429315933,,0.0,753.5043821387974,good,True
2026-09-04,2026-09-10,call,755.0,18.4,19.13,18.77,1365.0,204.0,773.17,100,18.765,0.7300000000000004,True,,6.0,0.0164383561643835,773.5259519388196,-0.0242414715119545,True,,0.1165112988638809,,18.513774494951463,773.0174993156305,good,False
2026-09-04,2026-09-10,put,755.0,0.42,0.43,0.43,838.0,1055.0,773.17,100,0.425,0.01,True,,6.0,0.0164383561643835,773.5259519388196,-0.0242414715119545,True,,0.1308374670327374,,0.0,754.503724820679,good,True
2026-09-04,2026-09-10,call,756.0,17.45,18.16,17.91,192.0,230.0,773.17,100,17.805,0.7100000000000009,True,,6.0,0.0164383561643835,773.5259519388196,-0.0229178445814463,True,,0.114928101209938,,17.514431813069677,773.0174993156305,good,True
2026-09-04,2026-09-10,put,756.0,0.47,0.48,0.49,588.0,543.0,773.17,100,0.475,0.01,True,,6.0,0.0164383561643835,773.5259519388196,-0.0229178445814463,True,,0.128779368950113,,0.0,755.5030675025608,good,True
2026-09-04,2026-09-10,call,757.0,16.53,17.2,17.56,260.0,340.0,773.17,100,16.865000000000002,0.6699999999999982,True,,6.0,0.0164383561643835,773.5259519388196,-0.0215959673235305,True,,0.1143950552183173,,16.515089131188006,773.0174993156305,good,False
2026-09-04,2026-09-10,put,757.0,0.53,0.54,0.54,298.0,362.0,773.17,100,0.535,0.01,True,,6.0,0.0164383561643835,773.5259519388196,-0.0215959673235305,True,,0.1269426982385267,,0.0,756.5024101844425,good,True
2026-09-04,2026-09-10,call,758.0,15.58,16.24,16.92,293.0,266.0,773.17,100,15.91,0.6599999999999984,True,,6.0,0.0164383561643835,773.5259519388196,-0.0202758351186076,True,,0.1121285657953052,,15.515746449306334,773.0174993156305,good,True
2026-09-04,2026-09-10,put,758.0,0.59,0.6,0.59,657.0,239.0,773.17,100,0.595,0.01,True,,6.0,0.0164383561643835,773.5259519388196,-0.0202758351186076,True,,0.1246574022515215,,0.0,757.5017528663242,good,True
2026-09-04,2026-09-10,call,759.0,14.67,15.3,15.47,556.0,193.0,773.17,100,14.985,0.6300000000000008,True,,6.0,0.0164383561643835,773.5259519388196,-0.0189574433653493,True,,0.111330853122764,,14.516403767424665,773.0174993156305,good,True
2026-09-04,2026-09-10,put,759.0,0.66,0.68,0.68,318.0,343.0,773.17,100,0.67,0.02,True,,6.0,0.0164383561643835,773.5259519388196,-0.0189574433653493,True,,0.1227618292270066,,0.0,758.5010955482059,good,True
2026-09-04,2026-09-10,call,760.0,13.76,14.36,14.05,372.0,668.0,773.17,100,14.06,0.5999999999999996,True,,6.0,0.0164383561643835,773.5259519388196,-0.0176407874806025,True,,0.1098451003050702,,13.517061085542991,773.0174993156305,good,False
2026-09-04,2026-09-10,put,760.0,0.75,0.76,0.75,3064.0,1050.0,773.17,100,0.755,0.01,True,,6.0,0.0164383561643835,773.5259519388196,-0.0176407874806025,True,,0.1208744428934494,,0.0,759.5004382300875,good,True
2026-09-04,2026-09-10,call,761.0,12.95,13.29,13.11,1367.0,655.0,773.17,100,13.12,0.3399999999999998,True,,6.0,0.0164383561643835,773.5259519388196,-0.0163258628992935,True,,0.1070011059979716,,12.517718403661206,773.0174993156305,good,True
2026-09-04,2026-09-10,put,761.0,0.84,0.86,0.85,586.0,831.0,773.17,100,0.85,0.02,True,,6.0,0.0164383561643835,773.5259519388196,-0.0163258628992935,True,,0.1189359887195063,,0.0,760.4997809119693,good,True
2026-09-04,2026-09-10,call,762.0,12.05,12.41,12.22,981.0,266.0,773.17,100,12.23,0.3599999999999994,True,,6.0,0.0164383561643835,773.5259519388196,-0.015012665074333,True,,0.10612549432184,,11.518375721779536,773.0174993156305,good,True
2026-09-04,2026-09-10,put,762.0,0.95,0.96,0.94,623.0,352.0,773.17,100,0.955,0.01,True,,6.0,0.0164383561643835,773.5259519388196,-0.015012665074333,True,,0.1168975718216008,,0.0,761.499123593851,good,True
2026-09-04,2026-09-10,call,763.0,11.17,11.54,11.5,2349.0,498.0,773.17,100,11.355,0.3699999999999992,True,,6.0,0.0164383561643835,773.5259519388196,-0.0137011894765223,True,,0.1051528779441908,,10.519033039897865,773.0174993156305,good,True
2026-09-04,2026-09-10,put,763.0,1.07,1.09,1.08,585.0,413.0,773.17,100,1.08,0.02,True,,6.0,0.0164383561643835,773.5259519388196,-0.0137011894765223,True,,0.1151102280908853,,0.0,762.4984662757327,good,True
2026-09-04,2026-09-10,call,764.0,10.32,10.68,11.14,1548.0,476.0,773.17,100,10.5,0.3599999999999994,True,,6.0,0.0164383561643835,773.5259519388196,-0.0123914315944588,True,,0.104220176177473,,9.519690358016192,773.0174993156305,good,True
2026-09-04,2026-09-10,put,764.0,1.21,1.23,1.22,409.0,388.0,773.17,100,1.22,0.02,True,,6.0,0.0164383561643835,773.5259519388196,-0.0123914315944588,True,,0.1132785665813797,,0.0,763.4978089576143,good,True
2026-09-04,2026-09-10,call,765.0,9.51,9.8,9.6,1688.0,518.0,773.17,100,9.655,0.2900000000000009,True,,6.0,0.0164383561643835,773.5259519388196,-0.0110833869344434,True,,0.102875659422197,,8.52034767613452,773.0174993156305,good,True
2026-09-04,2026-09-10,put,765.0,1.37,1.39,1.39,1785.0,642.0,773.17,100,1.38,0.0199999999999997,True,,6.0,0.0164383561643835,773.5259519388196,-0.0110833869344434,True,,0.1115166926038091,,0.0,764.497151639496,good,True
2026-09-04,2026-09-10,call,766.0,8.7,8.98,8.78,1849.0,437.0,773.17,100,8.84,0.2800000000000011,True,,6.0,0.0164383561643835,773.5259519388196,-0.009777051020388,True,,0.1017994111346894,,7.521004994252735,773.0174993156305,good,True
2026-09-04,2026-09-10,put,766.0,1.55,1.57,1.57,655.0,298.0,773.17,100,1.56,0.02,True,,6.0,0.0164383561643835,773.5259519388196,-0.009777051020388,True,,0.1097450644862795,,0.0,765.4964943213778,good,True
2026-09-04,2026-09-10,call,767.0,7.92,8.22,8.0,2450.0,660.0,773.17,100,8.07,0.3000000000000007,True,,6.0,0.0164383561643835,773.5259519388196,-0.0084724193937231,True,,0.1013325153421223,,6.521662312371063,773.0174993156305,good,False
2026-09-04,2026-09-10,put,767.0,1.76,1.78,1.78,2725.0,190.0,773.17,100,1.77,0.02,True,,6.0,0.0164383561643835,773.5259519388196,-0.0084724193937231,True,,0.1082029141990607,,0.0,766.4958370032595,good,True
2026-09-04,2026-09-10,call,768.0,7.17,7.4,7.24,3751.0,396.0,773.17,100,7.285,0.2300000000000004,True,,6.0,0.0164383561643835,773.5259519388196,-0.0071694876133071,True,,0.0995149277006763,,5.522319630489392,773.0174993156305,good,True
2026-09-04,2026-09-10,put,768.0,1.99,2.01,2.01,1393.0,101.0,773.17,100,2.0,0.0199999999999997,True,,6.0,0.0164383561643835,773.5259519388196,-0.0071694876133071,True,,0.106496181772683,,0.0,767.4951796851411,good,True
2026-09-04,2026-09-10,call,769.0,6.44,6.69,6.62,3067.0,699.0,773.17,100,6.565,0.25,True,,6.0,0.0164383561643835,773.5259519388196,-0.0058682512553353,True,,0.098739563797209,,4.52297694860772,773.0174993156305,good,True
2026-09-04,2026-09-10,put,769.0,2.25,2.27,2.26,1416.0,70.0,773.17,100,2.26,0.02,True,,6.0,0.0164383561643835,773.5259519388196,-0.0058682512553353,True,,0.1048574173705762,,0.0,768.4945223670228,good,True
2026-09-04,2026-09-10,call,770.0,5.8,5.97,5.85,1357.0,661.0,773.17,100,5.885,0.1699999999999999,True,,6.0,0.0164383561643835,773.5259519388196,-0.0045687059132497,True,,0.0981193263503522,,3.5236342667260487,773.0174993156305,good,False
2026-09-04,2026-09-10,put,770.0,2.55,2.57,2.56,3244.0,1196.0,773.17,100,2.56,0.02,True,,6.0,0.0164383561643835,773.5259519388196,-0.0045687059132497,True,,0.103479543763736,,0.0,769.4938650489045,good,True
2026-09-04,2026-09-10,call,771.0,5.15,5.24,5.15,880.0,385.0,773.17,100,5.195,0.0899999999999998,True,,6.0,0.0164383561643835,773.5259519388196,-0.0032708471976499,True,,0.0962698523833658,,2.5242915848442635,773.0174993156305,good,True
2026-09-04,2026-09-10,put,771.0,2.88,2.91,2.91,673.0,216.0,773.17,100,2.895,0.0300000000000002,True,,6.0,0.0164383561643835,773.5259519388196,-0.0032708471976499,True,,0.1021430573985169,,0.0,770.4932077307863,good,True
2026-09-04,2026-09-10,call,772.0,4.47,4.64,4.67,1710.0,641.0,773.17,100,4.555,0.1699999999999999,True,,6.0,0.0164383561643835,773.5259519388196,-0.0019746707362031,True,,0.0947644454701922,,1.524948902962592,773.0174993156305,good,True
2026-09-04,2026-09-10,put,772.0,3.26,3.28,3.25,3346.0,163.0,773.17,100,3.27,0.02,True,,6.0,0.0164383561643835,773.5259519388196,-0.0019746707362031,True,,0.1009149919024696,,0.0,771.4925504126679,good,True
2026-09-04,2026-09-10,call,773.0,3.98,4.01,4.0,2621.0,162.0,773.17,100,3.995,0.0299999999999998,True,,6.0,0.0164383561643835,773.5259519388196,-0.0006801721735573,True,,0.094275623547258,,0.5256062210809205,773.0174993156305,good,True
2026-09-04,2026-09-10,put,773.0,3.67,3.7,3.68,1822.0,176.0,773.17,100,3.685,0.0300000000000002,True,,6.0,0.0164383561643835,773.5259519388196,-0.0006801721735573,True,,0.0997387183310903,,0.0,772.4918930945496,good,True
2026-09-04,2026-09-10,call,774.0,3.43,3.46,3.43,1987.0,937.0,773.17,100,3.4450000000000003,0.0299999999999998,True,,6.0,0.0164383561643835,773.5259519388196,0.0006126528287476,True,,0.0929685432600443,,0.0,773.0174993156305,good,True
2026-09-04,2026-09-10,put,774.0,4.13,4.16,4.13,1058.0,123.0,773.17,100,4.145,0.0300000000000002,True,,6.0,0.0164383561643835,773.5259519388196,0.0006126528287476,True,,0.0986965235881,,0.473736460800751,773.4912357764313,good,True
2026-09-04,2026-09-10,call,775.0,2.94,2.96,2.95,3764.0,934.0,773.17,100,2.95,0.02,True,,6.0,0.0164383561643835,773.5259519388196,0.0019038085923675,True,,0.0919529069675927,,0.0,773.0174993156305,good,True
2026-09-04,2026-09-10,put,775.0,4.61,4.7,4.67,704.0,272.0,773.17,100,4.655,0.0899999999999998,True,,6.0,0.0164383561643835,773.5259519388196,0.0019038085923675,True,,0.0978852353424983,,1.4730791426824226,774.4905784583129,good,True
2026-09-04,2026-09-10,call,776.0,2.49,2.51,2.49,894.0,466.0,773.17,100,2.5,0.0199999999999995,True,,6.0,0.0164383561643835,773.5259519388196,0.0031932994222393,True,,0.0909544426518799,,0.0,773.0174993156305,good,True
2026-09-04,2026-09-10,put,776.0,5.1,5.33,5.18,96.0,111.0,773.17,100,5.215,0.2300000000000004,True,,6.0,0.0164383561643835,773.5259519388196,0.0031932994222393,True,,0.0972983717306703,,2.472421824564208,775.4899211401947,good,True
2026-09-04,2026-09-10,call,777.0,2.09,2.1,2.09,755.0,283.0,773.17,100,2.095,0.0100000000000002,True,,6.0,0.0164383561643835,773.5259519388196,0.004481129606668,True,,0.0899667208628455,,0.0,773.0174993156305,good,True
2026-09-04,2026-09-10,put,777.0,5.7,5.94,5.84,598.0,32.0,773.17,100,5.82,0.2400000000000002,True,,6.0,0.0164383561643835,773.5259519388196,0.004481129606668,True,,0.0968213025661318,,3.47176450644588,776.4892638220764,good,True
2026-09-04,2026-09-10,call,778.0,1.73,1.75,1.71,1347.0,514.0,773.17,100,1.74,0.02,True,,6.0,0.0164383561643835,773.5259519388196,0.0057673034174122,True,,0.0891432826488218,,0.0,773.0174993156305,good,True
2026-09-04,2026-09-10,put,778.0,6.35,6.59,6.26,1334.0,34.0,773.17,100,6.47,0.2400000000000002,True,,6.0,0.0164383561643835,773.5259519388196,0.0057673034174122,True,,0.0964871412305061,,4.471107188327551,777.4886065039581,good,True
2026-09-04,2026-09-10,call,779.0,1.42,1.44,1.44,2366.0,268.0,773.17,100,1.43,0.02,True,,6.0,0.0164383561643835,773.5259519388196,0.0070518251097689,True,,0.0883930185015338,,0.0,773.0174993156305,good,True
2026-09-04,2026-09-10,put,779.0,7.01,7.33,7.03,2092.0,19.0,773.17,100,7.17,0.3200000000000003,True,,6.0,0.0164383561643835,773.5259519388196,0.0070518251097689,True,,0.0965040797079153,,5.470449870209222,778.4879491858397,good,True
2026-09-04,2026-09-10,call,780.0,1.15,1.17,1.17,1538.0,777.0,773.17,100,1.16,0.02,True,,6.0,0.0164383561643835,773.5259519388196,0.0083346989226581,True,,0.0876247234614176,,0.0,773.0174993156305,good,True
2026-09-04,2026-09-10,put,780.0,7.73,8.07,7.74,2612.0,1.0,773.17,100,7.9,0.3399999999999998,True,,6.0,0.0164383561643835,773.5259519388196,0.0083346989226581,True,,0.0963645142528861,,6.469792552090894,779.4872918677214,good,True
2026-09-04,2026-09-10,call,781.0,0.92,0.94,0.92,2783.0,881.0,773.17,100,0.93,0.0199999999999999,True,,6.0,0.0164383561643835,773.5259519388196,0.0096159290787066,True,,0.086915820267009,,0.0,773.0174993156305,good,True
2026-09-04,2026-09-10,put,781.0,8.49,8.79,8.34,1542.0,0.0,773.17,100,8.64,0.2999999999999989,True,,6.0,0.0164383561643835,773.5259519388196,0.0096159290787066,True,,0.0954245209042029,,7.469135233972679,780.4866345496032,good,True
2026-09-04,2026-09-10,call,782.0,0.74,0.75,0.74,1994.0,1605.0,773.17,100,0.745,0.01,True,,6.0,0.0164383561643835,773.5259519388196,0.0108955197843318,True,,0.0866014224043025,,0.0,773.0174993156305,good,True
2026-09-04,2026-09-10,put,782.0,9.29,9.62,9.65,420.0,0.0,773.17,100,9.454999999999998,0.33,True,,6.0,0.0164383561643835,773.5259519388196,0.0108955197843318,True,,0.0959789879228392,,8.46847791585435,781.4859772314849,good,True
2026-09-04,2026-09-10,call,783.0,0.58,0.6,0.58,1565.0,502.0,773.17,100,0.59,0.02,True,,6.0,0.0164383561643835,773.5259519388196,0.0121734752298238,True,,0.0862883712093269,,0.0,773.0174993156305,good,True
2026-09-04,2026-09-10,put,783.0,10.12,10.48,9.66,177.0,0.0,773.17,100,10.3,0.3600000000000012,True,,6.0,0.0164383561643835,773.5259519388196,0.0121734752298238,True,,0.0967292335971012,,9.467820597736022,782.4853199133665,good,True
2026-09-04,2026-09-10,call,784.0,0.45,0.47,0.46,1270.0,409.0,773.17,100,0.4599999999999999,0.0199999999999999,True,,6.0,0.0164383561643835,773.5259519388196,0.0134497995894284,True,,0.0858844042198648,,0.0,773.0174993156305,good,True
2026-09-04,2026-09-10,put,784.0,10.89,11.54,10.69,607.0,1.0,773.17,100,11.215,0.6499999999999986,True,,6.0,0.0164383561643835,773.5259519388196,0.0134497995894284,True,,0.0996198976465685,,10.467163279617694,783.4846625952482,good,True
2026-09-04,2026-09-10,call,785.0,0.35,0.36,0.35,1628.0,277.0,773.17,100,0.355,0.01,True,,6.0,0.0164383561643835,773.5259519388196,0.014724497021429,True,,0.085544609193478,,0.0,773.0174993156305,good,True
2026-09-04,2026-09-10,call,786.0,0.27,0.28,0.28,790.0,64.0,773.17,100,0.275,0.01,True,,6.0,0.0164383561643835,773.5259519388196,0.0159975716682271,True,,0.0855387784418749,,0.0,773.0174993156305,good,True
2026-09-04,2026-09-10,put,786.0,12.6,13.75,13.36,2.0,0.0,773.17,100,13.175,1.1500000000000004,True,,6.0,0.0164383561643835,773.5259519388196,0.0159975716682271,True,,0.1102298242712037,,12.46584864338115,785.4833479590117,good,True
2026-09-04,2026-09-10,call,787.0,0.21,0.22,0.21,1371.0,246.0,773.17,100,0.215,0.01,True,,6.0,0.0164383561643835,773.5259519388196,0.0172690276564238,True,,0.0858878806054276,,0.0,773.0174993156305,good,True
2026-09-04,2026-09-10,put,787.0,13.61,14.73,14.44,44.0,0.0,773.17,100,14.17,1.120000000000001,True,,6.0,0.0164383561643835,773.5259519388196,0.0172690276564238,True,,0.1160311804993109,,13.465191325262822,786.4826906408933,good,True
2026-09-04,2026-09-10,call,788.0,0.16,0.17,0.17,180.0,214.0,773.17,100,0.165,0.01,True,,6.0,0.0164383561643835,773.5259519388196,0.0185388690968997,True,,0.086038938276619,,0.0,773.0174993156305,good,True
2026-09-04,2026-09-10,put,788.0,14.59,15.76,19.26,112.0,0.0,773.17,100,15.175,1.17,True,,6.0,0.0164383561643835,773.5259519388196,0.0185388690968997,True,,0.12224086016987,,14.464534007144492,787.482033322775,good,False
2026-09-04,2026-09-10,call,789.0,0.12,0.13,0.14,256.0,99.0,773.17,100,0.125,0.01,True,,6.0,0.0164383561643835,773.5259519388196,0.0198071000848949,True,,0.0861231971254693,,0.0,773.0174993156305,good,True
2026-09-04,2026-09-10,call,790.0,0.09,0.1,0.12,774.0,397.0,773.17,100,0.095,0.01,True,,6.0,0.0164383561643835,773.5259519388196,0.0210737247000878,True,,0.0863892497002282,,0.0,773.0174993156305,good,True
2026-09-04,2026-09-10,call,791.0,0.07,0.08,0.08,593.0,88.0,773.17,100,0.075,0.0099999999999999,True,,6.0,0.0164383561643835,773.5259519388196,0.0223387470066745,True,,0.0872761171405197,,0.0,773.0174993156305,good,True
2026-09-04,2026-09-10,put,791.0,17.56,18.78,18.5,2.0,0.0,773.17,100,18.17,1.2200000000000024,True,,6.0,0.0164383561643835,773.5259519388196,0.0223387470066745,True,,0.1394282449108508,,17.46256205278962,790.4800613684201,good,True
2026-09-04,2026-09-10,call,792.0,0.06,0.07,0.08,6578.0,110.0,773.17,100,0.065,0.01,True,,6.0,0.0164383561643835,773.5259519388196,0.0236021710534465,True,,0.0894259367623471,,0.0,773.0174993156305,good,True
2026-09-04,2026-09-10,call,793.0,0.05,0.06,0.06,51.0,199.0,773.17,100,0.055,0.0099999999999999,True,,6.0,0.0164383561643835,773.5259519388196,0.0248640008738687,True,,0.091195991750193,,0.0,773.0174993156305,good,True
2026-09-04,2026-09-10,call,794.0,0.04,0.05,0.04,97.0,43.0,773.17,100,0.045,0.01,True,,6.0,0.0164383561643835,773.5259519388196,0.0261242404861562,True,,0.0924908915448005,,0.0,773.0174993156305,good,True
2026-09-04,2026-09-10,call,795.0,0.03,0.04,0.03,155.0,82.0,773.17,100,0.035,0.01,True,,6.0,0.0164383561643835,773.5259519388196,0.0273828938933524,True,,0.0931504628477039,,0.0,773.0174993156305,good,True
2026-09-04,2026-09-10,call,796.0,0.03,0.04,0.02,60.0,267.0,773.17,100,0.035,0.01,True,,6.0,0.0164383561643835,773.5259519388196,0.0286399650834036,True,,0.0968551058663877,,0.0,773.0174993156305,good,False
2026-09-04,2026-09-10,call,797.0,0.02,0.03,0.04,24.0,64.0,773.17,100,0.025,0.0099999999999999,True,,6.0,0.0164383561643835,773.5259519388196,0.0298954580292356,True,,0.0964341514654898,,0.0,773.0174993156305,good,True
2026-09-04,2026-09-10,call,798.0,0.02,0.03,0.02,9.0,124.0,773.17,100,0.025,0.0099999999999999,True,,6.0,0.0164383561643835,773.5259519388196,0.0311493766888294,True,,0.0999784433656769,,0.0,773.0174993156305,good,True
2026-09-04,2026-09-10,call,799.0,0.02,0.03,0.03,961.0,1250.0,773.17,100,0.025,0.0099999999999999,True,,6.0,0.0164383561643835,773.5259519388196,0.0324017250052953,True,,0.1035042914249145,,0.0,773.0174993156305,good,True
2026-09-04,2026-09-10,call,800.0,0.02,0.03,0.02,1304.0,1430.0,773.17,100,0.025,0.0099999999999999,True,,6.0,0.0164383561643835,773.5259519388196,0.0336525069069479,True,,0.1070123984170192,,0.0,773.0174993156305,good,False
2026-09-04,2026-09-10,call,801.0,0.01,0.02,0.02,149.0,39.0,773.17,100,0.015,0.01,True,,6.0,0.0164383561643835,773.5259519388196,0.0349017263073799,True,,0.1043618105851736,,0.0,773.0174993156305,good,True
2026-09-04,2026-09-10,put,801.0,27.48,28.87,28.2,1.0,0.0,773.17,100,28.175,1.3900000000000006,True,,6.0,0.0164383561643835,773.5259519388196,0.0349017263073799,True,,0.1944400192281126,,27.455988871606564,800.4734881872371,good,False
2026-09-04,2026-09-10,call,802.0,0.01,0.02,0.02,86.0,122.0,773.17,100,0.015,0.01,True,,6.0,0.0164383561643835,773.5259519388196,0.0361493871055352,True,,0.1076801239428709,,0.0,773.0174993156305,good,True
2026-09-04,2026-09-10,call,803.0,0.01,0.02,0.02,0.0,32.0,773.17,100,0.015,0.01,True,,6.0,0.0164383561643835,773.5259519388196,0.0373954931857824,True,,0.1109839618832956,,0.0,773.0174993156305,good,True
2026-09-04,2026-09-10,call,804.0,0.01,0.02,0.02,6.0,8.0,773.17,100,0.015,0.01,True,,6.0,0.0164383561643835,773.5259519388196,0.0386400484179869,True,,0.1142737800725816,,0.0,773.0174993156305,good,True
2026-09-04,2026-09-10,call,805.0,0.01,0.02,0.02,10.0,172.0,773.17,100,0.015,0.01,True,,6.0,0.0164383561643835,773.5259519388196,0.0398830566575839,True,,0.1175500086545104,,0.0,773.0174993156305,good,True
2026-09-04,2026-09-10,call,806.0,0.01,0.02,0.01,0.0,19.0,773.17,100,0.015,0.01,True,,6.0,0.0164383561643835,773.5259519388196,0.0411245217456488,True,,0.1208130246320948,,0.0,773.0174993156305,good,True
2026-09-04,2026-09-10,call,807.0,0.01,0.02,0.01,0.0,10.0,773.17,100,0.015,0.01,True,,6.0,0.0164383561643835,773.5259519388196,0.0423644475089694,True,,0.124063208979976,,0.0,773.0174993156305,good,True
2026-09-04,2026-09-10,call,808.0,0.01,0.02,0.02,0.0,82.0,773.17,100,0.015,0.01,True,,6.0,0.0164383561643835,773.5259519388196,0.043602837760116,True,,0.1273009052841174,,0.0,773.0174993156305,good,True
2026-09-04,2026-09-10,call,809.0,0.01,0.02,0.01,0.0,121.0,773.17,100,0.015,0.01,True,,6.0,0.0164383561643835,773.5259519388196,0.0448396962975123,True,,0.130526436220137,,0.0,773.0174993156305,good,True
2026-09-04,2026-09-10,call,810.0,0.01,0.02,0.02,0.0,20.0,773.17,100,0.015,0.01,True,,6.0,0.0164383561643835,773.5259519388196,0.0460750269055051,True,,0.1337401052817627,,0.0,773.0174993156305,good,True
2026-09-04,2026-09-10,call,820.0,0.01,0.02,0.01,42.0,0.0,773.17,100,0.015,0.01,True,,6.0,0.0164383561643835,773.5259519388196,0.0583451194973194,True,,0.1652802157976339,,0.0,773.0174993156305,good,True
2026-09-04,2026-09-10,call,825.0,0.01,0.02,0.01,1.0,2.0,773.17,100,0.015,0.01,True,,6.0,0.0164383561643835,773.5259519388196,0.0644241655737015,True,,0.1806844089164335,,0.0,773.0174993156305,good,False
2026-09-04,2026-09-10,call,830.0,0.0,0.01,0.02,1.0,0.0,773.17,100,0.005,0.01,True,,6.0,0.0164383561643835,773.5259519388196,0.0704664800296642,True,,0.1776938593157832,,0.0,773.0174993156305,good,True
2026-09-04,2026-09-10,put,830.0,56.53,57.82,56.67,2.0,0.0,773.17,100,57.175,1.2899999999999991,True,,6.0,0.0164383561643835,773.5259519388196,0.0704664800296642,True,,0.3361510206423791,,56.43692664617561,829.4544259618061,good,True
2026-09-04,2026-09-10,put,835.0,61.53,62.82,62.14,1.0,0.0,773.17,100,62.175,1.2899999999999991,True,,6.0,0.0164383561643835,773.5259519388196,0.076472504089876,True,,0.3589289304360127,,61.43364005558408,834.4511393712146,good,True
2026-09-04,2026-09-10,call,840.0,0.0,0.01,0.02,0.0,1.0,773.17,100,0.005,0.01,True,,6.0,0.0164383561643835,773.5259519388196,0.0824426710763799,True,,0.2051605368348475,,0.0,773.0174993156305,good,True
2026-09-04,2026-09-11,call,670.0,101.49,105.97,104.4,4.0,11.0,773.17,100,103.73,4.480000000000004,True,,7.0,0.0191780821917808,773.5852931920283,-0.1437582207047345,True,,0.470287271541167,,103.50586097240864,772.9920854594448,good,True
2026-09-04,2026-09-11,put,670.0,0.03,0.04,0.03,78.0,2875.0,773.17,100,0.035,0.01,True,,7.0,0.0191780821917808,773.5852931920283,-0.1437582207047345,True,,0.3787842694658041,,0.0,669.4862244870361,good,True
2026-09-04,2026-09-11,call,675.0,96.47,100.98,99.41,4.0,3.0,773.17,100,98.725,4.510000000000005,True,,7.0,0.0191780821917808,773.5852931920283,-0.1363232422172165,True,,0.44652395215978,,98.50969511802782,772.9920854594448,good,False
2026-09-04,2026-09-11,put,675.0,0.03,0.04,0.04,15.0,2469.0,773.17,100,0.035,0.01,True,,7.0,0.0191780821917808,773.5852931920283,-0.1363232422172165,True,,0.3609677182741426,,0.0,674.4823903414169,good,True
2026-09-04,2026-09-11,call,680.0,91.67,95.35,94.27,10.0,23.0,773.17,100,93.51,3.6799999999999926,True,,7.0,0.0191780821917808,773.5852931920283,-0.128943134919594,False,below_european_lower_bound,,market_price is below the no-arbitrage lower bound.,93.51352926364687,772.9920854594448,good,True
2026-09-04,2026-09-11,put,680.0,0.03,0.04,0.05,66.0,8379.0,773.17,100,0.035,0.01,True,,7.0,0.0191780821917808,773.5852931920283,-0.128943134919594,True,,0.3432144224990979,,0.0,679.4785561957979,good,True
2026-09-04,2026-09-11,call,685.0,86.57,90.27,89.2,9.0,14.0,773.17,100,88.41999999999999,3.700000000000003,True,,7.0,0.0191780821917808,773.5852931920283,-0.121617094827521,False,below_european_lower_bound,,market_price is below the no-arbitrage lower bound.,88.51736340926607,772.9920854594448,good,True
2026-09-04,2026-09-11,put,685.0,0.04,0.05,0.05,125.0,6469.0,773.17,100,0.045,0.01,True,,7.0,0.0191780821917808,773.5852931920283,-0.121617094827521,True,,0.3341315146422274,,0.0,684.4747220501787,good,False
2026-09-04,2026-09-11,call,690.0,81.6,85.27,84.22,33.0,21.0,773.17,100,83.435,3.6700000000000017,True,,7.0,0.0191780821917808,773.5852931920283,-0.1143443354984412,False,below_european_lower_bound,,market_price is below the no-arbitrage lower bound.,83.52119755488525,772.9920854594448,good,True
2026-09-04,2026-09-11,put,690.0,0.04,0.05,0.05,353.0,1529.0,773.17,100,0.045,0.01,True,,7.0,0.0191780821917808,773.5852931920283,-0.1143443354984412,True,,0.3160971271439305,,0.0,689.4708879045595,good,True
2026-09-04,2026-09-11,put,691.0,0.04,0.05,0.07,300.0,244.0,773.17,100,0.045,0.01,True,,7.0,0.0191780821917808,773.5852931920283,-0.1128961093220764,True,,0.3124956258956908,,0.0,690.4701210754357,good,True
2026-09-04,2026-09-11,call,692.0,79.6,83.4,82.13,14.0,1.0,773.17,100,81.5,3.8000000000000114,True,,7.0,0.0191780821917808,773.5852931920283,-0.1114499774720767,False,below_european_lower_bound,,market_price is below the no-arbitrage lower bound.,81.52273121313283,772.9920854594448,good,True
2026-09-04,2026-09-11,put,692.0,0.04,0.05,0.05,2.0,164.0,773.17,100,0.045,0.01,True,,7.0,0.0191780821917808,773.5852931920283,-0.1114499774720767,True,,0.3088957794643455,,0.0,691.4693542463119,good,True
2026-09-04,2026-09-11,call,693.0,78.52,83.0,81.17,26.0,15.0,773.17,100,80.75999999999999,4.480000000000004,True,,7.0,0.0191780821917808,773.5852931920283,-0.1100059338998431,True,,0.3756813640380875,,80.52349804225673,772.9920854594448,good,False
2026-09-04,2026-09-11,put,693.0,0.04,0.05,0.05,1627.0,265.0,773.17,100,0.045,0.01,True,,7.0,0.0191780821917808,773.5852931920283,-0.1100059338998431,True,,0.3052975313395339,,0.0,692.468587417188,good,True
2026-09-04,2026-09-11,call,694.0,77.56,81.59,80.15,14.0,7.0,773.17,100,79.575,4.030000000000001,True,,7.0,0.0191780821917808,773.5852931920283,-0.1085639725829418,True,,0.3056696791661121,,79.52426487138052,772.9920854594448,good,True
2026-09-04,2026-09-11,put,694.0,0.05,0.06,0.06,1655.0,6834.0,773.17,100,0.055,0.0099999999999999,True,,7.0,0.0191780821917808,773.5852931920283,-0.1085639725829418,True,,0.308415064864098,,0.0,693.4678205880642,good,False
2026-09-04,2026-09-11,call,695.0,76.51,80.84,79.02,19.0,3.0,773.17,100,78.67500000000001,4.329999999999998,True,,7.0,0.0191780821917808,773.5852931920283,-0.1071240875249541,True,,0.3445032190163815,,78.52503170050431,772.9920854594448,good,False
2026-09-04,2026-09-11,put,695.0,0.05,0.06,0.05,19.0,433.0,773.17,100,0.055,0.0099999999999999,True,,7.0,0.0191780821917808,773.5852931920283,-0.1071240875249541,True,,0.3047538738659617,,0.0,694.4670537589404,good,True
2026-09-04,2026-09-11,call,696.0,75.56,79.98,78.19,16.0,2.0,773.17,100,77.77000000000001,4.420000000000002,True,,7.0,0.0191780821917808,773.5852931920283,-0.1056862727553267,True,,0.3646507257911153,,77.52579852962822,772.9920854594448,good,False
2026-09-04,2026-09-11,put,696.0,0.05,0.06,0.06,7.0,89.0,773.17,100,0.055,0.0099999999999999,True,,7.0,0.0191780821917808,773.5852931920283,-0.1056862727553267,True,,0.3010940089425002,,0.0,695.4662869298165,good,True
2026-09-04,2026-09-11,call,697.0,74.56,79.0,77.11,4.0,7.0,773.17,100,76.78,4.439999999999998,True,,7.0,0.0191780821917808,773.5852931920283,-0.1042505223292224,True,,0.3623817497129878,,76.52656535875201,772.9920854594448,good,False
2026-09-04,2026-09-11,put,697.0,0.05,0.06,0.06,78.0,314.0,773.17,100,0.055,0.0099999999999999,True,,7.0,0.0191780821917808,773.5852931920283,-0.1042505223292224,True,,0.2974354004737375,,0.0,696.4655201006927,good,True
2026-09-04,2026-09-11,put,698.0,0.05,0.06,0.09,3.0,91.0,773.17,100,0.055,0.0099999999999999,True,,7.0,0.0191780821917808,773.5852931920283,-0.1028168303273738,True,,0.2937779770594646,,0.0,697.464753271569,good,True
2026-09-04,2026-09-11,call,699.0,72.62,76.47,76.55,2.0,9.0,773.17,100,74.545,3.8499999999999934,True,,7.0,0.0191780821917808,773.5852931920283,-0.1013851908559361,True,,0.2570232286654269,,74.5280990169997,772.9920854594448,good,True
2026-09-04,2026-09-11,put,699.0,0.05,0.06,0.07,37.0,2569.0,773.17,100,0.055,0.0099999999999999,True,,7.0,0.0191780821917808,773.5852931920283,-0.1013851908559361,True,,0.2901216655848198,,0.0,698.463986442445,good,True
2026-09-04,2026-09-11,call,700.0,72.14,75.1,74.6,103.0,538.0,773.17,100,73.62,2.9599999999999937,True,,7.0,0.0191780821917808,773.5852931920283,-0.0999555980463416,True,,0.3040717484143828,,73.5288658461235,772.9920854594448,good,False
2026-09-04,2026-09-11,put,700.0,0.05,0.06,0.06,88.0,1804.0,773.17,100,0.055,0.0099999999999999,True,,7.0,0.0191780821917808,773.5852931920283,-0.0999555980463416,True,,0.2864663911858623,,0.0,699.4632196133213,good,True
2026-09-04,2026-09-11,call,701.0,70.61,74.59,73.15,68.0,2.0,773.17,100,72.6,3.980000000000004,True,,7.0,0.0191780821917808,773.5852931920283,-0.0985280460551562,True,,0.2909907451040909,,72.52963267524729,772.9920854594448,good,False
2026-09-04,2026-09-11,put,701.0,0.05,0.06,0.07,29.0,570.0,773.17,100,0.055,0.0099999999999999,True,,7.0,0.0191780821917808,773.5852931920283,-0.0985280460551562,True,,0.2828120771593315,,0.0,700.4624527841975,good,True
2026-09-04,2026-09-11,call,702.0,69.57,73.35,71.57,116.0,9.0,773.17,100,71.46,3.780000000000001,True,,7.0,0.0191780821917808,773.5852931920283,-0.0971025290639352,False,below_european_lower_bound,,market_price is below the no-arbitrage lower bound.,71.53039950437108,772.9920854594448,good,True
2026-09-04,2026-09-11,put,702.0,0.05,0.06,0.1,5.0,251.0,773.17,100,0.055,0.0099999999999999,True,,7.0,0.0191780821917808,773.5852931920283,-0.0971025290639352,True,,0.279158649673941,,0.0,701.4616859550737,good,True
2026-09-04,2026-09-11,put,703.0,0.06,0.07,0.07,5.0,197.0,773.17,100,0.065,0.01,True,,7.0,0.0191780821917808,773.5852931920283,-0.0956790412790814,True,,0.2808715958443697,,0.0,702.4609191259498,good,False
2026-09-04,2026-09-11,put,704.0,0.06,0.07,0.1,1.0,237.0,773.17,100,0.065,0.01,True,,7.0,0.0191780821917808,773.5852931920283,-0.0942575769317038,True,,0.2771617117308118,,0.0,703.460152296826,good,True
2026-09-04,2026-09-11,call,705.0,66.6,70.59,68.5,142.0,3.0,773.17,100,68.595,3.990000000000009,True,,7.0,0.0191780821917808,773.5852931920283,-0.0928381302774777,True,,0.2720950218879456,,68.53269999174256,772.9920854594448,good,True
2026-09-04,2026-09-11,put,705.0,0.06,0.07,0.07,505.0,1239.0,773.17,100,0.065,0.01,True,,7.0,0.0191780821917808,773.5852931920283,-0.0928381302774777,True,,0.2734523661963568,,0.0,704.4593854677022,good,True
2026-09-04,2026-09-11,call,706.0,65.58,70.0,67.68,92.0,1.0,773.17,100,67.78999999999999,4.420000000000002,True,,7.0,0.0191780821917808,773.5852931920283,-0.0914206955965042,True,,0.324446798885628,,67.53346682086647,772.9920854594448,good,False
2026-09-04,2026-09-11,put,706.0,0.06,0.07,0.08,157.0,264.0,773.17,100,0.065,0.01,True,,7.0,0.0191780821917808,773.5852931920283,-0.0914206955965042,True,,0.2697434678604928,,0.0,705.4586186385783,good,True
2026-09-04,2026-09-11,call,707.0,64.6,68.84,67.07,114.0,2.0,773.17,100,66.72,4.240000000000009,True,,7.0,0.0191780821917808,773.5852931920283,-0.0900052671931735,True,,0.3051184248581546,,66.53423364999026,772.9920854594448,good,True
2026-09-04,2026-09-11,put,707.0,0.06,0.07,0.11,10.0,277.0,773.17,100,0.065,0.01,True,,7.0,0.0191780821917808,773.5852931920283,-0.0900052671931735,True,,0.2660349275833054,,0.0,706.4578518094545,good,True
2026-09-04,2026-09-11,call,708.0,63.54,67.94,65.89,113.0,1.0,773.17,100,65.74,4.399999999999999,True,,7.0,0.0191780821917808,773.5852931920283,-0.0885918393960266,True,,0.3053459856417299,,65.53500047911405,772.9920854594448,good,False
2026-09-04,2026-09-11,put,708.0,0.06,0.07,0.09,4.0,465.0,773.17,100,0.065,0.01,True,,7.0,0.0191780821917808,773.5852931920283,-0.0885918393960266,True,,0.2623266366233584,,0.0,707.4570849803307,good,True
2026-09-04,2026-09-11,call,709.0,62.57,66.64,65.21,128.0,40.0,773.17,100,64.605,4.07,True,,7.0,0.0191780821917808,773.5852931920283,-0.0871804065576188,True,,0.2605777666467704,,64.53576730823795,772.9920854594448,good,True
2026-09-04,2026-09-11,put,709.0,0.06,0.07,0.11,1.0,2025.0,773.17,100,0.065,0.01,True,,7.0,0.0191780821917808,773.5852931920283,-0.0871804065576188,True,,0.258618508358145,,0.0,708.4563181512068,good,True
2026-09-04,2026-09-11,call,710.0,61.59,65.36,63.58,120.0,14.0,773.17,100,63.475,3.769999999999996,True,,7.0,0.0191780821917808,773.5852931920283,-0.0857709630543851,False,below_european_lower_bound,,market_price is below the no-arbitrage lower bound.,63.53653413736174,772.9920854594448,good,True
2026-09-04,2026-09-11,put,710.0,0.07,0.08,0.07,269.0,1420.0,773.17,100,0.075,0.0099999999999999,True,,7.0,0.0191780821917808,773.5852931920283,-0.0857709630543851,True,,0.2593562480932083,,0.0,709.455551322083,good,False
2026-09-04,2026-09-11,call,711.0,60.61,64.88,63.25,72.0,1.0,773.17,100,62.745,4.269999999999996,True,,7.0,0.0191780821917808,773.5852931920283,-0.0843635032865054,True,,0.2933677480083412,,62.53730096648553,772.9920854594448,good,False
2026-09-04,2026-09-11,put,711.0,0.07,0.08,0.1,19.0,820.0,773.17,100,0.075,0.0099999999999999,True,,7.0,0.0191780821917808,773.5852931920283,-0.0843635032865054,True,,0.2555959500492898,,0.0,710.4547844929592,good,True
2026-09-04,2026-09-11,call,712.0,59.6,63.86,62.22,94.0,2.0,773.17,100,61.73,4.259999999999998,True,,7.0,0.0191780821917808,773.5852931920283,-0.0829580216777705,True,,0.285801663809385,,61.53806779560944,772.9920854594448,good,True
2026-09-04,2026-09-11,put,712.0,0.07,0.08,0.1,4.0,177.0,773.17,100,0.075,0.0099999999999999,True,,7.0,0.0191780821917808,773.5852931920283,-0.0829580216777705,True,,0.2518353852878589,,0.0,711.4540176638353,good,True
2026-09-04,2026-09-11,call,713.0,58.57,62.86,61.33,64.0,16.0,773.17,100,60.715,4.289999999999999,True,,7.0,0.0191780821917808,773.5852931920283,-0.0815545126754503,True,,0.2781273211525943,,60.53883462473323,772.9920854594448,good,True
2026-09-04,2026-09-11,put,713.0,0.07,0.08,0.08,13.0,615.0,773.17,100,0.075,0.0099999999999999,True,,7.0,0.0191780821917808,773.5852931920283,-0.0815545126754503,True,,0.2480744360549236,,0.0,712.4532508347115,good,True
2026-09-04,2026-09-11,call,714.0,57.62,61.89,59.57,89.0,1.0,773.17,100,59.755,4.270000000000003,True,,7.0,0.0191780821917808,773.5852931920283,-0.0801529707501619,True,,0.2823397180709513,,59.53960145385702,772.9920854594448,good,True
2026-09-04,2026-09-11,put,714.0,0.07,0.08,0.11,2.0,218.0,773.17,100,0.075,0.0099999999999999,True,,7.0,0.0191780821917808,773.5852931920283,-0.0801529707501619,True,,0.2443129845463608,,0.0,713.4524840055877,good,True
2026-09-04,2026-09-11,call,715.0,56.61,61.0,59.02,126.0,18.0,773.17,100,58.805,4.390000000000001,True,,7.0,0.0191780821917808,773.5852931920283,-0.0787533903957386,True,,0.287199219313949,,58.54036828298092,772.9920854594448,good,False
2026-09-04,2026-09-11,put,715.0,0.07,0.08,0.08,544.0,1954.0,773.17,100,0.075,0.0099999999999999,True,,7.0,0.0191780821917808,773.5852931920283,-0.0787533903957386,True,,0.2405509063941856,,0.0,714.4517171764638,good,True
2026-09-04,2026-09-11,call,716.0,55.63,59.59,58.4,62.0,10.0,773.17,100,57.61,3.960000000000001,True,,7.0,0.0191780821917808,773.5852931920283,-0.0773557661291006,True,,0.2343029087591407,,57.54113511210471,772.9920854594448,good,True
2026-09-04,2026-09-11,put,716.0,0.08,0.09,0.1,13.0,951.0,773.17,100,0.0849999999999999,0.0099999999999999,True,,7.0,0.0191780821917808,773.5852931920283,-0.0773557661291006,True,,0.2405528056286958,,0.0,715.45095034734,good,False
2026-09-04,2026-09-11,call,717.0,54.63,58.9,57.13,79.0,59.0,773.17,100,56.765,4.269999999999996,True,,7.0,0.0191780821917808,773.5852931920283,-0.075960092490126,True,,0.2711553061290809,,56.5419019412285,772.9920854594448,good,False
2026-09-04,2026-09-11,put,717.0,0.08,0.09,0.11,5.0,2438.0,773.17,100,0.0849999999999999,0.0099999999999999,True,,7.0,0.0191780821917808,773.5852931920283,-0.075960092490126,True,,0.2367412749700017,,0.0,716.4501835182162,good,True
2026-09-04,2026-09-11,call,718.0,53.62,57.9,55.58,94.0,4.0,773.17,100,55.76,4.280000000000001,True,,7.0,0.0191780821917808,773.5852931920283,-0.0745663640415221,True,,0.2658355461249907,,55.54266877035241,772.9920854594448,good,True
2026-09-04,2026-09-11,put,718.0,0.08,0.09,0.09,19.0,301.0,773.17,100,0.0849999999999999,0.0099999999999999,True,,7.0,0.0191780821917808,773.5852931920283,-0.0745663640415221,True,,0.2329285970415014,,0.0,717.4494166890923,good,True
2026-09-04,2026-09-11,call,719.0,52.64,56.9,55.46,62.0,1.0,773.17,100,54.77,4.259999999999998,True,,7.0,0.0191780821917808,773.5852931920283,-0.0731745753686996,True,,0.2633096337941605,,54.5434355994762,772.9920854594448,good,False
2026-09-04,2026-09-11,put,719.0,0.08,0.09,0.09,33.0,677.0,773.17,100,0.0849999999999999,0.0099999999999999,True,,7.0,0.0191780821917808,773.5852931920283,-0.0731745753686996,True,,0.2291146216735442,,0.0,718.4486498599686,good,True
2026-09-04,2026-09-11,call,720.0,51.58,55.19,54.51,98.0,44.0,773.17,100,53.385,3.61,True,,7.0,0.0191780821917808,773.5852931920283,-0.0717847210796453,False,below_european_lower_bound,,market_price is below the no-arbitrage lower bound.,53.54420242859999,772.9920854594448,good,True
2026-09-04,2026-09-11,put,720.0,0.09,0.1,0.09,266.0,5947.0,773.17,100,0.095,0.01,True,,7.0,0.0191780821917808,773.5852931920283,-0.0717847210796453,True,,0.2285948252904523,,0.0,719.4478830308448,good,False
2026-09-04,2026-09-11,call,721.0,50.6,54.89,53.58,58.0,7.0,773.17,100,52.745000000000005,4.289999999999999,True,,7.0,0.0191780821917808,773.5852931920283,-0.0703967958047972,True,,0.2499088262545274,,52.54496925772389,772.9920854594448,good,False
2026-09-04,2026-09-11,put,721.0,0.09,0.1,0.11,14.0,479.0,773.17,100,0.095,0.01,True,,7.0,0.0191780821917808,773.5852931920283,-0.0703967958047972,True,,0.2247335592334615,,0.0,720.4471162017209,good,True
2026-09-04,2026-09-11,call,722.0,49.6,53.92,51.87,50.0,7.0,773.17,100,51.760000000000005,4.32,True,,7.0,0.0191780821917808,773.5852931920283,-0.06901079419692,True,,0.2483527559291758,,51.54573608684768,772.9920854594448,good,False
2026-09-04,2026-09-11,put,722.0,0.09,0.1,0.1,14.0,470.0,773.17,100,0.095,0.01,True,,7.0,0.0191780821917808,773.5852931920283,-0.06901079419692,True,,0.2208703785298255,,0.0,721.4463493725971,good,True
2026-09-04,2026-09-11,call,723.0,48.6,52.09,51.55,52.0,7.0,773.17,100,50.345,3.490000000000002,True,,7.0,0.0191780821917808,773.5852931920283,-0.0676267109309815,False,below_european_lower_bound,,market_price is below the no-arbitrage lower bound.,50.54650291597147,772.9920854594448,good,True
2026-09-04,2026-09-11,put,723.0,0.09,0.1,0.12,104.0,642.0,773.17,100,0.095,0.01,True,,7.0,0.0191780821917808,773.5852931920283,-0.0676267109309815,True,,0.2170051148608494,,0.0,722.4455825434733,good,True
2026-09-04,2026-09-11,call,724.0,48.21,51.18,50.62,87.0,111.0,773.17,100,49.695,2.969999999999999,True,,7.0,0.0191780821917808,773.5852931920283,-0.0662445407040299,True,,0.2267128398154696,,49.547269745095264,772.9920854594448,good,False
2026-09-04,2026-09-11,put,724.0,0.1,0.11,0.11,84.0,681.0,773.17,100,0.105,0.0099999999999999,True,,7.0,0.0191780821917808,773.5852931920283,-0.0662445407040299,True,,0.2160412090104212,,0.0,723.4448157143495,good,False
2026-09-04,2026-09-11,call,725.0,46.6,50.93,50.5,76.0,38.0,773.17,100,48.765,4.329999999999998,True,,7.0,0.0191780821917808,773.5852931920283,-0.0648642782350715,True,,0.2361124223232189,,48.54803657421917,772.9920854594448,good,False
2026-09-04,2026-09-11,put,725.0,0.1,0.11,0.1,147.0,1617.0,773.17,100,0.105,0.0099999999999999,True,,7.0,0.0191780821917808,773.5852931920283,-0.0648642782350715,True,,0.2121298045414325,,0.0,724.4440488852256,good,True
2026-09-04,2026-09-11,call,726.0,45.61,49.91,48.34,56.0,4.0,773.17,100,47.76,4.299999999999997,True,,7.0,0.0191780821917808,773.5852931920283,-0.0634859182649501,True,,0.2308691674618149,,47.54880340334296,772.9920854594448,good,True
2026-09-04,2026-09-11,put,726.0,0.1,0.11,0.13,43.0,2050.0,773.17,100,0.105,0.0099999999999999,True,,7.0,0.0191780821917808,773.5852931920283,-0.0634859182649501,True,,0.2082155921434756,,0.0,725.4432820561018,good,True
2026-09-04,2026-09-11,call,727.0,44.62,49.0,48.15,64.0,35.0,773.17,100,46.81,4.380000000000003,True,,7.0,0.0191780821917808,773.5852931920283,-0.0621094555562269,True,,0.234513737836835,,46.54957023246675,772.9920854594448,good,False
2026-09-04,2026-09-11,put,727.0,0.11,0.12,0.11,21.0,1023.0,773.17,100,0.1149999999999999,0.0099999999999999,True,,7.0,0.0191780821917808,773.5852931920283,-0.0621094555562269,True,,0.2069061694620994,,0.0,726.442515226978,good,False
2026-09-04,2026-09-11,call,728.0,43.62,47.98,46.45,80.0,12.0,773.17,100,45.8,4.359999999999999,True,,7.0,0.0191780821917808,773.5852931920283,-0.0607348848930603,True,,0.2285402779025175,,45.55033706159065,772.9920854594448,good,True
2026-09-04,2026-09-11,put,728.0,0.11,0.12,0.12,281.0,1087.0,773.17,100,0.1149999999999999,0.0099999999999999,True,,7.0,0.0191780821917808,773.5852931920283,-0.0607348848930603,True,,0.2029466804939225,,0.0,727.4417483978541,good,True
2026-09-04,2026-09-11,call,729.0,42.63,46.95,45.44,74.0,5.0,773.17,100,44.790000000000006,4.32,True,,7.0,0.0191780821917808,773.5852931920283,-0.0593622010810881,True,,0.2225645949791997,,44.55110389071445,772.9920854594448,good,True
2026-09-04,2026-09-11,put,729.0,0.12,0.13,0.12,157.0,2062.0,773.17,100,0.125,0.01,True,,7.0,0.0191780821917808,773.5852931920283,-0.0593622010810881,True,,0.2013721612792813,,0.0,728.4409815687303,good,False
2026-09-04,2026-09-11,call,730.0,41.63,45.99,43.79,137.0,76.0,773.17,100,43.81,4.359999999999999,True,,7.0,0.0191780821917808,773.5852931920283,-0.0579913989473095,True,,0.2210973311042266,,43.55187071983824,772.9920854594448,good,False
2026-09-04,2026-09-11,put,730.0,0.12,0.13,0.12,1037.0,4860.0,773.17,100,0.125,0.01,True,,7.0,0.0191780821917808,773.5852931920283,-0.0579913989473095,True,,0.1973682718198212,,0.0,729.4402147396065,good,True
2026-09-04,2026-09-11,call,731.0,40.65,45.0,43.44,94.0,28.0,773.17,100,42.825,4.350000000000001,True,,7.0,0.0191780821917808,773.5852931920283,-0.0566224733399678,True,,0.2187288826266876,,42.55263754896214,772.9920854594448,good,False
2026-09-04,2026-09-11,put,731.0,0.13,0.14,0.13,198.0,653.0,773.17,100,0.135,0.01,True,,7.0,0.0191780821917808,773.5852931920283,-0.0566224733399678,True,,0.1955570910588931,,0.0,730.4394479104826,good,False
2026-09-04,2026-09-11,call,732.0,40.26,43.22,42.5,128.0,125.0,773.17,100,41.74,2.960000000000001,True,,7.0,0.0191780821917808,773.5852931920283,-0.0552554191284347,True,,0.2012860752724036,,41.55340437808593,772.9920854594448,good,True
2026-09-04,2026-09-11,put,732.0,0.13,0.14,0.15,130.0,8540.0,773.17,100,0.135,0.01,True,,7.0,0.0191780821917808,773.5852931920283,-0.0552554191284347,True,,0.1915092147376383,,0.0,731.4386810813588,good,True
2026-09-04,2026-09-11,call,733.0,38.64,43.0,40.78,92.0,70.0,773.17,100,40.82,4.359999999999999,True,,7.0,0.0191780821917808,773.5852931920283,-0.0538902312030948,True,,0.209031375593496,,40.55417120720972,772.9920854594448,good,False
2026-09-04,2026-09-11,put,733.0,0.14,0.15,0.15,365.0,2074.0,773.17,100,0.145,0.0099999999999999,True,,7.0,0.0191780821917808,773.5852931920283,-0.0538902312030948,True,,0.1894838131201817,,0.0,732.437914252235,good,False
2026-09-04,2026-09-11,call,734.0,37.67,42.0,40.11,132.0,56.0,773.17,100,39.835,4.329999999999998,True,,7.0,0.0191780821917808,773.5852931920283,-0.0525269044752307,True,,0.2065043729266596,,39.55493803633362,772.9920854594448,good,False
2026-09-04,2026-09-11,put,734.0,0.14,0.15,0.16,177.0,2385.0,773.17,100,0.145,0.0099999999999999,True,,7.0,0.0191780821917808,773.5852931920283,-0.0525269044752307,True,,0.1853919407553992,,0.0,733.4371474231111,good,True
2026-09-04,2026-09-11,call,735.0,36.66,39.6,39.53,136.0,93.0,773.17,100,38.13,2.940000000000005,True,,7.0,0.0191780821917808,773.5852931920283,-0.0511654338769096,False,below_european_lower_bound,,market_price is below the no-arbitrage lower bound.,38.555704865457415,772.9920854594448,good,True
2026-09-04,2026-09-11,put,735.0,0.15,0.16,0.16,664.0,3674.0,773.17,100,0.155,0.01,True,,7.0,0.0191780821917808,773.5852931920283,-0.0511654338769096,True,,0.1831701867110143,,0.0,734.4363805939873,good,True
2026-09-04,2026-09-11,call,736.0,35.74,40.0,38.59,119.0,23.0,773.17,100,37.870000000000005,4.259999999999998,True,,7.0,0.0191780821917808,773.5852931920283,-0.0498058143608701,True,,0.2016834363203638,,37.556471694581205,772.9920854594448,good,False
2026-09-04,2026-09-11,put,736.0,0.16,0.17,0.16,1228.0,2102.0,773.17,100,0.165,0.01,True,,7.0,0.0191780821917808,773.5852931920283,-0.0498058143608701,True,,0.1808041250213686,,0.0,735.4356137648635,good,True
2026-09-04,2026-09-11,call,737.0,34.69,39.0,36.75,117.0,82.0,773.17,100,36.845,4.310000000000002,True,,7.0,0.0191780821917808,773.5852931920283,-0.0484480409004097,True,,0.1940997033170822,,36.55723852370511,772.9920854594448,good,False
2026-09-04,2026-09-11,put,737.0,0.17,0.18,0.18,206.0,749.0,773.17,100,0.175,0.0099999999999999,True,,7.0,0.0191780821917808,773.5852931920283,-0.0484480409004097,True,,0.17830468540288,,0.0,736.4348469357396,good,True
2026-09-04,2026-09-11,call,738.0,34.31,37.27,36.56,126.0,122.0,773.17,100,35.790000000000006,2.960000000000001,True,,7.0,0.0191780821917808,773.5852931920283,-0.0470921084892737,True,,0.1825137343299287,,35.5580053528289,772.9920854594448,good,True
2026-09-04,2026-09-11,put,738.0,0.18,0.19,0.18,1837.0,2691.0,773.17,100,0.185,0.01,True,,7.0,0.0191780821917808,773.5852931920283,-0.0470921084892737,True,,0.1756810471985337,,0.0,737.4340801066159,good,True
2026-09-04,2026-09-11,call,739.0,32.71,37.0,36.45,90.0,16.0,773.17,100,34.855000000000004,4.289999999999999,True,,7.0,0.0191780821917808,773.5852931920283,-0.0457380121415445,True,,0.1861109699503295,,34.55877218195269,772.9920854594448,good,False
2026-09-04,2026-09-11,put,739.0,0.19,0.2,0.19,1006.0,11015.0,773.17,100,0.195,0.01,True,,7.0,0.0191780821917808,773.5852931920283,-0.0457380121415445,True,,0.1729409691167236,,0.0,738.4333132774921,good,True
2026-09-04,2026-09-11,call,740.0,32.33,35.3,34.58,110.0,734.0,773.17,100,33.815,2.969999999999999,True,,7.0,0.0191780821917808,773.5852931920283,-0.0443857468915308,True,,0.1767558315527605,,33.559539011076595,772.9920854594448,good,True
2026-09-04,2026-09-11,put,740.0,0.2,0.21,0.21,35457.0,35691.0,773.17,100,0.205,0.0099999999999999,True,,7.0,0.0191780821917808,773.5852931920283,-0.0443857468915308,True,,0.1700910394782162,,0.0,739.4325464483682,good,True
2026-09-04,2026-09-11,call,741.0,30.73,35.16,33.53,125.0,62.0,773.17,100,32.945,4.429999999999996,True,,7.0,0.0191780821917808,773.5852931920283,-0.0430353077936594,True,,0.186206099855848,,32.560305840200385,772.9920854594448,good,False
2026-09-04,2026-09-11,put,741.0,0.21,0.22,0.22,1173.0,1138.0,773.17,100,0.215,0.01,True,,7.0,0.0191780821917808,773.5852931920283,-0.0430353077936594,True,,0.1671368685854257,,0.0,740.4317796192444,good,True
2026-09-04,2026-09-11,call,742.0,29.87,34.07,32.57,287.0,96.0,773.17,100,31.97,4.199999999999999,True,,7.0,0.0191780821917808,773.5852931920283,-0.0416866899223659,True,,0.1837511975250458,,31.561072669324176,772.9920854594448,good,False
2026-09-04,2026-09-11,put,742.0,0.23,0.24,0.24,343.0,1129.0,773.17,100,0.235,0.0099999999999999,True,,7.0,0.0191780821917808,773.5852931920283,-0.0416866899223659,True,,0.1653532162073729,,0.0,741.4310127901206,good,False
2026-09-04,2026-09-11,call,743.0,29.37,31.71,31.58,498.0,240.0,773.17,100,30.54,2.34,True,,7.0,0.0191780821917808,773.5852931920283,-0.0403398883719871,False,below_european_lower_bound,,market_price is below the no-arbitrage lower bound.,30.56183949844808,772.9920854594448,good,True
2026-09-04,2026-09-11,put,743.0,0.24,0.25,0.25,1198.0,648.0,773.17,100,0.245,0.01,True,,7.0,0.0191780821917808,773.5852931920283,-0.0403398883719871,True,,0.1621486495961248,,0.0,742.4302459609967,good,True
2026-09-04,2026-09-11,call,744.0,28.39,31.37,30.57,352.0,217.0,773.17,100,29.880000000000003,2.9800000000000004,True,,7.0,0.0191780821917808,773.5852931920283,-0.0389948982566544,True,,0.1655767053577512,,29.56260632757187,772.9920854594448,good,False
2026-09-04,2026-09-11,put,744.0,0.26,0.27,0.27,559.0,2744.0,773.17,100,0.265,0.01,True,,7.0,0.0191780821917808,773.5852931920283,-0.0389948982566544,True,,0.1599916436460733,,0.0,743.4294791318729,good,True
2026-09-04,2026-09-11,call,745.0,27.66,30.39,29.63,473.0,585.0,773.17,100,29.025,2.7300000000000004,True,,7.0,0.0191780821917808,773.5852931920283,-0.0376517147101868,True,,0.1738255536301171,,28.56337315669566,772.9920854594448,good,False
2026-09-04,2026-09-11,put,745.0,0.28,0.29,0.29,1279.0,3491.0,773.17,100,0.285,0.0099999999999999,True,,7.0,0.0191780821917808,773.5852931920283,-0.0376517147101868,True,,0.1576324154188787,,0.0,744.4287123027491,good,True
2026-09-04,2026-09-11,call,746.0,26.43,29.41,29.72,627.0,162.0,773.17,100,27.92,2.9800000000000004,True,,7.0,0.0191780821917808,773.5852931920283,-0.0363103328859854,True,,0.1599347298992502,,27.56413998581945,772.9920854594448,good,True
2026-09-04,2026-09-11,put,746.0,0.3,0.31,0.32,821.0,918.0,773.17,100,0.305,0.01,True,,7.0,0.0191780821917808,773.5852931920283,-0.0363103328859854,True,,0.1550871912729323,,0.0,745.4279454736253,good,True
2026-09-04,2026-09-11,call,747.0,25.46,28.44,27.78,814.0,171.0,773.17,100,26.950000000000003,2.9800000000000004,True,,7.0,0.0191780821917808,773.5852931920283,-0.0349707479569289,True,,0.1577623702168048,,26.56490681494336,772.9920854594448,good,False
2026-09-04,2026-09-11,put,747.0,0.33,0.34,0.34,657.0,1568.0,773.17,100,0.335,0.01,True,,7.0,0.0191780821917808,773.5852931920283,-0.0349707479569289,True,,0.1533022339901573,,0.0,746.4271786445014,good,True
2026-09-04,2026-09-11,call,748.0,24.49,26.38,26.69,806.0,541.0,773.17,100,25.435,1.8900000000000008,True,,7.0,0.0191780821917808,773.5852931920283,-0.0336329551152691,False,below_european_lower_bound,,market_price is below the no-arbitrage lower bound.,25.565673644067147,772.9920854594448,good,True
2026-09-04,2026-09-11,put,748.0,0.36,0.37,0.36,771.0,2939.0,773.17,100,0.365,0.01,True,,7.0,0.0191780821917808,773.5852931920283,-0.0336329551152691,True,,0.1512441913125631,,0.0,747.4264118153776,good,True
2026-09-04,2026-09-11,call,749.0,23.52,26.5,25.69,760.0,369.0,773.17,100,25.01,2.9800000000000004,True,,7.0,0.0191780821917808,773.5852931920283,-0.0322969495725268,True,,0.1527572927919157,,24.566440473190937,772.9920854594448,good,False
2026-09-04,2026-09-11,put,749.0,0.39,0.4,0.39,4217.0,1215.0,773.17,100,0.395,0.01,True,,7.0,0.0191780821917808,773.5852931920283,-0.0322969495725268,True,,0.1489389911928505,,0.0,748.4256449862538,good,True
2026-09-04,2026-09-11,call,750.0,23.64,24.29,24.61,615.0,357.0,773.17,100,23.965,0.6499999999999986,True,,7.0,0.0191780821917808,773.5852931920283,-0.0309627265593901,True,,0.1442947262423462,,23.56720730231484,772.9920854594448,good,True
2026-09-04,2026-09-11,put,750.0,0.43,0.44,0.43,4574.0,8094.0,773.17,100,0.435,0.01,True,,7.0,0.0191780821917808,773.5852931920283,-0.0309627265593901,True,,0.1471656606972132,,0.0,749.4248781571299,good,True
2026-09-04,2026-09-11,call,751.0,21.92,24.12,23.01,984.0,155.0,773.17,100,23.020000000000003,2.2,True,,7.0,0.0191780821917808,773.5852931920283,-0.0296302813256116,True,,0.1434496458317152,,22.567974131438632,772.9920854594448,good,False
2026-09-04,2026-09-11,put,751.0,0.47,0.48,0.48,790.0,836.0,773.17,100,0.475,0.01,True,,7.0,0.0191780821917808,773.5852931920283,-0.0296302813256116,True,,0.1450895508696726,,0.0,750.4241113280061,good,True
2026-09-04,2026-09-11,call,752.0,20.96,23.18,22.55,1212.0,278.0,773.17,100,22.07,2.219999999999999,True,,7.0,0.0191780821917808,773.5852931920283,-0.0282996091399065,True,,0.1418229667498513,,21.568740960562423,772.9920854594448,good,True
2026-09-04,2026-09-11,put,752.0,0.51,0.52,0.52,783.0,1559.0,773.17,100,0.515,0.01,True,,7.0,0.0191780821917808,773.5852931920283,-0.0282996091399065,True,,0.1427384180790562,,0.0,751.4233444988823,good,True
2026-09-04,2026-09-11,call,753.0,20.78,21.64,21.01,925.0,277.0,773.17,100,21.21,0.8599999999999994,True,,7.0,0.0191780821917808,773.5852931920283,-0.0269707052898527,True,,0.1452834931906452,,20.569507789686327,772.9920854594448,good,False
2026-09-04,2026-09-11,put,753.0,0.56,0.57,0.56,1037.0,952.0,773.17,100,0.565,0.0099999999999998,True,,7.0,0.0191780821917808,773.5852931920283,-0.0269707052898527,True,,0.140754537975786,,0.0,752.4225776697584,good,True
2026-09-04,2026-09-11,call,754.0,19.84,20.68,20.0,1004.0,442.0,773.17,100,20.26,0.8399999999999999,True,,7.0,0.0191780821917808,773.5852931920283,-0.0256435650817903,True,,0.1426820384929922,,19.57027461881012,772.9920854594448,good,True
2026-09-04,2026-09-11,put,754.0,0.62,0.63,0.6,1337.0,1941.0,773.17,100,0.625,0.01,True,,7.0,0.0191780821917808,773.5852931920283,-0.0256435650817903,True,,0.1390390462192648,,0.0,753.4218108406346,good,True
2026-09-04,2026-09-11,call,755.0,18.9,19.76,19.29,979.0,663.0,773.17,100,19.33,0.860000000000003,True,,7.0,0.0191780821917808,773.5852931920283,-0.0243181838407216,True,,0.1408657143072544,,18.571041447933908,772.9920854594448,good,True
2026-09-04,2026-09-11,put,755.0,0.68,0.7,0.68,36454.0,35932.0,773.17,100,0.69,0.0199999999999999,True,,7.0,0.0191780821917808,773.5852931920283,-0.0243181838407216,True,,0.1372371469830932,,0.0,754.4210440115108,good,True
2026-09-04,2026-09-11,call,756.0,18.09,18.77,18.84,1153.0,309.0,773.17,100,18.43,0.6799999999999997,True,,7.0,0.0191780821917808,773.5852931920283,-0.0229945569102133,True,,0.1401404137498184,,17.571808277057812,772.9920854594448,good,False
2026-09-04,2026-09-11,put,756.0,0.75,0.76,0.77,1205.0,1410.0,773.17,100,0.755,0.01,True,,7.0,0.0191780821917808,773.5852931920283,-0.0229945569102133,True,,0.1350776938104545,,0.0,755.4202771823869,good,True
2026-09-04,2026-09-11,call,757.0,16.08,18.67,18.09,960.0,426.0,773.17,100,17.375,2.5900000000000034,True,,7.0,0.0191780821917808,773.5852931920283,-0.0216726796522974,True,,0.1317507390135464,,16.572575106181603,772.9920854594448,good,True
2026-09-04,2026-09-11,put,757.0,0.83,0.84,0.84,1265.0,1290.0,773.17,100,0.835,0.01,True,,7.0,0.0191780821917808,773.5852931920283,-0.0216726796522974,True,,0.1332993553879834,,0.0,756.4195103532631,good,True
2026-09-04,2026-09-11,call,758.0,15.16,17.61,16.69,3145.0,596.0,773.17,100,16.384999999999998,2.45,True,,7.0,0.0191780821917808,773.5852931920283,-0.0203525474473746,True,,0.1264434073767234,,15.573341935305391,772.9920854594448,good,True
2026-09-04,2026-09-11,put,758.0,0.92,0.93,0.93,5906.0,1458.0,773.17,100,0.925,0.01,True,,7.0,0.0191780821917808,773.5852931920283,-0.0203525474473746,True,,0.1315744657753225,,0.0,757.4187435241394,good,True
2026-09-04,2026-09-11,call,759.0,15.37,15.73,16.13,1443.0,342.0,773.17,100,15.55,0.3600000000000012,True,,7.0,0.0191780821917808,773.5852931920283,-0.0190341556941163,True,,0.1278025610197495,,14.574108764429296,772.9920854594448,good,False
2026-09-04,2026-09-11,put,759.0,1.02,1.03,1.03,1784.0,2030.0,773.17,100,1.025,0.01,True,,7.0,0.0191780821917808,773.5852931920283,-0.0190341556941163,True,,0.1298537280062052,,0.0,758.4179766950155,good,True
2026-09-04,2026-09-11,call,760.0,14.49,14.84,14.63,2872.0,894.0,773.17,100,14.665,0.3499999999999996,True,,7.0,0.0191780821917808,773.5852931920283,-0.0177174998093695,True,,0.1263376118467705,,13.574875593553088,772.9920854594448,good,True
2026-09-04,2026-09-11,put,760.0,1.13,1.14,1.14,29290.0,37267.0,773.17,100,1.1349999999999998,0.01,True,,7.0,0.0191780821917808,773.5852931920283,-0.0177174998093695,True,,0.1280955794773664,,0.0,759.4172098658917,good,True
2026-09-04,2026-09-11,call,761.0,13.6,13.96,13.4,1319.0,821.0,773.17,100,13.78,0.3600000000000012,True,,7.0,0.0191780821917808,773.5852931920283,-0.0164025752280605,True,,0.1243958714578409,,12.57564242267688,772.9920854594448,good,True
2026-09-04,2026-09-11,put,761.0,1.25,1.26,1.26,1914.0,1621.0,773.17,100,1.255,0.01,True,,7.0,0.0191780821917808,773.5852931920283,-0.0164025752280605,True,,0.1262646154880337,,0.0,760.4164430367679,good,True
2026-09-04,2026-09-11,call,762.0,12.73,13.1,12.96,1715.0,2169.0,773.17,100,12.915,0.3699999999999992,True,,7.0,0.0191780821917808,773.5852931920283,-0.0150893774031,True,,0.1227142971569205,,11.576409251800785,772.9920854594448,good,True
2026-09-04,2026-09-11,put,762.0,1.38,1.4,1.38,1988.0,1347.0,773.17,100,1.39,0.02,True,,7.0,0.0191780821917808,773.5852931920283,-0.0150893774031,True,,0.1245031848850285,,0.0,761.415676207644,good,True
2026-09-04,2026-09-11,call,763.0,11.88,12.24,12.06,2176.0,1589.0,773.17,100,12.06,0.3599999999999994,True,,7.0,0.0191780821917808,773.5852931920283,-0.0137779018052892,True,,0.1208744232425631,,10.577176080924572,772.9920854594448,good,True
2026-09-04,2026-09-11,put,763.0,1.53,1.55,1.54,2055.0,1513.0,773.17,100,1.54,0.02,True,,7.0,0.0191780821917808,773.5852931920283,-0.0137779018052892,True,,0.1227562873754808,,0.0,762.4149093785202,good,True
2026-09-04,2026-09-11,call,764.0,11.06,11.4,11.53,2445.0,991.0,773.17,100,11.23,0.3399999999999998,True,,7.0,0.0191780821917808,773.5852931920283,-0.0124681439232258,True,,0.1193248187822382,,9.577942910048364,772.9920854594448,good,True
2026-09-04,2026-09-11,put,764.0,1.7,1.72,1.71,1960.0,1532.0,773.17,100,1.71,0.02,True,,7.0,0.0191780821917808,773.5852931920283,-0.0124681439232258,True,,0.1211320351028475,,0.0,763.4141425493964,good,True
2026-09-04,2026-09-11,call,765.0,10.25,10.59,10.33,2805.0,3768.0,773.17,100,10.42,0.3399999999999998,True,,7.0,0.0191780821917808,773.5852931920283,-0.0111600992632104,True,,0.1178259056274327,,8.578709739172268,772.9920854594448,good,True
2026-09-04,2026-09-11,put,765.0,1.88,1.9,1.89,7111.0,4411.0,773.17,100,1.89,0.02,True,,7.0,0.0191780821917808,773.5852931920283,-0.0111600992632104,True,,0.119271058203981,,0.0,764.4133757202725,good,True
2026-09-04,2026-09-11,call,766.0,9.46,9.8,9.6,1518.0,1452.0,773.17,100,9.63,0.3399999999999998,True,,7.0,0.0191780821917808,773.5852931920283,-0.0098537633491549,True,,0.1163231559044543,,7.579476568296059,772.9920854594448,good,True
2026-09-04,2026-09-11,put,766.0,2.09,2.11,2.11,2189.0,1861.0,773.17,100,2.1,0.02,True,,7.0,0.0191780821917808,773.5852931920283,-0.0098537633491549,True,,0.1177238662132862,,0.0,765.4126088911487,good,True
2026-09-04,2026-09-11,call,767.0,8.75,9.01,8.92,2151.0,2215.0,773.17,100,8.879999999999999,0.2599999999999998,True,,7.0,0.0191780821917808,773.5852931920283,-0.0085491317224901,True,,0.1153128708641513,,6.580243397419849,772.9920854594448,good,False
2026-09-04,2026-09-11,put,767.0,2.32,2.34,2.32,3016.0,4610.0,773.17,100,2.33,0.02,True,,7.0,0.0191780821917808,773.5852931920283,-0.0085491317224901,True,,0.1161328619633355,,0.0,766.4118420620249,good,True
2026-09-04,2026-09-11,call,768.0,8.0,8.23,7.99,5823.0,2022.0,773.17,100,8.115,0.2300000000000004,True,,7.0,0.0191780821917808,773.5852931920283,-0.0072461999420741,True,,0.1132547780917314,,5.58101022654364,772.9920854594448,good,True
2026-09-04,2026-09-11,put,768.0,2.58,2.6,2.58,9107.0,3211.0,773.17,100,2.59,0.02,True,,7.0,0.0191780821917808,773.5852931920283,-0.0072461999420741,True,,0.1147173805636363,,0.0,767.4110752329011,good,True
2026-09-04,2026-09-11,call,769.0,7.23,7.55,7.3,2543.0,730.0,773.17,100,7.390000000000001,0.3199999999999994,True,,7.0,0.0191780821917808,773.5852931920283,-0.0059449635841023,True,,0.111600801590513,,4.581777055667544,772.9920854594448,good,True
2026-09-04,2026-09-11,put,769.0,2.86,2.88,2.86,7827.0,1032.0,773.17,100,2.87,0.02,True,,7.0,0.0191780821917808,773.5852931920283,-0.0059449635841023,True,,0.1131615414783604,,0.0,768.4103084037772,good,True
2026-09-04,2026-09-11,call,770.0,6.63,6.8,6.79,8970.0,4435.0,773.17,100,6.715,0.1699999999999999,True,,7.0,0.0191780821917808,773.5852931920283,-0.0046454182420168,True,,0.1105105835938244,,3.5825438847913347,772.9920854594448,good,True
2026-09-04,2026-09-11,put,770.0,3.18,3.2,3.19,17992.0,2093.0,773.17,100,3.1900000000000004,0.02,True,,7.0,0.0191780821917808,773.5852931920283,-0.0046454182420168,True,,0.1119240575705986,,0.0,769.4095415746534,good,True
2026-09-04,2026-09-11,call,771.0,5.89,6.21,6.04,2697.0,2070.0,773.17,100,6.05,0.3200000000000003,True,,7.0,0.0191780821917808,773.5852931920283,-0.0033475595264168,True,,0.1089379518419146,,2.583310713915125,772.9920854594448,good,True
2026-09-04,2026-09-11,put,771.0,3.52,3.55,3.55,3303.0,1848.0,773.17,100,3.535,0.0299999999999998,True,,7.0,0.0191780821917808,773.5852931920283,-0.0033475595264168,True,,0.1105795753354432,,0.0,770.4087747455296,good,True
2026-09-04,2026-09-11,call,772.0,5.28,5.54,5.41,2839.0,1830.0,773.17,100,5.41,0.2599999999999998,True,,7.0,0.0191780821917808,773.5852931920283,-0.0020513830649701,True,,0.1072244183517942,,1.5840775430390297,772.9920854594448,good,True
2026-09-04,2026-09-11,put,772.0,3.9,3.93,3.9,3924.0,1925.0,773.17,100,3.915,0.0300000000000002,True,,7.0,0.0191780821917808,773.5852931920283,-0.0020513830649701,True,,0.109332088434431,,0.0,771.4080079164057,good,True
2026-09-04,2026-09-11,call,773.0,4.84,4.87,4.84,4823.0,1425.0,773.17,100,4.855,0.0300000000000002,True,,7.0,0.0191780821917808,773.5852931920283,-0.0007568845023244,True,,0.1067387318716541,,0.58484437216282,772.9920854594448,good,True
2026-09-04,2026-09-11,put,773.0,4.32,4.35,4.32,4322.0,1231.0,773.17,100,4.335,0.0299999999999993,True,,7.0,0.0191780821917808,773.5852931920283,-0.0007568845023244,True,,0.108259707681221,,0.0,772.4072410872819,good,True
2026-09-04,2026-09-11,call,774.0,4.29,4.31,4.29,2583.0,1844.0,773.17,100,4.3,0.0199999999999995,True,,7.0,0.0191780821917808,773.5852931920283,0.0005359404999807,True,,0.1054420087079433,,0.0,772.9920854594448,good,True
2026-09-04,2026-09-11,put,774.0,4.77,4.8,4.78,2513.0,1252.0,773.17,100,4.785,0.0300000000000002,True,,7.0,0.0191780821917808,773.5852931920283,0.0005359404999807,True,,0.1070961373448989,,0.4143887987133894,773.4064742581581,good,True
2026-09-04,2026-09-11,call,775.0,3.78,3.8,3.8,6155.0,9414.0,773.17,100,3.79,0.02,True,,7.0,0.0191780821917808,773.5852931920283,0.0018270962636007,True,,0.1043691688229138,,0.0,772.9920854594448,good,True
2026-09-04,2026-09-11,put,775.0,5.21,5.34,5.28,2182.0,2284.0,773.17,100,5.275,0.1299999999999999,True,,7.0,0.0191780821917808,773.5852931920283,0.0018270962636007,True,,0.1060522557565941,,1.4136219695894852,774.4057074290342,good,True
2026-09-04,2026-09-11,call,776.0,3.31,3.32,3.32,1769.0,2833.0,773.17,100,3.315,0.0099999999999997,True,,7.0,0.0191780821917808,773.5852931920283,0.0031165870934724,True,,0.1032670376947572,,0.0,772.9920854594448,good,True
2026-09-04,2026-09-11,put,776.0,5.7,5.91,5.77,484.0,925.0,773.17,100,5.805,0.2099999999999999,True,,7.0,0.0191780821917808,773.5852931920283,0.0031165870934724,True,,0.1051132671079557,,2.4128551404656946,775.4049405999104,good,False
2026-09-04,2026-09-11,call,777.0,2.87,2.9,2.88,3499.0,1882.0,773.17,100,2.885,0.0299999999999998,True,,7.0,0.0191780821917808,773.5852931920283,0.0044044172779012,True,,0.102366760185992,,0.0,772.9920854594448,good,True
2026-09-04,2026-09-11,put,777.0,6.09,6.44,6.4,2805.0,1098.0,773.17,100,6.265000000000001,0.3500000000000005,True,,7.0,0.0191780821917808,773.5852931920283,0.0044044172779012,True,,0.1015796476956926,,3.412088311341904,776.4041737707867,good,True
2026-09-04,2026-09-11,call,778.0,2.47,2.49,2.49,2319.0,1546.0,773.17,100,2.4800000000000004,0.02,True,,7.0,0.0191780821917808,773.5852931920283,0.0056905910886451,True,,0.1011765509105711,,0.0,772.9920854594448,good,True
2026-09-04,2026-09-11,put,778.0,6.71,7.29,7.01,1056.0,1049.0,773.17,100,7.0,0.5800000000000001,True,,7.0,0.0191780821917808,773.5852931920283,0.0056905910886451,True,,0.1039263529959591,,4.411321482218,777.4034069416628,good,False
2026-09-04,2026-09-11,call,779.0,2.12,2.13,2.13,2482.0,2207.0,773.17,100,2.125,0.0099999999999997,True,,7.0,0.0191780821917808,773.5852931920283,0.0069751127810018,True,,0.1003285758715793,,0.0,772.9920854594448,good,True
2026-09-04,2026-09-11,put,779.0,7.36,7.94,7.64,693.0,581.0,773.17,100,7.65,0.5800000000000001,True,,7.0,0.0191780821917808,773.5852931920283,0.0069751127810018,True,,0.1033466819531373,,5.410554653094209,778.402640112539,good,True
2026-09-04,2026-09-11,call,780.0,1.8,1.82,1.8,8472.0,15389.0,773.17,100,1.81,0.02,True,,7.0,0.0191780821917808,773.5852931920283,0.008257986593891,True,,0.0996109570327622,,0.0,772.9920854594448,good,True
2026-09-04,2026-09-11,put,780.0,8.05,8.65,8.2,1156.0,1011.0,773.17,100,8.350000000000001,0.5999999999999996,True,,7.0,0.0191780821917808,773.5852931920283,0.008257986593891,True,,0.1032206963294417,,6.409787823970419,779.4018732834152,good,True
2026-09-04,2026-09-11,call,781.0,1.52,1.53,1.52,2098.0,1796.0,773.17,100,1.525,0.01,True,,7.0,0.0191780821917808,773.5852931920283,0.0095392167499396,True,,0.0987829807899465,,0.0,772.9920854594448,good,True
2026-09-04,2026-09-11,put,781.0,8.77,9.39,9.02,394.0,15.0,773.17,100,9.08,0.620000000000001,True,,7.0,0.0191780821917808,773.5852931920283,0.0095392167499396,True,,0.1030775795582277,,7.409020994846514,780.4011064542913,good,True
2026-09-04,2026-09-11,call,782.0,1.27,1.29,1.28,2066.0,1241.0,773.17,100,1.28,0.02,True,,7.0,0.0191780821917808,773.5852931920283,0.0108188074555648,True,,0.0981849985319128,,0.0,772.9920854594448,good,True
2026-09-04,2026-09-11,put,782.0,9.54,10.15,9.42,59.0,11.0,773.17,100,9.845,0.6100000000000012,True,,7.0,0.0191780821917808,773.5852931920283,0.0108188074555648,True,,0.1031195578938695,,8.408254165722724,781.4003396251675,good,True
2026-09-04,2026-09-11,call,783.0,1.06,1.07,1.07,2417.0,1954.0,773.17,100,1.065,0.01,True,,7.0,0.0191780821917808,773.5852931920283,0.0120967629010568,True,,0.0975869619147791,,0.0,772.9920854594448,good,True
2026-09-04,2026-09-11,put,783.0,10.35,10.96,10.7,483.0,2.0,773.17,100,10.655,0.6100000000000012,True,,7.0,0.0191780821917808,773.5852931920283,0.0120967629010568,True,,0.1037778524382654,,9.407487336598932,782.3995727960437,good,True
2026-09-04,2026-09-11,call,784.0,0.87,0.89,0.89,1561.0,990.0,773.17,100,0.88,0.02,True,,7.0,0.0191780821917808,773.5852931920283,0.0133730872606614,True,,0.0970635106878926,,0.0,772.9920854594448,good,True
2026-09-04,2026-09-11,put,784.0,11.19,11.79,11.45,44.0,0.0,773.17,100,11.489999999999998,0.5999999999999996,True,,7.0,0.0191780821917808,773.5852931920283,0.0133730872606614,True,,0.1045481837425865,,10.406720507475027,783.3988059669198,good,True
2026-09-04,2026-09-11,call,785.0,0.71,0.73,0.73,4259.0,3459.0,773.17,100,0.72,0.02,True,,7.0,0.0191780821917808,773.5852931920283,0.014647784692662,True,,0.0965169784333365,,0.0,772.9920854594448,good,True
2026-09-04,2026-09-11,put,785.0,12.05,12.64,12.33,915.0,445.0,773.17,100,12.345,0.5899999999999999,True,,7.0,0.0191780821917808,773.5852931920283,0.014647784692662,True,,0.1053407208749468,,11.40595367835124,784.398039137796,good,True
2026-09-04,2026-09-11,call,786.0,0.58,0.59,0.58,2250.0,1844.0,773.17,100,0.585,0.01,True,,7.0,0.0191780821917808,773.5852931920283,0.0159208593394602,True,,0.0960442214501907,,0.0,772.9920854594448,good,True
2026-09-04,2026-09-11,put,786.0,12.0,14.75,12.64,100.0,0.0,773.17,100,13.375,2.75,True,,7.0,0.0191780821917808,773.5852931920283,0.0159208593394602,True,,0.1124979268966304,,12.405186849227448,785.3972723086722,good,False
2026-09-04,2026-09-11,call,787.0,0.47,0.48,0.47,1511.0,1556.0,773.17,100,0.475,0.01,True,,7.0,0.0191780821917808,773.5852931920283,0.0171923153276569,True,,0.0957969485956619,,0.0,772.9920854594448,good,True
2026-09-04,2026-09-11,put,787.0,12.22,16.07,13.54,250.0,0.0,773.17,100,14.145,3.85,True,,7.0,0.0191780821917808,773.5852931920283,0.0171923153276569,True,,0.1087014706203143,,13.404420020103544,786.3965054795483,good,True
2026-09-04,2026-09-11,call,788.0,0.38,0.39,0.38,1275.0,1027.0,773.17,100,0.385,0.01,True,,7.0,0.0191780821917808,773.5852931920283,0.0184621567681328,True,,0.095702398771744,,0.0,772.9920854594448,good,True
2026-09-04,2026-09-11,put,788.0,13.22,17.06,14.77,80.0,0.0,773.17,100,15.14,3.839999999999998,True,,7.0,0.0191780821917808,773.5852931920283,0.0184621567681328,True,,0.1140420764804753,,14.403653190979751,787.3957386504245,good,True
2026-09-04,2026-09-11,call,789.0,0.31,0.32,0.32,929.0,1254.0,773.17,100,0.315,0.01,True,,7.0,0.0191780821917808,773.5852931920283,0.019730387756128,True,,0.0959753323910956,,0.0,772.9920854594448,good,True
2026-09-04,2026-09-11,put,789.0,14.22,18.06,18.29,2.0,0.0,773.17,100,16.14,3.839999999999998,True,,7.0,0.0191780821917808,773.5852931920283,0.019730387756128,True,,0.1195347075584359,,15.402886361855964,788.3949718213007,good,True
2026-09-04,2026-09-11,call,790.0,0.25,0.26,0.26,3539.0,2514.0,773.17,100,0.255,0.01,True,,7.0,0.0191780821917808,773.5852931920283,0.0209970123713207,True,,0.0961325743057804,,0.0,772.9920854594448,good,True
2026-09-04,2026-09-11,put,790.0,15.22,19.06,17.11,8.0,1.0,773.17,100,17.14,3.839999999999998,True,,7.0,0.0191780821917808,773.5852931920283,0.0209970123713207,True,,0.1249618233218482,,16.40211953273206,789.3942049921768,good,True
2026-09-04,2026-09-11,call,791.0,0.2,0.21,0.21,3283.0,3354.0,773.17,100,0.205,0.0099999999999999,True,,7.0,0.0191780821917808,773.5852931920283,0.0222620346779074,True,,0.0962664941520876,,0.0,772.9920854594448,good,True
2026-09-04,2026-09-11,put,791.0,16.22,20.06,19.5,15.0,0.0,773.17,100,18.14,3.84,True,,7.0,0.0191780821917808,773.5852931920283,0.0222620346779074,True,,0.1303282532098617,,17.401352703608268,790.393438163053,good,False
2026-09-04,2026-09-11,call,792.0,0.16,0.17,0.17,1748.0,4132.0,773.17,100,0.165,0.01,True,,7.0,0.0191780821917808,773.5852931920283,0.0235254587246795,True,,0.0965272021951112,,0.0,772.9920854594448,good,True
2026-09-04,2026-09-11,call,793.0,0.13,0.14,0.13,275.0,683.0,773.17,100,0.135,0.01,True,,7.0,0.0191780821917808,773.5852931920283,0.0247872885451016,True,,0.0971501626380281,,0.0,772.9920854594448,good,True
2026-09-04,2026-09-11,call,794.0,0.1,0.11,0.1,122.0,382.0,773.17,100,0.105,0.0099999999999999,True,,7.0,0.0191780821917808,773.5852931920283,0.0260475281573894,True,,0.0969999918315141,,0.0,772.9920854594448,good,True
2026-09-04,2026-09-11,call,795.0,0.08,0.09,0.1,748.0,1722.0,773.17,100,0.0849999999999999,0.0099999999999999,True,,7.0,0.0191780821917808,773.5852931920283,0.0273061815645856,True,,0.0975714993375847,,0.0,772.9920854594448,good,True
2026-09-04,2026-09-11,put,795.0,19.7,24.19,25.0,1.0,0.0,773.17,100,21.945,4.490000000000002,True,,7.0,0.0191780821917808,773.5852931920283,0.0273061815645856,True,,0.1399930008435146,,21.398285387112992,794.3903708465577,good,True
2026-09-04,2026-09-11,call,796.0,0.07,0.08,0.07,1545.0,1086.0,773.17,100,0.075,0.0099999999999999,True,,7.0,0.0191780821917808,773.5852931920283,0.0285632527546365,True,,0.0994425035572987,,0.0,772.9920854594448,good,True
2026-09-04,2026-09-11,call,797.0,0.06,0.07,0.06,475.0,903.0,773.17,100,0.065,0.01,True,,7.0,0.0191780821917808,773.5852931920283,0.0298187457004686,True,,0.1010064941469272,,0.0,772.9920854594448,good,True
2026-09-04,2026-09-11,call,798.0,0.05,0.06,0.06,354.0,2908.0,773.17,100,0.055,0.0099999999999999,True,,7.0,0.0191780821917808,773.5852931920283,0.0310726643600624,True,,0.1021981650211305,,0.0,772.9920854594448,good,True
2026-09-04,2026-09-11,call,799.0,0.04,0.05,0.05,356.0,1151.0,773.17,100,0.045,0.01,True,,7.0,0.0191780821917808,773.5852931920283,0.0323250126765283,True,,0.1029167341319216,,0.0,772.9920854594448,good,True
2026-09-04,2026-09-11,put,799.0,23.7,28.14,28.22,3.0,1.0,773.17,100,25.92,4.440000000000001,True,,7.0,0.0191780821917808,773.5852931920283,0.0323250126765283,True,,0.157617509988527,,25.39521807061772,798.3873035300625,good,True
2026-09-04,2026-09-11,call,800.0,0.04,0.05,0.05,869.0,2785.0,773.17,100,0.045,0.01,True,,7.0,0.0191780821917808,773.5852931920283,0.033575794578181,True,,0.1063582673275632,,0.0,772.9920854594448,good,False
2026-09-04,2026-09-11,put,800.0,24.7,29.18,27.25,62.0,0.0,773.17,100,26.94,4.48,True,,7.0,0.0191780821917808,773.5852931920283,0.033575794578181,True,,0.1637247479400563,,26.39445124149381,799.3865367009386,good,True
2026-09-04,2026-09-11,call,801.0,0.03,0.04,0.03,242.0,1215.0,773.17,100,0.035,0.01,True,,7.0,0.0191780821917808,773.5852931920283,0.0348250139786129,True,,0.1063323362763442,,0.0,772.9920854594448,good,True
2026-09-04,2026-09-11,put,801.0,25.76,30.18,33.0,20.0,0.0,773.17,100,27.97,4.419999999999998,True,,7.0,0.0191780821917808,773.5852931920283,0.0348250139786129,True,,0.1705101897422513,,27.39368441237002,800.3857698718148,good,False
2026-09-04,2026-09-11,call,802.0,0.03,0.04,0.03,1111.0,1134.0,773.17,100,0.035,0.01,True,,7.0,0.0191780821917808,773.5852931920283,0.036072674776768,True,,0.1096547746748257,,0.0,772.9920854594448,good,True
2026-09-04,2026-09-11,put,802.0,26.74,31.18,28.25,6.0,0.0,773.17,100,28.96,4.440000000000001,True,,7.0,0.0191780821917808,773.5852931920283,0.036072674776768,True,,0.1745277097988252,,28.39291758324623,801.385003042691,good,True
2026-09-04,2026-09-11,call,803.0,0.03,0.04,0.04,6.0,736.0,773.17,100,0.035,0.01,True,,7.0,0.0191780821917808,773.5852931920283,0.0373187808570152,True,,0.1129614302886162,,0.0,772.9920854594448,good,False
2026-09-04,2026-09-11,call,804.0,0.02,0.03,0.03,1.0,1219.0,773.17,100,0.025,0.0099999999999999,True,,7.0,0.0191780821917808,773.5852931920283,0.03856333608922,True,,0.1117171857435192,,0.0,772.9920854594448,good,True
2026-09-04,2026-09-11,call,805.0,0.02,0.03,0.02,36.0,567.0,773.17,100,0.025,0.0099999999999999,True,,7.0,0.0191780821917808,773.5852931920283,0.039806344328817,True,,0.1148917685124746,,0.0,772.9920854594448,good,True
2026-09-04,2026-09-11,call,806.0,0.02,0.03,0.04,41.0,266.0,773.17,100,0.025,0.0099999999999999,True,,7.0,0.0191780821917808,773.5852931920283,0.041047809416882,True,,0.1180529178950591,,0.0,772.9920854594448,good,True
2026-09-04,2026-09-11,call,807.0,0.02,0.03,0.02,1.0,987.0,773.17,100,0.025,0.0099999999999999,True,,7.0,0.0191780821917808,773.5852931920283,0.0422877351802025,True,,0.1212010197239435,,0.0,772.9920854594448,good,True
2026-09-04,2026-09-11,call,808.0,0.02,0.03,0.01,0.0,187.0,773.17,100,0.025,0.0099999999999999,True,,7.0,0.0191780821917808,773.5852931920283,0.0435261254313491,True,,0.1243364349175591,,0.0,772.9920854594448,good,True
2026-09-04,2026-09-11,call,809.0,0.02,0.03,0.02,7.0,1203.0,773.17,100,0.025,0.0099999999999999,True,,7.0,0.0191780821917808,773.5852931920283,0.0447629839687452,True,,0.1274595017956243,,0.0,772.9920854594448,good,True
2026-09-04,2026-09-11,call,810.0,0.02,0.03,0.03,9.0,1688.0,773.17,100,0.025,0.0099999999999999,True,,7.0,0.0191780821917808,773.5852931920283,0.045998314576738,True,,0.1305705381208963,,0.0,772.9920854594448,good,False
2026-09-04,2026-09-11,call,811.0,0.01,0.02,0.02,3.0,561.0,773.17,100,0.015,0.01,True,,7.0,0.0191780821917808,773.5852931920283,0.0472321210256665,True,,0.1266001440415816,,0.0,772.9920854594448,good,True
2026-09-04,2026-09-11,call,812.0,0.01,0.02,0.02,0.0,1515.0,773.17,100,0.015,0.01,True,,7.0,0.0191780821917808,773.5852931920283,0.0484644070719316,True,,0.1295546640855999,,0.0,772.9920854594448,good,True
2026-09-04,2026-09-11,call,813.0,0.01,0.02,0.02,6.0,1177.0,773.17,100,0.015,0.01,True,,7.0,0.0191780821917808,773.5852931920283,0.0496951764580643,True,,0.1324989400385131,,0.0,772.9920854594448,good,True
2026-09-04,2026-09-11,call,814.0,0.01,0.02,0.01,1.0,933.0,773.17,100,0.015,0.01,True,,7.0,0.0191780821917808,773.5852931920283,0.050924432912794,True,,0.1354331957104136,,0.0,772.9920854594448,good,True
2026-09-04,2026-09-11,call,815.0,0.01,0.02,0.01,4.0,947.0,773.17,100,0.015,0.01,True,,7.0,0.0191780821917808,773.5852931920283,0.0521521801511163,True,,0.1383576433021217,,0.0,772.9920854594448,good,True
2026-09-04,2026-09-11,call,816.0,0.01,0.02,0.02,9.0,624.0,773.17,100,0.015,0.01,True,,7.0,0.0191780821917808,773.5852931920283,0.0533784218743606,True,,0.1412724842530611,,0.0,772.9920854594448,good,True
2026-09-04,2026-09-11,call,817.0,0.01,0.02,0.01,3.0,184.0,773.17,100,0.015,0.01,True,,7.0,0.0191780821917808,773.5852931920283,0.0546031617702565,True,,0.1441779100267503,,0.0,772.9920854594448,good,True
2026-09-04,2026-09-11,call,818.0,0.01,0.02,0.02,1.0,1284.0,773.17,100,0.015,0.01,True,,7.0,0.0191780821917808,773.5852931920283,0.0558264035130007,True,,0.1470741028331399,,0.0,772.9920854594448,good,True
2026-09-04,2026-09-11,call,819.0,0.01,0.02,0.02,0.0,1076.0,773.17,100,0.015,0.01,True,,7.0,0.0191780821917808,773.5852931920283,0.0570481507633231,True,,0.1499612362892683,,0.0,772.9920854594448,good,True
2026-09-04,2026-09-11,call,820.0,0.01,0.02,0.02,0.0,623.0,773.17,100,0.015,0.01,True,,7.0,0.0191780821917808,773.5852931920283,0.0582684071685525,True,,0.1528394844599974,,0.0,772.9920854594448,good,True
2026-09-04,2026-09-11,call,821.0,0.01,0.02,0.01,0.0,515.0,773.17,100,0.015,0.01,True,,7.0,0.0191780821917808,773.5852931920283,0.0594871763626818,True,,0.1557089829143985,,0.0,772.9920854594448,good,True
2026-09-04,2026-09-11,call,822.0,0.01,0.02,0.01,0.0,261.0,773.17,100,0.015,0.01,True,,7.0,0.0191780821917808,773.5852931920283,0.0607044619664335,True,,0.1585699008747877,,0.0,772.9920854594448,good,True
2026-09-04,2026-09-11,call,823.0,0.01,0.02,0.02,0.0,5415.0,773.17,100,0.015,0.01,True,,7.0,0.0191780821917808,773.5852931920283,0.0619202675873234,True,,0.1614223806637192,,0.0,772.9920854594448,good,True
2026-09-04,2026-09-11,call,824.0,0.01,0.02,0.03,0.0,5949.0,773.17,100,0.015,0.01,True,,7.0,0.0191780821917808,773.5852931920283,0.0631345968197253,True,,0.164266560040268,,0.0,772.9920854594448,good,True
2026-09-04,2026-09-11,call,825.0,0.01,0.02,0.01,0.0,1091.0,773.17,100,0.015,0.01,True,,7.0,0.0191780821917808,773.5852931920283,0.0643474532449347,True,,0.1671025717033017,,0.0,772.9920854594448,good,True
2026-09-04,2026-09-11,call,830.0,0.01,0.02,0.01,2.0,2130.0,773.17,100,0.015,0.01,True,,7.0,0.0191780821917808,773.5852931920283,0.0703897677008972,True,,0.1811644130166002,,0.0,772.9920854594448,good,True
2026-09-04,2026-09-11,call,835.0,0.01,0.02,0.03,0.0,1058.0,773.17,100,0.015,0.01,True,,7.0,0.0191780821917808,773.5852931920283,0.0763957917611091,True,,0.195039285872966,,0.0,772.9920854594448,good,False
2026-09-04,2026-09-11,call,840.0,0.0,0.01,0.01,1.0,2291.0,773.17,100,0.005,0.01,True,,7.0,0.0191780821917808,773.5852931920283,0.0823659587476129,True,,0.1897802893247567,,0.0,772.9920854594448,good,True
2026-09-04,2026-09-11,call,845.0,0.0,0.01,0.01,52.0,155.0,773.17,100,0.005,0.01,True,,7.0,0.0191780821917808,773.5852931920283,0.0883006942674276,True,,0.2022774061082717,,0.0,772.9920854594448,good,True
2026-09-04,2026-09-11,call,850.0,0.0,0.01,0.01,4.0,279.0,773.17,100,0.005,0.01,True,,7.0,0.0191780821917808,773.5852931920283,0.0942004163946158,True,,0.2146387095522376,,0.0,772.9920854594448,good,True
2026-09-04,2026-09-11,call,855.0,0.0,0.01,0.02,0.0,95.0,773.17,100,0.005,0.01,True,,7.0,0.0191780821917808,773.5852931920283,0.1000655358470139,True,,0.2268703354281006,,0.0,772.9920854594448,good,True
2026-09-04,2026-09-11,call,860.0,0.0,0.01,0.01,0.0,161.0,773.17,100,0.005,0.01,True,,7.0,0.0191780821917808,773.5852931920283,0.105896456157807,True,,0.2389778201361941,,0.0,772.9920854594448,good,True
2026-09-04,2026-09-11,call,865.0,0.0,0.01,0.02,0.0,245.0,773.17,100,0.005,0.01,True,,7.0,0.0191780821917808,773.5852931920283,0.1116935738421329,True,,0.2509660309308403,,0.0,772.9920854594448,good,True
2026-09-04,2026-09-11,call,870.0,0.0,0.01,0.02,0.0,182.0,773.17,100,0.005,0.01,True,,7.0,0.0191780821917808,773.5852931920283,0.1174572785588831,True,,0.2628393639304532,,0.0,772.9920854594448,good,True
2026-09-04,2026-09-11,call,875.0,0.0,0.01,0.01,0.0,269.0,773.17,100,0.005,0.01,True,,7.0,0.0191780821917808,773.5852931920283,0.1231879532678681,True,,0.2746018144609585,,0.0,772.9920854594448,good,True
2026-09-04,2026-09-11,call,880.0,0.0,0.01,0.01,0.0,155.0,773.17,100,0.005,0.01,True,,7.0,0.0191780821917808,773.5852931920283,0.1288859743825058,True,,0.2862570176541805,,0.0,772.9920854594448,good,True
2026-09-04,2026-09-11,call,885.0,0.0,0.01,0.01,1.0,1437.0,773.17,100,0.005,0.01,True,,7.0,0.0191780821917808,773.5852931920283,0.1345517119181832,True,,0.2978082464897931,,0.0,772.9920854594448,good,True
2026-09-04,2026-09-11,call,890.0,0.0,0.01,0.01,0.0,1285.0,773.17,100,0.005,0.01,True,,7.0,0.0191780821917808,773.5852931920283,0.1401855296364391,True,,0.3092585944842994,,0.0,772.9920854594448,good,True
2026-09-04,2026-09-11,call,895.0,0.0,0.01,0.01,0.0,2371.0,773.17,100,0.005,0.01,True,,7.0,0.0191780821917808,773.5852931920283,0.1457877851851089,True,,0.3206109673635512,,0.0,772.9920854594448,good,True
2026-09-04,2026-09-14,call,700.0,71.67,75.95,73.96,16.0,10.0,773.17,100,73.81,4.280000000000001,True,,10.0,0.0273972602739726,773.7633442673337,-0.100185735032643,True,,0.26604365611963,,73.6825520034904,772.9158489038392,good,True
2026-09-04,2026-09-14,put,700.0,0.08,0.09,0.08,144.0,276.0,773.17,100,0.0849999999999999,0.0099999999999999,True,,10.0,0.0273972602739726,773.7633442673337,-0.100185735032643,True,,0.2527554713115166,,0.0,699.2332969003488,good,True
2026-09-04,2026-09-14,put,705.0,0.09,0.1,0.13,14.0,72.0,773.17,100,0.095,0.01,True,,10.0,0.0273972602739726,773.7633442673337,-0.093068267263779,True,,0.2401338857299129,,0.0,704.2278204496371,good,True
2026-09-04,2026-09-14,put,710.0,0.1,0.11,0.13,18.0,65.0,773.17,100,0.105,0.0099999999999999,True,,10.0,0.0273972602739726,773.7633442673337,-0.0860011000406866,True,,0.2269411372193804,,0.0,709.2223439989252,good,True
2026-09-04,2026-09-14,call,715.0,56.67,60.82,52.65,0.0,1.0,773.17,100,58.745000000000005,4.149999999999999,True,,10.0,0.0273972602739726,773.7633442673337,-0.07898352738204,True,,0.1903950987139446,,58.69898135562573,772.9158489038392,good,True
2026-09-04,2026-09-14,put,715.0,0.11,0.12,0.12,7.0,208.0,773.17,100,0.1149999999999999,0.0099999999999999,True,,10.0,0.0273972602739726,773.7633442673337,-0.07898352738204,True,,0.2132350252696144,,0.0,714.2168675482135,good,True
2026-09-04,2026-09-14,call,720.0,51.75,56.0,44.53,0.0,4.0,773.17,100,53.875,4.25,True,,10.0,0.0273972602739726,773.7633442673337,-0.0720148580659467,True,,0.208125530281901,,53.70445780633747,772.9158489038392,good,False
2026-09-04,2026-09-14,put,720.0,0.13,0.14,0.14,56.0,218.0,773.17,100,0.135,0.01,True,,10.0,0.0273972602739726,773.7633442673337,-0.0720148580659467,True,,0.2012124057386085,,0.0,719.2113910975017,good,True
2026-09-04,2026-09-14,call,725.0,46.72,51.05,49.49,1.0,5.0,773.17,100,48.885,4.329999999999998,True,,10.0,0.0273972602739726,773.7633442673337,-0.0650944152213728,True,,0.1916470601955821,,48.709934257049326,772.9158489038392,good,True
2026-09-04,2026-09-14,put,725.0,0.15,0.16,0.17,87.0,1763.0,773.17,100,0.155,0.01,True,,10.0,0.0273972602739726,773.7633442673337,-0.0650944152213728,True,,0.1881807451970756,,0.0,724.2059146467899,good,True
2026-09-04,2026-09-14,call,730.0,41.76,46.08,37.94,0.0,1.0,773.17,100,43.92,4.32,True,,10.0,0.0273972602739726,773.7633442673337,-0.0582215359336109,True,,0.1786255911642972,,43.715410707761066,772.9158489038392,good,True
2026-09-04,2026-09-14,put,730.0,0.18,0.19,0.19,407.0,403.0,773.17,100,0.185,0.01,True,,10.0,0.0273972602739726,773.7633442673337,-0.0582215359336109,True,,0.1757919657480841,,0.0,729.2004381960782,good,True
2026-09-04,2026-09-14,put,735.0,0.23,0.24,0.25,417.0,471.0,773.17,100,0.235,0.0099999999999999,True,,10.0,0.0273972602739726,773.7633442673337,-0.0513955708632109,True,,0.1646026617634877,,0.0,734.1949617453663,good,True
2026-09-04,2026-09-14,call,740.0,32.07,36.31,33.87,2.0,3.0,773.17,100,34.19,4.240000000000002,True,,10.0,0.0273972602739726,773.7633442673337,-0.0446158838778322,True,,0.1665510037938266,,33.72636360918466,772.9158489038392,good,False
2026-09-04,2026-09-14,put,740.0,0.3,0.31,0.32,811.0,719.0,773.17,100,0.305,0.01,True,,10.0,0.0273972602739726,773.7633442673337,-0.0446158838778322,True,,0.1534065192788726,,0.0,739.1894852946546,good,True
2026-09-04,2026-09-14,call,745.0,27.31,29.5,28.75,10.0,14.0,773.17,100,28.405,2.1900000000000013,True,,10.0,0.0273972602739726,773.7633442673337,-0.0378818516964881,False,below_european_lower_bound,,market_price is below the no-arbitrage lower bound.,28.73184005989652,772.9158489038392,good,True
2026-09-04,2026-09-14,put,745.0,0.42,0.43,0.43,493.0,641.0,773.17,100,0.425,0.01,True,,10.0,0.0273972602739726,773.7633442673337,-0.0378818516964881,True,,0.1435890327414921,,0.0,744.1840088439427,good,True
2026-09-04,2026-09-14,call,750.0,22.81,25.79,24.57,215.0,226.0,773.17,100,24.3,2.9800000000000004,True,,10.0,0.0273972602739726,773.7633442673337,-0.0311928635456915,True,,0.1314058814439894,,23.73731651060825,772.9158489038392,good,False
2026-09-04,2026-09-14,put,750.0,0.61,0.62,0.61,881.0,1406.0,773.17,100,0.615,0.01,True,,10.0,0.0273972602739726,773.7633442673337,-0.0311928635456915,True,,0.1342545516862336,,0.0,749.178532393231,good,True
2026-09-04,2026-09-14,call,755.0,18.45,20.65,20.23,216.0,500.0,773.17,100,19.55,2.2,True,,10.0,0.0273972602739726,773.7633442673337,-0.0245483208270229,True,,0.1207307519766078,,18.742792961320102,772.9158489038392,good,True
2026-09-04,2026-09-14,put,755.0,0.92,0.94,0.92,939.0,695.0,773.17,100,0.93,0.0199999999999999,True,,10.0,0.0273972602739726,773.7633442673337,-0.0245483208270229,True,,0.1257559955943811,,0.0,754.1730559425191,good,True
2026-09-04,2026-09-14,call,760.0,14.84,15.22,15.07,847.0,612.0,773.17,100,15.03,0.3800000000000008,True,,10.0,0.0273972602739726,773.7633442673337,-0.0179476367956709,True,,0.1127896542196251,,13.748269412031846,772.9158489038392,good,True
2026-09-04,2026-09-14,put,760.0,1.43,1.45,1.43,1778.0,1325.0,773.17,100,1.44,0.02,True,,10.0,0.0273972602739726,773.7633442673337,-0.0179476367956709,True,,0.1176623639748303,,0.0,759.1675794918074,good,True
2026-09-04,2026-09-14,call,765.0,10.68,11.05,11.0,534.0,1035.0,773.17,100,10.865,0.370000000000001,True,,10.0,0.0273972602739726,773.7633442673337,-0.0113902362495118,True,,0.1063269950234788,,8.753745862743699,772.9158489038392,good,True
2026-09-04,2026-09-14,put,765.0,2.25,2.28,2.25,1236.0,540.0,773.17,100,2.265,0.0299999999999998,True,,10.0,0.0273972602739726,773.7633442673337,-0.0113902362495118,True,,0.1100362240644494,,0.0,764.1621030410955,good,True
2026-09-04,2026-09-14,call,770.0,7.03,7.32,7.23,1259.0,895.0,773.17,100,7.175000000000001,0.29,True,,10.0,0.0273972602739726,773.7633442673337,-0.0048755552283181,True,,0.0996870944471846,,3.759222313455439,772.9158489038392,good,True
2026-09-04,2026-09-14,put,770.0,3.59,3.62,3.59,1356.0,169.0,773.17,100,3.605,0.0300000000000002,True,,10.0,0.0273972602739726,773.7633442673337,-0.0048755552283181,True,,0.1035632382754617,,0.0,769.1566265903838,good,True
2026-09-04,2026-09-14,call,775.0,4.26,4.29,4.29,2953.0,482.0,773.17,100,4.275,0.0300000000000002,True,,10.0,0.0273972602739726,773.7633442673337,0.0015969592772993,True,,0.0952989037249135,,0.0,772.9158489038392,good,True
2026-09-04,2026-09-14,put,775.0,5.66,5.7,5.71,1548.0,118.0,773.17,100,5.68,0.04,True,,10.0,0.0273972602739726,773.7633442673337,0.0015969592772993,True,,0.0986377802986702,,1.2353012358327078,774.1511501396719,good,True
2026-09-04,2026-09-14,call,780.0,2.19,2.21,2.18,1640.0,384.0,773.17,100,2.2,0.02,True,,10.0,0.0273972602739726,773.7633442673337,0.0080278496075898,True,,0.0911059686320894,,0.0,772.9158489038392,good,True
2026-09-04,2026-09-14,put,780.0,8.34,8.98,8.3,84.0,14.0,773.17,100,8.66,0.6400000000000006,True,,10.0,0.0273972602739726,773.7633442673337,0.0080278496075898,True,,0.09624265879564,,6.229824785120968,779.1456736889602,good,True
2026-09-04,2026-09-14,call,785.0,0.96,0.98,0.98,1608.0,534.0,773.17,100,0.97,0.02,True,,10.0,0.0273972602739726,773.7633442673337,0.0144176477063608,True,,0.0882156223917477,,0.0,772.9158489038392,good,True
2026-09-04,2026-09-14,put,785.0,12.17,12.87,12.45,5.0,0.0,773.17,100,12.52,0.6999999999999993,True,,10.0,0.0273972602739726,773.7633442673337,0.0144176477063608,True,,0.0980351483647268,,11.224348334409116,784.1401972382483,good,True
2026-09-04,2026-09-14,call,790.0,0.37,0.39,0.39,874.0,341.0,773.17,100,0.38,0.02,True,,10.0,0.0273972602739726,773.7633442673337,0.0207668753850194,True,,0.0872408113076553,,0.0,772.9158489038392,good,True
2026-09-04,2026-09-14,put,790.0,15.22,18.91,23.35,0.0,2.0,773.17,100,17.065,3.69,True,,10.0,0.0273972602739726,773.7633442673337,0.0207668753850194,True,,0.1079752984960736,,16.218871883697375,789.1347207875366,good,True
2026-09-04,2026-09-14,call,795.0,0.14,0.15,0.15,5821.0,3297.0,773.17,100,0.145,0.0099999999999999,True,,10.0,0.0273972602739726,773.7633442673337,0.0270760445782842,True,,0.0885090299661778,,0.0,772.9158489038392,good,True
2026-09-04,2026-09-14,put,795.0,20.19,24.07,21.16,2.0,0.0,773.17,100,22.130000000000003,3.879999999999999,True,,10.0,0.0273972602739726,773.7633442673337,0.0270760445782842,True,,0.1332858132018662,,21.21339543298552,794.1292443368247,good,False
2026-09-04,2026-09-14,call,800.0,0.06,0.07,0.06,7281.0,148.0,773.17,100,0.065,0.01,True,,10.0,0.0273972602739726,773.7633442673337,0.0333456575918796,True,,0.0929891985743483,,0.0,772.9158489038392,good,True
2026-09-04,2026-09-14,put,800.0,24.73,29.18,34.63,0.0,41.0,773.17,100,26.955,4.449999999999999,True,,10.0,0.0273972602739726,773.7633442673337,0.0333456575918796,True,,0.1469536871826539,,26.20791898227378,799.123767886113,good,True
2026-09-04,2026-09-14,call,805.0,0.03,0.04,0.05,460.0,22.0,773.17,100,0.035,0.01,True,,10.0,0.0273972602739726,773.7633442673337,0.0395762073425158,True,,0.0994997916649751,,0.0,772.9158489038392,good,True
2026-09-04,2026-09-14,call,810.0,0.02,0.03,0.04,16.0,132.0,773.17,100,0.025,0.0099999999999999,True,,10.0,0.0273972602739726,773.7633442673337,0.0457681775904367,True,,0.1087599478684144,,0.0,772.9158489038392,good,True
2026-09-04,2026-09-14,call,815.0,0.02,0.03,0.02,26.0,5.0,773.17,100,0.025,0.0099999999999999,True,,10.0,0.0273972602739726,773.7633442673337,0.051922043164815,True,,0.1216374679279667,,0.0,772.9158489038392,good,False
2026-09-04,2026-09-14,call,820.0,0.01,0.02,0.01,0.0,12.0,773.17,100,0.015,0.01,True,,10.0,0.0273972602739726,773.7633442673337,0.0580382701822511,True,,0.1274220997364504,,0.0,772.9158489038392,good,True
2026-09-04,2026-09-14,call,825.0,0.01,0.02,0.01,0.0,5.0,773.17,100,0.015,0.01,True,,10.0,0.0273972602739726,773.7633442673337,0.0641173162586334,True,,0.1393594484583926,,0.0,772.9158489038392,good,True
2026-09-04,2026-09-14,call,830.0,0.01,0.02,0.01,0.0,1006.0,773.17,100,0.015,0.01,True,,10.0,0.0273972602739726,773.7633442673337,0.0701596307145958,True,,0.1511279914191146,,0.0,772.9158489038392,good,True
2026-09-04,2026-09-14,call,835.0,0.01,0.02,0.01,0.0,1.0,773.17,100,0.015,0.01,True,,10.0,0.0273972602739726,773.7633442673337,0.0761656547748078,True,,0.1627397596584924,,0.0,772.9158489038392,good,True
2026-09-04,2026-09-14,call,840.0,0.01,0.02,0.01,76.0,2228.0,773.17,100,0.015,0.01,True,,10.0,0.0273972602739726,773.7633442673337,0.0821358217613116,True,,0.1742047832219293,,0.0,772.9158489038392,good,False
2026-09-04,2026-09-14,call,845.0,0.0,0.01,0.01,100.0,20.0,773.17,100,0.005,0.01,True,,10.0,0.0273972602739726,773.7633442673337,0.0880705572811262,True,,0.1688342927667456,,0.0,772.9158489038392,good,True
2026-09-04,2026-09-15,put,695.0,0.1,0.11,0.11,47.0,79.0,773.17,100,0.105,0.0099999999999999,True,,11.0,0.0301369863013698,773.8227037321593,-0.1074309368400226,True,,0.2630953616296025,,0.0,694.1626965582651,good,True
2026-09-04,2026-09-15,put,700.0,0.11,0.12,0.14,3.0,31.0,773.17,100,0.1149999999999999,0.0099999999999999,True,,11.0,0.0301369863013698,773.8227037321593,-0.10026244736141,True,,0.2504639769139303,,0.0,699.1566727924973,good,True
2026-09-04,2026-09-15,put,705.0,0.12,0.13,0.26,0.0,34.0,773.17,100,0.125,0.01,True,,11.0,0.0301369863013698,773.8227037321593,-0.0931449795925461,True,,0.23739566526524,,0.0,704.1506490267294,good,True
2026-09-04,2026-09-15,put,710.0,0.13,0.14,0.18,2.0,19.0,773.17,100,0.135,0.01,True,,11.0,0.0301369863013698,773.8227037321593,-0.0860778123694536,True,,0.2239248614168159,,0.0,709.1446252609614,good,True
2026-09-04,2026-09-15,call,715.0,56.8,60.69,48.22,0.0,2.0,773.17,100,58.745,3.890000000000001,True,,11.0,0.0301369863013698,773.8227037321593,-0.0790602397108071,False,below_european_lower_bound,,market_price is below the no-arbitrage lower bound.,58.75183689433629,772.8904383895299,good,True
2026-09-04,2026-09-15,put,715.0,0.15,0.16,0.17,84.0,46.0,773.17,100,0.155,0.01,True,,11.0,0.0301369863013698,773.8227037321593,-0.0790602397108071,True,,0.212068267664027,,0.0,714.1386014951936,good,True
2026-09-04,2026-09-15,call,720.0,51.81,55.89,44.53,0.0,1.0,773.17,100,53.85,4.079999999999998,True,,11.0,0.0301369863013698,773.8227037321593,-0.0720915703947137,True,,0.1823047742843264,,53.75786066010414,772.8904383895299,good,False
2026-09-04,2026-09-15,put,720.0,0.17,0.18,0.31,4.0,41.0,773.17,100,0.175,0.0099999999999999,True,,11.0,0.0301369863013698,773.8227037321593,-0.0720915703947137,True,,0.1993839189549978,,0.0,719.1325777294257,good,True
2026-09-04,2026-09-15,call,725.0,46.87,50.88,40.0,0.0,7.0,773.17,100,48.875,4.010000000000005,True,,11.0,0.0301369863013698,773.8227037321593,-0.0651711275501399,True,,0.1712480181751867,,48.76388442587199,772.8904383895299,good,True
2026-09-04,2026-09-15,put,725.0,0.2,0.21,0.23,8.0,120.0,773.17,100,0.205,0.0099999999999999,True,,11.0,0.0301369863013698,773.8227037321593,-0.0651711275501399,True,,0.1874241523245068,,0.0,724.1265539636579,good,True
2026-09-04,2026-09-15,call,730.0,41.9,46.23,44.7,2.0,0.0,773.17,100,44.065,4.329999999999998,True,,11.0,0.0301369863013698,773.8227037321593,-0.0582982482623779,True,,0.1812729663866727,,43.76990819163996,772.8904383895299,good,False
2026-09-04,2026-09-15,put,730.0,0.25,0.26,0.25,37.0,199.0,773.17,100,0.255,0.01,True,,11.0,0.0301369863013698,773.8227037321593,-0.0582982482623779,True,,0.1767940279314604,,0.0,729.1205301978899,good,True
2026-09-04,2026-09-15,put,735.0,0.31,0.32,0.31,80.0,385.0,773.17,100,0.315,0.01,True,,11.0,0.0301369863013698,773.8227037321593,-0.051472283191978,True,,0.1654461308952774,,0.0,734.1145064321221,good,True
2026-09-04,2026-09-15,call,740.0,32.27,36.5,24.58,0.0,2.0,773.17,100,34.385000000000005,4.229999999999997,True,,11.0,0.0301369863013698,773.8227037321593,-0.0446925962065993,True,,0.1682060729265086,,33.781955723175656,772.8904383895299,good,False
2026-09-04,2026-09-15,put,740.0,0.4,0.41,0.4,546.0,521.0,773.17,100,0.405,0.0099999999999999,True,,11.0,0.0301369863013698,773.8227037321593,-0.0446925962065993,True,,0.1547115179415528,,0.0,739.1084826663542,good,True
2026-09-04,2026-09-15,call,745.0,27.55,31.2,20.1,0.0,3.0,773.17,100,29.375,3.649999999999999,True,,11.0,0.0301369863013698,773.8227037321593,-0.0379585640252552,True,,0.1471990981323972,,28.787979488943503,772.8904383895299,good,True
2026-09-04,2026-09-15,put,745.0,0.55,0.56,0.56,227.0,232.0,773.17,100,0.555,0.01,True,,11.0,0.0301369863013698,773.8227037321593,-0.0379585640252552,True,,0.1453352982045998,,0.0,744.1024589005864,good,True
2026-09-04,2026-09-15,call,750.0,22.94,26.43,23.42,3.0,11.0,773.17,100,24.685,3.4899999999999984,True,,11.0,0.0301369863013698,773.8227037321593,-0.0312695758744586,True,,0.1410711246616847,,23.79400325471147,772.8904383895299,good,False
2026-09-04,2026-09-15,put,750.0,0.77,0.79,0.78,423.0,895.0,773.17,100,0.78,0.02,True,,11.0,0.0301369863013698,773.8227037321593,-0.0312695758744586,True,,0.1361705698240675,,0.0,749.0964351348184,good,True
2026-09-04,2026-09-15,call,755.0,18.19,21.5,20.44,27.0,55.0,773.17,100,19.845,3.3099999999999987,True,,11.0,0.0301369863013698,773.8227037321593,-0.02462503315579,True,,0.1244319626928225,,18.80002702047932,772.8904383895299,good,True
2026-09-04,2026-09-15,put,755.0,1.12,1.15,1.12,7932.0,22272.0,773.17,100,1.135,0.0299999999999998,True,,11.0,0.0301369863013698,773.8227037321593,-0.02462503315579,True,,0.1276400671276301,,0.0,754.0904113690506,good,True
2026-09-04,2026-09-15,call,760.0,15.16,15.56,16.36,69.0,333.0,773.17,100,15.36,0.4000000000000003,True,,11.0,0.0301369863013698,773.8227037321593,-0.0180243491244379,True,,0.1157413624856236,,13.80605078624717,772.8904383895299,good,True
2026-09-04,2026-09-15,put,760.0,1.69,1.7,1.68,806.0,1376.0,773.17,100,1.6949999999999998,0.01,True,,11.0,0.0301369863013698,773.8227037321593,-0.0180243491244379,True,,0.1196654041346434,,0.0,759.0843876032827,good,True
2026-09-04,2026-09-15,call,765.0,11.04,11.45,11.15,205.0,660.0,773.17,100,11.245,0.4100000000000001,True,,11.0,0.0301369863013698,773.8227037321593,-0.0114669485782788,True,,0.1090923653858112,,8.81207455201502,772.8904383895299,good,True
2026-09-04,2026-09-15,put,765.0,2.55,2.57,2.57,1292.0,470.0,773.17,100,2.56,0.02,True,,11.0,0.0301369863013698,773.8227037321593,-0.0114669485782788,True,,0.1119471143251405,,0.0,764.0783638375149,good,True
2026-09-04,2026-09-15,call,770.0,7.53,7.71,7.65,656.0,735.0,773.17,100,7.62,0.1799999999999997,True,,11.0,0.0301369863013698,773.8227037321593,-0.0049522675570851,True,,0.103033303685179,,3.818098317782983,772.8904383895299,good,True
2026-09-04,2026-09-15,put,770.0,3.91,3.94,3.91,1274.0,39.0,773.17,100,3.925,0.0299999999999998,True,,11.0,0.0301369863013698,773.8227037321593,-0.0049522675570851,True,,0.105426813943181,,0.0,769.0723400717469,good,True
2026-09-04,2026-09-15,call,775.0,4.64,4.67,4.74,1260.0,479.0,773.17,100,4.654999999999999,0.0300000000000002,True,,11.0,0.0301369863013698,773.8227037321593,0.0015202469485321,True,,0.0974819405741233,,0.0,772.8904383895299,good,True
2026-09-04,2026-09-15,put,775.0,5.98,6.01,5.97,230.0,60.0,773.17,100,5.995,0.0299999999999993,True,,11.0,0.0301369863013698,773.8227037321593,0.0015202469485321,True,,0.100557852079369,,1.175877916449167,774.0663163059791,good,True
2026-09-04,2026-09-15,call,780.0,2.51,2.53,2.48,2239.0,179.0,773.17,100,2.52,0.02,True,,11.0,0.0301369863013698,773.8227037321593,0.0079511372788225,True,,0.0932711892791101,,0.0,772.8904383895299,good,True
2026-09-04,2026-09-15,put,780.0,8.56,9.22,8.57,16.0,12.0,773.17,100,8.89,0.6600000000000001,True,,11.0,0.0301369863013698,773.8227037321593,0.0079511372788225,True,,0.0974511420614429,,6.169854150681317,779.0602925402112,good,True
2026-09-04,2026-09-15,call,785.0,1.18,1.2,1.18,645.0,354.0,773.17,100,1.19,0.02,True,,11.0,0.0301369863013698,773.8227037321593,0.0143409353775936,True,,0.0902268081081454,,0.0,772.8904383895299,good,True
2026-09-04,2026-09-15,put,785.0,12.29,13.01,12.66,66.0,1.0,773.17,100,12.65,0.7200000000000006,True,,11.0,0.0301369863013698,773.8227037321593,0.0143409353775936,True,,0.0982967133192585,,11.163830384913467,784.0542687744434,good,True
2026-09-04,2026-09-15,call,790.0,0.49,0.51,0.5,593.0,119.0,773.17,100,0.5,0.02,True,,11.0,0.0301369863013698,773.8227037321593,0.0206901630562523,True,,0.0887653989770688,,0.0,772.8904383895299,good,True
2026-09-04,2026-09-15,call,795.0,0.2,0.21,0.21,6007.0,284.0,773.17,100,0.205,0.0099999999999999,True,,11.0,0.0301369863013698,773.8227037321593,0.026999332249517,True,,0.0896725280386093,,0.0,772.8904383895299,good,True
2026-09-04,2026-09-15,call,800.0,0.08,0.09,0.1,177.0,173.0,773.17,100,0.0849999999999999,0.0099999999999999,True,,11.0,0.0301369863013698,773.8227037321593,0.0332689452631124,True,,0.0919902058353881,,0.0,772.8904383895299,good,True
2026-09-04,2026-09-15,call,805.0,0.04,0.05,0.05,70.0,0.0,773.17,100,0.045,0.01,True,,11.0,0.0301369863013698,773.8227037321593,0.0394994950137485,True,,0.0977086641911272,,0.0,772.8904383895299,good,True
2026-09-04,2026-09-15,call,810.0,0.03,0.04,0.04,27.0,1.0,773.17,100,0.035,0.01,True,,11.0,0.0301369863013698,773.8227037321593,0.0456914652616696,True,,0.1076220562799543,,0.0,772.8904383895299,good,True
2026-09-04,2026-09-15,call,815.0,0.02,0.03,0.03,30.0,0.0,773.17,100,0.025,0.0099999999999999,True,,11.0,0.0301369863013698,773.8227037321593,0.0518453308360478,True,,0.1158250131653764,,0.0,772.8904383895299,good,True
2026-09-04,2026-09-15,call,825.0,0.01,0.02,0.02,10.0,0.0,773.17,100,0.015,0.01,True,,11.0,0.0301369863013698,773.8227037321593,0.0640406039298661,True,,0.1327314175827768,,0.0,772.8904383895299,good,True
