snapshot_date,expiry,option_type,strike,bid,ask,last,volume,open_interest,spot,multiplier,mid,spread,quote_valid,invalid_reason,time_to_expiry_days,time_to_expiry,forward,log_moneyness,no_arbitrage_pass,arbitrage_note,iv,iv_error,arb_lower_bound,arb_upper_bound,quality,iv_bid,iv_mid,iv_ask,iv_status,iv_source_type
2026-09-04,2026-09-08,call,670.0,102.45,103.81,95.89,0.0,1.0,773.17,100,103.13,1.3599999999999994,True,,4.0,0.010958904109589,773.4072830881462,-0.1435280837184332,False,below_european_lower_bound,,market_price is below the no-arbitrage lower bound.,103.3619638018822,773.0683295346428,good,,0.42185098948794253,0.7720278945462339,ok,put
2026-09-04,2026-09-08,put,670.0,0.0,0.01,0.01,15.0,22.0,773.17,100,0.005,0.01,True,,4.0,0.010958904109589,773.4072830881462,-0.1435280837184332,True,,0.4226167714090645,,0.0,669.7063657327606,good,,0.42185098948794253,0.44574394748512036,ok,put
2026-09-04,2026-09-08,put,675.0,0.01,0.02,0.02,0.0,426.0,773.17,100,0.015,0.01,True,,4.0,0.010958904109589,773.4072830881462,-0.1360931052309152,True,,0.4402426809078307,,0.0,674.7041744322587,good,0.42435511153062894,0.43942146725162373,0.45098846007648075,ok,put
2026-09-04,2026-09-08,put,680.0,0.01,0.02,0.03,0.0,9260.0,773.17,100,0.015,0.01,True,,4.0,0.010958904109589,773.4072830881462,-0.1287129979332926,True,,0.4182965903668777,,0.0,679.701983131757,good,0.40305315455045093,0.41746829788637785,0.4285409099580112,ok,put
2026-09-04,2026-09-08,put,685.0,0.01,0.02,0.02,0.0,5672.0,773.17,100,0.015,0.01,True,,4.0,0.010958904109589,773.4072830881462,-0.1213869578412197,True,,0.3964302210223675,,0.0,684.6997918312552,good,0.38183191450199205,0.39559460068153995,0.40617173614732144,ok,put
2026-09-04,2026-09-08,call,690.0,82.47,83.82,71.42,0.0,4.0,773.17,100,83.145,1.3499999999999943,True,,4.0,0.010958904109589,773.4072830881462,-0.1141141985121399,False,below_european_lower_bound,,market_price is below the no-arbitrage lower bound.,83.37072900388944,773.0683295346428,good,,0.3737932890717927,0.6335608024540534,ok,put
2026-09-04,2026-09-08,put,690.0,0.01,0.02,0.01,16.0,228.0,773.17,100,0.015,0.01,True,,4.0,0.010958904109589,773.4072830881462,-0.1141141985121399,True,,0.3746364948241486,,0.0,689.6976005307533,good,0.36068475918705317,0.3737932890717927,0.3838734950337097,ok,put
2026-09-04,2026-09-08,call,695.0,77.47,78.83,67.26,0.0,8.0,773.17,100,78.15,1.3599999999999994,True,,4.0,0.010958904109589,773.4072830881462,-0.1068939505386529,False,below_european_lower_bound,,market_price is below the no-arbitrage lower bound.,78.37292030439119,773.0683295346428,good,,0.3520566437781503,0.6002405340246494,ok,put
2026-09-04,2026-09-08,put,695.0,0.01,0.02,0.02,4.0,174.0,773.17,100,0.015,0.01,True,,4.0,0.010958904109589,773.4072830881462,-0.1068939505386529,True,,0.3529077749286369,,0.0,694.6954092302516,good,0.3396044802209976,0.3520566437781503,0.36163806269829946,ok,put
2026-09-04,2026-09-08,call,700.0,72.52,73.77,73.64,7.0,22.0,773.17,100,73.145,1.25,True,,4.0,0.010958904109589,773.4072830881462,-0.0997254610600403,False,below_european_lower_bound,,market_price is below the no-arbitrage lower bound.,73.37511160489294,773.0683295346428,good,,0.3303761714888277,0.5573942199710696,ok,put
2026-09-04,2026-09-08,put,700.0,0.01,0.02,0.02,77.0,405.0,773.17,100,0.015,0.01,True,,4.0,0.010958904109589,773.4072830881462,-0.0997254610600403,True,,0.3312355676756501,,0.0,699.6932179297498,good,0.31858316523928765,0.3303761714888277,0.339456492781087,ok,put
2026-09-04,2026-09-08,call,705.0,67.48,68.83,64.37,1.0,3.0,773.17,100,68.155,1.3499999999999943,True,,4.0,0.010958904109589,773.4072830881462,-0.0926079932911764,False,below_european_lower_bound,,market_price is below the no-arbitrage lower bound.,68.3773029053948,773.0683295346428,good,,0.30874241495004423,0.5309905750813768,ok,put
2026-09-04,2026-09-08,put,705.0,0.01,0.02,0.02,69.0,200.0,773.17,100,0.015,0.01,True,,4.0,0.010958904109589,773.4072830881462,-0.0926079932911764,True,,0.309610485335514,,0.0,704.691026629248,good,0.29761201974313983,0.30874241495004423,0.3173188071276456,ok,put
2026-09-04,2026-09-08,call,710.0,62.48,63.84,63.69,5.0,9.0,773.17,100,63.16,1.3600000000000063,True,,4.0,0.010958904109589,773.4072830881462,-0.0855408260680839,False,below_european_lower_bound,,market_price is below the no-arbitrage lower bound.,63.37949420589655,773.0683295346428,good,,0.2871447151329764,0.49768406262642734,ok,put
2026-09-04,2026-09-08,put,710.0,0.01,0.02,0.02,42.0,2239.0,773.17,100,0.015,0.01,True,,4.0,0.010958904109589,773.4072830881462,-0.0855408260680839,True,,0.2880219926251963,,0.0,709.6888353287462,good,0.2766811516849265,0.2871447151329764,0.2952137309107046,ok,put
2026-09-04,2026-09-08,call,715.0,57.53,58.78,58.91,41.0,41.0,773.17,100,58.155,1.25,True,,4.0,0.010958904109589,773.4072830881462,-0.0785232534094374,False,below_european_lower_bound,,market_price is below the no-arbitrage lower bound.,58.3816855063983,773.0683295346428,good,,0.27938168611799746,0.4558370048316374,ok,put
2026-09-04,2026-09-08,put,715.0,0.02,0.03,0.03,34.0,143.0,773.17,100,0.025,0.0099999999999999,True,,4.0,0.010958904109589,773.4072830881462,-0.0785232534094374,True,,0.2803016958668101,,0.0,714.6866440282445,good,0.27312835837648797,0.27938168611799746,0.2847686810501776,ok,put
2026-09-04,2026-09-08,call,718.0,54.49,55.85,55.83,1.0,6.0,773.17,100,55.17,1.3599999999999994,True,,4.0,0.010958904109589,773.4072830881462,-0.0743362270552208,False,below_european_lower_bound,,market_price is below the no-arbitrage lower bound.,55.38300028669937,773.0683295346428,good,,0.2658806037486458,0.44350457918455866,ok,put
2026-09-04,2026-09-08,put,718.0,0.02,0.03,0.03,4.0,32.0,773.17,100,0.025,0.0099999999999999,True,,4.0,0.010958904109589,773.4072830881462,-0.0743362270552208,True,,0.2668075091867556,,0.0,717.6853292479434,good,0.25988044437606805,0.2658806037486458,0.2710514761815595,ok,put
2026-09-04,2026-09-08,call,719.0,53.49,54.85,46.92,0.0,7.0,773.17,100,54.17,1.3599999999999994,True,,4.0,0.010958904109589,773.4072830881462,-0.0729444383823984,False,below_european_lower_bound,,market_price is below the no-arbitrage lower bound.,54.383438546799766,773.0683295346428,good,,0.2613796280755325,0.43657358548432157,ok,put
2026-09-04,2026-09-08,put,719.0,0.02,0.03,0.03,4.0,11.0,773.17,100,0.025,0.0099999999999999,True,,4.0,0.010958904109589,773.4072830881462,-0.0729444383823984,True,,0.2623088950644054,,0.0,718.684890987843,good,0.2554642301392673,0.2613796280755325,0.26647813060868175,ok,put
2026-09-04,2026-09-08,call,720.0,52.54,53.79,53.67,9.0,13.0,773.17,100,53.165,1.25,True,,4.0,0.010958904109589,773.4072830881462,-0.071554584093344,False,below_european_lower_bound,,market_price is below the no-arbitrage lower bound.,53.38387680690016,773.0683295346428,good,,0.25687809158348507,0.4227302631108736,ok,put
2026-09-04,2026-09-08,put,720.0,0.02,0.03,0.03,21.0,137.0,773.17,100,0.025,0.0099999999999999,True,,4.0,0.010958904109589,773.4072830881462,-0.071554584093344,True,,0.2578097619331743,,0.0,719.6844527277426,good,0.2510476545076192,0.25687809158348507,0.26190405085095736,ok,put
2026-09-04,2026-09-08,call,721.0,51.49,52.85,41.79,0.0,3.0,773.17,100,52.17,1.3599999999999994,True,,4.0,0.010958904109589,773.4072830881462,-0.070166658818496,False,below_european_lower_bound,,market_price is below the no-arbitrage lower bound.,52.38431506700044,773.0683295346428,good,,0.25237583424567417,0.4227049783507778,ok,put
2026-09-04,2026-09-08,put,721.0,0.02,0.03,0.03,21.0,6.0,773.17,100,0.025,0.0099999999999999,True,,4.0,0.010958904109589,773.4072830881462,-0.070166658818496,True,,0.2533099482428005,,0.0,720.6840144676423,good,0.24663056331116864,0.25237583424567417,0.2573290685280101,ok,put
2026-09-04,2026-09-08,call,722.0,50.49,51.85,43.72,0.0,7.0,773.17,100,51.17,1.3599999999999994,True,,4.0,0.010958904109589,773.4072830881462,-0.0687806572106188,False,below_european_lower_bound,,market_price is below the no-arbitrage lower bound.,51.38475332710084,773.0683295346428,good,,0.24787269524524616,0.4157666419977762,ok,put
2026-09-04,2026-09-08,put,722.0,0.02,0.03,0.03,20.0,62.0,773.17,100,0.025,0.0099999999999999,True,,4.0,0.010958904109589,773.4072830881462,-0.0687806572106188,True,,0.248809285523251,,0.0,721.6835762075419,good,0.24221279799242987,0.24787269524524616,0.2527530121011682,ok,put
2026-09-04,2026-09-08,call,723.0,49.5,50.85,38.96,0.0,18.0,773.17,100,50.175,1.3500000000000014,True,,4.0,0.010958904109589,773.4072830881462,-0.0673965739446804,False,below_european_lower_bound,,market_price is below the no-arbitrage lower bound.,50.385191587201234,773.0683295346428,good,,0.2433684904849168,0.4088251084811595,ok,put
2026-09-04,2026-09-08,put,723.0,0.02,0.03,0.04,11.0,18.0,773.17,100,0.025,0.0099999999999999,True,,4.0,0.010958904109589,773.4072830881462,-0.0673965739446804,True,,0.2443076160597865,,0.0,722.6831379474415,good,0.23779419794349185,0.2433684904849168,0.2481757006723745,ok,put
2026-09-04,2026-09-08,call,724.0,48.5,49.85,40.99,0.0,8.0,773.17,100,49.175,1.3500000000000014,True,,4.0,0.010958904109589,773.4072830881462,-0.0660144037177286,False,below_european_lower_bound,,market_price is below the no-arbitrage lower bound.,49.38562984730152,773.0683295346428,good,,0.23886304621068433,0.40187997466282444,ok,put
2026-09-04,2026-09-08,put,724.0,0.02,0.03,0.03,155.0,37.0,773.17,100,0.025,0.0099999999999999,True,,4.0,0.010958904109589,773.4072830881462,-0.0660144037177286,True,,0.2398047305909412,,0.0,723.6826996873413,good,0.23337458339972986,0.23886304621068433,0.24359694648844607,ok,put
2026-09-04,2026-09-08,call,725.0,47.5,48.85,41.09,0.0,6.0,773.17,100,48.175,1.3500000000000014,True,,4.0,0.010958904109589,773.4072830881462,-0.0646341412487703,False,below_european_lower_bound,,market_price is below the no-arbitrage lower bound.,48.38606810740191,773.0683295346428,good,,0.24314337589758434,0.394930818630872,ok,put
2026-09-04,2026-09-08,put,725.0,0.03,0.04,0.03,167.0,145.0,773.17,100,0.035,0.01,True,,4.0,0.010958904109589,773.4072830881462,-0.0646341412487703,True,,0.2441128623276156,,0.0,724.6822614272409,good,0.23901655167999347,0.24314337589758434,0.24686571408687533,ok,put
2026-09-04,2026-09-08,call,726.0,46.55,47.86,47.72,2.0,9.0,773.17,100,47.205,1.3100000000000025,True,,4.0,0.010958904109589,773.4072830881462,-0.0632557812786489,False,below_european_lower_bound,,market_price is below the no-arbitrage lower bound.,47.38650636750231,773.0683295346428,good,,0.23849639799259162,0.3890387365394208,ok,put
2026-09-04,2026-09-08,put,726.0,0.03,0.04,0.04,17.0,95.0,773.17,100,0.035,0.01,True,,4.0,0.010958904109589,773.4072830881462,-0.0632557812786489,True,,0.2394687502947588,,0.0,725.6818231671405,good,0.23443431922762312,0.23849639799259162,0.24216078039427122,ok,put
2026-09-04,2026-09-08,call,727.0,45.5,46.86,38.03,0.0,36.0,773.17,100,46.18,1.3599999999999994,True,,4.0,0.010958904109589,773.4072830881462,-0.0618793185699257,False,below_european_lower_bound,,market_price is below the no-arbitrage lower bound.,46.38694462760259,773.0683295346428,good,,0.2338471574737203,0.3820693209298214,ok,put
2026-09-04,2026-09-08,put,727.0,0.03,0.04,0.03,1.0,306.0,773.17,100,0.035,0.01,True,,4.0,0.010958904109589,773.4072830881462,-0.0618793185699257,True,,0.2348224371444127,,0.0,726.6813849070402,good,0.22985002860625664,0.2338471574737203,0.23745340043376545,ok,put
2026-09-04,2026-09-08,call,728.0,44.55,45.8,45.96,4.0,9.0,773.17,100,45.175,1.25,True,,4.0,0.010958904109589,773.4072830881462,-0.060504747906759,False,below_european_lower_bound,,market_price is below the no-arbitrage lower bound.,45.38738288770298,773.0683295346428,good,,0.22919542627142103,0.3687499821525164,ok,put
2026-09-04,2026-09-08,put,728.0,0.03,0.04,0.03,25.0,361.0,773.17,100,0.035,0.01,True,,4.0,0.010958904109589,773.4072830881462,-0.060504747906759,True,,0.2301736799827127,,0.0,727.6809466469398,good,0.22526345930840921,0.22919542627142103,0.23274333355279792,ok,put
2026-09-04,2026-09-08,call,729.0,43.51,44.86,36.03,0.0,78.0,773.17,100,44.185,1.3500000000000014,True,,4.0,0.010958904109589,773.4072830881462,-0.0591320640947869,False,below_european_lower_bound,,market_price is below the no-arbitrage lower bound.,44.38782114780338,773.0683295346428,good,,0.22454096145145913,0.3681134212060592,ok,put
2026-09-04,2026-09-08,put,729.0,0.03,0.04,0.03,341.0,237.0,773.17,100,0.035,0.01,True,,4.0,0.010958904109589,773.4072830881462,-0.0591320640947869,True,,0.2255222538010497,,0.0,728.6805083868394,good,0.22067437792903927,0.22454096145145913,0.22803033304226886,ok,put
2026-09-04,2026-09-08,call,730.0,42.86,43.68,43.89,6.0,104.0,773.17,100,43.27,0.8200000000000003,True,,4.0,0.010958904109589,773.4072830881462,-0.0577612619610082,False,below_european_lower_bound,,market_price is below the no-arbitrage lower bound.,43.38825940790366,773.0683295346428,good,,0.21988350932987583,0.34164410063943945,ok,put
2026-09-04,2026-09-08,put,730.0,0.03,0.04,0.04,252.0,448.0,773.17,100,0.035,0.01,True,,4.0,0.010958904109589,773.4072830881462,-0.0577612619610082,True,,0.2208679073728175,,0.0,729.6800701267391,good,0.21608253981372916,0.21988350932987583,0.2233141297941323,ok,put
2026-09-04,2026-09-08,call,731.0,41.51,42.86,35.26,0.0,90.0,773.17,100,42.185,1.3500000000000014,True,,4.0,0.010958904109589,773.4072830881462,-0.0563923363536664,False,below_european_lower_bound,,market_price is below the no-arbitrage lower bound.,42.388697668004056,773.0683295346428,good,,0.2152228036424895,0.35413119608217497,ok,put
2026-09-04,2026-09-08,put,731.0,0.03,0.04,0.04,18.0,222.0,773.17,100,0.035,0.01,True,,4.0,0.010958904109589,773.4072830881462,-0.0563923363536664,True,,0.2162103656508919,,0.0,730.6796318666387,good,0.21148768822658154,0.2152228036424895,0.2185944560590017,ok,put
2026-09-04,2026-09-08,call,732.0,40.56,41.8,41.89,2.0,12.0,773.17,100,41.18,1.2399999999999949,True,,4.0,0.010958904109589,773.4072830881462,-0.0550252821421334,False,below_european_lower_bound,,market_price is below the no-arbitrage lower bound.,41.38913592810445,773.0683295346428,good,,0.21055856455593874,0.3410590276698225,ok,put
2026-09-04,2026-09-08,put,732.0,0.03,0.04,0.05,47.0,157.0,773.17,100,0.035,0.01,True,,4.0,0.010958904109589,773.4072830881462,-0.0550252821421334,True,,0.2115493642361043,,0.0,731.6791936065383,good,0.20688955339061899,0.21055856455593874,0.21387102044451264,ok,put
2026-09-04,2026-09-08,call,733.0,39.51,40.87,32.99,0.0,9.0,773.17,100,40.19,1.3599999999999994,True,,4.0,0.010958904109589,773.4072830881462,-0.0536600942167935,False,below_european_lower_bound,,market_price is below the no-arbitrage lower bound.,40.38957418820473,773.0683295346428,good,,0.20589049757635813,0.34109479648967617,ok,put
2026-09-04,2026-09-08,put,733.0,0.03,0.04,0.04,33.0,436.0,773.17,100,0.035,0.01,True,,4.0,0.010958904109589,773.4072830881462,-0.0536600942167935,True,,0.206884609947298,,0.0,732.678755346438,good,0.2022878514408461,0.20589049757635813,0.2091435190137682,ok,put
2026-09-04,2026-09-08,call,734.0,38.57,39.81,39.8,2.0,53.0,773.17,100,39.19,1.240000000000002,True,,4.0,0.010958904109589,773.4072830881462,-0.0522967674889294,False,below_european_lower_bound,,market_price is below the no-arbitrage lower bound.,39.39001244830513,773.0683295346428,good,,0.20733489788144072,0.3281750254644536,ok,put
2026-09-04,2026-09-08,put,734.0,0.04,0.05,0.04,250.0,815.0,773.17,100,0.045,0.01,True,,4.0,0.010958904109589,773.4072830881462,-0.0522967674889294,True,,0.2083539359812672,,0.0,733.6783170863376,good,0.20441162847382907,0.20733489788144072,0.21003908740071542,ok,put
2026-09-04,2026-09-08,call,735.0,37.52,38.81,38.89,6.0,56.0,773.17,100,38.165000000000006,1.2899999999999991,True,,4.0,0.010958904109589,773.4072830881462,-0.0509352968906083,False,below_european_lower_bound,,market_price is below the no-arbitrage lower bound.,38.39045070840552,773.0683295346428,good,,0.20254382033370547,0.3212051779228147,ok,put
2026-09-04,2026-09-08,put,735.0,0.04,0.05,0.04,186.0,986.0,773.17,100,0.045,0.01,True,,4.0,0.010958904109589,773.4072830881462,-0.0509352968906083,True,,0.2035665354293169,,0.0,734.6778788262372,good,0.19967501648665206,0.20254382033370547,0.20519797212988228,ok,put
2026-09-04,2026-09-08,call,736.0,36.57,37.87,28.82,0.0,35.0,773.17,100,37.22,1.2999999999999972,True,,4.0,0.010958904109589,773.4072830881462,-0.0495756773745688,False,below_european_lower_bound,,market_price is below the no-arbitrage lower bound.,37.390888968505806,773.0683295346428,good,,0.19774740935331606,0.3199700122715155,ok,put
2026-09-04,2026-09-08,put,736.0,0.04,0.05,0.05,101.0,1781.0,773.17,100,0.045,0.01,True,,4.0,0.010958904109589,773.4072830881462,-0.0495756773745688,True,,0.1987738988901432,,0.0,735.677440566137,good,0.19493332061231705,0.19774740935331606,0.2003512903968203,ok,put
2026-09-04,2026-09-08,call,737.0,35.57,36.81,32.5,1.0,13.0,773.17,100,36.19,1.240000000000002,True,,4.0,0.010958904109589,773.4072830881462,-0.0482179039141084,False,below_european_lower_bound,,market_price is below the no-arbitrage lower bound.,36.3913272286062,773.0683295346428,good,,0.19294527492394623,0.30723514466823565,ok,put
2026-09-04,2026-09-08,put,737.0,0.04,0.05,0.04,5159.0,482.0,773.17,100,0.045,0.01,True,,4.0,0.010958904109589,773.4072830881462,-0.0482179039141084,True,,0.193975637763375,,0.0,736.6770023060366,good,0.19018616260420132,0.19294527492394623,0.19549864150683172,ok,put
2026-09-04,2026-09-08,call,738.0,34.58,35.81,26.81,0.0,10.0,773.17,100,35.195,1.230000000000004,True,,4.0,0.010958904109589,773.4072830881462,-0.0468619715029725,False,below_european_lower_bound,,market_price is below the no-arbitrage lower bound.,35.3917654887066,773.0683295346428,good,,0.1881370052597045,0.30023334420324665,ok,put
2026-09-04,2026-09-08,put,738.0,0.04,0.05,0.05,138.0,769.0,773.17,100,0.045,0.01,True,,4.0,0.010958904109589,773.4072830881462,-0.0468619715029725,True,,0.1891713438007471,,0.0,737.6765640459362,good,0.18543314291669802,0.1881370052597045,0.19063960213942505,ok,put
2026-09-04,2026-09-08,call,739.0,33.58,34.81,34.98,12.0,7.0,773.17,100,34.195,1.230000000000004,True,,4.0,0.010958904109589,773.4072830881462,-0.0455078751552432,False,below_european_lower_bound,,market_price is below the no-arbitrage lower bound.,34.39220374880688,773.0683295346428,good,,0.18332215441004512,0.29321918845226375,ok,put
2026-09-04,2026-09-08,put,739.0,0.04,0.05,0.05,307.0,849.0,773.17,100,0.045,0.01,True,,4.0,0.010958904109589,773.4072830881462,-0.0455078751552432,True,,0.1843605842188707,,0.0,738.6761257858359,good,0.18067382843638563,0.18332215441004512,0.18577371504830942,ok,put
2026-09-04,2026-09-08,call,740.0,32.58,33.82,33.93,420.0,7.0,773.17,100,33.2,1.240000000000002,True,,4.0,0.010958904109589,773.4072830881462,-0.0441556099052296,False,below_european_lower_bound,,market_price is below the no-arbitrage lower bound.,33.39264200890727,773.0683295346428,good,,0.18314116384930504,0.2871147343408942,ok,put
2026-09-04,2026-09-08,put,740.0,0.05,0.06,0.04,3360.0,1250.0,773.17,100,0.055,0.0099999999999999,True,,4.0,0.010958904109589,773.4072830881462,-0.0441556099052296,True,,0.1842029499440718,,0.0,739.6756875257355,good,0.18090050398142613,0.18314116384930504,0.18524692265928605,ok,put
2026-09-04,2026-09-08,call,741.0,31.59,32.82,32.69,576.0,16.0,773.17,100,32.205,1.2300000000000004,True,,4.0,0.010958904109589,773.4072830881462,-0.0428051708073581,False,below_european_lower_bound,,market_price is below the no-arbitrage lower bound.,32.39308026900767,773.0683295346428,good,,0.1782122627610049,0.28005991050587214,ok,put
2026-09-04,2026-09-08,put,741.0,0.05,0.06,0.05,83.0,539.0,773.17,100,0.055,0.0099999999999999,True,,4.0,0.010958904109589,773.4072830881462,-0.0428051708073581,True,,0.1792785999966079,,0.0,740.6752492656351,good,0.17601945261309623,0.1782122627610049,0.1802733339043287,ok,put
2026-09-04,2026-09-08,call,742.0,30.59,31.82,31.66,237.0,20.0,773.17,100,31.205,1.2300000000000004,True,,4.0,0.010958904109589,773.4072830881462,-0.0414565529360646,False,below_european_lower_bound,,market_price is below the no-arbitrage lower bound.,31.39351852910795,773.0683295346428,good,,0.17327468049970665,0.2729895019125368,ok,put
2026-09-04,2026-09-08,put,742.0,0.05,0.06,0.06,162.0,594.0,773.17,100,0.055,0.0099999999999999,True,,4.0,0.010958904109589,773.4072830881462,-0.0414565529360646,True,,0.1743457158927027,,0.0,741.6748110055348,good,0.17113001571669867,0.17327468049970665,0.175290794087038,ok,put
2026-09-04,2026-09-08,call,743.0,29.6,30.82,30.62,567.0,82.0,773.17,100,30.21,1.2199999999999989,True,,4.0,0.010958904109589,773.4072830881462,-0.0401097513856858,False,below_european_lower_bound,,market_price is below the no-arbitrage lower bound.,30.393956789208342,773.0683295346428,good,,0.17216197016672802,0.2659023274166898,ok,put
2026-09-04,2026-09-08,put,743.0,0.06,0.07,0.07,64.0,914.0,773.17,100,0.065,0.01,True,,4.0,0.010958904109589,773.4072830881462,-0.0401097513856858,True,,0.173255014359366,,0.0,742.6743727454344,good,0.17029868551165506,0.17216197016672802,0.17393176064229124,ok,put
2026-09-04,2026-09-08,call,744.0,28.6,29.83,29.67,405.0,16.0,773.17,100,29.215,1.2299999999999969,True,,4.0,0.010958904109589,773.4072830881462,-0.0387647612703532,False,below_european_lower_bound,,market_price is below the no-arbitrage lower bound.,29.39439504930874,773.0683295346428,good,,0.16711683178670134,0.25966105237285525,ok,put
2026-09-04,2026-09-08,put,744.0,0.06,0.07,0.07,141.0,1203.0,773.17,100,0.065,0.01,True,,4.0,0.010958904109589,773.4072830881462,-0.0387647612703532,True,,0.1682151085926866,,0.0,743.673934485334,good,0.16529634480490926,0.16711683178670134,0.1688462106142297,ok,put
2026-09-04,2026-09-08,call,745.0,27.61,28.83,28.06,829.0,112.0,773.17,100,28.22,1.2199999999999989,True,,4.0,0.010958904109589,773.4072830881462,-0.0374215777238855,False,below_european_lower_bound,,market_price is below the no-arbitrage lower bound.,28.394833309409023,773.0683295346428,good,,0.16206044408587805,0.2525227667197329,ok,put
2026-09-04,2026-09-08,put,745.0,0.06,0.07,0.07,1473.0,1507.0,773.17,100,0.065,0.01,True,,4.0,0.010958904109589,773.4072830881462,-0.0374215777238855,True,,0.163164137143064,,0.0,744.6734962252337,good,0.16028305917423316,0.16206044408587805,0.1637491267501257,ok,put
2026-09-04,2026-09-08,call,746.0,26.61,27.83,27.14,246.0,14.0,773.17,100,27.22,1.2199999999999989,True,,4.0,0.010958904109589,773.4072830881462,-0.0360801958996842,False,below_european_lower_bound,,market_price is below the no-arbitrage lower bound.,27.39527156950942,773.0683295346428,good,,0.16021157232806796,0.2453633744536318,ok,put
2026-09-04,2026-09-08,put,746.0,0.07,0.08,0.07,1406.0,600.0,773.17,100,0.075,0.0099999999999999,True,,4.0,0.010958904109589,773.4072830881462,-0.0360801958996842,True,,0.1613366871986794,,0.0,745.6730579651334,good,0.1586396975935587,0.16021157232806796,0.1617162454516557,ok,put
2026-09-04,2026-09-08,call,747.0,25.62,26.84,27.26,86.0,59.0,773.17,100,26.23,1.2199999999999989,True,,4.0,0.010958904109589,773.4072830881462,-0.0347406109706277,False,below_european_lower_bound,,market_price is below the no-arbitrage lower bound.,26.39570982960981,773.0683295346428,good,,0.15504973149336396,0.23899823306637719,ok,put
2026-09-04,2026-09-08,put,747.0,0.07,0.08,0.07,680.0,488.0,773.17,100,0.075,0.0099999999999999,True,,4.0,0.010958904109589,773.4072830881462,-0.0347406109706277,True,,0.1561809043259454,,0.0,746.672619705033,good,0.1535170505364385,0.15504973149336396,0.1565170941762931,ok,put
2026-09-04,2026-09-08,call,748.0,24.63,25.84,26.21,394.0,96.0,773.17,100,25.235,1.2100000000000009,True,,4.0,0.010958904109589,773.4072830881462,-0.0334028181289678,False,below_european_lower_bound,,market_price is below the no-arbitrage lower bound.,25.396148089710096,773.0683295346428,good,,0.15267619896245826,0.23177742701764692,ok,put
2026-09-04,2026-09-08,put,748.0,0.08,0.09,0.09,303.0,1085.0,773.17,100,0.0849999999999999,0.0099999999999999,True,,4.0,0.010958904109589,773.4072830881462,-0.0334028181289678,True,,0.1538283287355352,,0.0,747.6721814449327,good,0.15130314230076736,0.15267619896245826,0.15399825630214523,ok,put
2026-09-04,2026-09-08,call,749.0,23.64,24.85,24.0,514.0,97.0,773.17,100,24.245,1.2100000000000009,True,,4.0,0.010958904109589,773.4072830881462,-0.0320668125862255,False,below_european_lower_bound,,market_price is below the no-arbitrage lower bound.,24.39658634981049,773.0683295346428,good,,0.14741011861478723,0.22531335538508876,ok,put
2026-09-04,2026-09-08,put,749.0,0.08,0.09,0.08,315.0,862.0,773.17,100,0.0849999999999999,0.0099999999999999,True,,4.0,0.010958904109589,773.4072830881462,-0.0320668125862255,True,,0.148569042925426,,0.0,748.6717431848323,good,0.14607330925704187,0.14741011861478723,0.1486974544429622,ok,put
2026-09-04,2026-09-08,call,750.0,22.94,23.73,23.34,1368.0,243.0,773.17,100,23.335,0.7899999999999991,True,,4.0,0.010958904109589,773.4072830881462,-0.0307325895730889,False,below_european_lower_bound,,market_price is below the no-arbitrage lower bound.,23.397024609910886,773.0683295346428,good,,0.14458781524741773,0.20844391249584332,ok,put
2026-09-04,2026-09-08,put,750.0,0.09,0.1,0.09,4883.0,860.0,773.17,100,0.095,0.01,True,,4.0,0.010958904109589,773.4072830881462,-0.0307325895730889,True,,0.145767634967464,,0.0,749.6713049247319,good,0.1433789314412699,0.14458781524741773,0.1457571788654057,ok,put
2026-09-04,2026-09-08,call,751.0,21.94,22.74,22.16,892.0,432.0,773.17,100,22.34,0.7999999999999972,True,,4.0,0.010958904109589,773.4072830881462,-0.0294001443393102,False,below_european_lower_bound,,market_price is below the no-arbitrage lower bound.,22.397462870011168,773.0683295346428,good,,0.1414545595917356,0.2021212116158582,ok,put
2026-09-04,2026-09-08,put,751.0,0.1,0.11,0.1,637.0,550.0,773.17,100,0.105,0.0099999999999999,True,,4.0,0.010958904109589,773.4072830881462,-0.0294001443393102,True,,0.1426549712752985,,0.0,750.6708666646316,good,0.14035290203620943,0.1414545595917356,0.14252405599666604,ok,put
2026-09-04,2026-09-08,call,752.0,20.95,21.75,21.35,856.0,304.0,773.17,100,21.35,0.8000000000000007,True,,4.0,0.010958904109589,773.4072830881462,-0.0280694721536052,False,below_european_lower_bound,,market_price is below the no-arbitrage lower bound.,21.397901130111563,773.0683295346428,good,,0.13804586844480485,0.19572865500134862,ok,put
2026-09-04,2026-09-08,put,752.0,0.11,0.12,0.12,639.0,581.0,773.17,100,0.1149999999999999,0.0099999999999999,True,,4.0,0.010958904109589,773.4072830881462,-0.0280694721536052,True,,0.1392667801498635,,0.0,751.6704284045312,good,0.13703585579483898,0.13804586844480485,0.13902931788758688,ok,put
2026-09-04,2026-09-08,call,753.0,19.96,20.75,20.68,257.0,296.0,773.17,100,20.355,0.7899999999999991,True,,4.0,0.010958904109589,773.4072830881462,-0.0267405683035514,False,below_european_lower_bound,,market_price is below the no-arbitrage lower bound.,20.39833939021196,773.0683295346428,good,,0.13438852637261994,0.18849434381943536,ok,put
2026-09-04,2026-09-08,put,753.0,0.12,0.13,0.13,1565.0,923.0,773.17,100,0.125,0.01,True,,4.0,0.010958904109589,773.4072830881462,-0.0267405683035514,True,,0.1356300239496815,,0.0,752.6699901444308,good,0.13345811645062802,0.13438852637261994,0.13529673358326597,ok,put
2026-09-04,2026-09-08,call,754.0,19.0,19.77,19.39,631.0,340.0,773.17,100,19.385,0.7699999999999996,True,,4.0,0.010958904109589,773.4072830881462,-0.025413428095489,False,below_european_lower_bound,,market_price is below the no-arbitrage lower bound.,19.39877765031224,773.0683295346428,good,,0.13216850815885892,0.18272141869186573,ok,put
2026-09-04,2026-09-08,put,754.0,0.14,0.15,0.14,677.0,927.0,773.17,100,0.145,0.0099999999999999,True,,4.0,0.010958904109589,773.4072830881462,-0.025413428095489,True,,0.1334414033882951,,0.0,753.6695518843305,good,0.13134453820470138,0.13216850815885892,0.13297590128140713,ok,put
2026-09-04,2026-09-08,call,755.0,17.99,18.75,18.37,1518.0,311.0,773.17,100,18.37,0.7600000000000016,True,,4.0,0.010958904109589,773.4072830881462,-0.0240880468544203,False,below_european_lower_bound,,market_price is below the no-arbitrage lower bound.,18.39921591041264,773.0683295346428,good,,0.12795360480984802,0.17391069327580416,ok,put
2026-09-04,2026-09-08,put,755.0,0.15,0.16,0.17,2090.0,1413.0,773.17,100,0.155,0.01,True,,4.0,0.010958904109589,773.4072830881462,-0.0240880468544203,True,,0.1292474159656217,,0.0,754.6691136242301,good,0.1271867230454335,0.12795360480984802,0.12870626455595685,ok,put
2026-09-04,2026-09-08,call,756.0,17.04,17.8,17.77,2533.0,244.0,773.17,100,17.42,0.7600000000000016,True,,4.0,0.010958904109589,773.4072830881462,-0.022764419923912,True,,0.0909512578555674,,17.39965417051303,773.0683295346428,good,,0.1262924796821578,0.17009059369887025,ok,put
2026-09-04,2026-09-08,put,756.0,0.18,0.19,0.17,877.0,1033.0,773.17,100,0.185,0.01,True,,4.0,0.010958904109589,773.4072830881462,-0.022764419923912,True,,0.1276264534793608,,0.0,755.6686753641297,good,0.1256229889660208,0.1262924796821578,0.12695188319427783,ok,put
2026-09-04,2026-09-08,call,757.0,16.05,16.81,16.46,1695.0,178.0,773.17,100,16.43,0.759999999999998,True,,4.0,0.010958904109589,773.4072830881462,-0.0214425426659962,True,,0.0906547030685165,,16.400092430613313,773.0683295346428,good,,0.12276073446719125,0.16327259635933727,ok,put
2026-09-04,2026-09-08,put,757.0,0.2,0.21,0.2,541.0,656.0,773.17,100,0.205,0.0099999999999999,True,,4.0,0.010958904109589,773.4072830881462,-0.0214425426659962,True,,0.1241253124348174,,0.0,756.6682371040295,good,0.12214999193062208,0.12276073446719125,0.12336336651391304,ok,put
2026-09-04,2026-09-08,call,758.0,15.07,15.83,15.85,2930.0,254.0,773.17,100,15.45,0.7599999999999998,True,,4.0,0.010958904109589,773.4072830881462,-0.0201224104610734,True,,0.0921024306433906,,15.400530690713708,773.0683295346428,good,,0.11998754456952275,0.15700961278334538,ok,put
2026-09-04,2026-09-08,put,758.0,0.23,0.24,0.24,1518.0,670.0,773.17,100,0.235,0.0099999999999999,True,,4.0,0.010958904109589,773.4072830881462,-0.0201224104610734,True,,0.1213912294426793,,0.0,757.6677988439291,good,0.1194403139598894,0.11998754456952275,0.1205286330700925,ok,put
2026-09-04,2026-09-08,call,759.0,14.13,14.84,14.91,1274.0,207.0,773.17,100,14.485,0.7099999999999991,True,,4.0,0.010958904109589,773.4072830881462,-0.0188040187078151,True,,0.0945864760454336,,14.400968950814104,773.0683295346428,good,,0.11670784144495504,0.14997255814382768,ok,put
2026-09-04,2026-09-08,put,759.0,0.26,0.27,0.27,2258.0,1210.0,773.17,100,0.265,0.01,True,,4.0,0.010958904109589,773.4072830881462,-0.0188040187078151,True,,0.1181507710849061,,0.0,758.6673605838287,good,0.1162125642668276,0.11670784144495504,0.11719834696162913,ok,put
2026-09-04,2026-09-08,call,760.0,13.26,13.65,13.33,2919.0,401.0,773.17,100,13.455,0.3900000000000005,True,,4.0,0.010958904109589,773.4072830881462,-0.0174873628230683,True,,0.0827476867982135,,13.401407210914384,773.0683295346428,good,0.09377195003773003,0.11474834087570213,0.1298929188570024,ok,put
2026-09-04,2026-09-08,put,760.0,0.31,0.32,0.32,6351.0,1687.0,773.17,100,0.315,0.01,True,,4.0,0.010958904109589,773.4072830881462,-0.0174873628230683,True,,0.1162448791768158,,0.0,759.6669223237284,good,0.11431122902643236,0.11474834087570213,0.11518207276559195,ok,put
2026-09-04,2026-09-08,call,761.0,12.23,12.69,12.46,2354.0,716.0,773.17,100,12.46,0.4599999999999991,True,,4.0,0.010958904109589,773.4072830881462,-0.0161724382417591,True,,0.0784742702625569,,12.40184547101478,773.0683295346428,good,0.08301165932211234,0.11204833376321238,0.1250918701326554,ok,put
2026-09-04,2026-09-08,put,761.0,0.36,0.37,0.37,4661.0,1551.0,773.17,100,0.365,0.01,True,,4.0,0.010958904109589,773.4072830881462,-0.0161724382417591,True,,0.1135982573729709,,0.0,760.666484063628,good,0.11165651359637391,0.11204833376321238,0.11243766300690305,ok,put
2026-09-04,2026-09-08,call,762.0,11.29,11.79,11.6,1766.0,733.0,773.17,100,11.54,0.5,True,,4.0,0.010958904109589,773.4072830881462,-0.0148592404167988,True,,0.0854245389031033,,11.402283731115176,773.0683295346428,good,0.0851141570405878,0.10941639113064092,0.12355666405884451,ok,put
2026-09-04,2026-09-08,put,762.0,0.42,0.43,0.42,2293.0,1045.0,773.17,100,0.425,0.01,True,,4.0,0.010958904109589,773.4072830881462,-0.0148592404167988,True,,0.1110264095880443,,0.0,761.6660458035276,good,0.10906502032258739,0.10941639113064092,0.10976594990036066,ok,put
2026-09-04,2026-09-08,call,763.0,10.45,10.86,10.37,1162.0,785.0,773.17,100,10.655,0.4100000000000001,True,,4.0,0.010958904109589,773.4072830881462,-0.013547764818988,True,,0.0907312421210804,,10.402721991215458,773.0683295346428,good,0.09344330694237925,0.10672162476784204,0.11953157044582367,ok,put
2026-09-04,2026-09-08,put,763.0,0.49,0.5,0.5,3471.0,807.0,773.17,100,0.495,0.01,True,,4.0,0.010958904109589,773.4072830881462,-0.013547764818988,True,,0.1083985089632009,,0.0,762.6656075434273,good,0.10640556652781669,0.10672162476784204,0.10703637361719444,ok,put
2026-09-04,2026-09-08,call,764.0,9.49,9.93,9.85,2922.0,1606.0,773.17,100,9.71,0.4399999999999995,True,,4.0,0.010958904109589,773.4072830881462,-0.0122380069369245,True,,0.0882696504298748,,9.403160251315851,773.0683295346428,good,0.0892036562625052,0.10443027661119181,0.11497848392132491,ok,put
2026-09-04,2026-09-08,put,764.0,0.58,0.59,0.59,3314.0,935.0,773.17,100,0.585,0.01,True,,4.0,0.010958904109589,773.4072830881462,-0.0122380069369245,True,,0.1061860319935388,,0.0,763.6651692833269,good,0.10414654396686286,0.10443027661119181,0.10471309396226461,ok,put
2026-09-04,2026-09-08,call,765.0,8.67,9.0,8.78,2304.0,1668.0,773.17,100,8.835,0.33,True,,4.0,0.010958904109589,773.4072830881462,-0.0109299622769091,True,,0.0894239256079832,,8.403598511416249,773.0683295346428,good,0.0928749289123944,0.10229768864433664,0.109910409903177,ok,put
2026-09-04,2026-09-08,put,765.0,0.69,0.7,0.69,8620.0,1723.0,773.17,100,0.695,0.01,True,,4.0,0.010958904109589,773.4072830881462,-0.0109299622769091,True,,0.1041440775414309,,0.0,764.6647310232265,good,0.10204213052782574,0.10229768864433664,0.10255262003347759,ok,put
2026-09-04,2026-09-08,call,766.0,7.82,8.12,7.92,3549.0,1141.0,773.17,100,7.97,0.2999999999999989,True,,4.0,0.010958904109589,773.4072830881462,-0.0096236263628537,True,,0.0892787133783113,,7.40403677151653,773.0683295346428,good,0.0925814349170837,0.09990660752593615,0.1065536206506562,ok,put
2026-09-04,2026-09-08,put,766.0,0.81,0.83,0.82,4799.0,890.0,773.17,100,0.8200000000000001,0.0199999999999999,True,,4.0,0.010958904109589,773.4072830881462,-0.0096236263628537,True,,0.1018539778888761,,0.0,765.6642927631262,good,0.09944193773979292,0.09990660752593615,0.10036956843794186,ok,put
2026-09-04,2026-09-08,call,767.0,6.99,7.27,7.17,5024.0,951.0,773.17,100,7.13,0.2799999999999993,True,,4.0,0.010958904109589,773.4072830881462,-0.0083189947361888,True,,0.0888018097096328,,6.404475031616926,773.0683295346428,good,0.09174141088553021,0.09781005667462775,0.10361561461586871,ok,put
2026-09-04,2026-09-08,put,767.0,0.97,0.98,0.96,6330.0,741.0,773.17,100,0.975,0.01,True,,4.0,0.010958904109589,773.4072830881462,-0.0083189947361888,True,,0.0998760392951623,,0.0,766.6638545030258,good,0.0975982429722474,0.09781005667462775,0.09802158987071208,ok,put
2026-09-04,2026-09-08,call,768.0,6.19,6.44,6.35,5287.0,687.0,773.17,100,6.315,0.25,True,,4.0,0.010958904109589,773.4072830881462,-0.0070160629557729,True,,0.0879063050716988,,5.404913291717321,773.0683295346428,good,0.09073773901152161,0.09539323390582694,0.10049145485431828,ok,put
2026-09-04,2026-09-08,put,768.0,1.14,1.16,1.16,9555.0,325.0,773.17,100,1.15,0.02,True,,4.0,0.010958904109589,773.4072830881462,-0.0070160629557729,True,,0.0975937618350782,,0.0,767.6634162429255,good,0.09500250970841076,0.09539323390582694,0.09578323699229968,ok,put
2026-09-04,2026-09-08,call,769.0,5.44,5.6,5.41,4753.0,1277.0,773.17,100,5.52,0.1599999999999992,True,,4.0,0.010958904109589,773.4072830881462,-0.005714826597801,True,,0.086336747433623,,4.405351551817603,773.0683295346428,good,0.09017835428767619,0.09347128286192548,0.09598904126500116,ok,put
2026-09-04,2026-09-08,put,769.0,1.36,1.38,1.36,5660.0,351.0,773.17,100,1.37,0.0199999999999997,True,,4.0,0.010958904109589,773.4072830881462,-0.005714826597801,True,,0.0958331870092322,,0.0,768.6629779828252,good,0.09310841048876813,0.09347128286192548,0.09383372539919667,ok,put
2026-09-04,2026-09-08,call,770.0,4.74,4.85,4.8,7489.0,6447.0,773.17,100,4.795,0.1099999999999994,True,,4.0,0.010958904109589,773.4072830881462,-0.0044152812557155,True,,0.0858249070729324,,3.405789811917998,773.0683295346428,good,0.08981671538266536,0.0916170082408902,0.09356706522520714,ok,put
2026-09-04,2026-09-08,put,770.0,1.62,1.64,1.63,11896.0,1217.0,773.17,100,1.63,0.0199999999999997,True,,4.0,0.010958904109589,773.4072830881462,-0.0044152812557155,True,,0.0941689716545331,,0.0,769.6625397227248,good,0.09127591160641149,0.0916170082408902,0.09195787198241029,ok,put
2026-09-04,2026-09-08,call,771.0,4.05,4.15,4.1,3540.0,1105.0,773.17,100,4.1,0.1000000000000005,True,,4.0,0.010958904109589,773.4072830881462,-0.0031174225401155,True,,0.0846838877681771,,2.40622807201828,773.0683295346428,good,0.08819468077455689,0.08982488644015216,0.09144559373820173,ok,put
2026-09-04,2026-09-08,put,771.0,1.93,1.94,1.92,6118.0,354.0,773.17,100,1.935,0.01,True,,4.0,0.010958904109589,773.4072830881462,-0.0031174225401155,True,,0.0926025522520598,,0.0,770.6621014626245,good,0.08966233070450036,0.08982488644015216,0.08998741589787723,ok,put
2026-09-04,2026-09-08,call,772.0,3.41,3.5,3.45,4009.0,1225.0,773.17,100,3.455,0.0899999999999998,True,,4.0,0.010958904109589,773.4072830881462,-0.0018212460786689,True,,0.0835004342475299,,1.4066663321186752,773.0683295346428,good,0.08659839112703413,0.08809483759621672,0.08943254760662232,ok,put
2026-09-04,2026-09-08,put,772.0,2.28,2.3,2.28,6580.0,329.0,773.17,100,2.29,0.02,True,,4.0,0.010958904109589,773.4072830881462,-0.0018212460786689,True,,0.091143021949352,,0.0,771.6616632025241,good,0.0877799248383388,0.08809483759621672,0.08840972000791553,ok,put
2026-09-04,2026-09-08,call,773.0,2.86,2.88,2.85,6841.0,1036.0,773.17,100,2.87,0.02,True,,4.0,0.010958904109589,773.4072830881462,-0.000526747516023,True,,0.0824574089043246,,0.4071045922190706,773.0683295346428,good,0.08613233163995444,0.08644028023920898,0.08675346938741453,ok,put
2026-09-04,2026-09-08,put,773.0,2.69,2.71,2.68,7365.0,158.0,773.17,100,2.7,0.02,True,,4.0,0.010958904109589,773.4072830881462,-0.000526747516023,True,,0.0898159140945187,,0.0,772.6612249424237,good,0.08612971104077798,0.08644028023920898,0.08675084879901525,ok,put
2026-09-04,2026-09-08,call,774.0,2.33,2.35,2.33,5750.0,846.0,773.17,100,2.34,0.02,True,,4.0,0.010958904109589,773.4072830881462,0.0007660774862821,True,,0.0812927030912747,,0.0,773.0683295346428,good,0.08451400084319946,0.08482655663859764,0.08513909565807079,ok,call
2026-09-04,2026-09-08,put,774.0,3.16,3.18,3.18,3627.0,325.0,773.17,100,3.17,0.02,True,,4.0,0.010958904109589,773.4072830881462,0.0007660774862821,True,,0.0886748310385571,,0.5924571476806477,773.6607866823234,good,0.08458653411750051,0.08482655663859764,0.08521162115736651,ok,call
2026-09-04,2026-09-08,call,775.0,1.87,1.89,1.88,12913.0,2305.0,773.17,100,1.88,0.0199999999999997,True,,4.0,0.010958904109589,773.4072830881462,0.0020572332499019,True,,0.080410562355771,,0.0,773.0683295346428,good,0.08323857348508697,0.08356022365633586,0.08388178347442338,ok,call
2026-09-04,2026-09-08,put,775.0,3.62,3.73,3.69,1824.0,287.0,773.17,100,3.675,0.1099999999999998,True,,4.0,0.010958904109589,773.4072830881462,0.0020572332499019,True,,0.0868672067557463,,1.5920188875802523,774.660348422223,good,0.08081435515014936,0.08356022365633586,0.08435513694446349,ok,call
2026-09-04,2026-09-08,call,776.0,1.47,1.48,1.46,3676.0,880.0,773.17,100,1.475,0.01,True,,4.0,0.010958904109589,773.4072830881462,0.0033467240797736,True,,0.079320689049874,,0.0,773.0683295346428,good,0.08197003833264878,0.0821396409486105,0.08230918038582959,ok,call
2026-09-04,2026-09-08,put,776.0,4.21,4.43,4.29,1640.0,404.0,773.17,100,4.32,0.2199999999999997,True,,4.0,0.010958904109589,773.4072830881462,0.0033467240797736,True,,0.0877537625093019,,2.591580627479857,775.6599101621226,good,0.07914944966677397,0.0821396409486105,0.08659994864643639,ok,call
2026-09-04,2026-09-08,call,777.0,1.13,1.15,1.13,3921.0,1615.0,773.17,100,1.14,0.02,True,,4.0,0.010958904109589,773.4072830881462,0.0046345542642022,True,,0.0785597574605019,,0.0,773.0683295346428,good,0.0807308208452277,0.08109792922374051,0.08146447559537941,ok,call
2026-09-04,2026-09-08,put,777.0,4.89,5.07,5.02,3477.0,1.0,773.17,100,4.98,0.1800000000000006,True,,4.0,0.010958904109589,773.4072830881462,0.0046345542642022,True,,0.0874289783210836,,3.591142367379576,776.6594719020223,good,0.07849858969645439,0.08109792922374051,0.08508418275063369,ok,call
2026-09-04,2026-09-08,call,778.0,0.86,0.87,0.86,4456.0,2018.0,773.17,100,0.865,0.01,True,,4.0,0.010958904109589,773.4072830881462,0.0059207280749466,True,,0.0779294722935343,,0.0,773.0683295346428,good,0.08002384718834592,0.08022768226537981,0.08043123303938242,ok,call
2026-09-04,2026-09-08,put,778.0,5.58,5.78,5.69,2787.0,0.0,773.17,100,5.68,0.2000000000000001,True,,4.0,0.010958904109589,773.4072830881462,0.0059207280749466,True,,0.0867051651175643,,4.59070410727918,777.659033641922,good,0.07596410116056329,0.08022768226537981,0.08412680067360012,ok,call
2026-09-04,2026-09-08,call,779.0,0.63,0.65,0.65,4323.0,2712.0,773.17,100,0.64,0.02,True,,4.0,0.010958904109589,773.4072830881462,0.0072052497673032,True,,0.0772216329822391,,0.0,773.0683295346428,good,0.07884461143089638,0.07931142477709215,0.07977599984236268,ok,call
2026-09-04,2026-09-08,put,779.0,6.35,6.63,6.37,3733.0,37.0,773.17,100,6.49,0.2800000000000002,True,,4.0,0.010958904109589,773.4072830881462,0.0072052497673032,True,,0.0885516232922663,,5.5902658471787845,778.6585953818216,good,0.07425285364132117,0.07931142477709215,0.08713586248403565,ok,call
2026-09-04,2026-09-08,call,780.0,0.46,0.47,0.47,11890.0,2905.0,773.17,100,0.4649999999999999,0.0099999999999999,True,,4.0,0.010958904109589,773.4072830881462,0.0084881235801923,True,,0.0766860938712819,,0.0,773.0683295346428,good,0.07832299473400181,0.07859714854163709,0.07887021415814835,ok,call
2026-09-04,2026-09-08,put,780.0,7.13,7.48,7.33,3134.0,44.0,773.17,100,7.305,0.3500000000000005,True,,4.0,0.010958904109589,773.4072830881462,0.0084881235801923,True,,0.0891547155846593,,6.589827587078503,779.6581571217213,good,0.06989502017322578,0.07859714854163709,0.08892202313226365,ok,call
2026-09-04,2026-09-08,call,781.0,0.33,0.34,0.34,5283.0,708.0,773.17,100,0.335,0.01,True,,4.0,0.010958904109589,773.4072830881462,0.0097693537362408,True,,0.0764981445320626,,0.0,773.0683295346428,good,0.0779282342779367,0.07825831041280425,0.07858629398592402,ok,call
2026-09-04,2026-09-08,put,781.0,7.86,8.56,8.09,1346.0,1.0,773.17,100,8.21,0.7000000000000002,True,,4.0,0.010958904109589,773.4072830881462,0.0097693537362408,True,,0.0927253595889419,,7.589389326978107,780.6577188616209,good,0.05133775606317115,0.07825831041280425,0.10113972222909672,ok,call
2026-09-04,2026-09-08,call,782.0,0.24,0.25,0.25,2873.0,707.0,773.17,100,0.245,0.01,True,,4.0,0.010958904109589,773.4072830881462,0.011048944441866,True,,0.0770008242163447,,0.0,773.0683295346428,good,0.07823738474585126,0.0786389537273772,0.07903665841560692,ok,call
2026-09-04,2026-09-08,put,782.0,8.81,9.52,8.82,1637.0,0.0,773.17,100,9.165,0.7099999999999991,True,,4.0,0.010958904109589,773.4072830881462,0.011048944441866,True,,0.0981900093703501,,8.588951066877712,781.6572806015205,good,0.03722515680563754,0.0786389537273772,0.10733069462924379,ok,call
2026-09-04,2026-09-08,call,783.0,0.17,0.18,0.17,5505.0,1188.0,773.17,100,0.175,0.0099999999999999,True,,4.0,0.010958904109589,773.4072830881462,0.012326899887358,True,,0.0773115646744265,,0.0,773.0683295346428,good,0.07833907925776948,0.07884053479556204,0.07933462636113754,ok,call
2026-09-04,2026-09-08,put,783.0,9.63,10.77,9.67,150.0,0.0,773.17,100,10.2,1.1399999999999988,True,,4.0,0.010958904109589,773.4072830881462,0.012326899887358,True,,0.1077973219663527,,9.58851280677743,782.6568423414202,good,,0.07884053479556204,0.12794547982046645,ok,call
2026-09-04,2026-09-08,call,784.0,0.12,0.13,0.13,2040.0,890.0,773.17,100,0.125,0.01,True,,4.0,0.010958904109589,773.4072830881462,0.0136032242469627,True,,0.0778489162014003,,0.0,773.0683295346428,good,0.07864992513988696,0.07928484248947983,0.07990579076740859,ok,call
2026-09-04,2026-09-08,put,784.0,10.61,11.8,11.2,271.0,0.0,773.17,100,11.205,1.1900000000000013,True,,4.0,0.010958904109589,773.4072830881462,0.0136032242469627,True,,0.1156454037651699,,10.588074546677037,783.6564040813198,good,,0.07928484248947983,0.1376807630203647,ok,call
2026-09-04,2026-09-08,call,785.0,0.08,0.09,0.09,1357.0,744.0,773.17,100,0.0849999999999999,0.0099999999999999,True,,4.0,0.010958904109589,773.4072830881462,0.0148779216789632,True,,0.0778598286368287,,0.0,773.0683295346428,good,0.07836793795847713,0.07920668773563116,0.08001666023599029,ok,call
2026-09-04,2026-09-08,put,785.0,11.99,12.76,12.2,1365.0,0.0,773.17,100,12.375,0.7699999999999996,True,,4.0,0.010958904109589,773.4072830881462,0.0148779216789632,True,,0.132775223191473,,11.58763628657664,784.6559658212194,good,0.09252849482598585,0.07920668773563116,0.14380236702073285,ok,call
2026-09-04,2026-09-08,call,786.0,0.06,0.07,0.07,531.0,293.0,773.17,100,0.065,0.01,True,,4.0,0.010958904109589,773.4072830881462,0.0161509963257615,True,,0.0796071290507659,,0.0,773.0683295346428,good,0.0798537097577519,0.08089630242404786,0.081890468098153,ok,call
2026-09-04,2026-09-08,put,786.0,12.57,13.77,12.31,18.0,0.0,773.17,100,13.17,1.1999999999999993,True,,4.0,0.010958904109589,773.4072830881462,0.0161509963257615,True,,0.1282104970166646,,12.587198026476358,785.6555275611191,good,,0.08089630242404786,0.1523021347212127,ok,call
2026-09-04,2026-09-08,call,787.0,0.05,0.06,0.06,1703.0,1545.0,773.17,100,0.055,0.0099999999999999,True,,4.0,0.010958904109589,773.4072830881462,0.0174224523139581,True,,0.0825968361379718,,0.0,773.0683295346428,good,0.0826310008194304,0.08384977007026198,0.08500024884698804,ok,call
2026-09-04,2026-09-08,put,787.0,13.56,14.78,13.54,164.0,0.0,773.17,100,14.17,1.2199999999999989,True,,4.0,0.010958904109589,773.4072830881462,0.0174224523139581,True,,0.1353542161977316,,13.586759766375962,786.6550893010187,good,,0.08384977007026198,0.1607139288591754,ok,call
2026-09-04,2026-09-08,call,788.0,0.04,0.05,0.05,753.0,465.0,773.17,100,0.045,0.01,True,,4.0,0.010958904109589,773.4072830881462,0.018692293754434,True,,0.0850478620382853,,0.0,773.0683295346428,good,0.08480253604648326,0.08626274465303323,0.08762102296050325,ok,call
2026-09-04,2026-09-08,put,788.0,14.56,15.84,14.46,319.0,0.0,773.17,100,15.2,1.2799999999999994,True,,4.0,0.010958904109589,773.4072830881462,0.018692293754434,True,,0.1444013465430979,,14.586321506275567,787.6546510409183,good,,0.08626274465303323,0.17175773877474715,ok,call
2026-09-04,2026-09-08,call,789.0,0.03,0.04,0.04,621.0,805.0,773.17,100,0.035,0.01,True,,4.0,0.010958904109589,773.4072830881462,0.019960524742429,True,,0.0867995770068649,,0.0,773.0683295346428,good,0.08615229623927312,0.08797291603432364,0.08962729289013409,ok,call
2026-09-04,2026-09-08,put,789.0,15.55,16.79,15.78,86.0,0.0,773.17,100,16.17,1.2399999999999984,True,,4.0,0.010958904109589,773.4072830881462,0.019960524742429,True,,0.149363822592942,,15.585883246175284,788.654212780818,good,,0.08797291603432364,0.17674851752584977,ok,call
2026-09-04,2026-09-08,call,790.0,0.02,0.03,0.03,1099.0,2136.0,773.17,100,0.025,0.0099999999999999,True,,4.0,0.010958904109589,773.4072830881462,0.0212271493576221,True,,0.0875447716628863,,0.0,773.0683295346428,good,0.08622933173981286,0.08867006564548914,0.09079453779523672,ok,call
2026-09-04,2026-09-08,put,790.0,16.5,17.85,16.09,451.0,0.0,773.17,100,17.175,1.3500000000000014,True,,4.0,0.010958904109589,773.4072830881462,0.0212271493576221,True,,0.1565994186891255,,16.58544498607489,789.6537745207177,good,,0.08867006564548914,0.1877578431494507,ok,call
2026-09-04,2026-09-08,call,791.0,0.02,0.03,0.03,298.0,571.0,773.17,100,0.025,0.0099999999999999,True,,4.0,0.010958904109589,773.4072830881462,0.0224921716642088,True,,0.0920737183137541,,0.0,773.0683295346428,good,0.09065475667707303,0.09319357607594515,0.09540219562839498,ok,call
2026-09-04,2026-09-08,put,791.0,17.54,18.8,17.75,140.0,0.0,773.17,100,18.17,1.2600000000000016,True,,4.0,0.010958904109589,773.4072830881462,0.0224921716642088,True,,0.1630502241611464,,17.585006725974495,790.6533362606173,good,,0.09319357607594515,0.19247800939343018,ok,call
2026-09-04,2026-09-08,call,792.0,0.02,0.03,0.03,297.0,691.0,773.17,100,0.025,0.0099999999999999,True,,4.0,0.010958904109589,773.4072830881462,0.0237555957109807,True,,0.0965709970552965,,0.0,773.0683295346428,good,0.09505037849473846,0.0976858336966671,0.09997733679156981,ok,call
2026-09-04,2026-09-08,put,792.0,18.54,19.81,18.26,886.0,0.0,773.17,100,19.175,1.2699999999999996,True,,4.0,0.010958904109589,773.4072830881462,0.0237555957109807,True,,0.1701595454459538,,18.584568465874213,791.652898000517,good,,0.0976858336966671,0.2005388839864819,ok,call
2026-09-04,2026-09-08,call,793.0,0.02,0.03,0.02,143.0,81.0,773.17,100,0.025,0.0099999999999999,True,,4.0,0.010958904109589,773.4072830881462,0.025017425531403,True,,0.1010383870155986,,0.0,773.0683295346428,good,0.09941783693326615,0.10214857823254618,0.10452177667871959,ok,call
2026-09-04,2026-09-08,call,794.0,0.01,0.02,0.02,165.0,144.0,773.17,100,0.015,0.01,True,,4.0,0.010958904109589,773.4072830881462,0.0262776651436907,True,,0.0993270737867419,,0.0,773.0683295346428,good,0.09605344995592936,0.10037842568261883,0.10375858757535279,ok,call
2026-09-04,2026-09-08,call,795.0,0.01,0.02,0.02,15.0,454.0,773.17,100,0.015,0.01,True,,4.0,0.010958904109589,773.4072830881462,0.0275363185508868,True,,0.1035331455852621,,0.0,773.0683295346428,good,0.10010868025920593,0.1045809182279948,0.10807393832682292,ok,call
2026-09-04,2026-09-08,call,796.0,0.01,0.02,0.01,42.0,343.0,773.17,100,0.015,0.01,True,,4.0,0.010958904109589,773.4072830881462,0.0287933897409379,True,,0.1077160876778117,,0.0,773.0683295346428,good,0.10414269762437636,0.10876051228723879,0.11236505621597631,ok,call
2026-09-04,2026-09-08,call,797.0,0.01,0.02,0.01,1.0,75.0,773.17,100,0.015,0.01,True,,4.0,0.010958904109589,773.4072830881462,0.03004888268677,True,,0.1118769160658585,,0.0,773.0683295346428,good,0.10815639925176317,0.11291819389300278,0.11663299764505032,ok,call
2026-09-04,2026-09-08,call,798.0,0.01,0.02,0.01,245.0,35.0,773.17,100,0.015,0.01,True,,4.0,0.010958904109589,773.4072830881462,0.0313028013463637,True,,0.1160165293650802,,0.0,773.0683295346428,good,0.11215060047382819,0.11705486154683667,0.12087872665729518,ok,call
2026-09-04,2026-09-08,put,798.0,24.53,25.86,29.28,2.0,0.0,773.17,100,25.195,1.3299999999999983,True,,4.0,0.010958904109589,773.4072830881462,0.0313028013463637,True,,0.2110597923593548,,24.581938905272068,797.6502684399148,good,,0.11705486154683667,0.24730615884932902,ok,call
2026-09-04,2026-09-08,call,799.0,0.01,0.02,0.01,19.0,263.0,773.17,100,0.015,0.01,True,,4.0,0.010958904109589,773.4072830881462,0.0325551496628296,True,,0.120135775079723,,0.0,773.0683295346428,good,0.11612604506448464,0.12117133018558447,0.12510312059077613,ok,call
2026-09-04,2026-09-08,put,799.0,25.48,26.81,26.17,1.0,0.0,773.17,100,26.145,1.3299999999999983,True,,4.0,0.010958904109589,773.4072830881462,0.0325551496628296,True,,0.2131232242194588,,25.58150064517168,798.6498301798144,good,,0.12117133018558447,0.2511113966714977,ok,call
2026-09-04,2026-09-08,call,800.0,0.01,0.02,0.01,15.0,500.0,773.17,100,0.015,0.01,True,,4.0,0.010958904109589,773.4072830881462,0.0338059315644821,True,,0.1242354153114325,,0.0,773.0683295346428,good,0.12008341404709626,0.12526835050008261,0.12930697888694867,ok,call
2026-09-04,2026-09-08,put,800.0,26.53,27.81,27.04,25.0,1.0,773.17,100,27.17,1.2799999999999976,True,,4.0,0.010958904109589,773.4072830881462,0.0338059315644821,True,,0.2216134791680012,,26.58106238507128,799.649391919714,good,,0.12526835050008261,0.2581197913182506,ok,call
2026-09-04,2026-09-08,call,801.0,0.01,0.02,0.01,0.0,14.0,773.17,100,0.015,0.01,True,,4.0,0.010958904109589,773.4072830881462,0.0350551509649142,True,,0.1283161503758165,,0.0,773.0683295346428,good,0.12402333564122599,0.12934660733404393,0.13349103959590686,ok,call
2026-09-04,2026-09-08,put,801.0,27.48,28.81,28.15,1.0,1.0,773.17,100,28.145,1.3299999999999983,True,,4.0,0.010958904109589,773.4072830881462,0.0350551509649142,True,,0.2256110592325546,,27.580624124971,800.6489536596138,good,,0.12934660733404393,0.26508169437710855,ok,call
2026-09-04,2026-09-08,call,802.0,0.01,0.02,0.01,11.0,20.0,773.17,100,0.015,0.01,True,,4.0,0.010958904109589,773.4072830881462,0.0363028117630694,True,,0.1323786257936274,,0.0,773.0683295346428,good,0.12794638756786758,0.13340673742293618,0.1376559801345107,ok,call
2026-09-04,2026-09-08,call,803.0,0.01,0.02,0.01,17.0,1.0,773.17,100,0.015,0.01,True,,4.0,0.010958904109589,773.4072830881462,0.0375489178433166,True,,0.1364234383069744,,0.0,773.0683295346428,good,0.13185310036871384,0.1374493262077292,0.14180242979030153,ok,call
2026-09-04,2026-09-08,put,803.0,29.53,30.81,29.88,1.0,1.0,773.17,100,30.17,1.2799999999999976,True,,4.0,0.010958904109589,773.4072830881462,0.0375489178433166,True,,0.2402779763973507,,29.579747604770205,802.648077139413,good,,0.1374493262077292,0.2788738445629387,ok,call
2026-09-04,2026-09-08,call,804.0,0.01,0.02,0.01,0.0,1.0,773.17,100,0.015,0.01,True,,4.0,0.010958904109589,773.4072830881462,0.0387934730755212,True,,0.1404511410988161,,0.0,773.0683295346428,good,0.13574397579036943,0.14147491742497667,0.14593097029329857,ok,call
2026-09-04,2026-09-08,call,805.0,0.01,0.02,0.02,5.0,50.0,773.17,100,0.015,0.01,True,,4.0,0.010958904109589,773.4072830881462,0.0400364813151184,True,,0.1444622483350017,,0.0,773.0683295346428,good,0.13961947309090902,0.145484019031303,0.15004214274162955,ok,call
2026-09-04,2026-09-08,call,806.0,0.01,0.02,0.01,1236.0,0.0,773.17,100,0.015,0.01,True,,4.0,0.010958904109589,773.4072830881462,0.0412779464031832,True,,0.1484572391216588,,0.0,773.0683295346428,good,0.14348002228120987,0.149477100635192,0.15413645146655203,ok,call
2026-09-04,2026-09-08,call,807.0,0.01,0.02,0.01,16.0,0.0,773.17,100,0.015,0.01,True,,4.0,0.010958904109589,773.4072830881462,0.0425178721665037,True,,0.1524365637523886,,0.0,773.0683295346428,good,0.14732602813408543,0.15345460345413872,0.15821436775707703,ok,call
2026-09-04,2026-09-08,put,807.0,33.53,34.81,37.28,2.0,0.0,773.17,100,34.17,1.2800000000000011,True,,4.0,0.010958904109589,773.4072830881462,0.0425178721665037,True,,0.2646382205441939,,33.57799456436885,806.6463240990116,good,,0.15345460345413872,0.3059783051021226,ok,call
2026-09-04,2026-09-08,call,808.0,0.01,0.02,0.01,1014.0,34.0,773.17,100,0.015,0.01,True,,4.0,0.010958904109589,773.4072830881462,0.0437562624176502,True,,0.1564006333057265,,0.0,773.0683295346428,good,0.1511578654514529,0.1574169404931957,0.16227633285976512,ok,call
2026-09-04,2026-09-08,call,809.0,0.01,0.02,0.01,341.0,1.0,773.17,100,0.015,0.01,True,,4.0,0.010958904109589,773.4072830881462,0.0449931209550467,True,,0.1603498475976552,,0.0,773.0683295346428,good,0.15497589023449254,0.16136449934391073,0.16632276306777927,ok,call
2026-09-04,2026-09-08,call,810.0,0.0,0.01,0.01,25.0,24.0,773.17,100,0.005,0.01,True,,4.0,0.010958904109589,773.4072830881462,0.0462284515630394,True,,0.1481032410405492,,0.0,773.0683295346428,good,,0.14902677835753317,0.15878043647322598,ok,call
2026-09-04,2026-09-08,put,810.0,36.48,37.86,36.23,25.0,0.0,773.17,100,37.17,1.3800000000000026,True,,4.0,0.010958904109589,773.4072830881462,0.0462284515630394,True,,0.2825582511292507,,36.57667978406778,809.6450093187105,good,,0.14902677835753317,0.3297338691498331,ok,call
2026-09-04,2026-09-08,call,815.0,0.0,0.01,0.01,0.0,344.0,773.17,100,0.005,0.01,True,,4.0,0.010958904109589,773.4072830881462,0.0523823171374176,True,,0.1659740974572759,,0.0,773.0683295346428,good,,0.16689205801265303,0.17761136224509663,ok,call
2026-09-04,2026-09-08,call,820.0,0.0,0.01,0.01,0.0,128.0,773.17,100,0.005,0.01,True,,4.0,0.010958904109589,773.4072830881462,0.0584985441548536,True,,0.1835763013243642,,0.0,773.0683295346428,good,,0.18448971682878001,0.19614589395320992,ok,call
2026-09-04,2026-09-08,call,825.0,0.0,0.01,0.01,0.0,50.0,773.17,100,0.005,0.01,True,,4.0,0.010958904109589,773.4072830881462,0.064577590231236,True,,0.2009328135929163,,0.0,773.0683295346428,good,,0.20184246916937598,0.2144101430298568,ok,call
2026-09-04,2026-09-08,call,830.0,0.0,0.01,0.02,0.0,1.0,773.17,100,0.005,0.01,True,,4.0,0.010958904109589,773.4072830881462,0.0706199046871985,True,,0.2180619976571056,,0.0,773.0683295346428,good,,0.2189685417826719,0.23242500326687687,ok,call
2026-09-04,2026-09-08,call,835.0,0.0,0.01,0.01,160.0,160.0,773.17,100,0.005,0.01,True,,4.0,0.010958904109589,773.4072830881462,0.0766259287474104,True,,0.2349789887981683,,0.0,773.0683295346428,good,,0.23588291360003907,0.25020761033488387,ok,call
2026-09-04,2026-09-08,call,840.0,0.0,0.01,0.01,1.0,21.0,773.17,100,0.005,0.01,True,,4.0,0.010958904109589,773.4072830881462,0.0825960957339141,True,,0.2516964385543107,,0.0,773.0683295346428,good,,0.25259815800397173,0.2677723010551493,ok,call
2026-09-04,2026-09-08,call,875.0,0.0,0.01,0.02,0.0,593.0,773.17,100,0.005,0.01,True,,4.0,0.010958904109589,773.4072830881462,0.1234180902541693,True,,0.3638850484027565,,0.0,773.0683295346428,good,,0.3647786247346816,0.38547406620549846,ok,call
2026-09-04,2026-09-08,call,880.0,0.0,0.01,0.01,0.0,1.0,773.17,100,0.005,0.01,True,,4.0,0.010958904109589,773.4072830881462,0.1291161113688071,True,,0.3793011906442344,,0.0,773.0683295346428,good,,0.38019428903511054,0.401628053489852,ok,call
2026-09-04,2026-09-09,call,670.0,102.51,103.87,101.98,0.0,1.0,773.17,100,103.19,1.3599999999999994,True,,5.0,0.0136986301369863,773.4666152376419,-0.1436047960472004,False,below_european_lower_bound,,market_price is below the no-arbitrage lower bound.,103.40993673167122,773.042914007354,good,,0.41281543917531066,0.633888577999244,ok,put
2026-09-04,2026-09-09,put,670.0,0.01,0.02,0.03,0.0,40.0,773.17,100,0.015,0.01,True,,5.0,0.0136986301369863,773.4666152376419,-0.1436047960472004,True,,0.4136755176874622,,0.0,669.6329772756828,good,0.3987628929018364,0.41281543917531066,0.4235985864932521,ok,put
2026-09-04,2026-09-09,call,675.0,97.52,98.88,91.69,0.0,3.0,773.17,100,98.2,1.3599999999999994,True,,5.0,0.0136986301369863,773.4666152376419,-0.1361698175596823,False,below_european_lower_bound,,market_price is below the no-arbitrage lower bound.,98.41267570722584,773.042914007354,good,,0.39310875533744943,0.608667809735806,ok,put
2026-09-04,2026-09-09,put,675.0,0.01,0.02,0.01,1.0,1.0,773.17,100,0.015,0.01,True,,5.0,0.0136986301369863,773.4666152376419,-0.1361698175596823,True,,0.3939698162839263,,0.0,674.6302383001282,good,0.37963749211039016,0.39310875533744943,0.4034507466379009,ok,put
2026-09-04,2026-09-09,call,680.0,92.57,93.82,86.53,0.0,3.0,773.17,100,93.195,1.25,True,,5.0,0.0136986301369863,773.4666152376419,-0.1287897102620597,False,below_european_lower_bound,,market_price is below the no-arbitrage lower bound.,93.41541468278048,773.042914007354,good,,0.37347908323744267,0.5706365248491492,ok,put
2026-09-04,2026-09-09,put,680.0,0.01,0.02,0.08,0.0,1.0,773.17,100,0.015,0.01,True,,5.0,0.0136986301369863,773.4666152376419,-0.1287897102620597,True,,0.3743413401328326,,0.0,679.6274993245736,good,0.3605898442207517,0.37347908323744267,0.38337923159085624,ok,put
2026-09-04,2026-09-09,call,685.0,87.57,88.83,87.05,0.0,1.0,773.17,100,88.19999999999999,1.2600000000000051,True,,5.0,0.0136986301369863,773.4666152376419,-0.1214636701699869,False,below_european_lower_bound,,market_price is below the no-arbitrage lower bound.,88.41815365833509,773.042914007354,good,,0.3539205542710266,0.5457023001651347,ok,put
2026-09-04,2026-09-09,put,685.0,0.01,0.02,0.05,0.0,3.0,773.17,100,0.015,0.01,True,,5.0,0.0136986301369863,773.4666152376419,-0.1214636701699869,True,,0.3547842032766863,,0.0,684.624760349019,good,0.34161444689175496,0.3539205542710266,0.36337788128289444,ok,put
2026-09-04,2026-09-09,call,690.0,82.58,83.83,82.04,0.0,2.0,773.17,100,83.205,1.25,True,,5.0,0.0136986301369863,773.4666152376419,-0.1141909108409071,False,below_european_lower_bound,,market_price is below the no-arbitrage lower bound.,83.42089263388971,773.042914007354,good,,0.33442684036262593,0.5188562496162942,ok,put
2026-09-04,2026-09-09,put,690.0,0.01,0.02,0.02,1.0,100.0,773.17,100,0.015,0.01,True,,5.0,0.0136986301369863,773.4666152376419,-0.1141909108409071,True,,0.3352921099761426,,0.0,689.6220213734643,good,0.3227053773875939,0.33442684036262593,0.3434400538595217,ok,put
2026-09-04,2026-09-09,call,695.0,77.58,78.83,77.07,0.0,3.0,773.17,100,78.205,1.25,True,,5.0,0.0136986301369863,773.4666152376419,-0.1069706628674199,False,below_european_lower_bound,,market_price is below the no-arbitrage lower bound.,78.42363160944433,773.042914007354,good,,0.3306300215325647,0.49195038174088607,ok,put
2026-09-04,2026-09-09,put,695.0,0.02,0.03,0.03,50.0,19.0,773.17,100,0.025,0.0099999999999999,True,,5.0,0.0136986301369863,773.4666152376419,-0.1069706628674199,True,,0.3315365338186696,,0.0,694.6192823979097,good,0.3235584964017039,0.3306300215325647,0.3367092771993499,ok,put
2026-09-04,2026-09-09,call,700.0,72.54,73.9,65.58,0.0,4.0,773.17,100,73.22,1.3599999999999994,True,,5.0,0.0136986301369863,773.4666152376419,-0.0998021733888075,False,below_european_lower_bound,,market_price is below the no-arbitrage lower bound.,73.42637058499884,773.042914007354,good,,0.3104306645984596,0.4754070135225863,ok,put
2026-09-04,2026-09-09,put,700.0,0.02,0.03,0.03,29.0,137.0,773.17,100,0.025,0.0099999999999999,True,,5.0,0.0136986301369863,773.4666152376419,-0.0998021733888075,True,,0.3113395971081742,,0.0,699.6165434223552,good,0.3037252222697578,0.3104306645984596,0.31619776353439244,ok,put
2026-09-04,2026-09-09,call,705.0,67.59,68.84,67.14,0.0,4.0,773.17,100,68.215,1.25,True,,5.0,0.0136986301369863,773.4666152376419,-0.0926847056199435,False,below_european_lower_bound,,market_price is below the no-arbitrage lower bound.,68.42910956055346,773.042914007354,good,,0.29026849926791537,0.43935210698102245,ok,put
2026-09-04,2026-09-09,put,705.0,0.02,0.03,0.03,7666.0,1067.0,773.17,100,0.025,0.0099999999999999,True,,5.0,0.0136986301369863,773.4666152376419,-0.0926847056199435,True,,0.2911802398371866,,0.0,704.6138044468006,good,0.2839313234472749,0.29026849926791537,0.2957214992354595,ok,put
2026-09-04,2026-09-09,call,710.0,62.55,63.91,62.17,0.0,74.0,773.17,100,63.23,1.3599999999999994,True,,5.0,0.0136986301369863,773.4666152376419,-0.085617538396851,False,below_european_lower_bound,,market_price is below the no-arbitrage lower bound.,63.43184853610808,773.042914007354,good,,0.2701330153940965,0.4214119143503395,ok,put
2026-09-04,2026-09-09,put,710.0,0.02,0.03,0.03,8016.0,95.0,773.17,100,0.025,0.0099999999999999,True,,5.0,0.0136986301369863,773.4666152376419,-0.085617538396851,True,,0.2710480205438501,,0.0,709.611065471246,good,0.2641667397216657,0.2701330153940965,0.27526957154680465,ok,put
2026-09-04,2026-09-09,call,715.0,57.61,58.86,50.27,0.0,20.0,773.17,100,58.235,1.25,True,,5.0,0.0136986301369863,773.4666152376419,-0.0785999657382045,False,below_european_lower_bound,,market_price is below the no-arbitrage lower bound.,58.4345875116627,773.042914007354,good,,0.25909003293573407,0.38724556965582185,ok,put
2026-09-04,2026-09-09,put,715.0,0.03,0.04,0.03,84.0,203.0,773.17,100,0.035,0.01,True,,5.0,0.0136986301369863,773.4666152376419,-0.0785999657382045,True,,0.2600383260358142,,0.0,714.6083264956914,good,0.25482945930161865,0.25909003293573407,0.26292883550959006,ok,put
2026-09-04,2026-09-09,call,718.0,54.56,55.92,56.07,4.0,2.0,773.17,100,55.24,1.3599999999999994,True,,5.0,0.0136986301369863,773.4666152376419,-0.074412939383988,False,below_european_lower_bound,,market_price is below the no-arbitrage lower bound.,55.43623089699543,773.042914007354,good,,0.24665620685513268,0.3778333450344728,ok,put
2026-09-04,2026-09-09,put,718.0,0.03,0.04,0.05,13.0,126.0,773.17,100,0.035,0.01,True,,5.0,0.0136986301369863,773.4666152376419,-0.074412939383988,True,,0.2476072820944476,,0.0,717.6066831103586,good,0.24256509157353845,0.24665620685513268,0.2503434082431131,ok,put
2026-09-04,2026-09-09,call,719.0,53.57,54.92,47.55,0.0,2.0,773.17,100,54.245000000000005,1.3500000000000014,True,,5.0,0.0136986301369863,773.4666152376419,-0.0730211507111655,False,below_european_lower_bound,,market_price is below the no-arbitrage lower bound.,54.43677869210637,773.042914007354,good,,0.24251051047924577,0.37219253600977115,ok,put
2026-09-04,2026-09-09,put,719.0,0.03,0.04,0.05,21.0,18.0,773.17,100,0.035,0.01,True,,5.0,0.0136986301369863,773.4666152376419,-0.0730211507111655,True,,0.2434625748722013,,0.0,718.6061353152477,good,0.2384761470994039,0.24251051047924577,0.2461469366404103,ok,put
2026-09-04,2026-09-09,call,720.0,52.57,53.93,45.43,0.0,35.0,773.17,100,53.25,1.3599999999999994,True,,5.0,0.0136986301369863,773.4666152376419,-0.0716312964221111,False,below_european_lower_bound,,market_price is below the no-arbitrage lower bound.,53.43732648721732,773.042914007354,good,,0.23836402940091508,0.3676808165167963,ok,put
2026-09-04,2026-09-09,put,720.0,0.03,0.04,0.04,10.0,624.0,773.17,100,0.035,0.01,True,,5.0,0.0136986301369863,773.4666152376419,-0.0716312964221111,True,,0.2393171134439886,,0.0,719.6055875201367,good,0.23438655203214118,0.23836402940091508,0.24194954984581643,ok,put
2026-09-04,2026-09-09,call,721.0,51.62,52.87,51.18,0.0,1.0,773.17,100,52.245,1.25,True,,5.0,0.0136986301369863,773.4666152376419,-0.0702433711472631,False,below_european_lower_bound,,market_price is below the no-arbitrage lower bound.,52.437874282328266,773.042914007354,good,,0.23421660544749626,0.35511509471777736,ok,put
2026-09-04,2026-09-09,put,721.0,0.03,0.04,0.03,2.0,19.0,773.17,100,0.035,0.01,True,,5.0,0.0136986301369863,773.4666152376419,-0.0702433711472631,True,,0.2351707461474123,,0.0,720.6050397250258,good,0.23029616427010433,0.23421660544749626,0.23775109084807886,ok,put
2026-09-04,2026-09-09,call,722.0,50.62,51.87,42.13,0.0,3.0,773.17,100,51.245,1.25,True,,5.0,0.0136986301369863,773.4666152376419,-0.068857369539386,False,below_european_lower_bound,,market_price is below the no-arbitrage lower bound.,51.4384220774391,773.042914007354,good,,0.23006808233516773,0.3495183156910838,ok,put
2026-09-04,2026-09-09,put,722.0,0.03,0.04,0.05,122.0,171.0,773.17,100,0.035,0.01,True,,5.0,0.0136986301369863,773.4666152376419,-0.068857369539386,True,,0.2310233144586706,,0.0,721.604491929915,good,0.22620482830264851,0.23006808233516773,0.23355139285473056,ok,put
2026-09-04,2026-09-09,call,723.0,49.62,50.87,49.95,4.0,17.0,773.17,100,50.245,1.25,True,,5.0,0.0136986301369863,773.4666152376419,-0.0674732862734474,False,below_european_lower_bound,,market_price is below the no-arbitrage lower bound.,50.43896987255005,773.042914007354,good,,0.2324878177443662,0.3439121899014555,ok,put
2026-09-04,2026-09-09,put,723.0,0.04,0.05,0.04,125.0,139.0,773.17,100,0.045,0.01,True,,5.0,0.0136986301369863,773.4666152376419,-0.0674732862734474,True,,0.2334682867215636,,0.0,722.603944134804,good,0.2293502851818002,0.2324878177443662,0.23538665972298978,ok,put
2026-09-04,2026-09-09,call,724.0,48.62,49.87,47.05,4.0,41.0,773.17,100,49.245,1.25,True,,5.0,0.0136986301369863,773.4666152376419,-0.0660911160464958,False,below_european_lower_bound,,market_price is below the no-arbitrage lower bound.,49.43951766766099,773.042914007354,good,,0.22823838811028566,0.3382963353863079,ok,put
2026-09-04,2026-09-09,put,724.0,0.04,0.05,0.06,7.0,34.0,773.17,100,0.045,0.01,True,,5.0,0.0136986301369863,773.4666152376419,-0.0660911160464958,True,,0.2292200945341875,,0.0,723.6033963396931,good,0.22514758772496246,0.22823838811028566,0.23109432795665275,ok,put
2026-09-04,2026-09-09,call,725.0,47.63,48.87,44.82,2.0,18.0,773.17,100,48.25,1.2399999999999949,True,,5.0,0.0136986301369863,773.4666152376419,-0.0647108535775374,False,below_european_lower_bound,,market_price is below the no-arbitrage lower bound.,48.44006546277194,773.042914007354,good,,0.22398704488470664,0.3326703526668636,ok,put
2026-09-04,2026-09-09,put,725.0,0.04,0.05,0.04,216.0,1640.0,773.17,100,0.045,0.01,True,,5.0,0.0136986301369863,773.4666152376419,-0.0647108535775374,True,,0.2249700277530742,,0.0,724.6028485445821,good,0.22094311530006697,0.22398704488470664,0.22679994425457226,ok,put
2026-09-04,2026-09-09,call,726.0,46.63,47.87,43.87,2.0,22.0,773.17,100,47.25,1.2399999999999949,True,,5.0,0.0136986301369863,773.4666152376419,-0.063332493607416,False,below_european_lower_bound,,market_price is below the no-arbitrage lower bound.,47.44061325788289,773.042914007354,good,,0.21973358089248374,0.32703382353384053,ok,put
2026-09-04,2026-09-09,put,726.0,0.04,0.05,0.04,121.0,97.0,773.17,100,0.045,0.01,True,,5.0,0.0136986301369863,773.4666152376419,-0.063332493607416,True,,0.2207178898317714,,0.0,725.6023007494712,good,0.21673667289870702,0.21973358089248374,0.22250330349786474,ok,put
2026-09-04,2026-09-09,call,727.0,45.63,46.87,42.76,2.0,39.0,773.17,100,46.25,1.2399999999999949,True,,5.0,0.0136986301369863,773.4666152376419,-0.0619560308986928,False,below_european_lower_bound,,market_price is below the no-arbitrage lower bound.,46.44116105299372,773.042914007354,good,,0.21547778938255802,0.32138630972194343,ok,put
2026-09-04,2026-09-09,put,727.0,0.04,0.05,0.05,5.0,109.0,773.17,100,0.045,0.01,True,,5.0,0.0136986301369863,773.4666152376419,-0.0619560308986928,True,,0.2164634680057402,,0.0,726.6017529543603,good,0.2125280572266104,0.21547778938255802,0.21820419177640174,ok,put
2026-09-04,2026-09-09,call,728.0,44.59,45.94,37.82,0.0,17.0,773.17,100,45.265,1.3499999999999943,True,,5.0,0.0136986301369863,773.4666152376419,-0.0605814602355262,False,below_european_lower_bound,,market_price is below the no-arbitrage lower bound.,45.44170884810467,773.042914007354,good,,0.21121945162599728,0.32305254828510666,ok,put
2026-09-04,2026-09-09,put,728.0,0.04,0.05,0.05,92.0,453.0,773.17,100,0.045,0.01,True,,5.0,0.0136986301369863,773.4666152376419,-0.0605814602355262,True,,0.2122065516804919,,0.0,727.6012051592494,good,0.20831705565589365,0.21121945162599728,0.2139023849917797,ok,put
2026-09-04,2026-09-09,call,729.0,43.59,44.94,36.87,0.0,6.0,773.17,100,44.265,1.3499999999999943,True,,5.0,0.0136986301369863,773.4666152376419,-0.059208776423554,False,below_european_lower_bound,,market_price is below the no-arbitrage lower bound.,44.442256643215615,773.042914007354,good,,0.2069583404690993,0.31728316745289414,ok,put
2026-09-04,2026-09-09,put,729.0,0.04,0.05,0.05,6.0,68.0,773.17,100,0.045,0.01,True,,5.0,0.0136986301369863,773.4666152376419,-0.059208776423554,True,,0.2079469159007137,,0.0,728.6006573641384,good,0.204103445541838,0.2069583404690993,0.2095976477868732,ok,put
2026-09-04,2026-09-09,call,730.0,42.94,43.76,44.12,36.0,130.0,773.17,100,43.35,0.8200000000000003,True,,5.0,0.0136986301369863,773.4666152376419,-0.0578379742897753,False,below_european_lower_bound,,market_price is below the no-arbitrage lower bound.,43.44280443832656,773.042914007354,good,,0.20770965319771617,0.2921927831530864,ok,put
2026-09-04,2026-09-09,put,730.0,0.05,0.06,0.07,13.0,185.0,773.17,100,0.055,0.0099999999999999,True,,5.0,0.0136986301369863,773.4666152376419,-0.0578379742897753,True,,0.2087205949095741,,0.0,729.6001095690275,good,0.20528973316241161,0.20770965319771617,0.20998122598891142,ok,put
2026-09-04,2026-09-09,call,731.0,41.59,42.94,35.28,0.0,4.0,773.17,100,42.265,1.3499999999999943,True,,5.0,0.0136986301369863,773.4666152376419,-0.0564690486824337,False,below_european_lower_bound,,market_price is below the no-arbitrage lower bound.,42.4433522334374,773.042914007354,good,,0.2033575727731389,0.3057057847351245,ok,put
2026-09-04,2026-09-09,put,731.0,0.05,0.06,0.05,13.0,489.0,773.17,100,0.055,0.0099999999999999,True,,5.0,0.0136986301369863,773.4666152376419,-0.0564690486824337,True,,0.204370178208009,,0.0,730.5995617739167,good,0.20097838211645191,0.2033575727731389,0.20559113358709266,ok,put
2026-09-04,2026-09-09,call,732.0,40.65,41.88,33.95,0.0,7.0,773.17,100,41.265,1.230000000000004,True,,5.0,0.0136986301369863,773.4666152376419,-0.0551019944709006,False,below_european_lower_bound,,market_price is below the no-arbitrage lower bound.,41.44390002854834,773.042914007354,good,,0.19900161929684584,0.29398226962699475,ok,put
2026-09-04,2026-09-09,put,732.0,0.05,0.06,0.06,320.0,986.0,773.17,100,0.055,0.0099999999999999,True,,5.0,0.0136986301369863,773.4666152376419,-0.0551019944709006,True,,0.2000159564362426,,0.0,731.5990139788057,good,0.1966633227019821,0.19900161929684584,0.20119701244814672,ok,put
2026-09-04,2026-09-09,call,733.0,39.65,40.89,36.88,3.0,19.0,773.17,100,40.27,1.240000000000002,True,,5.0,0.0136986301369863,773.4666152376419,-0.0537368065455607,False,below_european_lower_bound,,market_price is below the no-arbitrage lower bound.,40.44444782365929,773.042914007354,good,,0.1946414995220125,0.2892354354876985,ok,put
2026-09-04,2026-09-09,put,733.0,0.05,0.06,0.08,260.0,128.0,773.17,100,0.055,0.0099999999999999,True,,5.0,0.0136986301369863,773.4666152376419,-0.0537368065455607,True,,0.1956576293820238,,0.0,732.5984661836948,good,0.19234426870869378,0.1946414995220125,0.1967985627435156,ok,put
2026-09-04,2026-09-09,call,734.0,38.6,39.95,32.0,0.0,7.0,773.17,100,39.275000000000006,1.3500000000000014,True,,5.0,0.0136986301369863,773.4666152376419,-0.0523734798176966,False,below_european_lower_bound,,market_price is below the no-arbitrage lower bound.,39.44499561877024,773.042914007354,good,,0.19027690616410087,0.28916542085557767,ok,put
2026-09-04,2026-09-09,put,734.0,0.05,0.06,0.07,9.0,551.0,773.17,100,0.055,0.0099999999999999,True,,5.0,0.0136986301369863,773.4666152376419,-0.0523734798176966,True,,0.1912949042753306,,0.0,733.5979183885838,good,0.18802092044004215,0.19027690616410087,0.19239546994743603,ok,put
2026-09-04,2026-09-09,call,735.0,37.96,38.77,30.29,0.0,115.0,773.17,100,38.365,0.8100000000000023,True,,5.0,0.0136986301369863,773.4666152376419,-0.0510120092193754,False,below_european_lower_bound,,market_price is below the no-arbitrage lower bound.,38.44554341388107,773.042914007354,good,,0.1899517706751814,0.2655291400377104,ok,put
2026-09-04,2026-09-09,put,735.0,0.06,0.07,0.06,28.0,1209.0,773.17,100,0.065,0.01,True,,5.0,0.0136986301369863,773.4666152376419,-0.0510120092193754,True,,0.1909902827768812,,0.0,734.597370593473,good,0.18798739558860872,0.1899517706751814,0.19181581132626893,ok,put
2026-09-04,2026-09-09,call,736.0,36.66,37.89,30.14,0.0,68.0,773.17,100,37.275,1.230000000000004,True,,5.0,0.0136986301369863,773.4666152376419,-0.0496523897033359,False,below_european_lower_bound,,market_price is below the no-arbitrage lower bound.,37.446091208992016,773.042914007354,good,,0.18550187260200088,0.2718838375061992,ok,put
2026-09-04,2026-09-09,put,736.0,0.06,0.07,0.06,61.0,291.0,773.17,100,0.065,0.01,True,,5.0,0.0136986301369863,773.4666152376419,-0.0496523897033359,True,,0.1865424921052856,,0.0,735.596822798362,good,0.18357399086551118,0.18550187260200088,0.18733147031397998,ok,put
2026-09-04,2026-09-09,call,737.0,35.66,36.9,34.97,4.0,30.0,773.17,100,36.28,1.240000000000002,True,,5.0,0.0136986301369863,773.4666152376419,-0.0482946162428756,False,below_european_lower_bound,,market_price is below the no-arbitrage lower bound.,36.44663900410296,773.042914007354,good,,0.1810460861812261,0.26699238258103436,ok,put
2026-09-04,2026-09-09,put,737.0,0.06,0.07,0.06,9.0,730.0,773.17,100,0.065,0.01,True,,5.0,0.0136986301369863,773.4666152376419,-0.0482946162428756,True,,0.1820889044034804,,0.0,736.5962750032511,good,0.17915488071715058,0.1810460861812261,0.1828410665911595,ok,put
2026-09-04,2026-09-09,call,738.0,34.62,35.96,27.94,0.0,7.0,773.17,100,35.29,1.3400000000000034,True,,5.0,0.0136986301369863,773.4666152376419,-0.0469386838317396,False,below_european_lower_bound,,market_price is below the no-arbitrage lower bound.,35.44718679921391,773.042914007354,good,,0.1765840059915398,0.26645992739746394,ok,put
2026-09-04,2026-09-09,put,738.0,0.06,0.07,0.07,109.0,294.0,773.17,100,0.065,0.01,True,,5.0,0.0136986301369863,773.4666152376419,-0.0469386838317396,True,,0.1776291183062743,,0.0,737.5957272081401,good,0.17472966811773719,0.1765840059915398,0.17834418671215435,ok,put
2026-09-04,2026-09-09,call,739.0,33.63,34.96,27.29,0.0,9.0,773.17,100,34.295,1.3299999999999983,True,,5.0,0.0136986301369863,773.4666152376419,-0.0455845874840104,False,below_european_lower_bound,,market_price is below the no-arbitrage lower bound.,34.44773459432486,773.042914007354,good,,0.17548472844445628,0.26050696443478993,ok,put
2026-09-04,2026-09-09,put,739.0,0.07,0.08,0.07,219.0,1125.0,773.17,100,0.075,0.0099999999999999,True,,5.0,0.0136986301369863,773.4666152376419,-0.0455845874840104,True,,0.1765491414921267,,0.0,738.5951794130292,good,0.1738403915995213,0.17548472844445628,0.17705741730545763,ok,put
2026-09-04,2026-09-09,call,740.0,32.68,33.9,33.18,11.0,48.0,773.17,100,33.29,1.2199999999999989,True,,5.0,0.0136986301369863,773.4666152376419,-0.0442323222339967,False,below_european_lower_bound,,market_price is below the no-arbitrage lower bound.,33.44828238943569,773.042914007354,good,,0.1709401875343485,0.24938743281722056,ok,put
2026-09-04,2026-09-09,put,740.0,0.07,0.08,0.08,453.0,609.0,773.17,100,0.075,0.0099999999999999,True,,5.0,0.0136986301369863,773.4666152376419,-0.0442323222339967,True,,0.1720071964248438,,0.0,739.5946316179184,good,0.16932921287989985,0.1709401875343485,0.17248113052764077,ok,put
2026-09-04,2026-09-09,call,741.0,31.69,32.91,32.08,6.0,15.0,773.17,100,32.3,1.2199999999999953,True,,5.0,0.0136986301369863,773.4666152376419,-0.0428818831361252,False,below_european_lower_bound,,market_price is below the no-arbitrage lower bound.,32.44883018454664,773.042914007354,good,,0.16934446384679253,0.24433871216845102,ok,put
2026-09-04,2026-09-09,put,741.0,0.08,0.09,0.09,157.0,679.0,773.17,100,0.0849999999999999,0.0099999999999999,True,,5.0,0.0136986301369863,773.4666152376419,-0.0428818831361252,True,,0.170429700245418,,0.0,740.5940838228074,good,0.16789656769617844,0.16934446384679253,0.17073738706978056,ok,put
2026-09-04,2026-09-09,call,742.0,30.69,31.91,30.95,32.0,5.0,773.17,100,31.3,1.2199999999999989,True,,5.0,0.0136986301369863,773.4666152376419,-0.0415332652648317,False,below_european_lower_bound,,market_price is below the no-arbitrage lower bound.,31.449377979657584,773.042914007354,good,,0.1647203859502759,0.23839402719701824,ok,put
2026-09-04,2026-09-09,put,742.0,0.08,0.09,0.09,902.0,665.0,773.17,100,0.0849999999999999,0.0099999999999999,True,,5.0,0.0136986301369863,773.4666152376419,-0.0415332652648317,True,,0.1658085624414776,,0.0,741.5935360276965,good,0.16330317449419102,0.1647203859502759,0.16608393368062704,ok,put
2026-09-04,2026-09-09,call,743.0,29.7,30.92,31.14,1026.0,13.0,773.17,100,30.31,1.2200000000000024,True,,5.0,0.0136986301369863,773.4666152376419,-0.040186463714453,False,below_european_lower_bound,,market_price is below the no-arbitrage lower bound.,30.44992577476853,773.042914007354,good,,0.16270723942713333,0.23325005015961947,ok,put
2026-09-04,2026-09-09,put,743.0,0.09,0.1,0.09,416.0,124.0,773.17,100,0.095,0.01,True,,5.0,0.0136986301369863,773.4666152376419,-0.040186463714453,True,,0.1638129204990702,,0.0,742.5929882325855,good,0.1614206528193045,0.16270723942713333,0.1639506928008699,ok,put
2026-09-04,2026-09-09,call,744.0,28.71,29.92,22.14,0.0,27.0,773.17,100,29.315,1.2100000000000009,True,,5.0,0.0136986301369863,773.4666152376419,-0.0388414735991202,False,below_european_lower_bound,,market_price is below the no-arbitrage lower bound.,29.450473569879364,773.042914007354,good,,0.15800488496657858,0.22724361898645132,ok,put
2026-09-04,2026-09-09,put,744.0,0.09,0.1,0.1,142.0,808.0,773.17,100,0.095,0.01,True,,5.0,0.0136986301369863,773.4666152376419,-0.0388414735991202,True,,0.1591138968625566,,0.0,743.5924404374747,good,0.15674688718391896,0.15800488496657858,0.159220837643772,ok,put
2026-09-04,2026-09-09,call,745.0,27.72,28.93,29.33,3.0,81.0,773.17,100,28.325,1.2100000000000009,True,,5.0,0.0136986301369863,773.4666152376419,-0.0374982900526526,False,below_european_lower_bound,,market_price is below the no-arbitrage lower bound.,28.45102136499031,773.042914007354,good,,0.15563015065958793,0.22199977675752977,ok,put
2026-09-04,2026-09-09,put,745.0,0.1,0.11,0.1,967.0,1198.0,773.17,100,0.105,0.0099999999999999,True,,5.0,0.0136986301369863,773.4666152376419,-0.0374982900526526,True,,0.1567562265409658,,0.0,744.5918926423637,good,0.15447937174910242,0.15563015065958793,0.156746515274961,ok,put
2026-09-04,2026-09-09,call,746.0,26.73,27.93,27.28,530.0,76.0,773.17,100,27.33,1.1999999999999993,True,,5.0,0.0136986301369863,773.4666152376419,-0.0361569082284513,False,below_european_lower_bound,,market_price is below the no-arbitrage lower bound.,27.451569160101258,773.042914007354,good,,0.15299918766694037,0.2159260945825391,ok,put
2026-09-04,2026-09-09,put,746.0,0.11,0.12,0.12,219.0,479.0,773.17,100,0.1149999999999999,0.0099999999999999,True,,5.0,0.0136986301369863,773.4666152376419,-0.0361569082284513,True,,0.1541418135154034,,0.0,745.5913448472528,good,0.15193972719830684,0.15299918766694037,0.1540300348102436,ok,put
2026-09-04,2026-09-09,call,747.0,25.74,26.94,27.45,48.0,25.0,773.17,100,26.34,1.2000000000000028,True,,5.0,0.0136986301369863,773.4666152376419,-0.0348173232993948,False,below_european_lower_bound,,market_price is below the no-arbitrage lower bound.,26.452116955212205,773.042914007354,good,,0.15014004335731354,0.210576810654252,ok,put
2026-09-04,2026-09-09,put,747.0,0.12,0.13,0.12,644.0,527.0,773.17,100,0.125,0.01,True,,5.0,0.0136986301369863,773.4666152376419,-0.0348173232993948,True,,0.1512988614376483,,0.0,746.5907970521419,good,0.14915961724917057,0.15014004335731354,0.15109638160250566,ok,put
2026-09-04,2026-09-09,call,748.0,24.75,25.95,25.5,1.0,50.0,773.17,100,25.35,1.1999999999999993,True,,5.0,0.0136986301369863,773.4666152376419,-0.0334795304577349,False,below_european_lower_bound,,market_price is below the no-arbitrage lower bound.,25.45266475032315,773.042914007354,good,,0.1470745668675311,0.2051624062591163,ok,put
2026-09-04,2026-09-09,put,748.0,0.13,0.14,0.13,105.0,780.0,773.17,100,0.135,0.01,True,,5.0,0.0136986301369863,773.4666152376419,-0.0334795304577349,True,,0.1482493438527456,,0.0,747.5902492570309,good,0.1461634659715528,0.1470745668675311,0.14796518221499588,ok,put
2026-09-04,2026-09-09,call,749.0,23.77,24.96,25.28,213.0,91.0,773.17,100,24.365,1.1900000000000013,True,,5.0,0.0136986301369863,773.4666152376419,-0.0321435249149927,False,below_european_lower_bound,,market_price is below the no-arbitrage lower bound.,24.453212545433985,773.042914007354,good,,0.14382000880076173,0.19968125286347038,ok,put
2026-09-04,2026-09-09,put,749.0,0.14,0.15,0.15,189.0,595.0,773.17,100,0.145,0.0099999999999999,True,,5.0,0.0136986301369863,773.4666152376419,-0.0321435249149927,True,,0.1450106142459891,,0.0,748.5897014619201,good,0.14297040171507658,0.14382000880076173,0.14465203299373489,ok,put
2026-09-04,2026-09-09,call,750.0,23.07,23.85,22.9,764.0,392.0,773.17,100,23.46,0.7800000000000011,True,,5.0,0.0136986301369863,773.4666152376419,-0.030809301901856,True,,0.0938192666485353,,23.45376034054493,773.042914007354,good,,0.1403900791710442,0.18547623051439807,ok,put
2026-09-04,2026-09-09,put,750.0,0.15,0.16,0.15,1078.0,1220.0,773.17,100,0.155,0.01,True,,5.0,0.0136986301369863,773.4666152376419,-0.030809301901856,True,,0.1415964971270399,,0.0,749.5891536668091,good,0.13959558138085534,0.1403900791710442,0.1411693840503655,ok,put
2026-09-04,2026-09-09,call,751.0,22.09,22.62,22.3,820.0,243.0,773.17,100,22.355,0.5300000000000011,True,,5.0,0.0136986301369863,773.4666152376419,-0.0294768566680774,False,below_european_lower_bound,,market_price is below the no-arbitrage lower bound.,22.45430813565588,773.042914007354,good,,0.13824614880803016,0.16041169386478832,ok,put
2026-09-04,2026-09-09,put,751.0,0.17,0.18,0.17,2955.0,723.0,773.17,100,0.175,0.0099999999999999,True,,5.0,0.0136986301369863,773.4666152376419,-0.0294768566680774,True,,0.1394782734189274,,0.0,750.5886058716982,good,0.13752722847097967,0.13824614880803016,0.1389531208635767,ok,put
2026-09-04,2026-09-09,call,752.0,20.83,22.01,21.98,30.0,146.0,773.17,100,21.42,1.1800000000000033,True,,5.0,0.0136986301369863,773.4666152376419,-0.0281461844823724,False,below_european_lower_bound,,market_price is below the no-arbitrage lower bound.,21.454855930766826,773.042914007354,good,,0.1357327569780789,0.18411782395793025,ok,put
2026-09-04,2026-09-09,put,752.0,0.19,0.2,0.19,243.0,514.0,773.17,100,0.195,0.01,True,,5.0,0.0136986301369863,773.4666152376419,-0.0281461844823724,True,,0.1369898474485527,,0.0,751.5880580765872,good,0.13507653418855342,0.1357327569780789,0.1363793795260725,ok,put
2026-09-04,2026-09-09,call,753.0,20.11,20.9,21.45,57.0,151.0,773.17,100,20.505,0.7899999999999991,True,,5.0,0.0136986301369863,773.4666152376419,-0.0268172806323185,True,,0.1054239400103351,,20.45540372587766,773.042914007354,good,,0.1328949880760118,0.17049016210296358,ok,put
2026-09-04,2026-09-09,put,753.0,0.21,0.22,0.21,458.0,517.0,773.17,100,0.215,0.01,True,,5.0,0.0136986301369863,773.4666152376419,-0.0268172806323185,True,,0.1341766089020834,,0.0,752.5875102814764,good,0.13229193474159126,0.1328949880760118,0.13349019594670233,ok,put
2026-09-04,2026-09-09,call,754.0,19.16,19.92,20.42,461.0,356.0,773.17,100,19.54,0.7600000000000016,True,,5.0,0.0136986301369863,773.4666152376419,-0.0254901404242561,True,,0.109193886195468,,19.45595152098861,773.042914007354,good,,0.12976618468038048,0.1654916586688908,ok,put
2026-09-04,2026-09-09,put,754.0,0.23,0.24,0.24,754.0,271.0,773.17,100,0.235,0.0099999999999999,True,,5.0,0.0136986301369863,773.4666152376419,-0.0254901404242561,True,,0.1310721618834091,,0.0,753.5869624863655,good,0.12920903789898008,0.12976618468038048,0.1303168327564105,ok,put
2026-09-04,2026-09-09,call,755.0,18.17,18.94,19.55,385.0,186.0,773.17,100,18.555,0.7699999999999996,True,,5.0,0.0136986301369863,773.4666152376419,-0.0241647591831875,True,,0.1071118379334157,,18.45649931609956,773.042914007354,good,,0.12738903067505616,0.1603635271527669,ok,put
2026-09-04,2026-09-09,put,755.0,0.26,0.27,0.27,959.0,1669.0,773.17,100,0.265,0.01,True,,5.0,0.0136986301369863,773.4666152376419,-0.0241647591831875,True,,0.1287271328223813,,0.0,754.5864146912545,good,0.1268828263982886,0.12738903067505616,0.12789013703289298,ok,put
2026-09-04,2026-09-09,call,756.0,17.2,17.96,17.58,332.0,165.0,773.17,100,17.58,0.7600000000000016,True,,5.0,0.0136986301369863,773.4666152376419,-0.0228411322526791,True,,0.1061487265661016,,17.4570471112105,773.042914007354,good,,0.1255245630619203,0.15510357195154198,ok,put
2026-09-04,2026-09-09,put,756.0,0.3,0.31,0.3,683.0,440.0,773.17,100,0.305,0.01,True,,5.0,0.0136986301369863,773.4666152376419,-0.0228411322526791,True,,0.1269014525294907,,0.0,755.5858668961436,good,0.12506900268840399,0.1255245630619203,0.12597626723053,ok,put
2026-09-04,2026-09-09,call,757.0,16.26,16.98,17.15,727.0,102.0,773.17,100,16.62,0.7199999999999989,True,,5.0,0.0136986301369863,773.4666152376419,-0.0215192549947634,True,,0.1063727846605578,,16.457594906321333,773.042914007354,good,0.07463408374431738,0.12314695517801488,0.14970879367014636,ok,put
2026-09-04,2026-09-09,put,757.0,0.34,0.35,0.34,1173.0,920.0,773.17,100,0.345,0.0099999999999999,True,,5.0,0.0136986301369863,773.4666152376419,-0.0215192549947634,True,,0.1245617953609792,,0.0,756.5853191010327,good,0.12273251734261746,0.12314695517801488,0.12355839438115884,ok,put
2026-09-04,2026-09-09,call,758.0,15.39,16.0,15.63,223.0,62.0,773.17,100,15.695,0.6099999999999994,True,,5.0,0.0136986301369863,773.4666152376419,-0.0201991227898405,True,,0.1090853403359468,,15.45814270143228,773.042914007354,good,0.09797691590527634,0.12032113811614602,0.14417528658210882,ok,put
2026-09-04,2026-09-09,put,758.0,0.38,0.39,0.38,1006.0,1071.0,773.17,100,0.385,0.01,True,,5.0,0.0136986301369863,773.4666152376419,-0.0201991227898405,True,,0.1217737022571179,,0.0,757.5847713059218,good,0.11994104083670491,0.12032113811614602,0.12069885502530765,ok,put
2026-09-04,2026-09-09,call,759.0,14.37,15.04,15.06,746.0,189.0,773.17,100,14.704999999999998,0.6699999999999999,True,,5.0,0.0136986301369863,773.4666152376419,-0.0188807310365822,True,,0.1043187662914756,,14.458690496543229,773.042914007354,good,0.09028329957246943,0.1184767370698965,0.13956951929441005,ok,put
2026-09-04,2026-09-09,put,759.0,0.44,0.45,0.46,1809.0,861.0,773.17,100,0.445,0.01,True,,5.0,0.0136986301369863,773.4666152376419,-0.0188807310365822,True,,0.1199789797860769,,0.0,758.5842235108108,good,0.1181334205282316,0.1184767370698965,0.1188182782979845,ok,put
2026-09-04,2026-09-09,call,760.0,13.41,14.08,14.25,1368.0,961.0,773.17,100,13.745,0.6699999999999999,True,,5.0,0.0136986301369863,773.4666152376419,-0.0175640751518354,True,,0.1019668397322862,,13.459238291654174,773.042914007354,good,0.08978043791728123,0.11604077487058809,0.13472179277851487,ok,put
2026-09-04,2026-09-09,put,760.0,0.5,0.51,0.51,3150.0,3202.0,773.17,100,0.505,0.01,True,,5.0,0.0136986301369863,773.4666152376419,-0.0175640751518354,True,,0.1175923128764526,,0.0,759.5836757156999,good,0.11572728783552955,0.11604077487058809,0.11635290082786491,ok,put
2026-09-04,2026-09-09,call,761.0,12.51,13.13,13.13,1085.0,341.0,773.17,100,12.82,0.620000000000001,True,,5.0,0.0136986301369863,773.4666152376419,-0.0162491505705263,True,,0.1016283102249009,,12.45978608676512,773.042914007354,good,0.09340938531619167,0.11365577839465411,0.13011372085444625,ok,put
2026-09-04,2026-09-09,put,761.0,0.57,0.58,0.57,382.0,805.0,773.17,100,0.575,0.01,True,,5.0,0.0136986301369863,773.4666152376419,-0.0162491505705263,True,,0.1152621834161237,,0.0,760.5831279205889,good,0.11336931276959723,0.11365577839465411,0.11394121098061702,ok,put
2026-09-04,2026-09-09,call,762.0,11.6,12.19,12.41,348.0,735.0,773.17,100,11.895,0.5899999999999999,True,,5.0,0.0136986301369863,773.4666152376419,-0.0149359527455658,True,,0.1002900460808266,,11.460333881875954,773.042914007354,good,0.09401047759269056,0.11175442422736148,0.12566923129059318,ok,put
2026-09-04,2026-09-09,put,762.0,0.66,0.67,0.66,1092.0,938.0,773.17,100,0.665,0.01,True,,5.0,0.0136986301369863,773.4666152376419,-0.0149359527455658,True,,0.1134260045620064,,0.0,761.5825801254781,good,0.11149357743729996,0.11175442422736148,0.11201451183234389,ok,put
2026-09-04,2026-09-09,call,763.0,10.78,11.14,11.45,1824.0,1934.0,773.17,100,10.96,0.3600000000000012,True,,5.0,0.0136986301369863,773.4666152376419,-0.0136244771477551,True,,0.0975803771605121,,10.4608816769869,773.042914007354,good,0.09836503362361378,0.10965506350464091,0.11602061373567264,ok,put
2026-09-04,2026-09-09,put,763.0,0.76,0.77,0.76,519.0,700.0,773.17,100,0.765,0.01,True,,5.0,0.0136986301369863,773.4666152376419,-0.0136244771477551,True,,0.1113971087451199,,0.0,762.5820323303672,good,0.10941619359887594,0.10965506350464091,0.10989337460457316,ok,put
2026-09-04,2026-09-09,call,764.0,9.9,10.25,10.58,1488.0,789.0,773.17,100,10.075,0.3499999999999996,True,,5.0,0.0136986301369863,773.4666152376419,-0.0123147192656917,True,,0.0968356733524416,,9.461429472097848,773.042914007354,good,0.09758019899594489,0.1075332058207907,0.11325171174459334,ok,put
2026-09-04,2026-09-09,put,764.0,0.87,0.89,0.89,1882.0,392.0,773.17,100,0.88,0.02,True,,5.0,0.0136986301369863,773.4666152376419,-0.0123147192656917,True,,0.1093537127922818,,0.0,763.5814845352562,good,0.10709360534627237,0.1075332058207907,0.10797117704230966,ok,put
2026-09-04,2026-09-09,call,765.0,9.05,9.38,9.39,4406.0,1847.0,773.17,100,9.215,0.33,True,,5.0,0.0136986301369863,773.4666152376419,-0.0110066746056763,True,,0.0962216832058506,,8.461977267208795,773.042914007354,good,0.09711102664153724,0.10550288657075917,0.11064813810563238,ok,put
2026-09-04,2026-09-09,put,765.0,1.01,1.02,1.01,1512.0,831.0,773.17,100,1.015,0.01,True,,5.0,0.0136986301369863,773.4666152376419,-0.0110066746056763,True,,0.1074123481758397,,0.0,764.5809367401453,good,0.10530029020788613,0.10550288657075917,0.10570519135954728,ok,put
2026-09-04,2026-09-09,call,766.0,8.23,8.53,8.33,2654.0,1348.0,773.17,100,8.379999999999999,0.2999999999999989,True,,5.0,0.0136986301369863,773.4666152376419,-0.0097003386916208,True,,0.0955736959514001,,7.462525062319628,773.042914007354,good,0.09674616332358223,0.10344684594013194,0.10809145039023492,ok,put
2026-09-04,2026-09-09,put,766.0,1.16,1.18,1.17,783.0,329.0,773.17,100,1.17,0.02,True,,5.0,0.0136986301369863,773.4666152376419,-0.0097003386916208,True,,0.1054564325292885,,0.0,765.5803889450344,good,0.10307082757772505,0.10344684594013194,0.10382204375728647,ok,put
2026-09-04,2026-09-09,call,767.0,7.42,7.71,7.62,2165.0,1247.0,773.17,100,7.564999999999999,0.29,True,,5.0,0.0136986301369863,773.4666152376419,-0.008395707064956,True,,0.0945946205239843,,6.463072857430575,773.042914007354,good,0.09562457825307417,0.10144442590597388,0.10582450777515369,ok,put
2026-09-04,2026-09-09,put,767.0,1.34,1.36,1.34,2028.0,308.0,773.17,100,1.35,0.02,True,,5.0,0.0136986301369863,773.4666152376419,-0.008395707064956,True,,0.1035682330947475,,0.0,766.5798411499235,good,0.10109376910686582,0.10144442590597388,0.10179452132939756,ok,put
2026-09-04,2026-09-09,call,768.0,6.67,6.91,6.78,3039.0,684.0,773.17,100,6.79,0.2400000000000002,True,,5.0,0.0136986301369863,773.4666152376419,-0.0070927752845399,True,,0.0939313171301195,,5.463620652541522,773.042914007354,good,0.0954764149152222,0.09954621188138706,0.10337638572934325,ok,put
2026-09-04,2026-09-09,put,768.0,1.55,1.57,1.57,6174.0,270.0,773.17,100,1.56,0.02,True,,5.0,0.0136986301369863,773.4666152376419,-0.0070927752845399,True,,0.1018015026193983,,0.0,767.5792933548125,good,0.09921707428547903,0.09954621188138706,0.09987498096056568,ok,put
2026-09-04,2026-09-09,call,769.0,5.9,6.15,6.3,2735.0,1069.0,773.17,100,6.025,0.25,True,,5.0,0.0136986301369863,773.4666152376419,-0.0057915389265682,True,,0.0924498690787276,,4.464168447652469,773.042914007354,good,0.09350262586476804,0.09762934947408558,0.10129153004045584,ok,put
2026-09-04,2026-09-09,put,769.0,1.79,1.81,1.79,11283.0,370.0,773.17,100,1.8,0.02,True,,5.0,0.0136986301369863,773.4666152376419,-0.0057915389265682,True,,0.1000356418443241,,0.0,768.5787455597016,good,0.09731790302112664,0.09762934947408558,0.0979405673778948,ok,put
2026-09-04,2026-09-09,call,770.0,5.24,5.39,5.36,2913.0,1029.0,773.17,100,5.315,0.1499999999999994,True,,5.0,0.0136986301369863,773.4666152376419,-0.0044919935844826,True,,0.0915491681651193,,3.464716242763416,773.042914007354,good,0.09377632205331374,0.09588795973548266,0.09823442131088987,ok,put
2026-09-04,2026-09-09,put,770.0,2.07,2.09,2.08,3357.0,604.0,773.17,100,2.08,0.02,True,,5.0,0.0136986301369863,773.4666152376419,-0.0044919935844826,True,,0.0984706630110057,,0.0,769.5781977645906,good,0.09559064903997001,0.09588795973548266,0.096185142433673,ok,put
2026-09-04,2026-09-09,call,771.0,4.57,4.7,4.68,2238.0,794.0,773.17,100,4.635,0.1299999999999999,True,,5.0,0.0136986301369863,773.4666152376419,-0.0031941348688826,True,,0.0903194092942183,,2.465264037874249,773.042914007354,good,0.09247670648690559,0.09434119522130811,0.09620441357945832,ok,put
2026-09-04,2026-09-09,put,771.0,2.4,2.41,2.41,1898.0,621.0,773.17,100,2.405,0.0100000000000002,True,,5.0,0.0136986301369863,773.4666152376419,-0.0031941348688826,True,,0.0971308322725957,,0.0,770.5776499694798,good,0.09419781635800682,0.09434119522130811,0.09448455921276476,ok,put
2026-09-04,2026-09-09,call,772.0,3.94,4.07,3.94,2648.0,1031.0,773.17,100,4.005,0.1300000000000003,True,,5.0,0.0136986301369863,773.4666152376419,-0.001897958407436,True,,0.0892688095750077,,1.465811832985196,773.042914007354,good,0.09108421131409822,0.09273684971474304,0.09472308021804089,ok,put
2026-09-04,2026-09-09,put,772.0,2.76,2.78,2.76,4814.0,483.0,773.17,100,2.77,0.02,True,,5.0,0.0136986301369863,773.4666152376419,-0.001897958407436,True,,0.0957686619937582,,0.0,771.5771021743689,good,0.09245691804427089,0.09273684971474304,0.09301676329611232,ok,put
2026-09-04,2026-09-09,call,773.0,3.4,3.43,3.41,3338.0,457.0,773.17,100,3.415,0.0300000000000002,True,,5.0,0.0136986301369863,773.4666152376419,-0.0006034598447902,True,,0.0880262504580573,,0.4663596280961428,773.042914007354,good,0.0909061226127703,0.09126817809057873,0.09173671467042604,ok,put
2026-09-04,2026-09-09,put,773.0,3.17,3.2,3.17,2966.0,290.0,773.17,100,3.185,0.0300000000000002,True,,5.0,0.0136986301369863,773.4666152376419,-0.0006034598447902,True,,0.0945869721206712,,0.0,772.5765543792579,good,0.09085288119204549,0.09126817809057873,0.09168347360441872,ok,put
2026-09-04,2026-09-09,call,774.0,2.87,2.89,2.87,2361.0,400.0,773.17,100,2.88,0.02,True,,5.0,0.0136986301369863,773.4666152376419,0.0006893651575149,True,,0.0869438812662147,,0.0,773.042914007354,good,0.0896603920182581,0.08993822176736546,0.09021604382441652,ok,call
2026-09-04,2026-09-09,put,774.0,3.64,3.67,3.65,1110.0,422.0,773.17,100,3.655,0.0299999999999998,True,,5.0,0.0136986301369863,773.4666152376419,0.0006893651575149,True,,0.0936578363714289,,0.5330925767929102,773.576006584147,good,0.08958055150626354,0.08993822176736546,0.09041402435855739,ok,call
2026-09-04,2026-09-09,call,775.0,2.39,2.41,2.41,3172.0,453.0,773.17,100,2.4000000000000004,0.02,True,,5.0,0.0136986301369863,773.4666152376419,0.0019805209211348,True,,0.0859730638866981,,0.0,773.042914007354,good,0.08841878441278245,0.08870200975866611,0.08898519116357877,ok,call
2026-09-04,2026-09-09,put,775.0,4.12,4.22,4.21,1079.0,275.0,773.17,100,4.17,0.0999999999999996,True,,5.0,0.0136986301369863,773.4666152376419,0.0019805209211348,True,,0.0926643562058804,,1.532544781682077,774.5754587890361,good,0.08717703900760707,0.08870200975866611,0.09000925861435284,ok,call
2026-09-04,2026-09-09,call,776.0,1.97,1.98,2.01,1692.0,506.0,773.17,100,1.975,0.01,True,,5.0,0.0136986301369863,773.4666152376419,0.0032700117510065,True,,0.0850976587087243,,0.0,773.042914007354,good,0.08744583586213807,0.08759263887812216,0.08773941192530678,ok,call
2026-09-04,2026-09-09,put,776.0,4.67,4.84,4.64,236.0,140.0,773.17,100,4.755,0.1699999999999999,True,,5.0,0.0136986301369863,773.4666152376419,0.0032700117510065,True,,0.0923067080806164,,2.53199698657113,775.5749109939252,good,0.0852467084501139,0.08759263887812216,0.09023670386764773,ok,call
2026-09-04,2026-09-09,call,777.0,1.59,1.61,1.61,1493.0,493.0,773.17,100,1.6,0.02,True,,5.0,0.0136986301369863,773.4666152376419,0.0045578419354351,True,,0.0841832703721351,,0.0,773.042914007354,good,0.0861610220479501,0.08647102774610908,0.08678077670331234,ok,call
2026-09-04,2026-09-09,put,777.0,5.31,5.46,5.34,865.0,70.0,773.17,100,5.385,0.1500000000000003,True,,5.0,0.0136986301369863,773.4666152376419,0.0045578419354351,True,,0.0919133227538792,,3.531449191460183,776.5743631988142,good,0.08442864187401365,0.08647102774610908,0.08907368388192666,ok,call
2026-09-04,2026-09-09,call,778.0,1.27,1.29,1.28,948.0,636.0,773.17,100,1.28,0.02,True,,5.0,0.0136986301369863,773.4666152376419,0.0058440157461793,True,,0.083426332797763,,0.0,773.042914007354,good,0.08519798966862072,0.08553145432201535,0.08586442860602779,ok,call
2026-09-04,2026-09-09,put,778.0,5.94,6.18,5.61,1663.0,5.0,773.17,100,6.0600000000000005,0.2399999999999993,True,,5.0,0.0136986301369863,773.4666152376419,0.0058440157461793,True,,0.0915273417822243,,4.530901396349236,777.5738154037033,good,0.08160818210122762,0.08553145432201535,0.08960564029628862,ok,call
2026-09-04,2026-09-09,call,779.0,1.0,1.02,1.01,1445.0,1243.0,773.17,100,1.01,0.02,True,,5.0,0.0136986301369863,773.4666152376419,0.0071285374385361,True,,0.0827656833368349,,0.0,773.042914007354,good,0.08434376857191125,0.08470948326758306,0.08507431167039248,ok,call
2026-09-04,2026-09-09,put,779.0,6.65,6.92,6.31,1701.0,0.0,773.17,100,6.785,0.2699999999999996,True,,5.0,0.0136986301369863,773.4666152376419,0.0071285374385361,True,,0.0913952758135296,,5.530353601238289,778.5732676085923,good,0.07959090954107881,0.08470948326758306,0.08947261141730879,ok,call
2026-09-04,2026-09-09,call,780.0,0.78,0.79,0.79,2790.0,995.0,773.17,100,0.785,0.01,True,,5.0,0.0136986301369863,773.4666152376419,0.0084114112514252,True,,0.082156610261615,,0.0,773.042914007354,good,0.0837529332733491,0.08395735843147704,0.08416139236948487,ok,call
2026-09-04,2026-09-09,put,780.0,7.43,7.71,7.59,2682.0,57.0,773.17,100,7.57,0.2800000000000002,True,,5.0,0.0136986301369863,773.4666152376419,0.0084114112514252,True,,0.0920598006606466,,6.529805806127456,779.5727198134815,good,0.07834601967808454,0.08395735843147704,0.08978655298546082,ok,call
2026-09-04,2026-09-09,call,781.0,0.6,0.61,0.61,1236.0,600.0,773.17,100,0.605,0.01,True,,5.0,0.0136986301369863,773.4666152376419,0.0096926414074737,True,,0.0817941117594548,,0.0,773.042914007354,good,0.08323687859180845,0.08346971628370528,0.08370187525616835,ok,call
2026-09-04,2026-09-09,put,781.0,8.23,8.55,8.5,1098.0,0.0,773.17,100,8.39,0.3200000000000003,True,,5.0,0.0136986301369863,773.4666152376419,0.0096926414074737,True,,0.0928623392015903,,7.529258011016509,780.5721720183706,good,0.07590267778378837,0.08346971628370528,0.09084166390356281,ok,call
2026-09-04,2026-09-09,call,782.0,0.45,0.46,0.46,1209.0,479.0,773.17,100,0.455,0.01,True,,5.0,0.0136986301369863,773.4666152376419,0.0109722321130988,True,,0.081220877983842,,0.0,773.042914007354,good,0.08251100092492483,0.08278257842769622,0.08305295349649092,ok,call
2026-09-04,2026-09-09,put,782.0,9.05,9.5,9.48,1848.0,0.0,773.17,100,9.275,0.4499999999999993,True,,5.0,0.0136986301369863,773.4666152376419,0.0109722321130988,True,,0.095356108107809,,8.528710215905562,781.5716242232596,good,0.07163644948526449,0.08278257842769622,0.09583783087885696,ok,call
2026-09-04,2026-09-09,call,783.0,0.33,0.35,0.34,930.0,774.0,773.17,100,0.3399999999999999,0.0199999999999999,True,,5.0,0.0136986301369863,773.4666152376419,0.0122501875585908,True,,0.0809150770563184,,0.0,773.042914007354,good,0.08173060153825475,0.08237723933409821,0.08301537669319005,ok,call
2026-09-04,2026-09-09,put,783.0,9.83,10.52,10.0,26.0,0.0,773.17,100,10.175,0.6899999999999995,True,,5.0,0.0136986301369863,773.4666152376419,0.0122501875585908,True,,0.0977538490780895,,9.528162420794615,782.5710764281487,good,0.05501352494942433,0.08237723933409821,0.10378246249017571,ok,call
2026-09-04,2026-09-09,call,784.0,0.25,0.26,0.26,1072.0,692.0,773.17,100,0.255,0.01,True,,5.0,0.0136986301369863,773.4666152376419,0.0135265119181955,True,,0.081001827035704,,0.0,773.042914007354,good,0.08199205020778101,0.08237861804789504,0.0827614863246706,ok,call
2026-09-04,2026-09-09,put,784.0,10.66,11.25,10.55,3.0,0.0,773.17,100,10.955,0.5899999999999999,True,,5.0,0.0136986301369863,773.4666152376419,0.0135265119181955,True,,0.092537278851781,,10.527614625683782,783.5705286330378,good,,0.08237861804789504,0.09641567625723571,ok,call
2026-09-04,2026-09-09,call,785.0,0.18,0.19,0.2,3707.0,1198.0,773.17,100,0.185,0.01,True,,5.0,0.0136986301369863,773.4666152376419,0.0148012093501963,True,,0.0807290088693003,,0.0,773.042914007354,good,0.0815481179375046,0.08202539971226204,0.08249589911002254,ok,call
2026-09-04,2026-09-09,put,785.0,11.96,12.72,12.17,450.0,0.0,773.17,100,12.34,0.7599999999999998,True,,5.0,0.0136986301369863,773.4666152376419,0.0148012093501963,True,,0.1195831710759754,,11.527066830572837,784.5699808379269,good,0.08122623782906808,0.08202539971226204,0.12704351202437747,ok,call
2026-09-04,2026-09-09,call,786.0,0.14,0.15,0.14,304.0,447.0,773.17,100,0.145,0.0099999999999999,True,,5.0,0.0136986301369863,773.4666152376419,0.0160742839969944,True,,0.0819577409704528,,0.0,773.042914007354,good,0.08262589470634979,0.08319655054018968,0.08375633555299226,ok,call
2026-09-04,2026-09-09,call,787.0,0.1,0.11,0.1,280.0,534.0,773.17,100,0.105,0.0099999999999999,True,,5.0,0.0136986301369863,773.4666152376419,0.017345739985191,True,,0.0820173840885839,,0.0,773.042914007354,good,0.08247328576774729,0.0831931421075097,0.08389308203274422,ok,call
2026-09-04,2026-09-09,put,787.0,13.53,14.82,13.59,1.0,0.0,773.17,100,14.175,1.290000000000001,True,,5.0,0.0136986301369863,773.4666152376419,0.017345739985191,True,,0.1244378893720101,,13.52597124035094,786.568885247705,good,,0.0831931421075097,0.1456044349097327,ok,call
2026-09-04,2026-09-09,call,788.0,0.07,0.08,0.08,243.0,141.0,773.17,100,0.075,0.0099999999999999,True,,5.0,0.0136986301369863,773.4666152376419,0.0186155814256669,True,,0.0820665451433002,,0.0,773.042914007354,good,0.08225908908993196,0.0831848584453178,0.08407325162446685,ok,call
2026-09-04,2026-09-09,put,788.0,14.57,15.78,14.59,330.0,0.0,773.17,100,15.175,1.209999999999999,True,,5.0,0.0136986301369863,773.4666152376419,0.0186155814256669,True,,0.1308644445369596,,14.525423445240108,787.5683374525942,good,,0.0831848584453178,0.15052728231885354,ok,call
2026-09-04,2026-09-09,call,789.0,0.06,0.07,0.07,317.0,710.0,773.17,100,0.065,0.01,True,,5.0,0.0136986301369863,773.4666152376419,0.0198838124136619,True,,0.0847590810600896,,0.0,773.042914007354,good,0.08479174188513203,0.08584972970431999,0.08685752081064177,ok,call
2026-09-04,2026-09-09,call,790.0,0.04,0.05,0.05,246.0,765.0,773.17,100,0.045,0.01,True,,5.0,0.0136986301369863,773.4666152376419,0.0211504370288548,True,,0.0845270196267527,,0.0,773.042914007354,good,0.08415414762070408,0.08556658555092987,0.08687937299531226,ok,call
2026-09-04,2026-09-09,put,790.0,16.56,17.79,21.83,90.0,0.0,773.17,100,17.174999999999997,1.2300000000000004,True,,5.0,0.0136986301369863,773.4666152376419,0.0211504370288548,True,,0.1434815294240749,,16.524327855018214,789.5672418623723,good,,0.08556658555092987,0.164389206325262,ok,call
2026-09-04,2026-09-09,call,791.0,0.04,0.05,0.04,103.0,942.0,773.17,100,0.045,0.01,True,,5.0,0.0136986301369863,773.4666152376419,0.0224154593354417,True,,0.0888356476435204,,0.0,773.042914007354,good,0.08840123209980341,0.08986788358197698,0.09123057121482211,ok,call
2026-09-04,2026-09-09,call,792.0,0.03,0.04,0.02,158.0,282.0,773.17,100,0.035,0.01,True,,5.0,0.0136986301369863,773.4666152376419,0.0236788833822137,True,,0.0899646823609761,,0.0,773.042914007354,good,0.08914247372243607,0.09096407954205074,0.09261720788373523,ok,call
2026-09-04,2026-09-09,call,793.0,0.02,0.03,0.03,437.0,101.0,773.17,100,0.025,0.0099999999999999,True,,5.0,0.0136986301369863,773.4666152376419,0.0249407132026358,True,,0.0901295200139481,,0.0,773.042914007354,good,0.08865595102222651,0.09109089232692498,0.09320701176399696,ok,call
2026-09-04,2026-09-09,call,794.0,0.02,0.03,0.01,706.0,124.0,773.17,100,0.025,0.0099999999999999,True,,5.0,0.0136986301369863,773.4666152376419,0.0262009528149235,True,,0.09410117465887,,0.0,773.042914007354,good,0.0925382672430605,0.09505729159661343,0.09724548539918082,ok,call
2026-09-04,2026-09-09,put,794.0,20.54,21.81,25.54,1.0,1.0,773.17,100,21.175,1.2699999999999996,True,,5.0,0.0136986301369863,773.4666152376419,0.0262009528149235,True,,0.1679207310828573,,20.52213667457454,793.5650506819286,good,,0.09505729159661343,0.19131157066731028,ok,call
2026-09-04,2026-09-09,call,795.0,0.02,0.03,0.02,45.0,207.0,773.17,100,0.025,0.0099999999999999,True,,5.0,0.0136986301369863,773.4666152376419,0.0274596062221196,True,,0.0980487111975142,,0.0,773.042914007354,good,0.09639781155166491,0.09899985151315163,0.10125918794844913,ok,call
2026-09-04,2026-09-09,call,796.0,0.02,0.03,0.02,2.0,17.0,773.17,100,0.025,0.0099999999999999,True,,5.0,0.0136986301369863,773.4666152376419,0.0287166774121707,True,,0.1019732744107602,,0.0,773.042914007354,good,0.10023564180038452,0.10291969112674638,0.10524929018791558,ok,call
2026-09-04,2026-09-09,call,797.0,0.01,0.02,0.02,286.0,238.0,773.17,100,0.015,0.01,True,,5.0,0.0136986301369863,773.4666152376419,0.0299721703580029,True,,0.099839137292704,,0.0,773.042914007354,good,0.09649154744806084,0.10073911351480465,0.10405271116358471,ok,call
2026-09-04,2026-09-09,call,798.0,0.01,0.02,0.02,1.0,27.0,773.17,100,0.015,0.01,True,,5.0,0.0136986301369863,773.4666152376419,0.0312260890175966,True,,0.1035425884378635,,0.0,773.042914007354,good,0.10006378685106698,0.10443875263422198,0.10784987893935778,ok,call
2026-09-04,2026-09-09,call,799.0,0.01,0.02,0.02,3.0,74.0,773.17,100,0.015,0.01,True,,5.0,0.0136986301369863,773.4666152376419,0.0324784373340624,True,,0.1072277790441193,,0.0,773.042914007354,good,0.1036192248248177,0.10812029881155621,0.11162793354383364,ok,call
2026-09-04,2026-09-09,call,800.0,0.01,0.02,0.02,98.0,273.0,773.17,100,0.015,0.01,True,,5.0,0.0136986301369863,773.4666152376419,0.033729219235715,True,,0.1108953954429597,,0.0,773.042914007354,good,0.10715847323623286,0.11178442425310783,0.11538759748439996,ok,call
2026-09-04,2026-09-09,put,800.0,26.53,27.82,26.89,1.0,0.0,773.17,100,27.175,1.2899999999999991,True,,5.0,0.0136986301369863,773.4666152376419,0.033729219235715,True,,0.2030228253275331,,26.51884990390897,799.561763911263,good,,0.11178442425310783,0.22892755246562382,ok,call
2026-09-04,2026-09-09,call,801.0,0.01,0.02,0.02,2.0,91.0,773.17,100,0.015,0.01,True,,5.0,0.0136986301369863,773.4666152376419,0.0349784386361469,True,,0.1145460753045914,,0.0,773.042914007354,good,0.1106820950752873,0.1154317465847278,0.1191295264235032,ok,call
2026-09-04,2026-09-09,call,802.0,0.01,0.02,0.02,0.0,350.0,773.17,100,0.015,0.01,True,,5.0,0.0136986301369863,773.4666152376419,0.0362260994343022,True,,0.1181803792718713,,0.0,773.042914007354,good,0.11419060878535295,0.11906283721157576,0.12285433369110388,ok,call
2026-09-04,2026-09-09,call,803.0,0.01,0.02,0.01,0.0,62.0,773.17,100,0.015,0.01,True,,5.0,0.0136986301369863,773.4666152376419,0.0374722055145495,True,,0.1217988581723222,,0.0,773.042914007354,good,0.11768449458543453,0.12267821631618528,0.12656258406525675,ok,call
2026-09-04,2026-09-09,call,804.0,0.01,0.02,0.01,0.0,3.0,773.17,100,0.015,0.01,True,,5.0,0.0136986301369863,773.4666152376419,0.0387167607467542,True,,0.1254020076786467,,0.0,773.042914007354,good,0.12116419777056384,0.126278378448396,0.13025479763123818,ok,call
2026-09-04,2026-09-09,call,805.0,0.01,0.02,0.01,160.0,305.0,773.17,100,0.015,0.01,True,,5.0,0.0136986301369863,773.4666152376419,0.0399597689863512,True,,0.1289902889467635,,0.0,773.042914007354,good,0.12463013243517838,0.1298637736565209,0.13393146122590494,ok,call
2026-09-04,2026-09-09,call,806.0,0.01,0.02,0.02,0.0,320.0,773.17,100,0.015,0.01,True,,5.0,0.0136986301369863,773.4666152376419,0.041201234074416,True,,0.1325641319360779,,0.0,773.042914007354,good,0.1280826856773355,0.133434830475741,0.1375930269861765,ok,call
2026-09-04,2026-09-09,call,809.0,0.01,0.02,0.01,0.0,1.0,773.17,100,0.015,0.01,True,,5.0,0.0136986301369863,773.4666152376419,0.0449164086262795,True,,0.1432029224354883,,0.0,773.042914007354,good,0.1383635527555068,0.14406577499081433,0.1484912326540245,ok,call
2026-09-04,2026-09-09,call,810.0,0.01,0.02,0.01,0.0,3.0,773.17,100,0.015,0.01,True,,5.0,0.0136986301369863,773.4666152376419,0.0461517392342723,True,,0.1467227844536903,,0.0,773.042914007354,good,0.14176596976812267,0.14758317765121393,0.1520963772976048,ok,call
2026-09-04,2026-09-09,call,820.0,0.0,0.01,0.01,17.0,1.0,773.17,100,0.005,0.01,True,,5.0,0.0136986301369863,773.4666152376419,0.0584218318260865,True,,0.1639994309452408,,0.0,773.042914007354,good,,0.1647742719152651,0.17518160517236683,ok,call
2026-09-04,2026-09-09,call,825.0,0.0,0.01,0.03,0.0,2.0,773.17,100,0.005,0.01,True,,5.0,0.0136986301369863,773.4666152376419,0.0645008779024687,True,,0.179525081955772,,0.0,773.042914007354,good,,0.18029268533193574,0.19151495657833617,ok,call
2026-09-04,2026-09-09,call,830.0,0.0,0.01,0.02,0.0,58.0,773.17,100,0.005,0.01,True,,5.0,0.0136986301369863,773.4666152376419,0.0705431923584314,True,,0.1948472350166595,,0.0,773.042914007354,good,,0.19560829027141707,0.20762518211516656,ok,call
2026-09-04,2026-09-09,put,830.0,56.53,57.82,57.8,3.0,1.0,773.17,100,57.175,1.2899999999999991,True,,5.0,0.0136986301369863,773.4666152376419,0.0705431923584314,True,,0.3617064367082863,,56.50241605058136,829.5453300579354,good,,0.19560829027141707,0.3937643240729542,ok,call
2026-09-04,2026-09-09,call,840.0,0.0,0.01,0.02,0.0,1.0,773.17,100,0.005,0.01,True,,5.0,0.0136986301369863,773.4666152376419,0.0825193834051471,True,,0.2249331266097158,,0.0,773.042914007354,good,,0.22568259521456246,0.23923515040364146,ok,call
2026-09-04,2026-09-09,put,840.0,66.48,67.87,67.18,1.0,0.0,773.17,100,67.17500000000001,1.3900000000000006,True,,5.0,0.0136986301369863,773.4666152376419,0.0825193834051471,True,,0.4105060948864636,,66.49693809947212,839.5398521068262,good,,0.22568259521456246,0.44831406955170355,ok,call
2026-09-04,2026-09-09,put,845.0,71.48,72.87,72.16,1.0,2.0,773.17,100,72.17500000000001,1.3900000000000006,True,,5.0,0.0136986301369863,773.4666152376419,0.0884541189249617,True,,0.4343394823077382,,71.4941991239175,844.5371131312716,good,,0.38485547513756635,0.4727225892808474,ok,call
2026-09-04,2026-09-09,call,850.0,0.0,0.01,0.01,0.0,405.0,773.17,100,0.005,0.01,True,,5.0,0.0136986301369863,773.4666152376419,0.0943538410521498,True,,0.2543420293247507,,0.0,773.042914007354,good,,0.25508145601576043,0.27010756043534256,ok,call
2026-09-04,2026-09-09,call,855.0,0.0,0.01,0.01,1.0,406.0,773.17,100,0.005,0.01,True,,5.0,0.0136986301369863,773.4666152376419,0.100218960504548,True,,0.2688129414723683,,0.0,773.042914007354,good,,0.26954779704660536,0.285290111517888,ok,call
2026-09-04,2026-09-10,put,670.0,0.01,0.02,0.01,3.0,11.0,773.17,100,0.015,0.01,True,,6.0,0.0164383561643835,773.5259519388196,-0.1436815083759676,True,,0.3778187489193528,,0.0,669.559596860735,good,0.364238644715578,0.37707290768906104,0.3869211254768983,ok,put
2026-09-04,2026-09-10,put,675.0,0.02,0.03,0.02,2.0,6.0,773.17,100,0.025,0.0099999999999999,True,,6.0,0.0164383561643835,773.5259519388196,-0.1362465298884495,True,,0.3770932487788275,,0.0,674.5563102701435,good,0.3685300054315617,0.37631251023734513,0.3829930679710654,ok,put
2026-09-04,2026-09-10,call,680.0,92.6,93.95,86.31,0.0,2.0,773.17,100,93.275,1.3500000000000083,True,,6.0,0.0164383561643835,773.5259519388196,-0.1288664225908269,False,below_european_lower_bound,,market_price is below the no-arbitrage lower bound.,93.46447563607852,773.0174993156305,good,,0.35766180882078236,0.5274102349457686,ok,put
2026-09-04,2026-09-10,put,680.0,0.02,0.03,0.02,1.0,6.0,773.17,100,0.025,0.0099999999999999,True,,6.0,0.0164383561643835,773.5259519388196,-0.1288664225908269,True,,0.3584430709173529,,0.0,679.553023679552,good,0.35020861520500896,0.35766180882078236,0.3640618036972382,ok,put
2026-09-04,2026-09-10,call,685.0,87.6,88.95,80.75,0.0,2.0,773.17,100,88.275,1.3500000000000083,True,,6.0,0.0164383561643835,773.5259519388196,-0.121540382498754,False,below_european_lower_bound,,market_price is below the no-arbitrage lower bound.,88.46776222667006,773.0174993156305,good,,0.33907442525018205,0.5029106834109295,ok,put
2026-09-04,2026-09-10,put,685.0,0.02,0.03,0.03,4.0,5.0,773.17,100,0.025,0.0099999999999999,True,,6.0,0.0164383561643835,773.5259519388196,-0.121540382498754,True,,0.3398563719898686,,0.0,684.5497370889605,good,0.33195134767670065,0.33907442525018205,0.3451931210810501,ok,put
2026-09-04,2026-09-10,call,690.0,82.61,83.96,75.06,0.0,4.0,773.17,100,83.285,1.3499999999999943,True,,6.0,0.0164383561643835,773.5259519388196,-0.1142676231696743,False,below_european_lower_bound,,market_price is below the no-arbitrage lower bound.,83.47104881726159,773.0174993156305,good,,0.3205440577439128,0.4798545690392391,ok,put
2026-09-04,2026-09-10,put,690.0,0.02,0.03,0.02,10.0,111.0,773.17,100,0.025,0.0099999999999999,True,,6.0,0.0164383561643835,773.5259519388196,-0.1142676231696743,True,,0.3213269121363721,,0.0,689.5464504983689,good,0.3137521393065237,0.3205440577439128,0.3263805092781264,ok,put
2026-09-04,2026-09-10,call,695.0,77.61,78.96,70.53,0.0,2.0,773.17,100,78.285,1.3499999999999943,True,,6.0,0.0164383561643835,773.5259519388196,-0.1070473751961872,False,below_european_lower_bound,,market_price is below the no-arbitrage lower bound.,78.47433540785312,773.0174993156305,good,,0.302063824479776,0.4551683376023271,ok,put
2026-09-04,2026-09-10,put,695.0,0.02,0.03,0.03,10.0,27.0,773.17,100,0.025,0.0099999999999999,True,,6.0,0.0164383561643835,773.5259519388196,-0.1070473751961872,True,,0.3028478448975825,,0.0,694.5431639077774,good,0.29560438572446524,0.302063824479776,0.3076168401775222,ok,put
2026-09-04,2026-09-10,call,700.0,72.67,73.91,65.97,0.0,7.0,773.17,100,73.28999999999999,1.2399999999999949,True,,6.0,0.0164383561643835,773.5259519388196,-0.0998788857175747,False,below_european_lower_bound,,market_price is below the no-arbitrage lower bound.,73.47762199844465,773.0174993156305,good,,0.29354707357642845,0.42345206522197876,ok,put
2026-09-04,2026-09-10,put,700.0,0.03,0.04,0.03,73.0,172.0,773.17,100,0.035,0.01,True,,6.0,0.0164383561643835,773.5259519388196,-0.0998788857175747,True,,0.2943580527746636,,0.0,699.5398773171859,good,0.28889425758092063,0.29354707357642845,0.2977341250178796,ok,put
2026-09-04,2026-09-10,call,705.0,67.63,68.98,60.36,0.0,3.0,773.17,100,68.305,1.3500000000000083,True,,6.0,0.0164383561643835,773.5259519388196,-0.0927614179487107,False,below_european_lower_bound,,market_price is below the no-arbitrage lower bound.,68.48090858903618,773.0174993156305,good,,0.27460545197048986,0.4080815076059188,ok,put
2026-09-04,2026-09-10,put,705.0,0.03,0.04,0.03,13.0,3.0,773.17,100,0.035,0.01,True,,6.0,0.0164383561643835,773.5259519388196,-0.0927614179487107,True,,0.2754183329902296,,0.0,704.5365907265943,good,0.2702039761023878,0.27460545197048986,0.27856779252813146,ok,put
2026-09-04,2026-09-10,call,710.0,62.68,63.93,63.16,5.0,3.0,773.17,100,63.305,1.25,True,,6.0,0.0164383561643835,773.5259519388196,-0.0856942507256182,False,below_european_lower_bound,,market_price is below the no-arbitrage lower bound.,63.4841951796277,773.0174993156305,good,,0.2628314896143513,0.3768310437427365,ok,put
2026-09-04,2026-09-10,put,710.0,0.04,0.05,0.04,56.0,200.0,773.17,100,0.045,0.01,True,,6.0,0.0164383561643835,773.5259519388196,-0.0856942507256182,True,,0.2636674082881186,,0.0,709.5333041360028,good,0.25942012109798485,0.2628314896143513,0.2659799968310433,ok,put
2026-09-04,2026-09-10,call,715.0,57.7,58.94,58.6,20.0,34.0,773.17,100,58.32,1.2399999999999949,True,,6.0,0.0164383561643835,773.5259519388196,-0.0786766780669717,False,below_european_lower_bound,,market_price is below the no-arbitrage lower bound.,58.48748177021923,773.0174993156305,good,,0.24348289399328615,0.35308470928858277,ok,put
2026-09-04,2026-09-10,put,715.0,0.04,0.05,0.05,68.0,283.0,773.17,100,0.045,0.01,True,,6.0,0.0164383561643835,773.5259519388196,-0.0786766780669717,True,,0.2443217746715828,,0.0,714.5300175454113,good,0.24027897590687503,0.24348289399328615,0.2464410274946996,ok,put
2026-09-04,2026-09-10,call,718.0,54.65,56.0,46.38,0.0,20.0,773.17,100,55.325,1.3500000000000014,True,,6.0,0.0164383561643835,773.5259519388196,-0.0744896517127551,False,below_european_lower_bound,,market_price is below the no-arbitrage lower bound.,55.489453724574105,773.0174993156305,good,,0.2373605426941689,0.34462705443147434,ok,put
2026-09-04,2026-09-10,put,718.0,0.05,0.06,0.07,3.0,1.0,773.17,100,0.055,0.0099999999999999,True,,6.0,0.0164383561643835,773.5259519388196,-0.0744896517127551,True,,0.2382192580459324,,0.0,717.5280455910564,good,0.2347128601001957,0.2373605426941689,0.23984342142122975,ok,put
2026-09-04,2026-09-10,call,719.0,53.66,55.0,46.47,0.0,28.0,773.17,100,54.33,1.3400000000000034,True,,6.0,0.0164383561643835,773.5259519388196,-0.0730978630399326,False,below_european_lower_bound,,market_price is below the no-arbitrage lower bound.,54.49011104269243,773.0174993156305,good,,0.23341381236725997,0.33950644264156943,ok,put
2026-09-04,2026-09-10,put,719.0,0.05,0.06,0.09,5.0,47.0,773.17,100,0.055,0.0099999999999999,True,,6.0,0.0164383561643835,773.5259519388196,-0.0730978630399326,True,,0.2342733069561575,,0.0,718.5273882729381,good,0.23080188225836026,0.23341381236725997,0.23586333797923326,ok,put
2026-09-04,2026-09-10,call,720.0,52.66,54.01,45.31,0.0,10.0,773.17,100,53.335,1.3500000000000014,True,,6.0,0.0164383561643835,773.5259519388196,-0.0717080087508783,False,below_european_lower_bound,,market_price is below the no-arbitrage lower bound.,53.49076836081076,773.0174993156305,good,,0.22946595281020557,0.33542171217139616,ok,put
2026-09-04,2026-09-10,put,720.0,0.05,0.06,0.06,26.0,359.0,773.17,100,0.055,0.0099999999999999,True,,6.0,0.0164383561643835,773.5259519388196,-0.0717080087508783,True,,0.230326257142853,,0.0,719.5267309548198,good,0.22688987517151837,0.22946595281020557,0.23188203806229915,ok,put
2026-09-04,2026-09-10,call,721.0,51.66,53.01,44.92,0.0,13.0,773.17,100,52.335,1.3500000000000014,True,,6.0,0.0164383561643835,773.5259519388196,-0.0703200834760302,False,below_european_lower_bound,,market_price is below the no-arbitrage lower bound.,52.49142567892898,773.0174993156305,good,,0.22551680892130024,0.33027201350874474,ok,put
2026-09-04,2026-09-10,put,721.0,0.05,0.06,0.1,1000.0,0.0,773.17,100,0.055,0.0099999999999999,True,,6.0,0.0164383561643835,773.5259519388196,-0.0703200834760302,True,,0.2263779553635154,,0.0,720.5260736367015,good,0.222976676721611,0.22551680892130024,0.22789936070605157,ok,put
2026-09-04,2026-09-10,call,722.0,50.71,51.95,47.05,4.0,12.0,773.17,100,51.33,1.240000000000002,True,,6.0,0.0164383561643835,773.5259519388196,-0.0689340818681531,False,below_european_lower_bound,,market_price is below the no-arbitrage lower bound.,51.492082997047305,773.0174993156305,good,,0.22156621887374833,0.31886361063853397,ok,put
2026-09-04,2026-09-10,put,722.0,0.05,0.06,0.08,2.0,17.0,773.17,100,0.055,0.0099999999999999,True,,6.0,0.0164383561643835,773.5259519388196,-0.0689340818681531,True,,0.2224282454644449,,0.0,721.5254163185832,good,0.219062136232045,0.22156621887374833,0.22391514057062664,ok,put
2026-09-04,2026-09-10,call,723.0,49.67,51.01,43.15,0.0,9.0,773.17,100,50.34,1.3399999999999963,True,,6.0,0.0164383561643835,773.5259519388196,-0.0675499986022146,False,below_european_lower_bound,,market_price is below the no-arbitrage lower bound.,50.49274031516563,773.0174993156305,good,,0.21761401457352805,0.3199460332274089,ok,put
2026-09-04,2026-09-10,put,723.0,0.05,0.06,0.11,2.0,107.0,773.17,100,0.055,0.0099999999999999,True,,6.0,0.0164383561643835,773.5259519388196,-0.0675499986022146,True,,0.2184769463762576,,0.0,722.5247590004649,good,0.21514608705044524,0.21761401457352805,0.21992920568890298,ok,put
2026-09-04,2026-09-10,call,724.0,48.67,50.01,42.05,0.0,6.0,773.17,100,49.34,1.3399999999999963,True,,6.0,0.0164383561643835,773.5259519388196,-0.0661678283752629,False,below_european_lower_bound,,market_price is below the no-arbitrage lower bound.,49.49339763328396,773.0174993156305,good,,0.21809387162244465,0.3147690519284283,ok,put
2026-09-04,2026-09-10,put,724.0,0.06,0.07,0.19,0.0,123.0,773.17,100,0.065,0.01,True,,6.0,0.0164383561643835,773.5259519388196,-0.0661678283752629,True,,0.2189734787896745,,0.0,723.5241016823466,good,0.21594137682763587,0.21809387162244465,0.2201344957252289,ok,put
2026-09-04,2026-09-10,call,725.0,47.67,49.02,48.42,1.0,5.0,773.17,100,48.345,1.3500000000000014,True,,6.0,0.0164383561643835,773.5259519388196,-0.0647875659063046,False,below_european_lower_bound,,market_price is below the no-arbitrage lower bound.,48.49405495140229,773.0174993156305,good,,0.2140721022885088,0.3105550163419897,ok,put
2026-09-04,2026-09-10,put,725.0,0.06,0.07,0.07,22.0,62.0,773.17,100,0.065,0.01,True,,6.0,0.0164383561643835,773.5259519388196,-0.0647875659063046,True,,0.2149527328813021,,0.0,724.5234443642282,good,0.21195146689333033,0.2140721022885088,0.2160826710984356,ok,put
2026-09-04,2026-09-10,call,726.0,46.68,48.02,40.12,0.0,9.0,773.17,100,47.35,1.3400000000000034,True,,6.0,0.0164383561643835,773.5259519388196,-0.0634092059361832,False,below_european_lower_bound,,market_price is below the no-arbitrage lower bound.,47.494712269520505,773.0174993156305,good,,0.21004795008002752,0.305345483306616,ok,put
2026-09-04,2026-09-10,put,726.0,0.06,0.07,0.51,0.0,18.0,773.17,100,0.065,0.01,True,,6.0,0.0164383561643835,773.5259519388196,-0.0634092059361832,True,,0.2109296458393168,,0.0,725.52278704611,good,0.20795928046606219,0.21004795008002752,0.21202836211964535,ok,put
2026-09-04,2026-09-10,call,727.0,45.68,47.02,38.93,0.0,13.0,773.17,100,46.35,1.3400000000000034,True,,6.0,0.0164383561643835,773.5259519388196,-0.0620327432274599,False,below_european_lower_bound,,market_price is below the no-arbitrage lower bound.,46.495369587638834,773.0174993156305,good,,0.20602120674811852,0.3001253057999096,ok,put
2026-09-04,2026-09-10,put,727.0,0.06,0.07,0.18,0.0,13.0,773.17,100,0.065,0.01,True,,6.0,0.0164383561643835,773.5259519388196,-0.0620327432274599,True,,0.2069040119807287,,0.0,726.5221297279917,good,0.20396461335992816,0.20602120674811852,0.20797135664889868,ok,put
2026-09-04,2026-09-10,call,728.0,44.73,45.96,42.19,2.0,12.0,773.17,100,45.345,1.230000000000004,True,,6.0,0.0164383561643835,773.5259519388196,-0.0606581725642933,False,below_european_lower_bound,,market_price is below the no-arbitrage lower bound.,45.49602690575716,773.0174993156305,good,,0.2019916544294093,0.2891635672023688,ok,put
2026-09-04,2026-09-10,put,728.0,0.06,0.07,0.1,3.0,16.0,773.17,100,0.065,0.01,True,,6.0,0.0164383561643835,773.5259519388196,-0.0606581725642933,True,,0.2028756138270178,,0.0,727.5214724098734,good,0.1999672520426803,0.2019916544294093,0.20391143270887546,ok,put
2026-09-04,2026-09-10,call,729.0,43.73,44.97,41.11,2.0,16.0,773.17,100,44.35,1.240000000000002,True,,6.0,0.0164383561643835,773.5259519388196,-0.0592854887523211,False,below_european_lower_bound,,market_price is below the no-arbitrage lower bound.,44.49668422387549,773.0174993156305,good,,0.20164742893434665,0.28496099753757925,ok,put
2026-09-04,2026-09-10,put,729.0,0.07,0.08,0.11,31.0,89.0,773.17,100,0.075,0.0099999999999999,True,,6.0,0.0164383561643835,773.5259519388196,-0.0592854887523211,True,,0.2025468403232043,,0.0,728.520815091755,good,0.1998483577624285,0.20164742893434665,0.20336658705555116,ok,put
2026-09-04,2026-09-10,call,730.0,42.74,43.97,41.18,4.0,8.0,773.17,100,43.355,1.2299999999999969,True,,6.0,0.0164383561643835,773.5259519388196,-0.0579146866185425,False,below_european_lower_bound,,market_price is below the no-arbitrage lower bound.,43.49734154199382,773.0174993156305,good,,0.19755196014611695,0.2797708103149069,ok,put
2026-09-04,2026-09-10,put,730.0,0.07,0.08,0.08,24.0,200.0,773.17,100,0.075,0.0099999999999999,True,,6.0,0.0164383561643835,773.5259519388196,-0.0579146866185425,True,,0.1984526675716318,,0.0,729.5201577736367,good,0.19578188551094824,0.19755196014611695,0.19924353358002225,ok,put
2026-09-04,2026-09-10,call,731.0,41.69,43.03,35.14,0.0,10.0,773.17,100,42.36,1.3400000000000034,True,,6.0,0.0164383561643835,773.5259519388196,-0.0565457610112008,False,below_european_lower_bound,,market_price is below the no-arbitrage lower bound.,42.497998860112034,773.0174993156305,good,,0.19345271880221526,0.28001937846436004,ok,put
2026-09-04,2026-09-10,put,731.0,0.07,0.08,0.08,7.0,90.0,773.17,100,0.075,0.0099999999999999,True,,6.0,0.0164383561643835,773.5259519388196,-0.0565457610112008,True,,0.1943547813827328,,0.0,730.5195004555185,good,0.1917117675126186,0.19345271880221526,0.19511659512816928,ok,put
2026-09-04,2026-09-10,call,732.0,40.75,41.98,38.28,4.0,18.0,773.17,100,41.365,1.2299999999999969,True,,6.0,0.0164383561643835,773.5259519388196,-0.0551787067996677,False,below_european_lower_bound,,market_price is below the no-arbitrage lower bound.,41.49865617823036,773.0174993156305,good,,0.19255400832291467,0.27026701594564295,ok,put
2026-09-04,2026-09-10,put,732.0,0.08,0.09,0.11,22.0,91.0,773.17,100,0.0849999999999999,0.0099999999999999,True,,6.0,0.0164383561643835,773.5259519388196,-0.0551787067996677,True,,0.1934705460001996,,0.0,731.5188431374002,good,0.19098549663360548,0.19255400832291467,0.19406177965390314,ok,put
2026-09-04,2026-09-10,call,733.0,39.75,40.98,37.05,4.0,10.0,773.17,100,40.365,1.2299999999999969,True,,6.0,0.0164383561643835,773.5259519388196,-0.0538135188743278,False,below_european_lower_bound,,market_price is below the no-arbitrage lower bound.,40.49931349634869,773.0174993156305,good,,0.18839179295784683,0.26502482997448795,ok,put
2026-09-04,2026-09-10,put,733.0,0.08,0.09,0.09,33.0,46.0,773.17,100,0.0849999999999999,0.0099999999999999,True,,6.0,0.0164383561643835,773.5259519388196,-0.0538135188743278,True,,0.1893098508785599,,0.0,732.5181858192818,good,0.18684994378573272,0.18839179295784683,0.189874046399844,ok,put
2026-09-04,2026-09-10,call,734.0,38.71,40.04,31.71,0.0,4.0,773.17,100,39.375,1.3299999999999983,True,,6.0,0.0164383561643835,773.5259519388196,-0.0524501921464637,False,below_european_lower_bound,,market_price is below the no-arbitrage lower bound.,39.49997081446702,773.0174993156305,good,,0.18422469024522642,0.26494522801352877,ok,put
2026-09-04,2026-09-10,put,734.0,0.08,0.09,0.1,15.0,29.0,773.17,100,0.0849999999999999,0.0099999999999999,True,,6.0,0.0164383561643835,773.5259519388196,-0.0524501921464637,True,,0.1851443360564439,,0.0,733.5175285011635,good,0.18270962667186486,0.18422469024522642,0.18568130710345424,ok,put
2026-09-04,2026-09-10,call,735.0,37.71,39.05,31.32,0.0,18.0,773.17,100,38.38,1.3399999999999963,True,,6.0,0.0164383561643835,773.5259519388196,-0.0510887215481427,False,below_european_lower_bound,,market_price is below the no-arbitrage lower bound.,38.50062813258535,773.0174993156305,good,,0.18286223742397487,0.2604244100518479,ok,put
2026-09-04,2026-09-10,put,735.0,0.09,0.1,0.1,47.0,80.0,773.17,100,0.095,0.01,True,,6.0,0.0164383561643835,773.5259519388196,-0.0510887215481427,True,,0.1837956808084717,,0.0,734.5168711830452,good,0.18148322414011245,0.18286223742397487,0.18419408040135798,ok,put
2026-09-04,2026-09-10,call,736.0,36.72,38.05,30.15,0.0,7.0,773.17,100,37.385,1.3299999999999983,True,,6.0,0.0164383561643835,773.5259519388196,-0.0497291020321031,False,below_european_lower_bound,,market_price is below the no-arbitrage lower bound.,37.50128545070356,773.0174993156305,good,,0.17863361050209273,0.2550482997666775,ok,put
2026-09-04,2026-09-10,put,736.0,0.09,0.1,0.1,124.0,383.0,773.17,100,0.095,0.01,True,,6.0,0.0164383561643835,773.5259519388196,-0.0497291020321031,True,,0.17956883886159,,0.0,735.516213864927,good,0.1772794406690832,0.17863361050209273,0.1799415601190116,ok,put
2026-09-04,2026-09-10,call,737.0,35.77,36.99,37.12,6.0,7.0,773.17,100,36.38,1.2199999999999989,True,,6.0,0.0164383561643835,773.5259519388196,-0.0483713285716427,False,below_european_lower_bound,,market_price is below the no-arbitrage lower bound.,36.50194276882189,773.0174993156305,good,,0.1769252430827203,0.24474958858607196,ok,put
2026-09-04,2026-09-10,put,737.0,0.1,0.11,0.1,35.0,225.0,773.17,100,0.105,0.0099999999999999,True,,6.0,0.0164383561643835,773.5259519388196,-0.0483713285716427,True,,0.1778736928951169,,0.0,736.5155565468086,good,0.1756827063332834,0.1769252430827203,0.178129761788298,ok,put
2026-09-04,2026-09-10,call,738.0,34.78,36.0,32.22,2.0,10.0,773.17,100,35.39,1.2199999999999989,True,,6.0,0.0164383561643835,773.5259519388196,-0.0470153961605068,False,below_european_lower_bound,,market_price is below the no-arbitrage lower bound.,35.50260008694022,773.0174993156305,good,,0.1726363597608163,0.24023759060471528,ok,put
2026-09-04,2026-09-10,put,738.0,0.1,0.11,0.11,157.0,700.0,773.17,100,0.105,0.0099999999999999,True,,6.0,0.0164383561643835,773.5259519388196,-0.0470153961605068,True,,0.1735868192004593,,0.0,737.5148992286903,good,0.17141709776292868,0.1726363597608163,0.1738184052782596,ok,put
2026-09-04,2026-09-10,put,739.0,0.11,0.12,0.12,99.0,128.0,773.17,100,0.1149999999999999,0.0099999999999999,True,,6.0,0.0164383561643835,773.5259519388196,-0.0456612998127775,True,,0.1715887341667487,,0.0,738.514241910572,good,0.16949959734895875,0.17062545904743134,0.17172023829227162,ok,put
2026-09-04,2026-09-10,call,740.0,32.8,34.01,34.45,238.0,1.0,773.17,100,33.405,1.2100000000000009,True,,6.0,0.0164383561643835,773.5259519388196,-0.0443090345627639,False,below_european_lower_bound,,market_price is below the no-arbitrage lower bound.,33.50391472317688,773.0174993156305,good,,0.16627672254094092,0.23028040096882665,ok,put
2026-09-04,2026-09-10,put,740.0,0.11,0.12,0.12,194.0,415.0,773.17,100,0.1149999999999999,0.0099999999999999,True,,6.0,0.0164383561643835,773.5259519388196,-0.0443090345627639,True,,0.1672422602778014,,0.0,739.5135845924536,good,0.16517285472013993,0.16627672254094092,0.1673501974500085,ok,put
2026-09-04,2026-09-10,call,741.0,31.81,33.02,32.89,370.0,8.0,773.17,100,32.415,1.2100000000000044,True,,6.0,0.0164383561643835,773.5259519388196,-0.0429585954648924,False,below_european_lower_bound,,market_price is below the no-arbitrage lower bound.,32.50457204129509,773.0174993156305,good,,0.16399588580207083,0.22563471076172442,ok,put
2026-09-04,2026-09-10,put,741.0,0.12,0.13,0.13,51.0,130.0,773.17,100,0.125,0.01,True,,6.0,0.0164383561643835,773.5259519388196,-0.0429585954648924,True,,0.1649739774704371,,0.0,740.5129272743354,good,0.16297143573615194,0.16399588580207083,0.16499463730159775,ok,put
2026-09-04,2026-09-10,call,742.0,30.82,32.03,32.41,382.0,17.0,773.17,100,31.425,1.2100000000000009,True,,6.0,0.0164383561643835,773.5259519388196,-0.0416099775935989,False,below_european_lower_bound,,market_price is below the no-arbitrage lower bound.,31.50522935941342,773.0174993156305,good,,0.16152028882264238,0.22093677790365512,ok,put
2026-09-04,2026-09-10,put,742.0,0.13,0.14,0.13,43.0,108.0,773.17,100,0.135,0.01,True,,6.0,0.0164383561643835,773.5259519388196,-0.0416099775935989,True,,0.1625106116887249,,0.0,741.5122699562171,good,0.1605653222624353,0.16152028882264238,0.16245328986879848,ok,put
2026-09-04,2026-09-10,call,743.0,29.83,31.04,31.64,404.0,14.0,773.17,100,30.435,1.2100000000000009,True,,6.0,0.0164383561643835,773.5259519388196,-0.0402631760432201,False,below_european_lower_bound,,market_price is below the no-arbitrage lower bound.,30.50588667753175,773.0174993156305,good,,0.15886799297975798,0.21618590967845366,ok,put
2026-09-04,2026-09-10,put,743.0,0.14,0.15,0.15,448.0,104.0,773.17,100,0.145,0.0099999999999999,True,,6.0,0.0164383561643835,773.5259519388196,-0.0402631760432201,True,,0.1598703048573987,,0.0,742.5116126380988,good,0.15797450601629917,0.15886799297975798,0.15974253309379083,ok,put
2026-09-04,2026-09-10,call,744.0,28.84,30.05,30.39,442.0,34.0,773.17,100,29.445,1.2100000000000009,True,,6.0,0.0164383561643835,773.5259519388196,-0.0389181859278874,False,below_european_lower_bound,,market_price is below the no-arbitrage lower bound.,29.50654399565008,773.0174993156305,good,,0.15605359076324965,0.21138129845231818,ok,put
2026-09-04,2026-09-10,put,744.0,0.15,0.16,0.15,266.0,85.0,773.17,100,0.155,0.01,True,,6.0,0.0164383561643835,773.5259519388196,-0.0389181859278874,True,,0.1570677169070281,,0.0,743.5109553199804,good,0.1552150364587052,0.15605359076324965,0.15687567596998908,ok,put
2026-09-04,2026-09-10,call,745.0,28.14,28.93,29.17,560.0,118.0,773.17,100,28.535,0.7899999999999991,True,,6.0,0.0164383561643835,773.5259519388196,-0.0375750023814197,True,,0.1199301540049727,,28.507201313768405,773.0174993156305,good,,0.15308898554583894,0.1970710978469562,ok,put
2026-09-04,2026-09-10,put,745.0,0.16,0.17,0.17,574.0,384.0,773.17,100,0.165,0.01,True,,6.0,0.0164383561643835,773.5259519388196,-0.0375750023814197,True,,0.1541148182377421,,0.0,744.5102980018621,good,0.15229993323893926,0.15308898554583894,0.1538636275562485,ok,put
2026-09-04,2026-09-10,call,746.0,26.88,28.07,28.53,418.0,42.0,773.17,100,27.475,1.1900000000000013,True,,6.0,0.0164383561643835,773.5259519388196,-0.0362336205572185,False,below_european_lower_bound,,market_price is below the no-arbitrage lower bound.,27.50785863188662,773.0174993156305,good,,0.14998395064575257,0.20160697206918934,ok,put
2026-09-04,2026-09-10,put,746.0,0.17,0.18,0.19,695.0,54.0,773.17,100,0.175,0.0099999999999999,True,,6.0,0.0164383561643835,773.5259519388196,-0.0362336205572185,True,,0.1510214372065254,,0.0,745.5096406837439,good,0.14923984343685923,0.14998395064575257,0.1507153771748166,ok,put
2026-09-04,2026-09-10,call,747.0,25.89,27.08,26.69,474.0,31.0,773.17,100,26.485,1.1899999999999975,True,,6.0,0.0164383561643835,773.5259519388196,-0.034894035628162,False,below_european_lower_bound,,market_price is below the no-arbitrage lower bound.,26.50851595000495,773.0174993156305,good,,0.1481194462004887,0.19663496423011753,ok,put
2026-09-04,2026-09-10,put,747.0,0.19,0.2,0.18,649.0,236.0,773.17,100,0.195,0.01,True,,6.0,0.0164383561643835,773.5259519388196,-0.034894035628162,True,,0.1491762832582629,,0.0,746.5089833656256,good,0.14743834650634421,0.1481194462004887,0.1487903016977654,ok,put
2026-09-04,2026-09-10,call,748.0,24.92,26.1,25.77,956.0,52.0,773.17,100,25.51,1.1799999999999995,True,,6.0,0.0164383561643835,773.5259519388196,-0.033556242786502,True,,0.0783085208365376,,25.50917326812328,773.0174993156305,good,,0.14594886038370683,0.19224504632625286,ok,put
2026-09-04,2026-09-10,put,748.0,0.21,0.22,0.21,2461.0,262.0,773.17,100,0.215,0.01,True,,6.0,0.0164383561643835,773.5259519388196,-0.033556242786502,True,,0.1470244474741888,,0.0,747.5083260475072,good,0.14532101652230223,0.14594886038370683,0.1465682814400084,ok,put
2026-09-04,2026-09-10,call,749.0,23.94,25.12,24.82,202.0,30.0,773.17,100,24.53,1.1799999999999995,True,,6.0,0.0164383561643835,773.5259519388196,-0.0322202372437598,True,,0.1008242442558854,,24.509830586241605,773.0174993156305,good,,0.14350717479797495,0.1877586423114492,ok,put
2026-09-04,2026-09-10,put,749.0,0.23,0.24,0.24,2539.0,415.0,773.17,100,0.235,0.0099999999999999,True,,6.0,0.0164383561643835,773.5259519388196,-0.0322202372437598,True,,0.1446010992185412,,0.0,748.5076687293889,good,0.1429251514910872,0.14350717479797495,0.1440821740449833,ok,put
2026-09-04,2026-09-10,call,750.0,22.97,24.14,24.18,36.0,102.0,773.17,100,23.555,1.1700000000000017,True,,6.0,0.0164383561643835,773.5259519388196,-0.0308860142306231,True,,0.1071516867765602,,23.51048790435993,773.0174993156305,good,,0.1408211570805993,0.18317525981180627,ok,put
2026-09-04,2026-09-10,put,750.0,0.25,0.26,0.26,1174.0,868.0,773.17,100,0.255,0.01,True,,6.0,0.0164383561643835,773.5259519388196,-0.0308860142306231,True,,0.1419331653682308,,0.0,749.5070114112706,good,0.14027914295949714,0.1408211570805993,0.14135724453705523,ok,put
2026-09-04,2026-09-10,call,751.0,22.0,23.16,23.52,176.0,23.0,773.17,100,22.58,1.16,True,,6.0,0.0164383561643835,773.5259519388196,-0.0295535689968446,True,,0.1096526106820295,,22.51114522247815,773.0174993156305,good,,0.138909877456534,0.17849404837049848,ok,put
2026-09-04,2026-09-10,put,751.0,0.28,0.29,0.28,272.0,199.0,773.17,100,0.285,0.0099999999999999,True,,6.0,0.0164383561643835,773.5259519388196,-0.0295535689968446,True,,0.1400459902042836,,0.0,750.5063540931524,good,0.13841318279580062,0.138909877456534,0.13940182236478868,ok,put
2026-09-04,2026-09-10,call,752.0,21.04,22.18,22.25,35.0,102.0,773.17,100,21.61,1.1400000000000006,True,,6.0,0.0164383561643835,773.5259519388196,-0.0282228968111395,True,,0.1113371534058448,,21.51180254059648,773.0174993156305,good,,0.13665268882067255,0.17371377744042305,ok,put
2026-09-04,2026-09-10,put,752.0,0.31,0.32,0.3,3724.0,477.0,773.17,100,0.315,0.01,True,,6.0,0.0164383561643835,773.5259519388196,-0.0282228968111395,True,,0.1378123591381197,,0.0,751.505696775034,good,0.1361942926464548,0.13665268882067255,0.13710720905443055,ok,put
2026-09-04,2026-09-10,call,753.0,20.09,21.2,21.67,64.0,156.0,773.17,100,20.645,1.1099999999999994,True,,6.0,0.0164383561643835,773.5259519388196,-0.0268939929610857,True,,0.1123934865491787,,20.51245985871481,773.0174993156305,good,,0.13408702482994858,0.16883280656878238,ok,put
2026-09-04,2026-09-10,put,753.0,0.34,0.35,0.33,785.0,151.0,773.17,100,0.345,0.0099999999999999,True,,6.0,0.0164383561643835,773.5259519388196,-0.0268939929610857,True,,0.1352699574831294,,0.0,752.5050394569157,good,0.13366159850709483,0.13408702482994858,0.13450924266767286,ok,put
2026-09-04,2026-09-10,call,754.0,19.14,20.22,19.42,329.0,109.0,773.17,100,19.68,1.0799999999999983,True,,6.0,0.0164383561643835,773.5259519388196,-0.0255668527530232,True,,0.1123197691214681,,19.51311717683313,773.0174993156305,good,,0.1320262418830313,0.16384904629823657,ok,put
2026-09-04,2026-09-10,put,754.0,0.38,0.39,0.39,254.0,198.0,773.17,100,0.385,0.01,True,,6.0,0.0164383561643835,773.5259519388196,-0.0255668527530232,True,,0.1332375429315933,,0.0,753.5043821387974,good,0.13163495114821697,0.1320262418830313,0.13241496335052289,ok,put
2026-09-04,2026-09-10,call,755.0,18.4,19.13,18.77,1365.0,204.0,773.17,100,18.765,0.7300000000000004,True,,6.0,0.0164383561643835,773.5259519388196,-0.0242414715119545,True,,0.1165112988638809,,18.513774494951463,773.0174993156305,good,0.09306335984500248,0.12959813087456032,0.15299323247385288,ok,put
2026-09-04,2026-09-10,put,755.0,0.42,0.43,0.43,838.0,1055.0,773.17,100,0.425,0.01,True,,6.0,0.0164383561643835,773.5259519388196,-0.0242414715119545,True,,0.1308374670327374,,0.0,754.503724820679,good,0.12923586043519458,0.12959813087456032,0.12995830900545052,ok,put
2026-09-04,2026-09-10,call,756.0,17.45,18.16,17.91,192.0,230.0,773.17,100,17.805,0.7100000000000009,True,,6.0,0.0164383561643835,773.5259519388196,-0.0229178445814463,True,,0.114928101209938,,17.514431813069677,773.0174993156305,good,0.09669864937281808,0.1275073919180649,0.14850571862113754,ok,put
2026-09-04,2026-09-10,put,756.0,0.47,0.48,0.49,588.0,543.0,773.17,100,0.475,0.01,True,,6.0,0.0164383561643835,773.5259519388196,-0.0229178445814463,True,,0.128779368950113,,0.0,755.5030675025608,good,0.12717366265851512,0.1275073919180649,0.12783945582864148,ok,put
2026-09-04,2026-09-10,call,757.0,16.53,17.2,17.56,260.0,340.0,773.17,100,16.865000000000002,0.6699999999999982,True,,6.0,0.0164383561643835,773.5259519388196,-0.0215959673235305,True,,0.1143950552183173,,16.515089131188006,773.0174993156305,good,0.10112870470897875,0.12563388328806163,0.14435935837882016,ok,put
2026-09-04,2026-09-10,put,757.0,0.53,0.54,0.54,298.0,362.0,773.17,100,0.535,0.01,True,,6.0,0.0164383561643835,773.5259519388196,-0.0215959673235305,True,,0.1269426982385267,,0.0,756.5024101844425,good,0.1253270946916617,0.12563388328806163,0.12593936655557428,ok,put
2026-09-04,2026-09-10,call,758.0,15.58,16.24,16.92,293.0,266.0,773.17,100,15.91,0.6599999999999984,True,,6.0,0.0164383561643835,773.5259519388196,-0.0202758351186076,True,,0.1121285657953052,,15.515746449306334,773.0174993156305,good,0.1006765785948395,0.12331192735250089,0.14001528787900888,ok,put
2026-09-04,2026-09-10,put,758.0,0.59,0.6,0.59,657.0,239.0,773.17,100,0.595,0.01,True,,6.0,0.0164383561643835,773.5259519388196,-0.0202758351186076,True,,0.1246574022515215,,0.0,757.5017528663242,good,0.12302780281390444,0.12331192735250089,0.12359500941838436,ok,put
2026-09-04,2026-09-10,call,759.0,14.67,15.3,15.47,556.0,193.0,773.17,100,14.985,0.6300000000000008,True,,6.0,0.0164383561643835,773.5259519388196,-0.0189574433653493,True,,0.111330853122764,,14.516403767424665,773.0174993156305,good,0.10231676184818268,0.12137356323916688,0.13637801132044125,ok,put
2026-09-04,2026-09-10,put,759.0,0.66,0.68,0.68,318.0,343.0,773.17,100,0.67,0.02,True,,6.0,0.0164383561643835,773.5259519388196,-0.0189574433653493,True,,0.1227618292270066,,0.0,758.5010955482059,good,0.12084841540259521,0.12137356323916688,0.12189546098034594,ok,put
2026-09-04,2026-09-10,call,760.0,13.76,14.36,14.05,372.0,668.0,773.17,100,14.06,0.5999999999999996,True,,6.0,0.0164383561643835,773.5259519388196,-0.0176407874806025,True,,0.1098451003050702,,13.517061085542991,773.0174993156305,good,0.10262436136080268,0.11943948754948691,0.13245976591588585,ok,put
2026-09-04,2026-09-10,put,760.0,0.75,0.76,0.75,3064.0,1050.0,773.17,100,0.755,0.01,True,,6.0,0.0164383561643835,773.5259519388196,-0.0176407874806025,True,,0.1208744428934494,,0.0,759.5004382300875,good,0.11919712771568454,0.11943948754948691,0.11968121757493654,ok,put
2026-09-04,2026-09-10,call,761.0,12.95,13.29,13.11,1367.0,655.0,773.17,100,13.12,0.3399999999999998,True,,6.0,0.0164383561643835,773.5259519388196,-0.0163258628992935,True,,0.1070011059979716,,12.517718403661206,773.0174993156305,good,0.1071608432180406,0.11745037487164371,0.12282669894522033,ok,put
2026-09-04,2026-09-10,put,761.0,0.84,0.86,0.85,586.0,831.0,773.17,100,0.85,0.02,True,,6.0,0.0164383561643835,773.5259519388196,-0.0163258628992935,True,,0.1189359887195063,,0.0,760.4997809119693,good,0.11700052861458808,0.11745037487164371,0.11789827530105348,ok,put
2026-09-04,2026-09-10,call,762.0,12.05,12.41,12.22,981.0,266.0,773.17,100,12.23,0.3599999999999994,True,,6.0,0.0164383561643835,773.5259519388196,-0.015012665074333,True,,0.10612549432184,,11.518375721779536,773.0174993156305,good,0.1057019626723624,0.11535711514326669,0.121025491348351,ok,put
2026-09-04,2026-09-10,put,762.0,0.95,0.96,0.94,623.0,352.0,773.17,100,0.955,0.01,True,,6.0,0.0164383561643835,773.5259519388196,-0.015012665074333,True,,0.1168975718216008,,0.0,761.499123593851,good,0.11514813200121568,0.11535711514326669,0.11556572372845858,ok,put
2026-09-04,2026-09-10,call,763.0,11.17,11.54,11.5,2349.0,498.0,773.17,100,11.355,0.3699999999999992,True,,6.0,0.0164383561643835,773.5259519388196,-0.0137011894765223,True,,0.1051528779441908,,10.519033039897865,773.0174993156305,good,0.10443655657325214,0.1135073029544493,0.11903718427587015,ok,put
2026-09-04,2026-09-10,put,763.0,1.07,1.09,1.08,585.0,413.0,773.17,100,1.08,0.02,True,,6.0,0.0164383561643835,773.5259519388196,-0.0137011894765223,True,,0.1151102280908853,,0.0,762.4984662757327,good,0.11311795571177637,0.1135073029544493,0.11389551904100627,ok,put
2026-09-04,2026-09-10,call,764.0,10.32,10.68,11.14,1548.0,476.0,773.17,100,10.5,0.3599999999999994,True,,6.0,0.0164383561643835,773.5259519388196,-0.0123914315944588,True,,0.104220176177473,,9.519690358016192,773.0174993156305,good,0.10362363828629936,0.1116069427186709,0.11683515240178084,ok,put
2026-09-04,2026-09-10,put,764.0,1.21,1.23,1.22,409.0,388.0,773.17,100,1.22,0.02,True,,6.0,0.0164383561643835,773.5259519388196,-0.0123914315944588,True,,0.1132785665813797,,0.0,763.4978089576143,good,0.11124318004630308,0.1116069427186709,0.1119698591743108,ok,put
2026-09-04,2026-09-10,call,765.0,9.51,9.8,9.6,1688.0,518.0,773.17,100,9.655,0.2900000000000009,True,,6.0,0.0164383561643835,773.5259519388196,-0.0110833869344434,True,,0.102875659422197,,8.52034767613452,773.0174993156305,good,0.10343204398816588,0.10976820769440003,0.11339231742364202,ok,put
2026-09-04,2026-09-10,put,765.0,1.37,1.39,1.39,1785.0,642.0,773.17,100,1.38,0.0199999999999997,True,,6.0,0.0164383561643835,773.5259519388196,-0.0110833869344434,True,,0.1115166926038091,,0.0,764.497151639496,good,0.10942714489150875,0.10976820769440003,0.11010864815614227,ok,put
2026-09-04,2026-09-10,call,766.0,8.7,8.98,8.78,1849.0,437.0,773.17,100,8.84,0.2800000000000011,True,,6.0,0.0164383561643835,773.5259519388196,-0.009777051020388,True,,0.1017994111346894,,7.521004994252735,773.0174993156305,good,0.10233477452489706,0.10791092894483072,0.11136873315886398,ok,put
2026-09-04,2026-09-10,put,766.0,1.55,1.57,1.57,655.0,298.0,773.17,100,1.56,0.02,True,,6.0,0.0164383561643835,773.5259519388196,-0.009777051020388,True,,0.1097450644862795,,0.0,765.4964943213778,good,0.10758968602248928,0.10791092894483072,0.1082317227021935,ok,put
2026-09-04,2026-09-10,call,767.0,7.92,8.22,8.0,2450.0,660.0,773.17,100,8.07,0.3000000000000007,True,,6.0,0.0164383561643835,773.5259519388196,-0.0084724193937231,True,,0.1013325153421223,,6.521662312371063,773.0174993156305,good,0.10135821207628351,0.10627096528422561,0.11048297363972222,ok,put
2026-09-04,2026-09-10,put,767.0,1.76,1.78,1.78,2725.0,190.0,773.17,100,1.77,0.02,True,,6.0,0.0164383561643835,773.5259519388196,-0.0084724193937231,True,,0.1082029141990607,,0.0,766.4958370032595,good,0.10596710288850758,0.10627096528422561,0.10657451455201136,ok,put
2026-09-04,2026-09-10,call,768.0,7.17,7.4,7.24,3751.0,396.0,773.17,100,7.285,0.2300000000000004,True,,6.0,0.0164383561643835,773.5259519388196,-0.0071694876133071,True,,0.0995149277006763,,5.522319630489392,773.0174993156305,good,0.10040842787035592,0.10445548937634266,0.10707229345165366,ok,put
2026-09-04,2026-09-10,put,768.0,1.99,2.01,2.01,1393.0,101.0,773.17,100,2.0,0.0199999999999997,True,,6.0,0.0164383561643835,773.5259519388196,-0.0071694876133071,True,,0.106496181772683,,0.0,767.4951796851411,good,0.10416621504158544,0.10445548937634266,0.104744552392651,ok,put
2026-09-04,2026-09-10,call,769.0,6.44,6.69,6.62,3067.0,699.0,773.17,100,6.565,0.25,True,,6.0,0.0164383561643835,773.5259519388196,-0.0058682512553353,True,,0.098739563797209,,4.52297694860772,773.0174993156305,good,0.09913343653889865,0.10269298500865003,0.10606124209559212,ok,put
2026-09-04,2026-09-10,put,769.0,2.25,2.27,2.26,1416.0,70.0,773.17,100,2.26,0.02,True,,6.0,0.0164383561643835,773.5259519388196,-0.0058682512553353,True,,0.1048574173705762,,0.0,768.4945223670228,good,0.1024158786266209,0.10269298500865003,0.10296995717640854,ok,put
2026-09-04,2026-09-10,call,770.0,5.8,5.97,5.85,1357.0,661.0,773.17,100,5.885,0.1699999999999999,True,,6.0,0.0164383561643835,773.5259519388196,-0.0045687059132497,True,,0.0981193263503522,,3.5236342667260487,773.0174993156305,good,0.09938195559424334,0.10117237236630942,0.10392283031345849,ok,put
2026-09-04,2026-09-10,put,770.0,2.55,2.57,2.56,3244.0,1196.0,773.17,100,2.56,0.02,True,,6.0,0.0164383561643835,773.5259519388196,-0.0045687059132497,True,,0.103479543763736,,0.0,769.4938650489045,good,0.10090509347415179,0.10117237236630942,0.10143957441374277,ok,put
2026-09-04,2026-09-10,call,771.0,5.15,5.24,5.15,880.0,385.0,773.17,100,5.195,0.0899999999999998,True,,6.0,0.0164383561643835,773.5259519388196,-0.0032708471976499,True,,0.0962698523833658,,2.5242915848442635,773.0174993156305,good,0.09835199512128652,0.09967248723202178,0.10069127553903126,ok,put
2026-09-04,2026-09-10,put,771.0,2.88,2.91,2.91,673.0,216.0,773.17,100,2.895,0.0300000000000002,True,,6.0,0.0164383561643835,773.5259519388196,-0.0032708471976499,True,,0.1021430573985169,,0.0,770.4932077307863,good,0.0992825991290305,0.09967248723202178,0.10006229232533577,ok,put
2026-09-04,2026-09-10,call,772.0,4.47,4.64,4.67,1710.0,641.0,773.17,100,4.555,0.1699999999999999,True,,6.0,0.0164383561643835,773.5259519388196,-0.0019746707362031,True,,0.0947644454701922,,1.524948902962592,773.0174993156305,good,0.09558649404729273,0.09825595557976391,0.09992233725363533,ok,put
2026-09-04,2026-09-10,put,772.0,3.26,3.28,3.25,3346.0,163.0,773.17,100,3.27,0.02,True,,6.0,0.0164383561643835,773.5259519388196,-0.0019746707362031,True,,0.1009149919024696,,0.0,771.4925504126679,good,0.09800092463938902,0.09825595557976391,0.09851097468160575,ok,put
2026-09-04,2026-09-10,call,773.0,3.98,4.01,4.0,2621.0,162.0,773.17,100,3.995,0.0299999999999998,True,,6.0,0.0164383561643835,773.5259519388196,-0.0006801721735573,True,,0.094275623547258,,0.5256062210809205,773.0174993156305,good,0.09664647999494168,0.09686146517733757,0.09740461430862833,ok,put
2026-09-04,2026-09-10,put,773.0,3.67,3.7,3.68,1822.0,176.0,773.17,100,3.685,0.0300000000000002,True,,6.0,0.0164383561643835,773.5259519388196,-0.0006801721735573,True,,0.0997387183310903,,0.0,772.4918930945496,good,0.096482396695858,0.09686146517733757,0.09724053223709114,ok,put
2026-09-04,2026-09-10,call,774.0,3.43,3.46,3.43,1987.0,937.0,773.17,100,3.4450000000000003,0.0299999999999998,True,,6.0,0.0164383561643835,773.5259519388196,0.0006126528287476,True,,0.0929685432600443,,0.0,773.0174993156305,good,0.09512536849688756,0.0955050321447602,0.09588468768277551,ok,call
2026-09-04,2026-09-10,put,774.0,4.13,4.16,4.13,1058.0,123.0,773.17,100,4.145,0.0300000000000002,True,,6.0,0.0164383561643835,773.5259519388196,0.0006126528287476,True,,0.0986965235881,,0.473736460800751,773.4912357764313,good,0.0951852515320159,0.0955050321447602,0.09594456816204737,ok,call
2026-09-04,2026-09-10,call,775.0,2.94,2.96,2.95,3764.0,934.0,773.17,100,2.95,0.02,True,,6.0,0.0164383561643835,773.5259519388196,0.0019038085923675,True,,0.0919529069675927,,0.0,773.0174993156305,good,0.09404005643190402,0.09429650739058892,0.09455293545249586,ok,call
2026-09-04,2026-09-10,put,775.0,4.61,4.7,4.67,704.0,272.0,773.17,100,4.655,0.0899999999999998,True,,6.0,0.0164383561643835,773.5259519388196,0.0019038085923675,True,,0.0978852353424983,,1.4730791426824226,774.4905784583129,good,0.09330197995325581,0.09429650739058892,0.09560981308815587,ok,call
2026-09-04,2026-09-10,call,776.0,2.49,2.51,2.49,894.0,466.0,773.17,100,2.5,0.0199999999999995,True,,6.0,0.0164383561643835,773.5259519388196,0.0031932994222393,True,,0.0909544426518799,,0.0,773.0174993156305,good,0.09286105889697073,0.09312413491480644,0.09338714778854101,ok,call
2026-09-04,2026-09-10,put,776.0,5.1,5.33,5.18,96.0,111.0,773.17,100,5.215,0.2300000000000004,True,,6.0,0.0164383561643835,773.5259519388196,0.0031932994222393,True,,0.0972983717306703,,2.472421824564208,775.4899211401947,good,0.0904926360790005,0.09312413491480644,0.09654076218621682,ok,call
2026-09-04,2026-09-10,call,777.0,2.09,2.1,2.09,755.0,283.0,773.17,100,2.095,0.0100000000000002,True,,6.0,0.0164383561643835,773.5259519388196,0.004481129606668,True,,0.0899667208628455,,0.0,773.0174993156305,good,0.09184266809173677,0.09197938579648156,0.09211607028055353,ok,call
2026-09-04,2026-09-10,put,777.0,5.7,5.94,5.84,598.0,32.0,773.17,100,5.82,0.2400000000000002,True,,6.0,0.0164383561643835,773.5259519388196,0.004481129606668,True,,0.0968213025661318,,3.47176450644588,776.4892638220764,good,0.08934681182143504,0.09197938579648156,0.09590165092687458,ok,call
2026-09-04,2026-09-10,call,778.0,1.73,1.75,1.71,1347.0,514.0,773.17,100,1.74,0.02,True,,6.0,0.0164383561643835,773.5259519388196,0.0057673034174122,True,,0.0891432826488218,,0.0,773.0174993156305,good,0.09072663003659702,0.09101481172553601,0.0913027479441298,ok,call
2026-09-04,2026-09-10,put,778.0,6.35,6.59,6.26,1334.0,34.0,773.17,100,6.47,0.2400000000000002,True,,6.0,0.0164383561643835,773.5259519388196,0.0057673034174122,True,,0.0964871412305061,,4.471107188327551,777.4886065039581,good,0.088348132527644,0.09101481172553601,0.09524692768188218,ok,call
2026-09-04,2026-09-10,call,779.0,1.42,1.44,1.44,2366.0,268.0,773.17,100,1.43,0.02,True,,6.0,0.0164383561643835,773.5259519388196,0.0070518251097689,True,,0.0883930185015338,,0.0,773.0174993156305,good,0.08982937923221239,0.09013742929464141,0.0904450553043499,ok,call
2026-09-04,2026-09-10,put,779.0,7.01,7.33,7.03,2092.0,19.0,773.17,100,7.17,0.3200000000000003,True,,6.0,0.0164383561643835,773.5259519388196,0.0070518251097689,True,,0.0965040797079153,,5.470449870209222,778.4879491858397,good,0.08630646810853679,0.09013742929464141,0.09611573290682754,ok,call
2026-09-04,2026-09-10,call,780.0,1.15,1.17,1.17,1538.0,777.0,773.17,100,1.16,0.02,True,,6.0,0.0164383561643835,773.5259519388196,0.0083346989226581,True,,0.0876247234614176,,0.0,773.0174993156305,good,0.08891960380104458,0.08925395695312487,0.08958760048866697,ok,call
2026-09-04,2026-09-10,put,780.0,7.73,8.07,7.74,2612.0,1.0,773.17,100,7.9,0.3399999999999998,True,,6.0,0.0164383561643835,773.5259519388196,0.0083346989226581,True,,0.0963645142528861,,6.469792552090894,779.4872918677214,good,0.0846933184835845,0.08925395695312487,0.09598253966177168,ok,call
2026-09-04,2026-09-10,call,781.0,0.92,0.94,0.92,2783.0,881.0,773.17,100,0.93,0.0199999999999999,True,,6.0,0.0164383561643835,773.5259519388196,0.0096159290787066,True,,0.086915820267009,,0.0,773.0174993156305,good,0.08807240616940168,0.08844097771304232,0.08880838120946781,ok,call
2026-09-04,2026-09-10,put,781.0,8.49,8.79,8.34,1542.0,0.0,773.17,100,8.64,0.2999999999999989,True,,6.0,0.0164383561643835,773.5259519388196,0.0096159290787066,True,,0.0954245209042029,,7.469135233972679,780.4866345496032,good,0.0829457798575267,0.08844097771304232,0.09399477112993909,ok,call
2026-09-04,2026-09-10,call,782.0,0.74,0.75,0.74,1994.0,1605.0,773.17,100,0.745,0.01,True,,6.0,0.0164383561643835,773.5259519388196,0.0108955197843318,True,,0.0866014224043025,,0.0,773.0174993156305,good,0.08782969568856792,0.0880350682080656,0.0882399714631003,ok,call
2026-09-04,2026-09-10,put,782.0,9.29,9.62,9.65,420.0,0.0,773.17,100,9.454999999999998,0.33,True,,6.0,0.0164383561643835,773.5259519388196,0.0108955197843318,True,,0.0959789879228392,,8.46847791585435,781.4859772314849,good,0.08111676454926803,0.0880350682080656,0.09470169235332661,ok,call
2026-09-04,2026-09-10,call,783.0,0.58,0.6,0.58,1565.0,502.0,773.17,100,0.59,0.02,True,,6.0,0.0164383561643835,773.5259519388196,0.0121734752298238,True,,0.0862883712093269,,0.0,773.0174993156305,good,0.08717336698835015,0.08763908581010957,0.08810178034305285,ok,call
2026-09-04,2026-09-10,put,783.0,10.12,10.48,9.66,177.0,0.0,773.17,100,10.3,0.3600000000000012,True,,6.0,0.0164383561643835,773.5259519388196,0.0121734752298238,True,,0.0967292335971012,,9.467820597736022,782.4853199133665,good,0.07879878986097072,0.08763908581010957,0.09566355083023877,ok,call
2026-09-04,2026-09-10,call,784.0,0.45,0.47,0.46,1270.0,409.0,773.17,100,0.4599999999999999,0.0199999999999999,True,,6.0,0.0164383561643835,773.5259519388196,0.0134497995894284,True,,0.0858844042198648,,0.0,773.0174993156305,good,0.08662252546299247,0.08715899895551732,0.08769052766605638,ok,call
2026-09-04,2026-09-10,put,784.0,10.89,11.54,10.69,607.0,1.0,773.17,100,11.215,0.6499999999999986,True,,6.0,0.0164383561643835,773.5259519388196,0.0134497995894284,True,,0.0996198976465685,,10.467163279617694,783.4846625952482,good,0.06916713192964376,0.08715899895551732,0.10458527351949833,ok,call
2026-09-04,2026-09-10,call,785.0,0.35,0.36,0.35,1628.0,277.0,773.17,100,0.355,0.01,True,,6.0,0.0164383561643835,773.5259519388196,0.014724497021429,True,,0.085544609193478,,0.0,773.0174993156305,good,0.08643759893372321,0.08675025682773356,0.08706087513300528,ok,call
2026-09-04,2026-09-10,call,786.0,0.27,0.28,0.28,790.0,64.0,773.17,100,0.275,0.01,True,,6.0,0.0164383561643835,773.5259519388196,0.0159975716682271,True,,0.0855387784418749,,0.0,773.0174993156305,good,0.08631596203693971,0.08668409189968758,0.08704889509512174,ok,call
2026-09-04,2026-09-10,put,786.0,12.6,13.75,13.36,2.0,0.0,773.17,100,13.175,1.1500000000000004,True,,6.0,0.0164383561643835,773.5259519388196,0.0159975716682271,True,,0.1102298242712037,,12.46584864338115,785.4833479590117,good,,0.08668409189968758,0.12617792074841286,ok,call
2026-09-04,2026-09-10,call,787.0,0.21,0.22,0.21,1371.0,246.0,773.17,100,0.215,0.01,True,,6.0,0.0164383561643835,773.5259519388196,0.0172690276564238,True,,0.0858878806054276,,0.0,773.0174993156305,good,0.08654601480131711,0.08698091850078081,0.0874104981496885,ok,call
2026-09-04,2026-09-10,put,787.0,13.61,14.73,14.44,44.0,0.0,773.17,100,14.17,1.120000000000001,True,,6.0,0.0164383561643835,773.5259519388196,0.0172690276564238,True,,0.1160311804993109,,13.465191325262822,786.4826906408933,good,,0.08698091850078081,0.13167967584900403,ok,call
2026-09-04,2026-09-10,call,788.0,0.16,0.17,0.17,180.0,214.0,773.17,100,0.165,0.01,True,,6.0,0.0164383561643835,773.5259519388196,0.0185388690968997,True,,0.086038938276619,,0.0,773.0174993156305,good,0.08655984777836052,0.08708268119187144,0.0875967378612276,ok,call
2026-09-04,2026-09-10,put,788.0,14.59,15.76,19.26,112.0,0.0,773.17,100,15.175,1.17,True,,6.0,0.0164383561643835,773.5259519388196,0.0185388690968997,True,,0.12224086016987,,14.464534007144492,787.482033322775,good,,0.08708268119187144,0.13923713453118414,ok,call
2026-09-04,2026-09-10,call,789.0,0.12,0.13,0.14,256.0,99.0,773.17,100,0.125,0.01,True,,6.0,0.0164383561643835,773.5259519388196,0.0198071000848949,True,,0.0861231971254693,,0.0,773.0174993156305,good,0.08648306495098099,0.08712118640077374,0.08774452779077231,ok,call
2026-09-04,2026-09-10,call,790.0,0.09,0.1,0.12,774.0,397.0,773.17,100,0.095,0.01,True,,6.0,0.0164383561643835,773.5259519388196,0.0210737247000878,True,,0.0863892497002282,,0.0,773.0174993156305,good,0.08656329371513265,0.08734650476711582,0.08810496158361807,ok,call
2026-09-04,2026-09-10,call,791.0,0.07,0.08,0.08,593.0,88.0,773.17,100,0.075,0.0099999999999999,True,,6.0,0.0164383561643835,773.5259519388196,0.0223387470066745,True,,0.0872761171405197,,0.0,773.0174993156305,good,0.0872561669186482,0.08820047837443097,0.08910595517400591,ok,call
2026-09-04,2026-09-10,put,791.0,17.56,18.78,18.5,2.0,0.0,773.17,100,18.17,1.2200000000000024,True,,6.0,0.0164383561643835,773.5259519388196,0.0223387470066745,True,,0.1394282449108508,,17.46256205278962,790.4800613684201,good,,0.08820047837443097,0.15849244738231072,ok,call
2026-09-04,2026-09-10,call,792.0,0.06,0.07,0.08,6578.0,110.0,773.17,100,0.065,0.01,True,,6.0,0.0164383561643835,773.5259519388196,0.0236021710534465,True,,0.0894259367623471,,0.0,773.0174993156305,good,0.08925472235636216,0.09032920268560402,0.09135187886770416,ok,call
2026-09-04,2026-09-10,call,793.0,0.05,0.06,0.06,51.0,199.0,773.17,100,0.055,0.0099999999999999,True,,6.0,0.0164383561643835,773.5259519388196,0.0248640008738687,True,,0.091195991750193,,0.0,773.0174993156305,good,0.09083296054867783,0.09207732562969057,0.09324969653646452,ok,call
2026-09-04,2026-09-10,call,794.0,0.04,0.05,0.04,97.0,43.0,773.17,100,0.045,0.01,True,,6.0,0.0164383561643835,773.5259519388196,0.0261242404861562,True,,0.0924908915448005,,0.0,773.0174993156305,good,0.09186973736118506,0.09334883281317273,0.09472181756103702,ok,call
2026-09-04,2026-09-10,call,795.0,0.03,0.04,0.03,155.0,82.0,773.17,100,0.035,0.01,True,,6.0,0.0164383561643835,773.5259519388196,0.0273828938933524,True,,0.0931504628477039,,0.0,773.0174993156305,good,0.09215036995976181,0.09398254308914486,0.09564353004898864,ok,call
2026-09-04,2026-09-10,call,796.0,0.03,0.04,0.02,60.0,267.0,773.17,100,0.035,0.01,True,,6.0,0.0164383561643835,773.5259519388196,0.0286399650834036,True,,0.0968551058663877,,0.0,773.0174993156305,good,0.09579399446130939,0.09768266371260538,0.0993943280665516,ok,call
2026-09-04,2026-09-10,call,797.0,0.02,0.03,0.04,24.0,64.0,773.17,100,0.025,0.0099999999999999,True,,6.0,0.0164383561643835,773.5259519388196,0.0298954580292356,True,,0.0964341514654898,,0.0,773.0174993156305,good,0.09471378628113677,0.09723204525548447,0.09941696759287702,ok,call
2026-09-04,2026-09-10,call,798.0,0.02,0.03,0.02,9.0,124.0,773.17,100,0.025,0.0099999999999999,True,,6.0,0.0164383561643835,773.5259519388196,0.0311493766888294,True,,0.0999784433656769,,0.0,773.0174993156305,good,0.09818106379114117,0.1007725431831534,0.10302017168692304,ok,call
2026-09-04,2026-09-10,call,799.0,0.02,0.03,0.03,961.0,1250.0,773.17,100,0.025,0.0099999999999999,True,,6.0,0.0164383561643835,773.5259519388196,0.0324017250052953,True,,0.1035042914249145,,0.0,773.0174993156305,good,0.1016308463805218,0.10429475640928222,0.10660440590214616,ok,call
2026-09-04,2026-09-10,call,800.0,0.02,0.03,0.02,1304.0,1430.0,773.17,100,0.025,0.0099999999999999,True,,6.0,0.0164383561643835,773.5259519388196,0.0336525069069479,True,,0.1070123984170192,,0.0,773.0174993156305,good,0.10506379259111663,0.10779938949211222,0.1101704024364517,ok,call
2026-09-04,2026-09-10,call,801.0,0.01,0.02,0.02,149.0,39.0,773.17,100,0.015,0.01,True,,6.0,0.0164383561643835,773.5259519388196,0.0349017263073799,True,,0.1043618105851736,,0.0,773.0174993156305,good,0.10078516852845897,0.10511189064727126,0.10848051105728866,ok,call
2026-09-04,2026-09-10,put,801.0,27.48,28.87,28.2,1.0,0.0,773.17,100,28.175,1.3900000000000006,True,,6.0,0.0164383561643835,773.5259519388196,0.0349017263073799,True,,0.1944400192281126,,27.455988871606564,800.4734881872371,good,,0.10511189064727126,0.22062684118278356,ok,call
2026-09-04,2026-09-10,call,802.0,0.01,0.02,0.02,86.0,122.0,773.17,100,0.015,0.01,True,,6.0,0.0164383561643835,773.5259519388196,0.0361493871055352,True,,0.1076801239428709,,0.0,773.0174993156305,good,0.10398866128634747,0.10842733804368929,0.11188156153655657,ok,call
2026-09-04,2026-09-10,call,803.0,0.01,0.02,0.02,0.0,32.0,773.17,100,0.015,0.01,True,,6.0,0.0164383561643835,773.5259519388196,0.0373954931857824,True,,0.1109839618832956,,0.0,773.0174993156305,good,0.10717876991325251,0.11172841700702169,0.11526746177588203,ok,call
2026-09-04,2026-09-10,call,804.0,0.01,0.02,0.02,6.0,8.0,773.17,100,0.015,0.01,True,,6.0,0.0164383561643835,773.5259519388196,0.0386400484179869,True,,0.1142737800725816,,0.0,773.0174993156305,good,0.11035590463351493,0.1150155682884941,0.11863868998938332,ok,call
2026-09-04,2026-09-10,call,805.0,0.01,0.02,0.02,10.0,172.0,773.17,100,0.015,0.01,True,,6.0,0.0164383561643835,773.5259519388196,0.0398830566575839,True,,0.1175500086545104,,0.0,773.0174993156305,good,0.11352044502721151,0.11828921494719699,0.12199569300163406,ok,call
2026-09-04,2026-09-10,call,806.0,0.01,0.02,0.01,0.0,19.0,773.17,100,0.015,0.01,True,,6.0,0.0164383561643835,773.5259519388196,0.0411245217456488,True,,0.1208130246320948,,0.0,773.0174993156305,good,0.11667274562463856,0.1215497430646009,0.12533888762805853,ok,call
2026-09-04,2026-09-10,call,807.0,0.01,0.02,0.01,0.0,10.0,773.17,100,0.015,0.01,True,,6.0,0.0164383561643835,773.5259519388196,0.0423644475089694,True,,0.124063208979976,,0.0,773.0174993156305,good,0.11981313738379497,0.1247975158358253,0.12866865633671093,ok,call
2026-09-04,2026-09-10,call,808.0,0.01,0.02,0.02,0.0,82.0,773.17,100,0.015,0.01,True,,6.0,0.0164383561643835,773.5259519388196,0.043602837760116,True,,0.1273009052841174,,0.0,773.0174993156305,good,0.12294193182118106,0.1280328721940817,0.13198536943749517,ok,call
2026-09-04,2026-09-10,call,809.0,0.01,0.02,0.01,0.0,121.0,773.17,100,0.015,0.01,True,,6.0,0.0164383561643835,773.5259519388196,0.0448396962975123,True,,0.130526436220137,,0.0,773.0174993156305,good,0.12605941808720478,0.1312561315708111,0.13528935894208322,ok,call
2026-09-04,2026-09-10,call,810.0,0.01,0.02,0.02,0.0,20.0,773.17,100,0.015,0.01,True,,6.0,0.0164383561643835,773.5259519388196,0.0460750269055051,True,,0.1337401052817627,,0.0,773.0174993156305,good,0.1291658729320834,0.1344675927958001,0.13858095180755448,ok,call
2026-09-04,2026-09-10,call,820.0,0.01,0.02,0.01,42.0,0.0,773.17,100,0.015,0.01,True,,6.0,0.0164383561643835,773.5259519388196,0.0583451194973194,True,,0.1652802157976339,,0.0,773.0174993156305,good,0.1596740781494956,0.16598847558999777,0.17087378948895768,ok,call
2026-09-04,2026-09-10,call,825.0,0.01,0.02,0.01,1.0,2.0,773.17,100,0.015,0.01,True,,6.0,0.0164383561643835,773.5259519388196,0.0644241655737015,True,,0.1806844089164335,,0.0,773.0174993156305,good,0.17458593013503834,0.18138453751514821,0.1866384868648975,ok,call
2026-09-04,2026-09-10,call,830.0,0.0,0.01,0.02,1.0,0.0,773.17,100,0.005,0.01,True,,6.0,0.0164383561643835,773.5259519388196,0.0704664800296642,True,,0.1776938593157832,,0.0,773.0174993156305,good,,0.17833632058508914,0.18929389758353307,ok,call
2026-09-04,2026-09-10,put,830.0,56.53,57.82,56.67,2.0,0.0,773.17,100,57.175,1.2899999999999991,True,,6.0,0.0164383561643835,773.5259519388196,0.0704664800296642,True,,0.3361510206423791,,56.43692664617561,829.4544259618061,good,,0.17833632058508914,0.3640972816741471,ok,call
2026-09-04,2026-09-10,put,835.0,61.53,62.82,62.14,1.0,0.0,773.17,100,62.175,1.2899999999999991,True,,6.0,0.0164383561643835,773.5259519388196,0.076472504089876,True,,0.3589289304360127,,61.43364005558408,834.4511393712146,good,,0.3220032621094434,0.3872397963881222,ok,call
2026-09-04,2026-09-10,call,840.0,0.0,0.01,0.02,0.0,1.0,773.17,100,0.005,0.01,True,,6.0,0.0164383561643835,773.5259519388196,0.0824426710763799,True,,0.2051605368348475,,0.0,773.0174993156305,good,,0.20579235333763934,0.2181520822076927,ok,call
2026-09-04,2026-09-11,call,670.0,101.49,105.97,104.4,4.0,11.0,773.17,100,103.73,4.480000000000004,True,,7.0,0.0191780821917808,773.5852931920283,-0.1437582207047345,True,,0.470287271541167,,103.50586097240864,772.9920854594448,good,,0.3784681578015256,0.7072739884931861,ok,put
2026-09-04,2026-09-11,put,670.0,0.03,0.04,0.03,78.0,2875.0,773.17,100,0.035,0.01,True,,7.0,0.0191780821917808,773.5852931920283,-0.1437582207047345,True,,0.3787842694658041,,0.0,669.4862244870361,good,0.3727809855788415,0.3784681578015256,0.3835771843948281,ok,put
2026-09-04,2026-09-11,call,675.0,96.47,100.98,99.41,4.0,3.0,773.17,100,98.725,4.510000000000005,True,,7.0,0.0191780821917808,773.5852931920283,-0.1363232422172165,True,,0.44652395215978,,98.50969511802782,772.9920854594448,good,,0.3606550375638809,0.6799344312347211,ok,put
2026-09-04,2026-09-11,put,675.0,0.03,0.04,0.04,15.0,2469.0,773.17,100,0.035,0.01,True,,7.0,0.0191780821917808,773.5852931920283,-0.1363232422172165,True,,0.3609677182741426,,0.0,674.4823903414169,good,0.35519477870679544,0.3606550375638809,0.36556138857253184,ok,put
2026-09-04,2026-09-11,call,680.0,91.67,95.35,94.27,10.0,23.0,773.17,100,93.51,3.6799999999999926,True,,7.0,0.0191780821917808,773.5852931920283,-0.128943134919594,False,below_european_lower_bound,,market_price is below the no-arbitrage lower bound.,93.51352926364687,772.9920854594448,good,,0.34290512948691854,0.6047921178812781,ok,put
2026-09-04,2026-09-11,put,680.0,0.03,0.04,0.05,66.0,8379.0,773.17,100,0.035,0.01,True,,7.0,0.0191780821917808,773.5852931920283,-0.128943134919594,True,,0.3432144224990979,,0.0,679.4785561957979,good,0.3376722566516364,0.34290512948691854,0.34760835740857643,ok,put
2026-09-04,2026-09-11,call,685.0,86.57,90.27,89.2,9.0,14.0,773.17,100,88.41999999999999,3.700000000000003,True,,7.0,0.0191780821917808,773.5852931920283,-0.121617094827521,False,below_european_lower_bound,,market_price is below the no-arbitrage lower bound.,88.51736340926607,772.9920854594448,good,,0.3338144913925197,0.5718424187017683,ok,put
2026-09-04,2026-09-11,put,685.0,0.04,0.05,0.05,125.0,6469.0,773.17,100,0.045,0.01,True,,7.0,0.0191780821917808,773.5852931920283,-0.121617094827521,True,,0.3341315146422274,,0.0,684.4747220501787,good,0.32971224238161084,0.3338144913925197,0.33759521201634624,ok,put
2026-09-04,2026-09-11,call,690.0,81.6,85.27,84.22,33.0,21.0,773.17,100,83.435,3.6700000000000017,True,,7.0,0.0191780821917808,773.5852931920283,-0.1143443354984412,False,below_european_lower_bound,,market_price is below the no-arbitrage lower bound.,83.52119755488525,772.9920854594448,good,,0.3157835753622592,0.5454232028876871,ok,put
2026-09-04,2026-09-11,put,690.0,0.04,0.05,0.05,353.0,1529.0,773.17,100,0.045,0.01,True,,7.0,0.0191780821917808,773.5852931920283,-0.1143443354984412,True,,0.3160971271439305,,0.0,689.4708879045595,good,0.3118667047046417,0.3157835753622592,0.3193943130597257,ok,put
2026-09-04,2026-09-11,put,691.0,0.04,0.05,0.07,300.0,244.0,773.17,100,0.045,0.01,True,,7.0,0.0191780821917808,773.5852931920283,-0.1128961093220764,True,,0.3124956258956908,,0.0,690.4701210754357,good,0.30830306813037417,0.3121827647385916,0.31575941331973106,ok,put
2026-09-04,2026-09-11,call,692.0,79.6,83.4,82.13,14.0,1.0,773.17,100,81.5,3.8000000000000114,True,,7.0,0.0191780821917808,773.5852931920283,-0.1114499774720767,False,below_european_lower_bound,,market_price is below the no-arbitrage lower bound.,81.52273121313283,772.9920854594448,good,,0.3085836076457936,0.544578331501354,ok,put
2026-09-04,2026-09-11,put,692.0,0.04,0.05,0.05,2.0,164.0,773.17,100,0.045,0.01,True,,7.0,0.0191780821917808,773.5852931920283,-0.1114499774720767,True,,0.3088957794643455,,0.0,691.4693542463119,good,0.30474112077094145,0.3085836076457936,0.3121261328555639,ok,put
2026-09-04,2026-09-11,call,693.0,78.52,83.0,81.17,26.0,15.0,773.17,100,80.75999999999999,4.480000000000004,True,,7.0,0.0191780821917808,773.5852931920283,-0.1100059338998431,True,,0.3756813640380875,,80.52349804225673,772.9920854594448,good,,0.3049860424587711,0.579742542815239,ok,put
2026-09-04,2026-09-11,put,693.0,0.04,0.05,0.05,1627.0,265.0,773.17,100,0.045,0.01,True,,7.0,0.0191780821917808,773.5852931920283,-0.1100059338998431,True,,0.3052975313395339,,0.0,692.468587417188,good,0.3011808035932149,0.3049860424587711,0.30849440955433843,ok,put
2026-09-04,2026-09-11,call,694.0,77.56,81.59,80.15,14.0,7.0,773.17,100,79.575,4.030000000000001,True,,7.0,0.0191780821917808,773.5852931920283,-0.1085639725829418,True,,0.3056696791661121,,79.52426487138052,772.9920854594448,good,,0.3080950264677104,0.547220580004002,ok,put
2026-09-04,2026-09-11,put,694.0,0.05,0.06,0.06,1655.0,6834.0,773.17,100,0.055,0.0099999999999999,True,,7.0,0.0191780821917808,773.5852931920283,-0.1085639725829418,True,,0.308415064864098,,0.0,693.4678205880642,good,0.3048641788744513,0.3080950264677104,0.31112060422121157,ok,put
2026-09-04,2026-09-11,call,695.0,76.51,80.84,79.02,19.0,3.0,773.17,100,78.67500000000001,4.329999999999998,True,,7.0,0.0191780821917808,773.5852931920283,-0.1071240875249541,True,,0.3445032190163815,,78.52503170050431,772.9920854594448,good,,0.30443454517109797,0.5582811475081702,ok,put
2026-09-04,2026-09-11,put,695.0,0.05,0.06,0.05,19.0,433.0,773.17,100,0.055,0.0099999999999999,True,,7.0,0.0191780821917808,773.5852931920283,-0.1071240875249541,True,,0.3047538738659617,,0.0,694.4670537589404,good,0.3012353762309211,0.30443454517109797,0.30743059623391883,ok,put
2026-09-04,2026-09-11,call,696.0,75.56,79.98,78.19,16.0,2.0,773.17,100,77.77000000000001,4.420000000000002,True,,7.0,0.0191780821917808,773.5852931920283,-0.1056862727553267,True,,0.3646507257911153,,77.52579852962822,772.9920854594448,good,,0.3007753883379318,0.5614729501875152,ok,put
2026-09-04,2026-09-11,put,696.0,0.05,0.06,0.06,7.0,89.0,773.17,100,0.055,0.0099999999999999,True,,7.0,0.0191780821917808,773.5852931920283,-0.1056862727553267,True,,0.3010940089425002,,0.0,695.4662869298165,good,0.29760793267320695,0.3007753883379318,0.303741874276138,ok,put
2026-09-04,2026-09-11,call,697.0,74.56,79.0,77.11,4.0,7.0,773.17,100,76.78,4.439999999999998,True,,7.0,0.0191780821917808,773.5852931920283,-0.1042505223292224,True,,0.3623817497129878,,76.52656535875201,772.9920854594448,good,,0.29711748228251283,0.55702314831366,ok,put
2026-09-04,2026-09-11,put,697.0,0.05,0.06,0.06,78.0,314.0,773.17,100,0.055,0.0099999999999999,True,,7.0,0.0191780821917808,773.5852931920283,-0.1042505223292224,True,,0.2974354004737375,,0.0,696.4655201006927,good,0.2939817819301348,0.29711748228251283,0.30005436716143963,ok,put
2026-09-04,2026-09-11,put,698.0,0.05,0.06,0.09,3.0,91.0,773.17,100,0.055,0.0099999999999999,True,,7.0,0.0191780821917808,773.5852931920283,-0.1028168303273738,True,,0.2937779770594646,,0.0,697.464753271569,good,0.29035685320651,0.2934607594669287,0.29636800726981943,ok,put
2026-09-04,2026-09-11,call,699.0,72.62,76.47,76.55,2.0,9.0,773.17,100,74.545,3.8499999999999934,True,,7.0,0.0191780821917808,773.5852931920283,-0.1013851908559361,True,,0.2570232286654269,,74.5280990169997,772.9920854594448,good,,0.2898051454591301,0.5116967103465523,ok,put
2026-09-04,2026-09-11,put,699.0,0.05,0.06,0.07,37.0,2569.0,773.17,100,0.055,0.0099999999999999,True,,7.0,0.0191780821917808,773.5852931920283,-0.1013851908559361,True,,0.2901216655848198,,0.0,698.463986442445,good,0.2867330749218585,0.2898051454591301,0.29268271495813447,ok,put
2026-09-04,2026-09-11,call,700.0,72.14,75.1,74.6,103.0,538.0,773.17,100,73.62,2.9599999999999937,True,,7.0,0.0191780821917808,773.5852931920283,-0.0999555980463416,True,,0.3040717484143828,,73.5288658461235,772.9920854594448,good,,0.2861505653571644,0.47976013996885464,ok,put
2026-09-04,2026-09-11,put,700.0,0.05,0.06,0.06,88.0,1804.0,773.17,100,0.055,0.0099999999999999,True,,7.0,0.0191780821917808,773.5852931920283,-0.0999555980463416,True,,0.2864663911858623,,0.0,699.4632196133213,good,0.2831103737309454,0.2861505653571644,0.2889984155768927,ok,put
2026-09-04,2026-09-11,call,701.0,70.61,74.59,73.15,68.0,2.0,773.17,100,72.6,3.980000000000004,True,,7.0,0.0191780821917808,773.5852931920283,-0.0985280460551562,True,,0.2909907451040909,,72.52963267524729,772.9920854594448,good,,0.2824969423896337,0.5087442343606682,ok,put
2026-09-04,2026-09-11,put,701.0,0.05,0.06,0.07,29.0,570.0,773.17,100,0.055,0.0099999999999999,True,,7.0,0.0191780821917808,773.5852931920283,-0.0985280460551562,True,,0.2828120771593315,,0.0,700.4624527841975,good,0.27948867442255304,0.2824969423896337,0.28531503087204324,ok,put
2026-09-04,2026-09-11,call,702.0,69.57,73.35,71.57,116.0,9.0,773.17,100,71.46,3.780000000000001,True,,7.0,0.0191780821917808,773.5852931920283,-0.0971025290639352,False,below_european_lower_bound,,market_price is below the no-arbitrage lower bound.,71.53039950437108,772.9920854594448,good,,0.27884419781176834,0.48721791677783843,ok,put
2026-09-04,2026-09-11,put,702.0,0.05,0.06,0.1,5.0,251.0,773.17,100,0.055,0.0099999999999999,True,,7.0,0.0191780821917808,773.5852931920283,-0.0971025290639352,True,,0.279158649673941,,0.0,701.4616859550737,good,0.2758678998694919,0.27884419781176834,0.281632480585764,ok,put
2026-09-04,2026-09-11,put,703.0,0.06,0.07,0.07,5.0,197.0,773.17,100,0.065,0.01,True,,7.0,0.0191780821917808,773.5852931920283,-0.0956790412790814,True,,0.2808715958443697,,0.0,702.4609191259498,good,0.277950682359671,0.2805499067784159,0.28301101288454533,ok,put
2026-09-04,2026-09-11,put,704.0,0.06,0.07,0.1,1.0,237.0,773.17,100,0.065,0.01,True,,7.0,0.0191780821917808,773.5852931920283,-0.0942575769317038,True,,0.2771617117308118,,0.0,703.460152296826,good,0.27426955164072847,0.2768407307080527,0.27927539508057564,ok,put
2026-09-04,2026-09-11,call,705.0,66.6,70.59,68.5,142.0,3.0,773.17,100,68.595,3.990000000000009,True,,7.0,0.0191780821917808,773.5852931920283,-0.0928381302774777,True,,0.2720950218879456,,68.53269999174256,772.9920854594448,good,,0.2731320910845223,0.486644935568334,ok,put
2026-09-04,2026-09-11,put,705.0,0.06,0.07,0.07,505.0,1239.0,773.17,100,0.065,0.01,True,,7.0,0.0191780821917808,773.5852931920283,-0.0928381302774777,True,,0.2734523661963568,,0.0,704.4593854677022,good,0.2705890027607913,0.2731320910845223,0.27554027172375406,ok,put
2026-09-04,2026-09-11,call,706.0,65.58,70.0,67.68,92.0,1.0,773.17,100,67.78999999999999,4.420000000000002,True,,7.0,0.0191780821917808,773.5852931920283,-0.0914206955965042,True,,0.324446798885628,,67.53346682086647,772.9920854594448,good,,0.2694238920218578,0.5056124647966646,ok,put
2026-09-04,2026-09-11,put,706.0,0.06,0.07,0.08,157.0,264.0,773.17,100,0.065,0.01,True,,7.0,0.0191780821917808,773.5852931920283,-0.0914206955965042,True,,0.2697434678604928,,0.0,705.4586186385783,good,0.2669089429796629,0.2694238920218578,0.27180554195347467,ok,put
2026-09-04,2026-09-11,call,707.0,64.6,68.84,67.07,114.0,2.0,773.17,100,66.72,4.240000000000009,True,,7.0,0.0191780821917808,773.5852931920283,-0.0900052671931735,True,,0.3051184248581546,,66.53423364999026,772.9920854594448,good,,0.2657160435993961,0.4906350298254444,ok,put
2026-09-04,2026-09-11,put,707.0,0.06,0.07,0.11,10.0,277.0,773.17,100,0.065,0.01,True,,7.0,0.0191780821917808,773.5852931920283,-0.0900052671931735,True,,0.2660349275833054,,0.0,706.4578518094545,good,0.26322928382154015,0.2657160435993961,0.2680711149762128,ok,put
2026-09-04,2026-09-11,call,708.0,63.54,67.94,65.89,113.0,1.0,773.17,100,65.74,4.399999999999999,True,,7.0,0.0191780821917808,773.5852931920283,-0.0885918393960266,True,,0.3053459856417299,,65.53500047911405,772.9920854594448,good,,0.262008448812384,0.49071916890587447,ok,put
2026-09-04,2026-09-11,put,708.0,0.06,0.07,0.09,4.0,465.0,773.17,100,0.065,0.01,True,,7.0,0.0191780821917808,773.5852931920283,-0.0885918393960266,True,,0.2623266366233584,,0.0,707.4570849803307,good,0.2595499298527322,0.262008448812384,0.2643368923490394,ok,put
2026-09-04,2026-09-11,call,709.0,62.57,66.64,65.21,128.0,40.0,773.17,100,64.605,4.07,True,,7.0,0.0191780821917808,773.5852931920283,-0.0871804065576188,True,,0.2605777666467704,,64.53576730823795,772.9920854594448,good,,0.25830100829392266,0.46747969015526725,ok,put
2026-09-04,2026-09-11,put,709.0,0.06,0.07,0.11,1.0,2025.0,773.17,100,0.065,0.01,True,,7.0,0.0191780821917808,773.5852931920283,-0.0871804065576188,True,,0.258618508358145,,0.0,708.4563181512068,good,0.25587078296017135,0.25830100829392266,0.26060277310913593,ok,put
2026-09-04,2026-09-11,call,710.0,61.59,65.36,63.58,120.0,14.0,773.17,100,63.475,3.769999999999996,True,,7.0,0.0191780821917808,773.5852931920283,-0.0857709630543851,False,below_european_lower_bound,,market_price is below the no-arbitrage lower bound.,63.53653413736174,772.9920854594448,good,,0.2590324368665404,0.4445483910340199,ok,put
2026-09-04,2026-09-11,put,710.0,0.07,0.08,0.07,269.0,1420.0,773.17,100,0.075,0.0099999999999999,True,,7.0,0.0191780821917808,773.5852931920283,-0.0857709630543851,True,,0.2593562480932083,,0.0,709.455551322083,good,0.25686865113196833,0.2590324368665404,0.2610977460351074,ok,put
2026-09-04,2026-09-11,call,711.0,60.61,64.88,63.25,72.0,1.0,773.17,100,62.745,4.269999999999996,True,,7.0,0.0191780821917808,773.5852931920283,-0.0843635032865054,True,,0.2933677480083412,,62.53730096648553,772.9920854594448,good,,0.25527284233161457,0.47014940940192396,ok,put
2026-09-04,2026-09-11,put,711.0,0.07,0.08,0.1,19.0,820.0,773.17,100,0.075,0.0099999999999999,True,,7.0,0.0191780821917808,773.5852931920283,-0.0843635032865054,True,,0.2555959500492898,,0.0,710.4547844929592,good,0.25313442631552474,0.25527284233161457,0.25731403519952906,ok,put
2026-09-04,2026-09-11,call,712.0,59.6,63.86,62.22,94.0,2.0,773.17,100,61.73,4.259999999999998,True,,7.0,0.0191780821917808,773.5852931920283,-0.0829580216777705,True,,0.285801663809385,,61.53806779560944,772.9920854594448,good,,0.2515129745389538,0.46330536631132724,ok,put
2026-09-04,2026-09-11,put,712.0,0.07,0.08,0.1,4.0,177.0,773.17,100,0.075,0.0099999999999999,True,,7.0,0.0191780821917808,773.5852931920283,-0.0829580216777705,True,,0.2518353852878589,,0.0,711.4540176638353,good,0.2493999810067952,0.2515129745389538,0.25352999957928046,ok,put
2026-09-04,2026-09-11,call,713.0,58.57,62.86,61.33,64.0,16.0,773.17,100,60.715,4.289999999999999,True,,7.0,0.0191780821917808,773.5852931920283,-0.0815545126754503,True,,0.2781273211525943,,60.53883462473323,772.9920854594448,good,,0.24775271836218082,0.45758164811675933,ok,put
2026-09-04,2026-09-11,put,713.0,0.07,0.08,0.08,13.0,615.0,773.17,100,0.075,0.0099999999999999,True,,7.0,0.0191780821917808,773.5852931920283,-0.0815545126754503,True,,0.2480744360549236,,0.0,712.4532508347115,good,0.24566520330096117,0.24775271836218082,0.24974552171282838,ok,put
2026-09-04,2026-09-11,call,714.0,57.62,61.89,59.57,89.0,1.0,773.17,100,59.755,4.270000000000003,True,,7.0,0.0191780821917808,773.5852931920283,-0.0801529707501619,True,,0.2823397180709513,,59.53960145385702,772.9920854594448,good,,0.24399195356340497,0.4534983489117247,ok,put
2026-09-04,2026-09-11,put,714.0,0.07,0.08,0.11,2.0,218.0,773.17,100,0.075,0.0099999999999999,True,,7.0,0.0191780821917808,773.5852931920283,-0.0801529707501619,True,,0.2443129845463608,,0.0,713.4524840055877,good,0.2419299745578598,0.24399195356340497,0.24596047965290796,ok,put
2026-09-04,2026-09-11,call,715.0,56.61,61.0,59.02,126.0,18.0,773.17,100,58.805,4.390000000000001,True,,7.0,0.0191780821917808,773.5852931920283,-0.0787533903957386,True,,0.287199219313949,,58.54036828298092,772.9920854594448,good,,0.24023056000911208,0.45365754728734964,ok,put
2026-09-04,2026-09-11,put,715.0,0.07,0.08,0.08,544.0,1954.0,773.17,100,0.075,0.0099999999999999,True,,7.0,0.0191780821917808,773.5852931920283,-0.0787533903957386,True,,0.2405509063941856,,0.0,714.4517171764638,good,0.23819417617179436,0.24023056000911208,0.24217474683922535,ok,put
2026-09-04,2026-09-11,call,716.0,55.63,59.59,58.4,62.0,10.0,773.17,100,57.61,3.960000000000001,True,,7.0,0.0191780821917808,773.5852931920283,-0.0773557661291006,True,,0.2343029087591407,,57.54113511210471,772.9920854594448,good,,0.24022684615813056,0.4253086582717144,ok,put
2026-09-04,2026-09-11,put,716.0,0.08,0.09,0.1,13.0,951.0,773.17,100,0.0849999999999999,0.0099999999999999,True,,7.0,0.0191780821917808,773.5852931920283,-0.0773557661291006,True,,0.2405528056286958,,0.0,715.45095034734,good,0.23838819632443825,0.24022684615813056,0.24199255946075765,ok,put
2026-09-04,2026-09-11,call,717.0,54.63,58.9,57.13,79.0,59.0,773.17,100,56.765,4.269999999999996,True,,7.0,0.0191780821917808,773.5852931920283,-0.075960092490126,True,,0.2711553061290809,,56.5419019412285,772.9920854594448,good,,0.23641600763867152,0.4367376136388021,ok,put
2026-09-04,2026-09-11,put,717.0,0.08,0.09,0.11,5.0,2438.0,773.17,100,0.0849999999999999,0.0099999999999999,True,,7.0,0.0191780821917808,773.5852931920283,-0.075960092490126,True,,0.2367412749700017,,0.0,716.4501835182162,good,0.2346006889559788,0.23641600763867152,0.23815940790303308,ok,put
2026-09-04,2026-09-11,call,718.0,53.62,57.9,55.58,94.0,4.0,773.17,100,55.76,4.280000000000001,True,,7.0,0.0191780821917808,773.5852931920283,-0.0745663640415221,True,,0.2658355461249907,,55.54266877035241,772.9920854594448,good,,0.23260401451593818,0.43094865894101864,ok,put
2026-09-04,2026-09-11,put,718.0,0.08,0.09,0.09,19.0,301.0,773.17,100,0.0849999999999999,0.0099999999999999,True,,7.0,0.0191780821917808,773.5852931920283,-0.0745663640415221,True,,0.2329285970415014,,0.0,717.4494166890923,good,0.23081208651064794,0.23260401451593818,0.23432503779303754,ok,put
2026-09-04,2026-09-11,call,719.0,52.64,56.9,55.46,62.0,1.0,773.17,100,54.77,4.259999999999998,True,,7.0,0.0191780821917808,773.5852931920283,-0.0731745753686996,True,,0.2633096337941605,,54.5434355994762,772.9920854594448,good,,0.2287907171223464,0.4251493066545424,ok,put
2026-09-04,2026-09-11,put,719.0,0.08,0.09,0.09,33.0,677.0,773.17,100,0.0849999999999999,0.0099999999999999,True,,7.0,0.0191780821917808,773.5852931920283,-0.0731745753686996,True,,0.2291146216735442,,0.0,718.4486498599686,good,0.2270222437193127,0.2287907171223464,0.2304893019868494,ok,put
2026-09-04,2026-09-11,call,720.0,51.58,55.19,54.51,98.0,44.0,773.17,100,53.385,3.61,True,,7.0,0.0191780821917808,773.5852931920283,-0.0717847210796453,False,below_european_lower_bound,,market_price is below the no-arbitrage lower bound.,53.54420242859999,772.9920854594448,good,,0.22826583951922366,0.3794798714314133,ok,put
2026-09-04,2026-09-11,put,720.0,0.09,0.1,0.09,266.0,5947.0,773.17,100,0.095,0.01,True,,7.0,0.0191780821917808,773.5852931920283,-0.0717847210796453,True,,0.2285948252904523,,0.0,719.4478830308448,good,0.22665204499163355,0.22826583951922366,0.22982298690130148,ok,put
2026-09-04,2026-09-11,call,721.0,50.6,54.89,53.58,58.0,7.0,773.17,100,52.745000000000005,4.289999999999999,True,,7.0,0.0191780821917808,773.5852931920283,-0.0703967958047972,True,,0.2499088262545274,,52.54496925772389,772.9920854594448,good,,0.2244052531232309,0.4130031980510835,ok,put
2026-09-04,2026-09-11,put,721.0,0.09,0.1,0.11,14.0,479.0,773.17,100,0.095,0.01,True,,7.0,0.0191780821917808,773.5852931920283,-0.0703967958047972,True,,0.2247335592334615,,0.0,720.4471162017209,good,0.22281310549052674,0.2244052531232309,0.22594159034060296,ok,put
2026-09-04,2026-09-11,call,722.0,49.6,53.92,51.87,50.0,7.0,773.17,100,51.760000000000005,4.32,True,,7.0,0.0191780821917808,773.5852931920283,-0.06901079419692,True,,0.2483527559291758,,51.54573608684768,772.9920854594448,good,,0.2205427500564241,0.40870166142208303,ok,put
2026-09-04,2026-09-11,put,722.0,0.09,0.1,0.1,14.0,470.0,773.17,100,0.095,0.01,True,,7.0,0.0191780821917808,773.5852931920283,-0.06901079419692,True,,0.2208703785298255,,0.0,721.4463493725971,good,0.21897231568120573,0.2205427500564241,0.22205821282737032,ok,put
2026-09-04,2026-09-11,call,723.0,48.6,52.09,51.55,52.0,7.0,773.17,100,50.345,3.490000000000002,True,,7.0,0.0191780821917808,773.5852931920283,-0.0676267109309815,False,below_european_lower_bound,,market_price is below the no-arbitrage lower bound.,50.54650291597147,772.9920854594448,good,,0.2166781531759738,0.35708493220244886,ok,put
2026-09-04,2026-09-11,put,723.0,0.09,0.1,0.12,104.0,642.0,773.17,100,0.095,0.01,True,,7.0,0.0191780821917808,773.5852931920283,-0.0676267109309815,True,,0.2170051148608494,,0.0,722.4455825434733,good,0.21512950085442545,0.2166781531759738,0.21817267486470757,ok,put
2026-09-04,2026-09-11,call,724.0,48.21,51.18,50.62,87.0,111.0,773.17,100,49.695,2.969999999999999,True,,7.0,0.0191780821917808,773.5852931920283,-0.0662445407040299,True,,0.2267128398154696,,49.547269745095264,772.9920854594448,good,,0.21570959293344874,0.35706699425269506,ok,put
2026-09-04,2026-09-11,put,724.0,0.1,0.11,0.11,84.0,681.0,773.17,100,0.105,0.0099999999999999,True,,7.0,0.0191780821917808,773.5852931920283,-0.0662445407040299,True,,0.2160412090104212,,0.0,723.4448157143495,good,0.21428478937140188,0.21570959293344874,0.2170896762028796,ok,put
2026-09-04,2026-09-11,call,725.0,46.6,50.93,50.5,76.0,38.0,773.17,100,48.765,4.329999999999998,True,,7.0,0.0191780821917808,773.5852931920283,-0.0648642782350715,True,,0.2361124223232189,,48.54803657421917,772.9920854594448,good,,0.21179885266855028,0.3915925349596943,ok,put
2026-09-04,2026-09-11,put,725.0,0.1,0.11,0.1,147.0,1617.0,773.17,100,0.105,0.0099999999999999,True,,7.0,0.0191780821917808,773.5852931920283,-0.0648642782350715,True,,0.2121298045414325,,0.0,724.4440488852256,good,0.21039435972052564,0.21179885266855028,0.21315933852612914,ok,put
2026-09-04,2026-09-11,call,726.0,45.61,49.91,48.34,56.0,4.0,773.17,100,47.76,4.299999999999997,True,,7.0,0.0191780821917808,773.5852931920283,-0.0634859182649501,True,,0.2308691674618149,,47.54880340334296,772.9920854594448,good,,0.20788529917720236,0.3847168187949975,ok,put
2026-09-04,2026-09-11,put,726.0,0.1,0.11,0.13,43.0,2050.0,773.17,100,0.105,0.0099999999999999,True,,7.0,0.0191780821917808,773.5852931920283,-0.0634859182649501,True,,0.2082155921434756,,0.0,725.4432820561018,good,0.20650118807531395,0.20788529917720236,0.2092261073302116,ok,put
2026-09-04,2026-09-11,call,727.0,44.62,49.0,48.15,64.0,35.0,773.17,100,46.81,4.380000000000003,True,,7.0,0.0191780821917808,773.5852931920283,-0.0621094555562269,True,,0.234513737836835,,46.54957023246675,772.9920854594448,good,,0.20657156572463475,0.38314106081569693,ok,put
2026-09-04,2026-09-11,put,727.0,0.11,0.12,0.11,21.0,1023.0,773.17,100,0.1149999999999999,0.0099999999999999,True,,7.0,0.0191780821917808,773.5852931920283,-0.0621094555562269,True,,0.2069061694620994,,0.0,726.442515226978,good,0.2052897691983337,0.20657156572463475,0.20781702898979823,ok,put
2026-09-04,2026-09-11,call,728.0,43.62,47.98,46.45,80.0,12.0,773.17,100,45.8,4.359999999999999,True,,7.0,0.0191780821917808,773.5852931920283,-0.0607348848930603,True,,0.2285402779025175,,45.55033706159065,772.9920854594448,good,,0.20261272742066155,0.3762340571749427,ok,put
2026-09-04,2026-09-11,put,728.0,0.11,0.12,0.12,281.0,1087.0,773.17,100,0.1149999999999999,0.0099999999999999,True,,7.0,0.0191780821917808,773.5852931920283,-0.0607348848930603,True,,0.2029466804939225,,0.0,727.4417483978541,good,0.201350095338914,0.20261272742066155,0.2038396332096467,ok,put
2026-09-04,2026-09-11,call,729.0,42.63,46.95,45.44,74.0,5.0,773.17,100,44.790000000000006,4.32,True,,7.0,0.0191780821917808,773.5852931920283,-0.0593622010810881,True,,0.2225645949791997,,44.55110389071445,772.9920854594448,good,,0.2010341795896346,0.36885590936847096,ok,put
2026-09-04,2026-09-11,put,729.0,0.12,0.13,0.12,157.0,2062.0,773.17,100,0.125,0.01,True,,7.0,0.0191780821917808,773.5852931920283,-0.0593622010810881,True,,0.2013721612792813,,0.0,728.4409815687303,good,0.1998585110651525,0.2010341795896346,0.20217948163871882,ok,put
2026-09-04,2026-09-11,call,730.0,41.63,45.99,43.79,137.0,76.0,773.17,100,43.81,4.359999999999999,True,,7.0,0.0191780821917808,773.5852931920283,-0.0579913989473095,True,,0.2210973311042266,,43.55187071983824,772.9920854594448,good,,0.19703093094958138,0.36474906923878075,ok,put
2026-09-04,2026-09-11,put,730.0,0.12,0.13,0.12,1037.0,4860.0,773.17,100,0.125,0.01,True,,7.0,0.0191780821917808,773.5852931920283,-0.0579913989473095,True,,0.1973682718198212,,0.0,729.4402147396065,good,0.19587340511595935,0.19703093094958138,0.19815861721917116,ok,put
2026-09-04,2026-09-11,call,731.0,40.65,45.0,43.44,94.0,28.0,773.17,100,42.825,4.350000000000001,True,,7.0,0.0191780821917808,773.5852931920283,-0.0566224733399678,True,,0.2187288826266876,,42.55263754896214,772.9920854594448,good,,0.19521596071963807,0.3592037261522784,ok,put
2026-09-04,2026-09-11,put,731.0,0.13,0.14,0.13,198.0,653.0,773.17,100,0.135,0.01,True,,7.0,0.0191780821917808,773.5852931920283,-0.0566224733399678,True,,0.1955570910588931,,0.0,730.4394479104826,good,0.19413334365604254,0.19521596071963807,0.19627294011099913,ok,put
2026-09-04,2026-09-11,call,732.0,40.26,43.22,42.5,128.0,125.0,773.17,100,41.74,2.960000000000001,True,,7.0,0.0191780821917808,773.5852931920283,-0.0552554191284347,True,,0.2012860752724036,,41.55340437808593,772.9920854594448,good,,0.19116871003385144,0.31500565744858205,ok,put
2026-09-04,2026-09-11,put,732.0,0.13,0.14,0.15,130.0,8540.0,773.17,100,0.135,0.01,True,,7.0,0.0191780821917808,773.5852931920283,-0.0552554191284347,True,,0.1915092147376383,,0.0,731.4386810813588,good,0.1901033697559157,0.19116871003385144,0.19220887569146475,ok,put
2026-09-04,2026-09-11,call,733.0,38.64,43.0,40.78,92.0,70.0,773.17,100,40.82,4.359999999999999,True,,7.0,0.0191780821917808,773.5852931920283,-0.0538902312030948,True,,0.209031375593496,,40.55417120720972,772.9920854594448,good,,0.18913972122039643,0.3471331596426655,ok,put
2026-09-04,2026-09-11,put,733.0,0.14,0.15,0.15,365.0,2074.0,773.17,100,0.145,0.0099999999999999,True,,7.0,0.0191780821917808,773.5852931920283,-0.0538902312030948,True,,0.1894838131201817,,0.0,732.437914252235,good,0.1881396458219773,0.18913972122039643,0.19011797021937968,ok,put
2026-09-04,2026-09-11,call,734.0,37.67,42.0,40.11,132.0,56.0,773.17,100,39.835,4.329999999999998,True,,7.0,0.0191780821917808,773.5852931920283,-0.0525269044752307,True,,0.2065043729266596,,39.55493803633362,772.9920854594448,good,,0.18504845529676528,0.3410698521588866,ok,put
2026-09-04,2026-09-11,put,734.0,0.14,0.15,0.16,177.0,2385.0,773.17,100,0.145,0.0099999999999999,True,,7.0,0.0191780821917808,773.5852931920283,-0.0525269044752307,True,,0.1853919407553992,,0.0,733.4371474231111,good,0.18406491963704188,0.18504845529676528,0.18601057892504683,ok,put
2026-09-04,2026-09-11,call,735.0,36.66,39.6,39.53,136.0,93.0,773.17,100,38.13,2.940000000000005,True,,7.0,0.0191780821917808,773.5852931920283,-0.0511654338769096,False,below_european_lower_bound,,market_price is below the no-arbitrage lower bound.,38.555704865457415,772.9920854594448,good,,0.18282328839054868,0.26276632610721756,ok,put
2026-09-04,2026-09-11,put,735.0,0.15,0.16,0.16,664.0,3674.0,773.17,100,0.155,0.01,True,,7.0,0.0191780821917808,773.5852931920283,-0.0511654338769096,True,,0.1831701867110143,,0.0,734.4363805939873,good,0.18189717827360136,0.18282328839054868,0.18373068885176203,ok,put
2026-09-04,2026-09-11,call,736.0,35.74,40.0,38.59,119.0,23.0,773.17,100,37.870000000000005,4.259999999999998,True,,7.0,0.0191780821917808,773.5852931920283,-0.0498058143608701,True,,0.2016834363203638,,37.556471694581205,772.9920854594448,good,,0.18045396568386984,0.32888307851901116,ok,put
2026-09-04,2026-09-11,put,736.0,0.16,0.17,0.16,1228.0,2102.0,773.17,100,0.165,0.01,True,,7.0,0.0191780821917808,773.5852931920283,-0.0498058143608701,True,,0.1808041250213686,,0.0,735.4356137648635,good,0.17957946073877026,0.18045396568386984,0.18131201056022395,ok,put
2026-09-04,2026-09-11,call,737.0,34.69,39.0,36.75,117.0,82.0,773.17,100,36.845,4.310000000000002,True,,7.0,0.0191780821917808,773.5852931920283,-0.0484480409004097,True,,0.1940997033170822,,36.55723852370511,772.9920854594448,good,,0.17795140115457245,0.32275782209332055,ok,put
2026-09-04,2026-09-11,put,737.0,0.17,0.18,0.18,206.0,749.0,773.17,100,0.175,0.0099999999999999,True,,7.0,0.0191780821917808,773.5852931920283,-0.0484480409004097,True,,0.17830468540288,,0.0,736.4348469357396,good,0.17712361313896982,0.17795140115457245,0.17876462034364632,ok,put
2026-09-04,2026-09-11,call,738.0,34.31,37.27,36.56,126.0,122.0,773.17,100,35.790000000000006,2.960000000000001,True,,7.0,0.0191780821917808,773.5852931920283,-0.0470921084892737,True,,0.1825137343299287,,35.5580053528289,772.9920854594448,good,,0.17532475633201888,0.28347577412507613,ok,put
2026-09-04,2026-09-11,put,738.0,0.18,0.19,0.18,1837.0,2691.0,773.17,100,0.185,0.01,True,,7.0,0.0191780821917808,773.5852931920283,-0.0470921084892737,True,,0.1756810471985337,,0.0,737.4340801066159,good,0.1745395377865765,0.17532475633201888,0.1760970115171986,ok,put
2026-09-04,2026-09-11,call,739.0,32.71,37.0,36.45,90.0,16.0,773.17,100,34.855000000000004,4.289999999999999,True,,7.0,0.0191780821917808,773.5852931920283,-0.0457380121415445,True,,0.1861109699503295,,34.55877218195269,772.9920854594448,good,,0.17258177536007419,0.3104386763137484,ok,put
2026-09-04,2026-09-11,put,739.0,0.19,0.2,0.19,1006.0,11015.0,773.17,100,0.195,0.01,True,,7.0,0.0191780821917808,773.5852931920283,-0.0457380121415445,True,,0.1729409691167236,,0.0,738.4333132774921,good,0.17183557513330874,0.17258177536007419,0.17331638697468787,ok,put
2026-09-04,2026-09-11,call,740.0,32.33,35.3,34.58,110.0,734.0,773.17,100,33.815,2.969999999999999,True,,7.0,0.0191780821917808,773.5852931920283,-0.0443857468915308,True,,0.1767558315527605,,33.559539011076595,772.9920854594448,good,,0.16972903613457246,0.2733434000924931,ok,put
2026-09-04,2026-09-11,put,740.0,0.2,0.21,0.21,35457.0,35691.0,773.17,100,0.205,0.0099999999999999,True,,7.0,0.0191780821917808,773.5852931920283,-0.0443857468915308,True,,0.1700910394782162,,0.0,739.4325464483682,good,0.16901878829493908,0.16972903613457246,0.17042887662011105,ok,put
2026-09-04,2026-09-11,call,741.0,30.73,35.16,33.53,125.0,62.0,773.17,100,32.945,4.429999999999996,True,,7.0,0.0191780821917808,773.5852931920283,-0.0430353077936594,True,,0.186206099855848,,32.560305840200385,772.9920854594448,good,,0.1667721299056884,0.30450639172558364,ok,put
2026-09-04,2026-09-11,put,741.0,0.21,0.22,0.22,1173.0,1138.0,773.17,100,0.215,0.01,True,,7.0,0.0191780821917808,773.5852931920283,-0.0430353077936594,True,,0.1671368685854257,,0.0,740.4317796192444,good,0.16609517087885586,0.1667721299056884,0.167439717905457,ok,put
2026-09-04,2026-09-11,call,742.0,29.87,34.07,32.57,287.0,96.0,773.17,100,31.97,4.199999999999999,True,,7.0,0.0191780821917808,773.5852931920283,-0.0416866899223659,True,,0.1837511975250458,,31.561072669324176,772.9920854594448,good,,0.16498274577828984,0.2945931011321169,ok,put
2026-09-04,2026-09-11,put,742.0,0.23,0.24,0.24,343.0,1129.0,773.17,100,0.235,0.0099999999999999,True,,7.0,0.0191780821917808,773.5852931920283,-0.0416866899223659,True,,0.1653532162073729,,0.0,741.4310127901206,good,0.164353367221497,0.16498274577828984,0.16560426439155695,ok,put
2026-09-04,2026-09-11,call,743.0,29.37,31.71,31.58,498.0,240.0,773.17,100,30.54,2.34,True,,7.0,0.0191780821917808,773.5852931920283,-0.0403398883719871,False,below_european_lower_bound,,market_price is below the no-arbitrage lower bound.,30.56183949844808,772.9920854594448,good,,0.16177564812980155,0.22667284814986657,ok,put
2026-09-04,2026-09-11,put,743.0,0.24,0.25,0.25,1198.0,648.0,773.17,100,0.245,0.01,True,,7.0,0.0191780821917808,773.5852931920283,-0.0403398883719871,True,,0.1621486495961248,,0.0,742.4302459609967,good,0.1611736273503416,0.16177564812980155,0.1623705226639414,ok,put
2026-09-04,2026-09-11,call,744.0,28.39,31.37,30.57,352.0,217.0,773.17,100,29.880000000000003,2.9800000000000004,True,,7.0,0.0191780821917808,773.5852931920283,-0.0389948982566544,True,,0.1655767053577512,,29.56260632757187,772.9920854594448,good,,0.1596132992796776,0.25296772345357654,ok,put
2026-09-04,2026-09-11,put,744.0,0.26,0.27,0.27,559.0,2744.0,773.17,100,0.265,0.01,True,,7.0,0.0191780821917808,773.5852931920283,-0.0389948982566544,True,,0.1599916436460733,,0.0,743.4294791318729,good,0.15904980966320717,0.1596132992796776,0.16017069769013992,ok,put
2026-09-04,2026-09-11,call,745.0,27.66,30.39,29.63,473.0,585.0,773.17,100,29.025,2.7300000000000004,True,,7.0,0.0191780821917808,773.5852931920283,-0.0376517147101868,True,,0.1738255536301171,,28.56337315669566,772.9920854594448,good,,0.15724894627076666,0.24785010804402535,ok,put
2026-09-04,2026-09-11,put,745.0,0.28,0.29,0.29,1279.0,3491.0,773.17,100,0.285,0.0099999999999999,True,,7.0,0.0191780821917808,773.5852931920283,-0.0376517147101868,True,,0.1576324154188787,,0.0,744.4287123027491,good,0.15671959514224534,0.15724894627076666,0.15777304777087672,ok,put
2026-09-04,2026-09-11,call,746.0,26.43,29.41,29.72,627.0,162.0,773.17,100,27.92,2.9800000000000004,True,,7.0,0.0191780821917808,773.5852931920283,-0.0363103328859854,True,,0.1599347298992502,,27.56413998581945,772.9920854594448,good,,0.1546987728142811,0.24267292898729814,ok,put
2026-09-04,2026-09-11,put,746.0,0.3,0.31,0.32,821.0,918.0,773.17,100,0.305,0.01,True,,7.0,0.0191780821917808,773.5852931920283,-0.0363103328859854,True,,0.1550871912729323,,0.0,745.4279454736253,good,0.15419997111631215,0.1546987728142811,0.15519301873509822,ok,put
2026-09-04,2026-09-11,call,747.0,25.46,28.44,27.78,814.0,171.0,773.17,100,26.950000000000003,2.9800000000000004,True,,7.0,0.0191780821917808,773.5852931920283,-0.0349707479569289,True,,0.1577623702168048,,26.56490681494336,772.9920854594448,good,,0.15290652381678302,0.2378513544408447,ok,put
2026-09-04,2026-09-11,put,747.0,0.33,0.34,0.34,657.0,1568.0,773.17,100,0.335,0.01,True,,7.0,0.0191780821917808,773.5852931920283,-0.0349707479569289,True,,0.1533022339901573,,0.0,746.4271786445014,good,0.1524431524501617,0.15290652381678302,0.1533661160384713,ok,put
2026-09-04,2026-09-11,call,748.0,24.49,26.38,26.69,806.0,541.0,773.17,100,25.435,1.8900000000000008,True,,7.0,0.0191780821917808,773.5852931920283,-0.0336329551152691,False,below_european_lower_bound,,market_price is below the no-arbitrage lower bound.,25.565673644067147,772.9920854594448,good,,0.15084150258815668,0.18137778890324072,ok,put
2026-09-04,2026-09-11,put,748.0,0.36,0.37,0.36,771.0,2939.0,773.17,100,0.365,0.01,True,,7.0,0.0191780821917808,773.5852931920283,-0.0336329551152691,True,,0.1512441913125631,,0.0,747.4264118153776,good,0.15040884112513275,0.15084150258815668,0.15127098729894906,ok,put
2026-09-04,2026-09-11,call,749.0,23.52,26.5,25.69,760.0,369.0,773.17,100,25.01,2.9800000000000004,True,,7.0,0.0191780821917808,773.5852931920283,-0.0322969495725268,True,,0.1527572927919157,,24.566440473190937,772.9920854594448,good,,0.14852957873114836,0.22796861211970193,ok,put
2026-09-04,2026-09-11,put,749.0,0.39,0.4,0.39,4217.0,1215.0,773.17,100,0.395,0.01,True,,7.0,0.0191780821917808,773.5852931920283,-0.0322969495725268,True,,0.1489389911928505,,0.0,748.4256449862538,good,0.14812389705157786,0.14852957873114836,0.1489325615545677,ok,put
2026-09-04,2026-09-11,call,750.0,23.64,24.29,24.61,615.0,357.0,773.17,100,23.965,0.6499999999999986,True,,7.0,0.0191780821917808,773.5852931920283,-0.0309627265593901,True,,0.1442947262423462,,23.56720730231484,772.9920854594448,good,0.10608466904178726,0.1467475616293996,0.16563485987181992,ok,put
2026-09-04,2026-09-11,put,750.0,0.43,0.44,0.43,4574.0,8094.0,773.17,100,0.435,0.01,True,,7.0,0.0191780821917808,773.5852931920283,-0.0309627265593901,True,,0.1471656606972132,,0.0,749.4248781571299,good,0.14637043730030486,0.1467475616293996,0.1471224622159201,ok,put
2026-09-04,2026-09-11,call,751.0,21.92,24.12,23.01,984.0,155.0,773.17,100,23.020000000000003,2.2,True,,7.0,0.0191780821917808,773.5852931920283,-0.0296302813256116,True,,0.1434496458317152,,22.567974131438632,772.9920854594448,good,,0.14466309133391222,0.20018514658025108,ok,put
2026-09-04,2026-09-11,put,751.0,0.47,0.48,0.48,790.0,836.0,773.17,100,0.475,0.01,True,,7.0,0.0191780821917808,773.5852931920283,-0.0296302813256116,True,,0.1450895508696726,,0.0,750.4241113280061,good,0.1443106808550016,0.14466309133391222,0.14501364483553536,ok,put
2026-09-04,2026-09-11,call,752.0,20.96,23.18,22.55,1212.0,278.0,773.17,100,22.07,2.219999999999999,True,,7.0,0.0191780821917808,773.5852931920283,-0.0282996091399065,True,,0.1418229667498513,,21.568740960562423,772.9920854594448,good,,0.14230384786971811,0.19656411402740367,ok,put
2026-09-04,2026-09-11,put,752.0,0.51,0.52,0.52,783.0,1559.0,773.17,100,0.515,0.01,True,,7.0,0.0191780821917808,773.5852931920283,-0.0282996091399065,True,,0.1427384180790562,,0.0,751.4233444988823,good,0.14197312885041624,0.14230384786971811,0.142632999243278,ok,put
2026-09-04,2026-09-11,call,753.0,20.78,21.64,21.01,925.0,277.0,773.17,100,21.21,0.8599999999999994,True,,7.0,0.0191780821917808,773.5852931920283,-0.0269707052898527,True,,0.1452834931906452,,20.569507789686327,772.9920854594448,good,0.11393378535003333,0.14031015140206987,0.167341791963805,ok,put
2026-09-04,2026-09-11,put,753.0,0.56,0.57,0.56,1037.0,952.0,773.17,100,0.565,0.0099999999999998,True,,7.0,0.0191780821917808,773.5852931920283,-0.0269707052898527,True,,0.140754537975786,,0.0,752.4225776697584,good,0.1400013499202652,0.14031015140206987,0.14061765220285063,ok,put
2026-09-04,2026-09-11,call,754.0,19.84,20.68,20.0,1004.0,442.0,773.17,100,20.26,0.8399999999999999,True,,7.0,0.0191780821917808,773.5852931920283,-0.0256435650817903,True,,0.1426820384929922,,19.57027461881012,772.9920854594448,good,0.11505295471061831,0.13858329710766182,0.16339301826540278,ok,put
2026-09-04,2026-09-11,put,754.0,0.62,0.63,0.6,1337.0,1941.0,773.17,100,0.625,0.01,True,,7.0,0.0191780821917808,773.5852931920283,-0.0256435650817903,True,,0.1390390462192648,,0.0,753.4218108406346,good,0.13829577810987906,0.13858329710766182,0.13886976232919324,ok,put
2026-09-04,2026-09-11,call,755.0,18.9,19.76,19.29,979.0,663.0,773.17,100,19.33,0.860000000000003,True,,7.0,0.0191780821917808,773.5852931920283,-0.0243181838407216,True,,0.1408657143072544,,18.571041447933908,772.9920854594448,good,0.11519649626919834,0.1367694953523832,0.16101170735093595,ok,put
2026-09-04,2026-09-11,put,755.0,0.68,0.7,0.68,36454.0,35932.0,773.17,100,0.69,0.0199999999999999,True,,7.0,0.0191780821917808,773.5852931920283,-0.0243181838407216,True,,0.1372371469830932,,0.0,754.4210440115108,good,0.13623203256060593,0.1367694953523832,0.13730352374572705,ok,put
2026-09-04,2026-09-11,call,756.0,18.09,18.77,18.84,1153.0,309.0,773.17,100,18.43,0.6799999999999997,True,,7.0,0.0191780821917808,773.5852931920283,-0.0229945569102133,True,,0.1401404137498184,,17.571808277057812,772.9920854594448,good,0.12271818733419153,0.13459841612633436,0.1554624316827442,ok,put
2026-09-04,2026-09-11,put,756.0,0.75,0.76,0.77,1205.0,1410.0,773.17,100,0.755,0.01,True,,7.0,0.0191780821917808,773.5852931920283,-0.0229945569102133,True,,0.1350776938104545,,0.0,755.4202771823869,good,0.13434676059278206,0.13459841612633436,0.13484936284908297,ok,put
2026-09-04,2026-09-11,call,757.0,16.08,18.67,18.09,960.0,426.0,773.17,100,17.375,2.5900000000000034,True,,7.0,0.0191780821917808,773.5852931920283,-0.0216726796522974,True,,0.1317507390135464,,16.572575106181603,772.9920854594448,good,,0.13280624108700095,0.18254839522148653,ok,put
2026-09-04,2026-09-11,put,757.0,0.83,0.84,0.84,1265.0,1290.0,773.17,100,0.835,0.01,True,,7.0,0.0191780821917808,773.5852931920283,-0.0216726796522974,True,,0.1332993553879834,,0.0,756.4195103532631,good,0.1325709582089293,0.13280624108700095,0.13304095125152052,ok,put
2026-09-04,2026-09-11,call,758.0,15.16,17.61,16.69,3145.0,596.0,773.17,100,16.384999999999998,2.45,True,,7.0,0.0191780821917808,773.5852931920283,-0.0203525474473746,True,,0.1264434073767234,,15.573341935305391,772.9920854594448,good,,0.13106622542142074,0.17375983077006574,ok,put
2026-09-04,2026-09-11,put,758.0,0.92,0.93,0.93,5906.0,1458.0,773.17,100,0.925,0.01,True,,7.0,0.0191780821917808,773.5852931920283,-0.0203525474473746,True,,0.1315744657753225,,0.0,757.4187435241394,good,0.1308460304281365,0.13106622542142074,0.13128596027959497,ok,put
2026-09-04,2026-09-11,call,759.0,15.37,15.73,16.13,1443.0,342.0,773.17,100,15.55,0.3600000000000012,True,,7.0,0.0191780821917808,773.5852931920283,-0.0190341556941163,True,,0.1278025610197495,,14.574108764429296,772.9920854594448,good,0.1205901260281405,0.12932910188658245,0.13561874333744317,ok,put
2026-09-04,2026-09-11,put,759.0,1.02,1.03,1.03,1784.0,2030.0,773.17,100,1.025,0.01,True,,7.0,0.0191780821917808,773.5852931920283,-0.0190341556941163,True,,0.1298537280062052,,0.0,758.4179766950155,good,0.1291226691725181,0.12932910188658245,0.12953516654726954,ok,put
2026-09-04,2026-09-11,call,760.0,14.49,14.84,14.63,2872.0,894.0,773.17,100,14.665,0.3499999999999996,True,,7.0,0.0191780821917808,773.5852931920283,-0.0177174998093695,True,,0.1263376118467705,,13.574875593553088,772.9920854594448,good,0.11989728418500703,0.1275533053423591,0.13356628193358902,ok,put
2026-09-04,2026-09-11,put,760.0,1.13,1.14,1.14,29290.0,37267.0,773.17,100,1.1349999999999998,0.01,True,,7.0,0.0191780821917808,773.5852931920283,-0.0177174998093695,True,,0.1280955794773664,,0.0,759.4172098658917,good,0.12735933665220014,0.1275533053423591,0.12774698068416404,ok,put
2026-09-04,2026-09-11,call,761.0,13.6,13.96,13.4,1319.0,821.0,773.17,100,13.78,0.3600000000000012,True,,7.0,0.0191780821917808,773.5852931920283,-0.0164025752280605,True,,0.1243958714578409,,12.57564242267688,772.9920854594448,good,0.11822349652938029,0.12570339508298567,0.13146377174127477,ok,put
2026-09-04,2026-09-11,put,761.0,1.25,1.26,1.26,1914.0,1621.0,773.17,100,1.255,0.01,True,,7.0,0.0191780821917808,773.5852931920283,-0.0164025752280605,True,,0.1262646154880337,,0.0,760.4164430367679,good,0.12552065929719994,0.12570339508298567,0.12588589785929122,ok,put
2026-09-04,2026-09-11,call,762.0,12.73,13.1,12.96,1715.0,2169.0,773.17,100,12.915,0.3699999999999992,True,,7.0,0.0191780821917808,773.5852931920283,-0.0150893774031,True,,0.1227142971569205,,11.576409251800785,772.9920854594448,good,0.11679119806626201,0.12392100154962638,0.1296137590596406,ok,put
2026-09-04,2026-09-11,put,762.0,1.38,1.4,1.38,1988.0,1347.0,773.17,100,1.39,0.02,True,,7.0,0.0191780821917808,773.5852931920283,-0.0150893774031,True,,0.1245031848850285,,0.0,761.415676207644,good,0.12357589156330644,0.12392100154962638,0.12426537872857141,ok,put
2026-09-04,2026-09-11,call,763.0,11.88,12.24,12.06,2176.0,1589.0,773.17,100,12.06,0.3599999999999994,True,,7.0,0.0191780821917808,773.5852931920283,-0.0137779018052892,True,,0.1208744232425631,,10.577176080924572,772.9920854594448,good,0.11550573529033503,0.1221510797617219,0.12730403288362585,ok,put
2026-09-04,2026-09-11,put,763.0,1.53,1.55,1.54,2055.0,1513.0,773.17,100,1.54,0.02,True,,7.0,0.0191780821917808,773.5852931920283,-0.0137779018052892,True,,0.1227562873754808,,0.0,762.4149093785202,good,0.12182458269842833,0.1221510797617219,0.12247700630221157,ok,put
2026-09-04,2026-09-11,call,764.0,11.06,11.4,11.53,2445.0,991.0,773.17,100,11.23,0.3399999999999998,True,,7.0,0.0191780821917808,773.5852931920283,-0.0124681439232258,True,,0.1193248187822382,,9.577942910048364,772.9920854594448,good,0.11460869203094094,0.12050103947637697,0.12516249000875687,ok,put
2026-09-04,2026-09-11,put,764.0,1.7,1.72,1.71,1960.0,1532.0,773.17,100,1.71,0.02,True,,7.0,0.0191780821917808,773.5852931920283,-0.0124681439232258,True,,0.1211320351028475,,0.0,763.4141425493964,good,0.12019142823361118,0.12050103947637697,0.12081021354211563,ok,put
2026-09-04,2026-09-11,call,765.0,10.25,10.59,10.33,2805.0,3768.0,773.17,100,10.42,0.3399999999999998,True,,7.0,0.0191780821917808,773.5852931920283,-0.0111600992632104,True,,0.1178259056274327,,8.578709739172268,772.9920854594448,good,0.11338222420547488,0.11861257057661473,0.12341357493863012,ok,put
2026-09-04,2026-09-11,put,765.0,1.88,1.9,1.89,7111.0,4411.0,773.17,100,1.89,0.02,True,,7.0,0.0191780821917808,773.5852931920283,-0.0111600992632104,True,,0.119271058203981,,0.0,764.4133757202725,good,0.11831770955172717,0.11861257057661473,0.11890709897061322,ok,put
2026-09-04,2026-09-11,call,766.0,9.46,9.8,9.6,1518.0,1452.0,773.17,100,9.63,0.3399999999999998,True,,7.0,0.0191780821917808,773.5852931920283,-0.0098537633491549,True,,0.1163231559044543,,7.579476568296059,772.9920854594448,good,0.11211320301312146,0.11703363459875255,0.12168604317969416,ok,put
2026-09-04,2026-09-11,put,766.0,2.09,2.11,2.11,2189.0,1861.0,773.17,100,2.1,0.02,True,,7.0,0.0191780821917808,773.5852931920283,-0.0098537633491549,True,,0.1177238662132862,,0.0,765.4126088911487,good,0.11675215007546154,0.11703363459875255,0.11731487356733813,ok,put
2026-09-04,2026-09-11,call,767.0,8.75,9.01,8.92,2151.0,2215.0,773.17,100,8.879999999999999,0.2599999999999998,True,,7.0,0.0191780821917808,773.5852931920283,-0.0085491317224901,True,,0.1153128708641513,,6.580243397419849,772.9920854594448,good,0.11239229662982003,0.11540756123715395,0.11939900998133089,ok,put
2026-09-04,2026-09-11,put,767.0,2.32,2.34,2.32,3016.0,4610.0,773.17,100,2.33,0.02,True,,7.0,0.0191780821917808,773.5852931920283,-0.0085491317224901,True,,0.1161328619633355,,0.0,766.4118420620249,good,0.1151376972081812,0.11540756123715395,0.11567724854858073,ok,put
2026-09-04,2026-09-11,call,768.0,8.0,8.23,7.99,5823.0,2022.0,773.17,100,8.115,0.2300000000000004,True,,7.0,0.0191780821917808,773.5852931920283,-0.0072461999420741,True,,0.1132547780917314,,5.58101022654364,772.9920854594448,good,0.11084704929237679,0.11395225264898277,0.11682271712852227,ok,put
2026-09-04,2026-09-11,put,768.0,2.58,2.6,2.58,9107.0,3211.0,773.17,100,2.59,0.02,True,,7.0,0.0191780821917808,773.5852931920283,-0.0072461999420741,True,,0.1147173805636363,,0.0,767.4110752329011,good,0.11369245227208602,0.11395225264898277,0.1142119312374602,ok,put
2026-09-04,2026-09-11,call,769.0,7.23,7.55,7.3,2543.0,730.0,773.17,100,7.390000000000001,0.3199999999999994,True,,7.0,0.0191780821917808,773.5852931920283,-0.0059449635841023,True,,0.111600801590513,,4.581777055667544,772.9920854594448,good,0.10814104724959418,0.11235242090568894,0.11618807895754985,ok,put
2026-09-04,2026-09-11,put,769.0,2.86,2.88,2.86,7827.0,1032.0,773.17,100,2.87,0.02,True,,7.0,0.0191780821917808,773.5852931920283,-0.0059449635841023,True,,0.1131615414783604,,0.0,768.4103084037772,good,0.11210099287182153,0.11235242090568894,0.11260376926324957,ok,put
2026-09-04,2026-09-11,call,770.0,6.63,6.8,6.79,8970.0,4435.0,773.17,100,6.715,0.1699999999999999,True,,7.0,0.0191780821917808,773.5852931920283,-0.0046454182420168,True,,0.1105105835938244,,3.5825438847913347,772.9920854594448,good,0.1089857595966626,0.11106416797568001,0.11314306635353055,ok,put
2026-09-04,2026-09-11,put,770.0,3.18,3.2,3.19,17992.0,2093.0,773.17,100,3.1900000000000004,0.02,True,,7.0,0.0191780821917808,773.5852931920283,-0.0046454182420168,True,,0.1119240575705986,,0.0,769.4095415746534,good,0.11081960044630723,0.11106416797568001,0.11130868825812983,ok,put
2026-09-04,2026-09-11,call,771.0,5.89,6.21,6.04,2697.0,2070.0,773.17,100,6.05,0.3200000000000003,True,,7.0,0.0191780821917808,773.5852931920283,-0.0033475595264168,True,,0.1089379518419146,,2.583310713915125,772.9920854594448,good,0.10564380501565354,0.10966286378432681,0.11330345835973912,ok,put
2026-09-04,2026-09-11,put,771.0,3.52,3.55,3.55,3303.0,1848.0,773.17,100,3.535,0.0299999999999998,True,,7.0,0.0191780821917808,773.5852931920283,-0.0033475595264168,True,,0.1105795753354432,,0.0,770.4087747455296,good,0.10930382900062584,0.10966286378432681,0.11002184448540576,ok,put
2026-09-04,2026-09-11,call,772.0,5.28,5.54,5.41,2839.0,1830.0,773.17,100,5.41,0.2599999999999998,True,,7.0,0.0191780821917808,773.5852931920283,-0.0020513830649701,True,,0.1072244183517942,,1.5840775430390297,772.9920854594448,good,0.10468046484186695,0.10835056025056013,0.11081049786592508,ok,put
2026-09-04,2026-09-11,put,772.0,3.9,3.93,3.9,3924.0,1925.0,773.17,100,3.915,0.0300000000000002,True,,7.0,0.0191780821917808,773.5852931920283,-0.0020513830649701,True,,0.109332088434431,,0.0,771.4080079164057,good,0.10799693108140543,0.10835056025056013,0.1087041697205368,ok,put
2026-09-04,2026-09-11,call,773.0,4.84,4.87,4.84,4823.0,1425.0,773.17,100,4.855,0.0300000000000002,True,,7.0,0.0191780821917808,773.5852931920283,-0.0007568845023244,True,,0.1067387318716541,,0.58484437216282,772.9920854594448,good,0.10688834125137621,0.10720376743460501,0.10758980736419496,ok,put
2026-09-04,2026-09-11,put,773.0,4.32,4.35,4.32,4322.0,1231.0,773.17,100,4.335,0.0299999999999993,True,,7.0,0.0191780821917808,773.5852931920283,-0.0007568845023244,True,,0.108259707681221,,0.0,772.4072410872819,good,0.10685303301628163,0.10720376743460501,0.10755449958541029,ok,put
2026-09-04,2026-09-11,call,774.0,4.29,4.31,4.29,2583.0,1844.0,773.17,100,4.3,0.0199999999999995,True,,7.0,0.0191780821917808,773.5852931920283,0.0005359404999807,True,,0.1054420087079433,,0.0,772.9920854594448,good,0.10569027021914848,0.10592391554017178,0.10615755995711462,ok,call
2026-09-04,2026-09-11,put,774.0,4.77,4.8,4.78,2513.0,1252.0,773.17,100,4.785,0.0300000000000002,True,,7.0,0.0191780821917808,773.5852931920283,0.0005359404999807,True,,0.1070961373448989,,0.4143887987133894,773.4064742581581,good,0.10560490914994929,0.10592391554017178,0.10630584339573458,ok,call
2026-09-04,2026-09-11,call,775.0,3.78,3.8,3.8,6155.0,9414.0,773.17,100,3.79,0.02,True,,7.0,0.0191780821917808,773.5852931920283,0.0018270962636007,True,,0.1043691688229138,,0.0,772.9920854594448,good,0.10459698316921702,0.10483230886976014,0.10506762540806715,ok,call
2026-09-04,2026-09-11,put,775.0,5.21,5.34,5.28,2182.0,2284.0,773.17,100,5.275,0.1299999999999999,True,,7.0,0.0191780821917808,773.5852931920283,0.0018270962636007,True,,0.1060522557565941,,1.4136219695894852,774.4057074290342,good,0.10328376901400249,0.10483230886976014,0.10634295867990447,ok,call
2026-09-04,2026-09-11,call,776.0,3.31,3.32,3.32,1769.0,2833.0,773.17,100,3.315,0.0099999999999997,True,,7.0,0.0191780821917808,773.5852931920283,0.0031165870934724,True,,0.1032670376947572,,0.0,772.9920854594448,good,0.10359241451832601,0.10371192172423085,0.1038314220829778,ok,call
2026-09-04,2026-09-11,put,776.0,5.7,5.91,5.77,484.0,925.0,773.17,100,5.805,0.2099999999999999,True,,7.0,0.0191780821917808,773.5852931920283,0.0031165870934724,True,,0.1051132671079557,,2.4128551404656946,775.4049405999104,good,0.10125008461814412,0.10371192172423085,0.10626920041117126,ok,call
2026-09-04,2026-09-11,call,777.0,2.87,2.9,2.88,3499.0,1882.0,773.17,100,2.885,0.0299999999999998,True,,7.0,0.0191780821917808,773.5852931920283,0.0044044172779012,True,,0.102366760185992,,0.0,772.9920854594448,good,0.10242623833862438,0.10279361854350694,0.10316086810769731,ok,call
2026-09-04,2026-09-11,put,777.0,6.09,6.44,6.4,2805.0,1098.0,773.17,100,6.265000000000001,0.3500000000000005,True,,7.0,0.0191780821917808,773.5852931920283,0.0044044172779012,True,,0.1015796476956926,,3.412088311341904,776.4041737707867,good,0.09578714931992355,0.10279361854350694,0.10438206369507581,ok,call
2026-09-04,2026-09-11,call,778.0,2.47,2.49,2.49,2319.0,1546.0,773.17,100,2.4800000000000004,0.02,True,,7.0,0.0191780821917808,773.5852931920283,0.0056905910886451,True,,0.1011765509105711,,0.0,772.9920854594448,good,0.10133297825178052,0.10158635661703502,0.10183962843717934,ok,call
2026-09-04,2026-09-11,put,778.0,6.71,7.29,7.01,1056.0,1049.0,773.17,100,7.0,0.5800000000000001,True,,7.0,0.0191780821917808,773.5852931920283,0.0056905910886451,True,,0.1039263529959591,,4.411321482218,777.4034069416628,good,0.0949039712743695,0.10158635661703502,0.10958688507274056,ok,call
2026-09-04,2026-09-11,call,779.0,2.12,2.13,2.13,2482.0,2207.0,773.17,100,2.125,0.0099999999999997,True,,7.0,0.0191780821917808,773.5852931920283,0.0069751127810018,True,,0.1003285758715793,,0.0,772.9920854594448,good,0.10058933707997188,0.10072161391707866,0.10085384623640545,ok,call
2026-09-04,2026-09-11,put,779.0,7.36,7.94,7.64,693.0,581.0,773.17,100,7.65,0.5800000000000001,True,,7.0,0.0191780821917808,773.5852931920283,0.0069751127810018,True,,0.1033466819531373,,5.410554653094209,778.402640112539,good,0.09379590203492262,0.10072161391707866,0.10911918794512453,ok,call
2026-09-04,2026-09-11,call,780.0,1.8,1.82,1.8,8472.0,15389.0,773.17,100,1.81,0.02,True,,7.0,0.0191780821917808,773.5852931920283,0.008257986593891,True,,0.0996109570327622,,0.0,772.9920854594448,good,0.09970891764101998,0.09998790854499878,0.10026661697831639,ok,call
2026-09-04,2026-09-11,put,780.0,8.05,8.65,8.2,1156.0,1011.0,773.17,100,8.350000000000001,0.5999999999999996,True,,7.0,0.0191780821917808,773.5852931920283,0.008257986593891,True,,0.1032206963294417,,6.409787823970419,779.4018732834152,good,0.09273294638665106,0.09998790854499878,0.10941690828115143,ok,call
2026-09-04,2026-09-11,call,781.0,1.52,1.53,1.52,2098.0,1796.0,773.17,100,1.525,0.01,True,,7.0,0.0191780821917808,773.5852931920283,0.0095392167499396,True,,0.0987829807899465,,0.0,772.9920854594448,good,0.09899602187959576,0.09914464750002451,0.09929316367518792,ok,call
2026-09-04,2026-09-11,put,781.0,8.77,9.39,9.02,394.0,15.0,773.17,100,9.08,0.620000000000001,True,,7.0,0.0191780821917808,773.5852931920283,0.0095392167499396,True,,0.1030775795582277,,7.409020994846514,780.4011064542913,good,0.09145054084790011,0.09914464750002451,0.10977331031120982,ok,call
2026-09-04,2026-09-11,call,782.0,1.27,1.29,1.28,2066.0,1241.0,773.17,100,1.28,0.02,True,,7.0,0.0191780821917808,773.5852931920283,0.0108188074555648,True,,0.0981849985319128,,0.0,772.9920854594448,good,0.09821212368876654,0.09853209549180272,0.09885140486619552,ok,call
2026-09-04,2026-09-11,put,782.0,9.54,10.15,9.42,59.0,11.0,773.17,100,9.845,0.6100000000000012,True,,7.0,0.0191780821917808,773.5852931920283,0.0108188074555648,True,,0.1031195578938695,,8.408254165722724,781.4003396251675,good,0.09061856027563549,0.09853209549180272,0.10994636603824975,ok,call
2026-09-04,2026-09-11,call,783.0,1.06,1.07,1.07,2417.0,1954.0,773.17,100,1.065,0.01,True,,7.0,0.0191780821917808,773.5852931920283,0.0120967629010568,True,,0.0975869619147791,,0.0,772.9920854594448,good,0.09774637653677208,0.09792025673269082,0.09809388801295589,ok,call
2026-09-04,2026-09-11,put,783.0,10.35,10.96,10.7,483.0,2.0,773.17,100,10.655,0.6100000000000012,True,,7.0,0.0191780821917808,773.5852931920283,0.0120967629010568,True,,0.1037778524382654,,9.407487336598932,782.3995727960437,good,0.09007729549030662,0.09792025673269082,0.11091119043997781,ok,call
2026-09-04,2026-09-11,call,784.0,0.87,0.89,0.89,1561.0,990.0,773.17,100,0.88,0.02,True,,7.0,0.0191780821917808,773.5852931920283,0.0133730872606614,True,,0.0970635106878926,,0.0,772.9920854594448,good,0.09700131999364182,0.09738375706588406,0.0977647037522504,ok,call
2026-09-04,2026-09-11,put,784.0,11.19,11.79,11.45,44.0,0.0,773.17,100,11.489999999999998,0.5999999999999996,True,,7.0,0.0191780821917808,773.5852931920283,0.0133730872606614,True,,0.1045481837425865,,10.406720507475027,783.3988059669198,good,0.08961140152692128,0.09738375706588406,0.11186493354371364,ok,call
2026-09-04,2026-09-11,call,785.0,0.71,0.73,0.73,4259.0,3459.0,773.17,100,0.72,0.02,True,,7.0,0.0191780821917808,773.5852931920283,0.014647784692662,True,,0.0965169784333365,,0.0,772.9920854594448,good,0.09639976300042712,0.09682487142707864,0.0972477376667978,ok,call
2026-09-04,2026-09-11,put,785.0,12.05,12.64,12.33,915.0,445.0,773.17,100,12.345,0.5899999999999999,True,,7.0,0.0191780821917808,773.5852931920283,0.014647784692662,True,,0.1053407208749468,,11.40595367835124,784.398039137796,good,0.08889923459314371,0.09682487142707864,0.11286908684374462,ok,call
2026-09-04,2026-09-11,call,786.0,0.58,0.59,0.58,2250.0,1844.0,773.17,100,0.585,0.01,True,,7.0,0.0191780821917808,773.5852931920283,0.0159208593394602,True,,0.0960442214501907,,0.0,772.9920854594448,good,0.09610212073641128,0.09634046436489792,0.09657796206490189,ok,call
2026-09-04,2026-09-11,put,786.0,12.0,14.75,12.64,100.0,0.0,773.17,100,13.375,2.75,True,,7.0,0.0191780821917808,773.5852931920283,0.0159208593394602,True,,0.1124979268966304,,12.405186849227448,785.3972723086722,good,,0.09634046436489792,0.15575205344102258,ok,call
2026-09-04,2026-09-11,call,787.0,0.47,0.48,0.47,1511.0,1556.0,773.17,100,0.475,0.01,True,,7.0,0.0191780821917808,773.5852931920283,0.0171923153276569,True,,0.0957969485956619,,0.0,772.9920854594448,good,0.09581269918878677,0.09608233388312085,0.0963506984271095,ok,call
2026-09-04,2026-09-11,put,787.0,12.22,16.07,13.54,250.0,0.0,773.17,100,14.145,3.85,True,,7.0,0.0191780821917808,773.5852931920283,0.0171923153276569,True,,0.1087014706203143,,13.404420020103544,786.3965054795483,good,,0.09608233388312085,0.17231343328386928,ok,call
2026-09-04,2026-09-11,call,788.0,0.38,0.39,0.38,1275.0,1027.0,773.17,100,0.385,0.01,True,,7.0,0.0191780821917808,773.5852931920283,0.0184621567681328,True,,0.095702398771744,,0.0,772.9920854594448,good,0.09567038226784914,0.09597767458229091,0.0962830624209736,ok,call
2026-09-04,2026-09-11,put,788.0,13.22,17.06,14.77,80.0,0.0,773.17,100,15.14,3.839999999999998,True,,7.0,0.0191780821917808,773.5852931920283,0.0184621567681328,True,,0.1140420764804753,,14.403653190979751,787.3957386504245,good,,0.09597767458229091,0.1788503168360584,ok,call
2026-09-04,2026-09-11,call,789.0,0.31,0.32,0.32,929.0,1254.0,773.17,100,0.315,0.01,True,,7.0,0.0191780821917808,773.5852931920283,0.019730387756128,True,,0.0959753323910956,,0.0,772.9920854594448,good,0.09589078333049861,0.09624140698757644,0.09658922880462495,ok,call
2026-09-04,2026-09-11,put,789.0,14.22,18.06,18.29,2.0,0.0,773.17,100,16.14,3.839999999999998,True,,7.0,0.0191780821917808,773.5852931920283,0.019730387756128,True,,0.1195347075584359,,15.402886361855964,788.3949718213007,good,,0.09624140698757644,0.18558643678413317,ok,call
2026-09-04,2026-09-11,call,790.0,0.25,0.26,0.26,3539.0,2514.0,773.17,100,0.255,0.01,True,,7.0,0.0191780821917808,773.5852931920283,0.0209970123713207,True,,0.0961325743057804,,0.0,772.9920854594448,good,0.09598559370485558,0.09638993792787666,0.09679009385565257,ok,call
2026-09-04,2026-09-11,put,790.0,15.22,19.06,17.11,8.0,1.0,773.17,100,17.14,3.839999999999998,True,,7.0,0.0191780821917808,773.5852931920283,0.0209970123713207,True,,0.1249618233218482,,16.40211953273206,789.3942049921768,good,,0.09638993792787666,0.19222804083896,ok,call
2026-09-04,2026-09-11,call,791.0,0.2,0.21,0.21,3283.0,3354.0,773.17,100,0.205,0.0099999999999999,True,,7.0,0.0191780821917808,773.5852931920283,0.0222620346779074,True,,0.0962664941520876,,0.0,772.9920854594448,good,0.09604517484988766,0.09651565677900348,0.09697981186418085,ok,call
2026-09-04,2026-09-11,put,791.0,16.22,20.06,19.5,15.0,0.0,773.17,100,18.14,3.84,True,,7.0,0.0191780821917808,773.5852931920283,0.0222620346779074,True,,0.1303282532098617,,17.401352703608268,790.393438163053,good,,0.09651565677900348,0.19878150694508273,ok,call
2026-09-04,2026-09-11,call,792.0,0.16,0.17,0.17,1748.0,4132.0,773.17,100,0.165,0.01,True,,7.0,0.0191780821917808,773.5852931920283,0.0235254587246795,True,,0.0965272021951112,,0.0,772.9920854594448,good,0.09621898950483766,0.09676876883619215,0.09730901730596388,ok,call
2026-09-04,2026-09-11,call,793.0,0.13,0.14,0.13,275.0,683.0,773.17,100,0.135,0.01,True,,7.0,0.0191780821917808,773.5852931920283,0.0247872885451016,True,,0.0971501626380281,,0.0,772.9920854594448,good,0.09674596234077958,0.09738493268763493,0.09800994907540603,ok,call
2026-09-04,2026-09-11,call,794.0,0.1,0.11,0.1,122.0,382.0,773.17,100,0.105,0.0099999999999999,True,,7.0,0.0191780821917808,773.5852931920283,0.0260475281573894,True,,0.0969999918315141,,0.0,772.9920854594448,good,0.0964580905863911,0.09722764309320674,0.09797490511452,ok,call
2026-09-04,2026-09-11,call,795.0,0.08,0.09,0.1,748.0,1722.0,773.17,100,0.0849999999999999,0.0099999999999999,True,,7.0,0.0191780821917808,773.5852931920283,0.0273061815645856,True,,0.0975714993375847,,0.0,772.9920854594448,good,0.09688510908748572,0.09779311445078707,0.09866787301837177,ok,call
2026-09-04,2026-09-11,put,795.0,19.7,24.19,25.0,1.0,0.0,773.17,100,21.945,4.490000000000002,True,,7.0,0.0191780821917808,773.5852931920283,0.0273061815645856,True,,0.1399930008435146,,21.398285387112992,794.3903708465577,good,,0.09779311445078707,0.2286036953516096,ok,call
2026-09-04,2026-09-11,call,796.0,0.07,0.08,0.07,1545.0,1086.0,773.17,100,0.075,0.0099999999999999,True,,7.0,0.0191780821917808,773.5852931920283,0.0285632527546365,True,,0.0994425035572987,,0.0,772.9920854594448,good,0.09864472384441772,0.0996597013047377,0.1006319803342221,ok,call
2026-09-04,2026-09-11,call,797.0,0.06,0.07,0.06,475.0,903.0,773.17,100,0.065,0.01,True,,7.0,0.0191780821917808,773.5852931920283,0.0298187457004686,True,,0.1010064941469272,,0.0,772.9920854594448,good,0.10006973177186333,0.10121928499902169,0.10231229097015115,ok,call
2026-09-04,2026-09-11,call,798.0,0.05,0.06,0.06,354.0,2908.0,773.17,100,0.055,0.0099999999999999,True,,7.0,0.0191780821917808,773.5852931920283,0.0310726643600624,True,,0.1021981650211305,,0.0,772.9920854594448,good,0.10108055904243742,0.10240648457217517,0.10365432914062181,ok,call
2026-09-04,2026-09-11,call,799.0,0.04,0.05,0.05,356.0,1151.0,773.17,100,0.045,0.01,True,,7.0,0.0191780821917808,773.5852931920283,0.0323250126765283,True,,0.1029167341319216,,0.0,772.9920854594448,good,0.10154982900872075,0.10312041710076769,0.10457657593907815,ok,call
2026-09-04,2026-09-11,put,799.0,23.7,28.14,28.22,3.0,1.0,773.17,100,25.92,4.440000000000001,True,,7.0,0.0191780821917808,773.5852931920283,0.0323250126765283,True,,0.157617509988527,,25.39521807061772,798.3873035300625,good,,0.10312041710076769,0.25144697664924437,ok,call
2026-09-04,2026-09-11,call,800.0,0.04,0.05,0.05,869.0,2785.0,773.17,100,0.045,0.01,True,,7.0,0.0191780821917808,773.5852931920283,0.033575794578181,True,,0.1063582673275632,,0.0,772.9920854594448,good,0.10494859293471527,0.10655998196771203,0.10805365165074315,ok,call
2026-09-04,2026-09-11,put,800.0,24.7,29.18,27.25,62.0,0.0,773.17,100,26.94,4.48,True,,7.0,0.0191780821917808,773.5852931920283,0.033575794578181,True,,0.1637247479400563,,26.39445124149381,799.3865367009386,good,,0.10655998196771203,0.25886585178203503,ok,call
2026-09-04,2026-09-11,call,801.0,0.03,0.04,0.03,242.0,1215.0,773.17,100,0.035,0.01,True,,7.0,0.0191780821917808,773.5852931920283,0.0348250139786129,True,,0.1063323362763442,,0.0,772.9920854594448,good,0.10453968230969113,0.1065292386356616,0.10832998035054782,ok,call
2026-09-04,2026-09-11,put,801.0,25.76,30.18,33.0,20.0,0.0,773.17,100,27.97,4.419999999999998,True,,7.0,0.0191780821917808,773.5852931920283,0.0348250139786129,True,,0.1705101897422513,,27.39368441237002,800.3857698718148,good,,0.1065292386356616,0.26481824439206486,ok,call
2026-09-04,2026-09-11,call,802.0,0.03,0.04,0.03,1111.0,1134.0,773.17,100,0.035,0.01,True,,7.0,0.0191780821917808,773.5852931920283,0.036072674776768,True,,0.1096547746748257,,0.0,772.9920854594448,good,0.10781132981034668,0.10984992623501928,0.111694618459214,ok,call
2026-09-04,2026-09-11,put,802.0,26.74,31.18,28.25,6.0,0.0,773.17,100,28.96,4.440000000000001,True,,7.0,0.0191780821917808,773.5852931920283,0.036072674776768,True,,0.1745277097988252,,28.39291758324623,801.385003042691,good,,0.10984992623501928,0.27072031681468484,ok,call
2026-09-04,2026-09-11,call,803.0,0.03,0.04,0.04,6.0,736.0,773.17,100,0.035,0.01,True,,7.0,0.0191780821917808,773.5852931920283,0.0373187808570152,True,,0.1129614302886162,,0.0,772.9920854594448,good,0.11106771501745573,0.11315487525568464,0.11504308578516881,ok,call
2026-09-04,2026-09-11,call,804.0,0.02,0.03,0.03,1.0,1219.0,773.17,100,0.025,0.0099999999999999,True,,7.0,0.0191780821917808,773.5852931920283,0.03856333608922,True,,0.1117171857435192,,0.0,772.9920854594448,good,0.1091288694582646,0.11190549189110019,0.1143093359388475,ok,call
2026-09-04,2026-09-11,call,805.0,0.02,0.03,0.02,36.0,567.0,773.17,100,0.025,0.0099999999999999,True,,7.0,0.0191780821917808,773.5852931920283,0.039806344328817,True,,0.1148917685124746,,0.0,772.9920854594448,good,0.11223853483917337,0.11507856767733564,0.1175366538531467,ok,call
2026-09-04,2026-09-11,call,806.0,0.02,0.03,0.04,41.0,266.0,773.17,100,0.025,0.0099999999999999,True,,7.0,0.0191780821917808,773.5852931920283,0.041047809416882,True,,0.1180529178950591,,0.0,772.9920854594448,good,0.11533534108181105,0.11823824707888969,0.12075009717158916,ok,call
2026-09-04,2026-09-11,call,807.0,0.02,0.03,0.02,1.0,987.0,773.17,100,0.025,0.0099999999999999,True,,7.0,0.0191780821917808,773.5852931920283,0.0422877351802025,True,,0.1212010197239435,,0.0,772.9920854594448,good,0.11841965224723763,0.12138490697917688,0.12395007161351615,ok,call
2026-09-04,2026-09-11,call,808.0,0.02,0.03,0.01,0.0,187.0,773.17,100,0.025,0.0099999999999999,True,,7.0,0.0191780821917808,773.5852931920283,0.0435261254313491,True,,0.1243364349175591,,0.0,772.9920854594448,good,0.12149180883482438,0.12451890999568668,0.12713695074256684,ok,call
2026-09-04,2026-09-11,call,809.0,0.02,0.03,0.02,7.0,1203.0,773.17,100,0.025,0.0099999999999999,True,,7.0,0.0191780821917808,773.5852931920283,0.0447629839687452,True,,0.1274595017956243,,0.0,772.9920854594448,good,0.1245521291460509,0.1276405917024263,0.1303110826691324,ok,call
2026-09-04,2026-09-11,call,810.0,0.02,0.03,0.03,9.0,1688.0,773.17,100,0.025,0.0099999999999999,True,,7.0,0.0191780821917808,773.5852931920283,0.045998314576738,True,,0.1305705381208963,,0.0,772.9920854594448,good,0.127600917115862,0.13075026862119168,0.13347280281142493,ok,call
2026-09-04,2026-09-11,call,811.0,0.01,0.02,0.02,3.0,561.0,773.17,100,0.015,0.01,True,,7.0,0.0191780821917808,773.5852931920283,0.0472321210256665,True,,0.1266001440415816,,0.0,772.9920854594448,good,0.12179262782179358,0.12677437285375193,0.1306384504886908,ok,call
2026-09-04,2026-09-11,call,812.0,0.01,0.02,0.02,0.0,1515.0,773.17,100,0.015,0.01,True,,7.0,0.0191780821917808,773.5852931920283,0.0484644070719316,True,,0.1295546640855999,,0.0,772.9920854594448,good,0.12465001295638344,0.12972771904237468,0.13366499952893954,ok,call
2026-09-04,2026-09-11,call,813.0,0.01,0.02,0.02,6.0,1177.0,773.17,100,0.015,0.01,True,,7.0,0.0191780821917808,773.5852931920283,0.0496951764580643,True,,0.1324989400385131,,0.0,772.9920854594448,good,0.1274978197197373,0.13267083998149762,0.13668081276749958,ok,call
2026-09-04,2026-09-11,call,814.0,0.01,0.02,0.01,1.0,933.0,773.17,100,0.015,0.01,True,,7.0,0.0191780821917808,773.5852931920283,0.050924432912794,True,,0.1354331957104136,,0.0,772.9920854594448,good,0.13033625272154753,0.13560396152999987,0.1396861290060131,ok,call
2026-09-04,2026-09-11,call,815.0,0.01,0.02,0.01,4.0,947.0,773.17,100,0.015,0.01,True,,7.0,0.0191780821917808,773.5852931920283,0.0521521801511163,True,,0.1383576433021217,,0.0,772.9920854594448,good,0.1331655109237281,0.13852728819160579,0.14268117468680142,ok,call
2026-09-04,2026-09-11,call,816.0,0.01,0.02,0.02,9.0,624.0,773.17,100,0.015,0.01,True,,7.0,0.0191780821917808,773.5852931920283,0.0533784218743606,True,,0.1412724842530611,,0.0,772.9920854594448,good,0.13598577286039543,0.14144102863024105,0.14566616385528827,ok,call
2026-09-04,2026-09-11,call,817.0,0.01,0.02,0.01,3.0,184.0,773.17,100,0.015,0.01,True,,7.0,0.0191780821917808,773.5852931920283,0.0546031617702565,True,,0.1441779100267503,,0.0,772.9920854594448,good,0.13879721512674123,0.14434536547196106,0.14864129897336714,ok,call
2026-09-04,2026-09-11,call,818.0,0.01,0.02,0.02,1.0,1284.0,773.17,100,0.015,0.01,True,,7.0,0.0191780821917808,773.5852931920283,0.0558264035130007,True,,0.1470741028331399,,0.0,772.9920854594448,good,0.14160000195306507,0.14724048750722102,0.15160677342498996,ok,call
2026-09-04,2026-09-11,call,819.0,0.01,0.02,0.02,0.0,1076.0,773.17,100,0.015,0.01,True,,7.0,0.0191780821917808,773.5852931920283,0.0570481507633231,True,,0.1499612362892683,,0.0,772.9920854594448,good,0.14439429845049911,0.15012656472004862,0.15456277381578776,ok,call
2026-09-04,2026-09-11,call,820.0,0.01,0.02,0.02,0.0,623.0,773.17,100,0.015,0.01,True,,7.0,0.0191780821917808,773.5852931920283,0.0582684071685525,True,,0.1528394844599974,,0.0,772.9920854594448,good,0.14718024983828246,0.1530037617432253,0.1575094712490383,ok,call
2026-09-04,2026-09-11,call,821.0,0.01,0.02,0.01,0.0,515.0,773.17,100,0.015,0.01,True,,7.0,0.0191780821917808,773.5852931920283,0.0594871763626818,True,,0.1557089829143985,,0.0,772.9920854594448,good,0.14995800256931396,0.15587223688713472,0.1604470379329905,ok,call
2026-09-04,2026-09-11,call,822.0,0.01,0.02,0.01,0.0,261.0,773.17,100,0.015,0.01,True,,7.0,0.0191780821917808,773.5852931920283,0.0607044619664335,True,,0.1585699008747877,,0.0,772.9920854594448,good,0.1527276951441128,0.1587321406679607,0.16337563260958662,ok,call
2026-09-04,2026-09-11,call,823.0,0.01,0.02,0.02,0.0,5415.0,773.17,100,0.015,0.01,True,,7.0,0.0191780821917808,773.5852931920283,0.0619202675873234,True,,0.1614223806637192,,0.0,772.9920854594448,good,0.15548946006255146,0.1615836173069857,0.1662954094232873,ok,call
2026-09-04,2026-09-11,call,824.0,0.01,0.02,0.03,0.0,5949.0,773.17,100,0.015,0.01,True,,7.0,0.0191780821917808,773.5852931920283,0.0631345968197253,True,,0.164266560040268,,0.0,772.9920854594448,good,0.15824342500850747,0.16442680504274215,0.1692065153662268,ok,call
2026-09-04,2026-09-11,call,825.0,0.01,0.02,0.01,0.0,1091.0,773.17,100,0.015,0.01,True,,7.0,0.0191780821917808,773.5852931920283,0.0643474532449347,True,,0.1671025717033017,,0.0,772.9920854594448,good,0.16098970959890882,0.16726183656481966,0.17210908956895252,ok,call
2026-09-04,2026-09-11,call,830.0,0.01,0.02,0.01,2.0,2130.0,773.17,100,0.015,0.01,True,,7.0,0.0191780821917808,773.5852931920283,0.0703897677008972,True,,0.1811644130166002,,0.0,772.9920854594448,good,0.1746098953860783,0.1813189343329239,0.18649858155663007,ok,call
2026-09-04,2026-09-11,call,835.0,0.01,0.02,0.03,0.0,1058.0,773.17,100,0.015,0.01,True,,7.0,0.0191780821917808,773.5852931920283,0.0763957917611091,True,,0.195039285872966,,0.0,772.9920854594448,good,0.18805391139229458,0.19518929880698332,0.20069308742396075,ok,call
2026-09-04,2026-09-11,call,840.0,0.0,0.01,0.01,1.0,2291.0,773.17,100,0.005,0.01,True,,7.0,0.0191780821917808,773.5852931920283,0.0823659587476129,True,,0.1897802893247567,,0.0,772.9920854594448,good,,0.18992259208097603,0.201332708259387,ok,call
2026-09-04,2026-09-11,call,845.0,0.0,0.01,0.01,52.0,155.0,773.17,100,0.005,0.01,True,,7.0,0.0191780821917808,773.5852931920283,0.0883006942674276,True,,0.2022774061082717,,0.0,772.9920854594448,good,,0.20241634583421714,0.21445559322721475,ok,call
2026-09-04,2026-09-11,call,850.0,0.0,0.01,0.01,4.0,279.0,773.17,100,0.005,0.01,True,,7.0,0.0191780821917808,773.5852931920283,0.0942004163946158,True,,0.2146387095522376,,0.0,772.9920854594448,good,,0.21477438255134249,0.2274305916129939,ok,call
2026-09-04,2026-09-11,call,855.0,0.0,0.01,0.02,0.0,95.0,773.17,100,0.005,0.01,True,,7.0,0.0191780821917808,773.5852931920283,0.1000655358470139,True,,0.2268703354281006,,0.0,772.9920854594448,good,,0.22700288792272055,0.24026470980068934,ok,call
2026-09-04,2026-09-11,call,860.0,0.0,0.01,0.01,0.0,161.0,773.17,100,0.005,0.01,True,,7.0,0.0191780821917808,773.5852931920283,0.105896456157807,True,,0.2389778201361941,,0.0,772.9920854594448,good,,0.23910733174438503,0.2529641242919918,ok,call
2026-09-04,2026-09-11,call,865.0,0.0,0.01,0.02,0.0,245.0,773.17,100,0.005,0.01,True,,7.0,0.0191780821917808,773.5852931920283,0.1116935738421329,True,,0.2509660309308403,,0.0,772.9920854594448,good,,0.25109258557714237,0.2655343443523585,ok,call
2026-09-04,2026-09-11,call,870.0,0.0,0.01,0.02,0.0,182.0,773.17,100,0.005,0.01,True,,7.0,0.0191780821917808,773.5852931920283,0.1174572785588831,True,,0.2628393639304532,,0.0,772.9920854594448,good,,0.2629630404192121,0.2779803106030557,ok,call
2026-09-04,2026-09-11,call,875.0,0.0,0.01,0.01,0.0,269.0,773.17,100,0.005,0.01,True,,7.0,0.0191780821917808,773.5852931920283,0.1231879532678681,True,,0.2746018144609585,,0.0,772.9920854594448,good,,0.27472267253057975,0.2903064910795826,ok,call
2026-09-04,2026-09-11,call,880.0,0.0,0.01,0.01,0.0,155.0,773.17,100,0.005,0.01,True,,7.0,0.0191780821917808,773.5852931920283,0.1288859743825058,True,,0.2862570176541805,,0.0,772.9920854594448,good,,0.28637510907788427,0.3025169599033417,ok,call
2026-09-04,2026-09-11,call,885.0,0.0,0.01,0.01,1.0,1437.0,773.17,100,0.005,0.01,True,,7.0,0.0191780821917808,773.5852931920283,0.1345517119181832,True,,0.2978082464897931,,0.0,772.9920854594448,good,,0.29792367650876184,0.3146154385441582,ok,call
2026-09-04,2026-09-11,call,890.0,0.0,0.01,0.01,0.0,1285.0,773.17,100,0.005,0.01,True,,7.0,0.0191780821917808,773.5852931920283,0.1401855296364391,True,,0.3092585944842994,,0.0,772.9920854594448,good,,0.3093714412042155,0.32660535616319547,ok,call
2026-09-04,2026-09-11,call,895.0,0.0,0.01,0.01,0.0,2371.0,773.17,100,0.005,0.01,True,,7.0,0.0191780821917808,773.5852931920283,0.1457877851851089,True,,0.3206109673635512,,0.0,772.9920854594448,good,,0.32072124430124865,0.33848988236210026,ok,call
2026-09-04,2026-09-14,call,700.0,71.67,75.95,73.96,16.0,10.0,773.17,100,73.81,4.280000000000001,True,,10.0,0.0273972602739726,773.7633442673337,-0.100185735032643,True,,0.26604365611963,,73.6825520034904,772.9158489038392,good,,0.252256887387278,0.45585592750171994,ok,put
2026-09-04,2026-09-14,put,700.0,0.08,0.09,0.08,144.0,276.0,773.17,100,0.0849999999999999,0.0099999999999999,True,,10.0,0.0273972602739726,773.7633442673337,-0.100185735032643,True,,0.2527554713115166,,0.0,699.2332969003488,good,0.25040929852786303,0.252256887387278,0.254030008489449,ok,put
2026-09-04,2026-09-14,put,705.0,0.09,0.1,0.13,14.0,72.0,773.17,100,0.095,0.01,True,,10.0,0.0273972602739726,773.7633442673337,-0.093068267263779,True,,0.2401338857299129,,0.0,704.2278204496371,good,0.23800799063611164,0.239626851241669,0.24118789864102166,ok,put
2026-09-04,2026-09-14,put,710.0,0.1,0.11,0.13,18.0,65.0,773.17,100,0.105,0.0099999999999999,True,,10.0,0.0273972602739726,773.7633442673337,-0.0860011000406866,True,,0.2269411372193804,,0.0,709.2223439989252,good,0.2249986087847194,0.22642562636615488,0.22780702423324453,ok,put
2026-09-04,2026-09-14,call,715.0,56.67,60.82,52.65,0.0,1.0,773.17,100,58.745000000000005,4.149999999999999,True,,10.0,0.0273972602739726,773.7633442673337,-0.07898352738204,True,,0.1903950987139446,,58.69898135562573,772.9158489038392,good,,0.21271087405691147,0.37565585255460493,ok,put
2026-09-04,2026-09-14,put,715.0,0.11,0.12,0.12,7.0,208.0,773.17,100,0.1149999999999999,0.0099999999999999,True,,10.0,0.0273972602739726,773.7633442673337,-0.07898352738204,True,,0.2132350252696144,,0.0,714.2168675482135,good,0.21144810152165502,0.21271087405691147,0.21393720506348385,ok,put
2026-09-04,2026-09-14,call,720.0,51.75,56.0,44.53,0.0,4.0,773.17,100,53.875,4.25,True,,10.0,0.0273972602739726,773.7633442673337,-0.0720148580659467,True,,0.208125530281901,,53.70445780633747,772.9158489038392,good,,0.20067462047652587,0.35857342516492174,ok,put
2026-09-04,2026-09-14,put,720.0,0.13,0.14,0.14,56.0,218.0,773.17,100,0.135,0.01,True,,10.0,0.0273972602739726,773.7633442673337,-0.0720148580659467,True,,0.2012124057386085,,0.0,719.2113910975017,good,0.19961171603477373,0.20067462047652587,0.2017118541521014,ok,put
2026-09-04,2026-09-14,call,725.0,46.72,51.05,49.49,1.0,5.0,773.17,100,48.885,4.329999999999998,True,,10.0,0.0273972602739726,773.7633442673337,-0.0650944152213728,True,,0.1916470601955821,,48.709934257049326,772.9158489038392,good,,0.18762936205448488,0.3352663890684644,ok,put
2026-09-04,2026-09-14,put,725.0,0.15,0.16,0.17,87.0,1763.0,773.17,100,0.155,0.01,True,,10.0,0.0273972602739726,773.7633442673337,-0.0650944152213728,True,,0.1881807451970756,,0.0,724.2059146467899,good,0.1867231684409685,0.18762936205448488,0.18851685001031174,ok,put
2026-09-04,2026-09-14,call,730.0,41.76,46.08,37.94,0.0,1.0,773.17,100,43.92,4.32,True,,10.0,0.0273972602739726,773.7633442673337,-0.0582215359336109,True,,0.1786255911642972,,43.715410707761066,772.9158489038392,good,,0.17522275230034065,0.3107618094669848,ok,put
2026-09-04,2026-09-14,put,730.0,0.18,0.19,0.19,407.0,403.0,773.17,100,0.185,0.01,True,,10.0,0.0273972602739726,773.7633442673337,-0.0582215359336109,True,,0.1757919657480841,,0.0,729.2004381960782,good,0.17447149553635924,0.17522275230034065,0.17596134328468452,ok,put
2026-09-04,2026-09-14,put,735.0,0.23,0.24,0.25,417.0,471.0,773.17,100,0.235,0.0099999999999999,True,,10.0,0.0273972602739726,773.7633442673337,-0.0513955708632109,True,,0.1646026617634877,,0.0,734.1949617453663,good,0.16341062793644506,0.16400851738752703,0.16459875972580487,ok,put
2026-09-04,2026-09-14,call,740.0,32.07,36.31,33.87,2.0,3.0,773.17,100,34.19,4.240000000000002,True,,10.0,0.0273972602739726,773.7633442673337,-0.0446158838778322,True,,0.1665510037938266,,33.72636360918466,772.9158489038392,good,,0.15278162183874042,0.26613112792444416,ok,put
2026-09-04,2026-09-14,put,740.0,0.3,0.31,0.32,811.0,719.0,773.17,100,0.305,0.01,True,,10.0,0.0273972602739726,773.7633442673337,-0.0446158838778322,True,,0.1534065192788726,,0.0,739.1894852946546,good,0.15231177815078106,0.15278162183874042,0.153247053720153,ok,put
2026-09-04,2026-09-14,call,745.0,27.31,29.5,28.75,10.0,14.0,773.17,100,28.405,2.1900000000000013,True,,10.0,0.0273972602739726,773.7633442673337,-0.0378818516964881,False,below_european_lower_bound,,market_price is below the no-arbitrage lower bound.,28.73184005989652,772.9158489038392,good,,0.14292060715887864,0.17125396403832863,ok,put
2026-09-04,2026-09-14,put,745.0,0.42,0.43,0.43,493.0,641.0,773.17,100,0.425,0.01,True,,10.0,0.0273972602739726,773.7633442673337,-0.0378818516964881,True,,0.1435890327414921,,0.0,744.1840088439427,good,0.14256504147260904,0.14292060715887864,0.1432739447122609,ok,put
2026-09-04,2026-09-14,call,750.0,22.81,25.79,24.57,215.0,226.0,773.17,100,24.3,2.9800000000000004,True,,10.0,0.0273972602739726,773.7633442673337,-0.0311928635456915,True,,0.1314058814439894,,23.73731651060825,772.9158489038392,good,,0.13352786733355781,0.194968100536028,ok,put
2026-09-04,2026-09-14,put,750.0,0.61,0.62,0.61,881.0,1406.0,773.17,100,0.615,0.01,True,,10.0,0.0273972602739726,773.7633442673337,-0.0311928635456915,True,,0.1342545516862336,,0.0,749.178532393231,good,0.133261787930577,0.13352786733355781,0.1337929094909931,ok,put
2026-09-04,2026-09-14,call,755.0,18.45,20.65,20.23,216.0,500.0,773.17,100,19.55,2.2,True,,10.0,0.0273972602739726,773.7633442673337,-0.0245483208270229,True,,0.1207307519766078,,18.742792961320102,772.9158489038392,good,,0.1249477356853727,0.16308160476813335,ok,put
2026-09-04,2026-09-14,put,755.0,0.92,0.94,0.92,939.0,695.0,773.17,100,0.93,0.0199999999999999,True,,10.0,0.0273972602739726,773.7633442673337,-0.0245483208270229,True,,0.1257559955943811,,0.0,754.1730559425191,good,0.12455079211513559,0.1249477356853727,0.12534294182101177,ok,put
2026-09-04,2026-09-14,call,760.0,14.84,15.22,15.07,847.0,612.0,773.17,100,15.03,0.3800000000000008,True,,10.0,0.0273972602739726,773.7633442673337,-0.0179476367956709,True,,0.1127896542196251,,13.748269412031846,772.9158489038392,good,0.11098514720659995,0.11673829363128328,0.12243541905208244,ok,put
2026-09-04,2026-09-14,put,760.0,1.43,1.45,1.43,1778.0,1325.0,773.17,100,1.44,0.02,True,,10.0,0.0273972602739726,773.7633442673337,-0.0179476367956709,True,,0.1176623639748303,,0.0,759.1675794918074,good,0.11643692322264518,0.11673829363128328,0.11703901055491463,ok,put
2026-09-04,2026-09-14,call,765.0,10.68,11.05,11.0,534.0,1035.0,773.17,100,10.865,0.370000000000001,True,,10.0,0.0273972602739726,773.7633442673337,-0.0113902362495118,True,,0.1063269950234788,,8.753745862743699,772.9158489038392,good,0.10473923750131088,0.1089389929304432,0.11356479568472486,ok,put
2026-09-04,2026-09-14,put,765.0,2.25,2.28,2.25,1236.0,540.0,773.17,100,2.265,0.0299999999999998,True,,10.0,0.0273972602739726,773.7633442673337,-0.0113902362495118,True,,0.1100362240644494,,0.0,764.1621030410955,good,0.10858080332343524,0.1089389929304432,0.10929673113434789,ok,put
2026-09-04,2026-09-14,call,770.0,7.03,7.32,7.23,1259.0,895.0,773.17,100,7.175000000000001,0.29,True,,10.0,0.0273972602739726,773.7633442673337,-0.0048755552283181,True,,0.0996870944471846,,3.759222313455439,772.9158489038392,good,0.09877176422532676,0.10218721487138305,0.10468738002370345,ok,put
2026-09-04,2026-09-14,put,770.0,3.59,3.62,3.59,1356.0,169.0,773.17,100,3.605,0.0300000000000002,True,,10.0,0.0273972602739726,773.7633442673337,-0.0048755552283181,True,,0.1035632382754617,,0.0,769.1566265903838,good,0.10188131407788789,0.10218721487138305,0.10249304632963921,ok,put
2026-09-04,2026-09-14,call,775.0,4.26,4.29,4.29,2953.0,482.0,773.17,100,4.275,0.0300000000000002,True,,10.0,0.0273972602739726,773.7633442673337,0.0015969592772993,True,,0.0952989037249135,,0.0,772.9158489038392,good,0.09648782081485813,0.09678325533535598,0.09707867832998433,ok,call
2026-09-04,2026-09-14,put,775.0,5.66,5.7,5.71,1548.0,118.0,773.17,100,5.68,0.04,True,,10.0,0.0273972602739726,773.7633442673337,0.0015969592772993,True,,0.0986377802986702,,1.2353012358327078,774.1511501396719,good,0.09638772399486291,0.09678325533535598,0.09717553422085266,ok,call
2026-09-04,2026-09-14,call,780.0,2.19,2.21,2.18,1640.0,384.0,773.17,100,2.2,0.02,True,,10.0,0.0273972602739726,773.7633442673337,0.0080278496075898,True,,0.0911059686320894,,0.0,772.9158489038392,good,0.09198870567323138,0.09221450118193525,0.09244013545098137,ok,call
2026-09-04,2026-09-14,put,780.0,8.34,8.98,8.3,84.0,14.0,773.17,100,8.66,0.6400000000000006,True,,10.0,0.0273972602739726,773.7633442673337,0.0080278496075898,True,,0.09624265879564,,6.229824785120968,779.1456736889602,good,0.08623061260997526,0.09221450118193525,0.10063294546519734,ok,call
2026-09-04,2026-09-14,call,785.0,0.96,0.98,0.98,1608.0,534.0,773.17,100,0.97,0.02,True,,10.0,0.0273972602739726,773.7633442673337,0.0144176477063608,True,,0.0882156223917477,,0.0,772.9158489038392,good,0.08875337344284395,0.08907220432801884,0.08938991446868412,ok,call
2026-09-04,2026-09-14,put,785.0,12.17,12.87,12.45,5.0,0.0,773.17,100,12.52,0.6999999999999993,True,,10.0,0.0273972602739726,773.7633442673337,0.0144176477063608,True,,0.0980351483647268,,11.224348334409116,784.1401972382483,good,0.08245865717099554,0.08907220432801884,0.10390036449732977,ok,call
2026-09-04,2026-09-14,call,790.0,0.37,0.39,0.39,874.0,341.0,773.17,100,0.38,0.02,True,,10.0,0.0273972602739726,773.7633442673337,0.0207668753850194,True,,0.0872408113076553,,0.0,772.9158489038392,good,0.08737936014028594,0.0879310522146108,0.08847564019090026,ok,call
2026-09-04,2026-09-14,put,790.0,15.22,18.91,23.35,0.0,2.0,773.17,100,17.065,3.69,True,,10.0,0.0273972602739726,773.7633442673337,0.0207668753850194,True,,0.1079752984960736,,16.218871883697375,789.1347207875366,good,,0.0879310522146108,0.15979019590182814,ok,call
2026-09-04,2026-09-14,call,795.0,0.14,0.15,0.15,5821.0,3297.0,773.17,100,0.145,0.0099999999999999,True,,10.0,0.0273972602739726,773.7633442673337,0.0270760445782842,True,,0.0885090299661778,,0.0,772.9158489038392,good,0.08855014319043877,0.08909149058548946,0.08962179698369284,ok,call
2026-09-04,2026-09-14,put,795.0,20.19,24.07,21.16,2.0,0.0,773.17,100,22.130000000000003,3.879999999999999,True,,10.0,0.0273972602739726,773.7633442673337,0.0270760445782842,True,,0.1332858132018662,,21.21339543298552,794.1292443368247,good,,0.08909149058548946,0.19143219681989854,ok,call
2026-09-04,2026-09-14,call,800.0,0.06,0.07,0.06,7281.0,148.0,773.17,100,0.065,0.01,True,,10.0,0.0273972602739726,773.7633442673337,0.0333456575918796,True,,0.0929891985743483,,0.0,772.9158489038392,good,0.09246871611474164,0.093506895101037,0.09449352045521425,ok,call
2026-09-04,2026-09-14,put,800.0,24.73,29.18,34.63,0.0,41.0,773.17,100,26.955,4.449999999999999,True,,10.0,0.0273972602739726,773.7633442673337,0.0333456575918796,True,,0.1469536871826539,,26.20791898227378,799.123767886113,good,,0.093506895101037,0.2207525229389199,ok,call
2026-09-04,2026-09-14,call,805.0,0.03,0.04,0.05,460.0,22.0,773.17,100,0.035,0.01,True,,10.0,0.0273972602739726,773.7633442673337,0.0395762073425158,True,,0.0994997916649751,,0.0,772.9158489038392,good,0.0981525950338995,0.09997718457045521,0.10162720823128658,ok,call
2026-09-04,2026-09-14,call,810.0,0.02,0.03,0.04,16.0,132.0,773.17,100,0.025,0.0099999999999999,True,,10.0,0.0273972602739726,773.7633442673337,0.0457681775904367,True,,0.1087599478684144,,0.0,772.9158489038392,good,0.10658322506374802,0.10921593922403526,0.11149193954307121,ok,call
2026-09-04,2026-09-14,call,815.0,0.02,0.03,0.02,26.0,5.0,773.17,100,0.025,0.0099999999999999,True,,10.0,0.0273972602739726,773.7633442673337,0.051922043164815,True,,0.1216374679279667,,0.0,772.9158489038392,good,0.11920541250471517,0.12208763119210114,0.12457680549964946,ok,call
2026-09-04,2026-09-14,call,820.0,0.01,0.02,0.01,0.0,12.0,773.17,100,0.015,0.01,True,,10.0,0.0273972602739726,773.7633442673337,0.0580382701822511,True,,0.1274220997364504,,0.0,772.9158489038392,good,0.12297970763042541,0.12784887890876262,0.1316163902989098,ok,call
2026-09-04,2026-09-14,call,825.0,0.01,0.02,0.01,0.0,5.0,773.17,100,0.015,0.01,True,,10.0,0.0273972602739726,773.7633442673337,0.0641173162586334,True,,0.1393594484583926,,0.0,772.9158489038392,good,0.13453735835119232,0.1397821930295859,0.14383571743771228,ok,call
2026-09-04,2026-09-14,call,830.0,0.01,0.02,0.01,0.0,1006.0,773.17,100,0.015,0.01,True,,10.0,0.0273972602739726,773.7633442673337,0.0701596307145958,True,,0.1511279914191146,,0.0,772.9158489038392,good,0.1459364259037399,0.15154711034930599,0.15587897359945474,ok,call
2026-09-04,2026-09-14,call,835.0,0.01,0.02,0.01,0.0,1.0,773.17,100,0.015,0.01,True,,10.0,0.0273972602739726,773.7633442673337,0.0761656547748078,True,,0.1627397596584924,,0.0,772.9158489038392,good,0.15718791091399198,0.163155588383611,0.16775887163208872,ok,call
2026-09-04,2026-09-14,call,840.0,0.01,0.02,0.01,76.0,2228.0,773.17,100,0.015,0.01,True,,10.0,0.0273972602739726,773.7633442673337,0.0821358217613116,True,,0.1742047832219293,,0.0,772.9158489038392,good,0.16830100308847018,0.17461759889887413,0.17948600583052013,ok,call
2026-09-04,2026-09-14,call,845.0,0.0,0.01,0.01,100.0,20.0,773.17,100,0.005,0.01,True,,10.0,0.0273972602739726,773.7633442673337,0.0880705572811262,True,,0.1688342927667456,,0.0,772.9158489038392,good,,0.1692138679921561,0.17928351118044825,ok,call
2026-09-04,2026-09-15,put,695.0,0.1,0.11,0.11,47.0,79.0,773.17,100,0.105,0.0099999999999999,True,,11.0,0.0301369863013698,773.8227037321593,-0.1074309368400226,True,,0.2630953616296025,,0.0,694.1626965582651,good,0.26087883962674724,0.2624680360606385,0.26400566167670114,ok,put
2026-09-04,2026-09-15,put,700.0,0.11,0.12,0.14,3.0,31.0,773.17,100,0.1149999999999999,0.0099999999999999,True,,11.0,0.0301369863013698,773.8227037321593,-0.10026244736141,True,,0.2504639769139303,,0.0,699.1566727924973,good,0.24841450112158775,0.24983376987434708,0.25121137799800375,ok,put
2026-09-04,2026-09-15,put,705.0,0.12,0.13,0.26,0.0,34.0,773.17,100,0.125,0.01,True,,11.0,0.0301369863013698,773.8227037321593,-0.0931449795925461,True,,0.23739566526524,,0.0,704.1506490267294,good,0.23549123515940876,0.23676318291714663,0.23800111860939333,ok,put
2026-09-04,2026-09-15,put,710.0,0.13,0.14,0.18,2.0,19.0,773.17,100,0.135,0.01,True,,11.0,0.0301369863013698,773.8227037321593,-0.0860778123694536,True,,0.2239248614168159,,0.0,709.1446252609614,good,0.2221481977777148,0.22329058139896965,0.22440497870452478,ok,put
2026-09-04,2026-09-15,call,715.0,56.8,60.69,48.22,0.0,2.0,773.17,100,58.745,3.890000000000001,True,,11.0,0.0301369863013698,773.8227037321593,-0.0790602397108071,False,below_european_lower_bound,,market_price is below the no-arbitrage lower bound.,58.75183689433629,772.8904383895299,good,,0.21142517163628122,0.33428088977960746,ok,put
2026-09-04,2026-09-15,put,715.0,0.15,0.16,0.17,84.0,46.0,773.17,100,0.155,0.01,True,,11.0,0.0301369863013698,773.8227037321593,-0.0790602397108071,True,,0.212068267664027,,0.0,714.1386014951936,good,0.2104431603496564,0.21142517163628122,0.21238656849885032,ok,put
2026-09-04,2026-09-15,call,720.0,51.81,55.89,44.53,0.0,1.0,773.17,100,53.85,4.079999999999998,True,,11.0,0.0301369863013698,773.8227037321593,-0.0720915703947137,True,,0.1823047742843264,,53.75786066010414,772.8904383895299,good,,0.19873326092796845,0.32191884825581,ok,put
2026-09-04,2026-09-15,put,720.0,0.17,0.18,0.31,4.0,41.0,773.17,100,0.175,0.0099999999999999,True,,11.0,0.0301369863013698,773.8227037321593,-0.0720915703947137,True,,0.1993839189549978,,0.0,719.1325777294257,good,0.19788124422802747,0.19873326092796845,0.19956970633567464,ok,put
2026-09-04,2026-09-15,call,725.0,46.87,50.88,40.0,0.0,7.0,773.17,100,48.875,4.010000000000005,True,,11.0,0.0301369863013698,773.8227037321593,-0.0651711275501399,True,,0.1712480181751867,,48.76388442587199,772.8904383895299,good,,0.1867607879524479,0.29937725595612236,ok,put
2026-09-04,2026-09-15,put,725.0,0.2,0.21,0.23,8.0,120.0,773.17,100,0.205,0.0099999999999999,True,,11.0,0.0301369863013698,773.8227037321593,-0.0651711275501399,True,,0.1874241523245068,,0.0,724.1265539636579,good,0.18604074101682988,0.1867607879524479,0.1874698570924284,ok,put
2026-09-04,2026-09-15,call,730.0,41.9,46.23,44.7,2.0,0.0,773.17,100,44.065,4.329999999999998,True,,11.0,0.0301369863013698,773.8227037321593,-0.0582982482623779,True,,0.1812729663866727,,43.76990819163996,772.8904383895299,good,,0.1761088668774219,0.29038465708490724,ok,put
2026-09-04,2026-09-15,put,730.0,0.25,0.26,0.25,37.0,199.0,773.17,100,0.255,0.01,True,,11.0,0.0301369863013698,773.8227037321593,-0.0582982482623779,True,,0.1767940279314604,,0.0,729.1205301978899,good,0.1755237100660602,0.1761088668774219,0.17668708598886956,ok,put
2026-09-04,2026-09-15,put,735.0,0.31,0.32,0.31,80.0,385.0,773.17,100,0.315,0.01,True,,11.0,0.0301369863013698,773.8227037321593,-0.051472283191978,True,,0.1654461308952774,,0.0,734.1145064321221,good,0.164259914842095,0.16473742480075224,0.16521052691402938,ok,put
2026-09-04,2026-09-15,call,740.0,32.27,36.5,24.58,0.0,2.0,773.17,100,34.385000000000005,4.229999999999997,True,,11.0,0.0301369863013698,773.8227037321593,-0.0446925962065993,True,,0.1682060729265086,,33.781955723175656,772.8904383895299,good,,0.15396966429420147,0.25162214165546404,ok,put
2026-09-04,2026-09-15,put,740.0,0.4,0.41,0.4,546.0,521.0,773.17,100,0.405,0.0099999999999999,True,,11.0,0.0301369863013698,773.8227037321593,-0.0446925962065993,True,,0.1547115179415528,,0.0,739.1084826663542,good,0.15358888564423162,0.15396966429420147,0.1543478503634207,ok,put
2026-09-04,2026-09-15,call,745.0,27.55,31.2,20.1,0.0,3.0,773.17,100,29.375,3.649999999999999,True,,11.0,0.0301369863013698,773.8227037321593,-0.0379585640252552,True,,0.1471990981323972,,28.787979488943503,772.8904383895299,good,,0.14454300151026855,0.21733935089585196,ok,put
2026-09-04,2026-09-15,put,745.0,0.55,0.56,0.56,227.0,232.0,773.17,100,0.555,0.01,True,,11.0,0.0301369863013698,773.8227037321593,-0.0379585640252552,True,,0.1453352982045998,,0.0,744.1024589005864,good,0.14424873728238363,0.14454300151026855,0.14483591568020085,ok,put
2026-09-04,2026-09-15,call,750.0,22.94,26.43,23.42,3.0,11.0,773.17,100,24.685,3.4899999999999984,True,,11.0,0.0301369863013698,773.8227037321593,-0.0312695758744586,True,,0.1410711246616847,,23.79400325471147,772.8904383895299,good,,0.1353108778097931,0.19871689950325638,ok,put
2026-09-04,2026-09-15,put,750.0,0.77,0.79,0.78,423.0,895.0,773.17,100,0.78,0.02,True,,11.0,0.0301369863013698,773.8227037321593,-0.0312695758744586,True,,0.1361705698240675,,0.0,749.0964351348184,good,0.13485715557747657,0.1353108778097931,0.13576195432779853,ok,put
2026-09-04,2026-09-15,call,755.0,18.19,21.5,20.44,27.0,55.0,773.17,100,19.845,3.3099999999999987,True,,11.0,0.0301369863013698,773.8227037321593,-0.02462503315579,True,,0.1244319626928225,,18.80002702047932,772.8904383895299,good,,0.12668475556486994,0.1739065435546685,ok,put
2026-09-04,2026-09-15,put,755.0,1.12,1.15,1.12,7932.0,22272.0,773.17,100,1.135,0.0299999999999998,True,,11.0,0.0301369863013698,773.8227037321593,-0.02462503315579,True,,0.1276400671276301,,0.0,754.0904113690506,good,0.12616088717717974,0.12668475556486994,0.12720596603001752,ok,put
2026-09-04,2026-09-15,call,760.0,15.16,15.56,16.36,69.0,333.0,773.17,100,15.36,0.4000000000000003,True,,11.0,0.0301369863013698,773.8227037321593,-0.0180243491244379,True,,0.1157413624856236,,13.80605078624717,772.8904383895299,good,0.11108536595673923,0.1185712721188975,0.12213716526871704,ok,put
2026-09-04,2026-09-15,put,760.0,1.69,1.7,1.68,806.0,1376.0,773.17,100,1.6949999999999998,0.01,True,,11.0,0.0301369863013698,773.8227037321593,-0.0180243491244379,True,,0.1196654041346434,,0.0,759.0843876032827,good,0.11843489795603004,0.1185712721188975,0.11870752881034408,ok,put
2026-09-04,2026-09-15,call,765.0,11.04,11.45,11.15,205.0,660.0,773.17,100,11.245,0.4100000000000001,True,,11.0,0.0301369863013698,773.8227037321593,-0.0114669485782788,True,,0.1090923653858112,,8.81207455201502,772.8904383895299,good,0.10553254388629214,0.1106451228106009,0.11464633591729172,ok,put
2026-09-04,2026-09-15,put,765.0,2.55,2.57,2.57,1292.0,470.0,773.17,100,2.56,0.02,True,,11.0,0.0301369863013698,773.8227037321593,-0.0114669485782788,True,,0.1119471143251405,,0.0,764.0783638375149,good,0.1104232034769551,0.1106451228106009,0.1108668891919584,ok,put
2026-09-04,2026-09-15,call,770.0,7.53,7.71,7.65,656.0,735.0,773.17,100,7.62,0.1799999999999997,True,,11.0,0.0301369863013698,773.8227037321593,-0.0049522675570851,True,,0.103033303685179,,3.818098317782983,772.8904383895299,good,0.1022541285030756,0.10378431943183053,0.10572350169568369,ok,put
2026-09-04,2026-09-15,put,770.0,3.91,3.94,3.91,1274.0,39.0,773.17,100,3.925,0.0299999999999998,True,,11.0,0.0301369863013698,773.8227037321593,-0.0049522675570851,True,,0.105426813943181,,0.0,769.0723400717469,good,0.10349514022715589,0.10378431943183053,0.10407344269563444,ok,put
2026-09-04,2026-09-15,call,775.0,4.64,4.67,4.74,1260.0,479.0,773.17,100,4.654999999999999,0.0300000000000002,True,,11.0,0.0301369863013698,773.8227037321593,0.0015202469485321,True,,0.0974819405741233,,0.0,772.8904383895299,good,0.09803774354755851,0.09831753731573466,0.09859732303696182,ok,call
2026-09-04,2026-09-15,put,775.0,5.98,6.01,5.97,230.0,60.0,773.17,100,5.995,0.0299999999999993,True,,11.0,0.0301369863013698,773.8227037321593,0.0015202469485321,True,,0.100557852079369,,1.175877916449167,774.0663163059791,good,0.09804011401892088,0.09831753731573466,0.09859969337210411,ok,call
2026-09-04,2026-09-15,call,780.0,2.51,2.53,2.48,2239.0,179.0,773.17,100,2.52,0.02,True,,11.0,0.0301369863013698,773.8227037321593,0.0079511372788225,True,,0.0932711892791101,,0.0,772.8904383895299,good,0.09376943182956107,0.09397907500737929,0.09418860149392824,ok,call
2026-09-04,2026-09-15,put,780.0,8.56,9.22,8.57,16.0,12.0,773.17,100,8.89,0.6600000000000001,True,,11.0,0.0301369863013698,773.8227037321593,0.0079511372788225,True,,0.0974511420614429,,6.169854150681317,779.0602925402112,good,0.0871197861187473,0.09397907500737929,0.1009587687971925,ok,call
2026-09-04,2026-09-15,call,785.0,1.18,1.2,1.18,645.0,354.0,773.17,100,1.19,0.02,True,,11.0,0.0301369863013698,773.8227037321593,0.0143409353775936,True,,0.0902268081081454,,0.0,772.8904383895299,good,0.0905407845074944,0.09082330868308229,0.09110508720419774,ok,call
2026-09-04,2026-09-15,put,785.0,12.29,13.01,12.66,66.0,1.0,773.17,100,12.65,0.7200000000000006,True,,11.0,0.0301369863013698,773.8227037321593,0.0143409353775936,True,,0.0982967133192585,,11.163830384913467,784.0542687744434,good,0.08232702659978211,0.09082330868308229,0.10242683028721794,ok,call
2026-09-04,2026-09-15,call,790.0,0.49,0.51,0.5,593.0,119.0,773.17,100,0.5,0.02,True,,11.0,0.0301369863013698,773.8227037321593,0.0206901630562523,True,,0.0887653989770688,,0.0,772.8904383895299,good,0.08881479368100002,0.08927294847247208,0.08972686969985207,ok,call
2026-09-04,2026-09-15,call,795.0,0.2,0.21,0.21,6007.0,284.0,773.17,100,0.205,0.0099999999999999,True,,11.0,0.0301369863013698,773.8227037321593,0.026999332249517,True,,0.0896725280386093,,0.0,772.8904383895299,good,0.08969577908215783,0.09011412345579627,0.09052667704600974,ok,call
2026-09-04,2026-09-15,call,800.0,0.08,0.09,0.1,177.0,173.0,773.17,100,0.0849999999999999,0.0099999999999999,True,,11.0,0.0301369863013698,773.8227037321593,0.0332689452631124,True,,0.0919902058353881,,0.0,772.8904383895299,good,0.09156159919383088,0.0923835718768591,0.09317486644460658,ok,call
2026-09-04,2026-09-15,call,805.0,0.04,0.05,0.05,70.0,0.0,773.17,100,0.045,0.01,True,,11.0,0.0301369863013698,773.8227037321593,0.0394994950137485,True,,0.0977086641911272,,0.0,772.8904383895299,good,0.09663326492705525,0.09807048747368552,0.0994014773769024,ok,call
2026-09-04,2026-09-15,call,810.0,0.03,0.04,0.04,27.0,1.0,773.17,100,0.035,0.01,True,,11.0,0.0301369863013698,773.8227037321593,0.0456914652616696,True,,0.1076220562799543,,0.0,772.8904383895299,good,0.10604600222744659,0.1079654389175714,0.1096995819259321,ok,call
2026-09-04,2026-09-15,call,815.0,0.02,0.03,0.03,30.0,0.0,773.17,100,0.025,0.0099999999999999,True,,11.0,0.0301369863013698,773.8227037321593,0.0518453308360478,True,,0.1158250131653764,,0.0,772.8904383895299,good,0.11341085132874242,0.11615133311328231,0.11851803444182417,ok,call
2026-09-04,2026-09-15,call,825.0,0.01,0.02,0.02,10.0,0.0,773.17,100,0.015,0.01,True,,11.0,0.0301369863013698,773.8227037321593,0.0640406039298661,True,,0.1327314175827768,,0.0,772.8904383895299,good,0.12804342826194737,0.1330321337792198,0.13688753897436057,ok,call
