snapshot_date,expiry,option_type,strike,bid,ask,last,volume,open_interest,spot,multiplier,mid,spread,quote_valid,invalid_reason,time_to_expiry_days,time_to_expiry,forward,log_moneyness,no_arbitrage_pass,arbitrage_note,iv,iv_error,arb_lower_bound,arb_upper_bound,quality,iv_bid,iv_mid,iv_ask,iv_status,iv_source_type,moneyness,delta,gamma,vega,theta,rho,vega_per_pct,theta_per_day
2026-09-04,2026-09-08,put,670.0,0.0,0.01,0.01,15.0,22.0,773.17,100,0.005,0.01,True,,4.0,0.010958904109589,773.4072830881462,-0.1432216550726318,True,,0.4226167714090645,,0.0,669.7063657327606,good,,0.4218509894879425,0.4457439474851203,ok,put,0.8665619697500555,-0.0005335714893469761,5.527515425933727e-05,0.152758769445917,-2.92839417365558,-0.004574502660329376,0.0015275876944591698,-0.008022997736042686
2026-09-04,2026-09-08,put,675.0,0.01,0.02,0.02,0.0,426.0,773.17,100,0.015,0.01,True,,4.0,0.010958904109589,773.4072830881462,-0.1357866765851137,True,,0.4402426809078307,,0.0,674.7041744322587,good,0.4243551115306289,0.4394214672516237,0.4509884600764807,ok,put,0.8730288501213246,-0.0014340189458116913,0.0001316797526465962,0.37906823036228465,-7.568156829395604,-0.012311524197415236,0.0037906823036228466,-0.020734676244919464
2026-09-04,2026-09-08,put,680.0,0.01,0.02,0.03,0.0,9260.0,773.17,100,0.015,0.01,True,,4.0,0.010958904109589,773.4072830881462,-0.1284065692874912,True,,0.4182965903668777,,0.0,679.701983131757,good,0.4030531545504509,0.4174682978863778,0.4285409099580112,ok,put,0.8794957304925937,-0.00150313808525655,0.00014468833369744988,0.3957073637605397,-7.503906780057476,-0.012896993818984577,0.0039570736376053975,-0.020558648712486235
2026-09-04,2026-09-08,put,685.0,0.01,0.02,0.02,0.0,5672.0,773.17,100,0.015,0.01,True,,4.0,0.010958904109589,773.4072830881462,-0.1210805291954182,True,,0.3964302210223675,,0.0,684.6997918312552,good,0.381831914501992,0.3955946006815399,0.4061717361473214,ok,put,0.8859626108638627,-0.0015791391962387041,0.00015971310265761935,0.41391200034458053,-7.435926762740571,-0.01354075655034609,0.004139120003445806,-0.020372402089700196
2026-09-04,2026-09-08,put,690.0,0.01,0.02,0.01,16.0,228.0,773.17,100,0.015,0.01,True,,4.0,0.010958904109589,773.4072830881462,-0.1138077698663384,True,,0.3746364948241486,,0.0,689.6976005307533,good,0.3606847591870531,0.3737932890717927,0.3838734950337097,ok,put,0.8924294912351318,-0.0016631480114349783,0.0001772023745186569,0.43392847789833955,-7.363764288913183,-0.014252347773078544,0.004339284778983396,-0.020174696681953926
2026-09-04,2026-09-08,put,695.0,0.01,0.02,0.02,4.0,174.0,773.17,100,0.015,0.01,True,,4.0,0.010958904109589,773.4072830881462,-0.1065875218928515,True,,0.3529077749286369,,0.0,694.6954092302516,good,0.3396044802209976,0.3520566437781503,0.3616380626982994,ok,put,0.8988963716064008,-0.00175655499952825,0.0001977386878079093,0.4560592914294185,-7.286879294721023,-0.015043545265435013,0.004560592914294185,-0.019964052862249376
2026-09-04,2026-09-08,put,700.0,0.01,0.02,0.02,77.0,405.0,773.17,100,0.015,0.01,True,,4.0,0.010958904109589,773.4072830881462,-0.0994190324142389,True,,0.3312355676756501,,0.0,699.6932179297498,good,0.3185831652392876,0.3303761714888277,0.339456492781087,ok,put,0.90536325197767,-0.0018610993015715429,0.00022209082388965982,0.4806804368367006,-7.204620872041574,-0.015929080183040314,0.004806804368367006,-0.01973868732066185
2026-09-04,2026-09-08,put,705.0,0.01,0.02,0.02,69.0,200.0,773.17,100,0.015,0.01,True,,4.0,0.010958904109589,773.4072830881462,-0.0923015646453749,True,,0.309610485335514,,0.0,704.691026629248,good,0.2976120197431398,0.3087424149500442,0.3173188071276456,ok,put,0.911830132348939,-0.0019789867032452054,0.000251291219947396,0.5082656120165435,-7.116194077655989,-0.016927636299928318,0.005082656120165435,-0.019496422130564354
2026-09-04,2026-09-08,put,710.0,0.01,0.02,0.02,42.0,2239.0,773.17,100,0.015,0.01,True,,4.0,0.010958904109589,773.4072830881462,-0.0852343974222825,True,,0.2880219926251963,,0.0,709.6888353287462,good,0.2766811516849265,0.2871447151329764,0.2952137309107046,ok,put,0.918297012720208,-0.002113060214458233,0.00028675426470010874,0.5394209741513768,-7.020616145191782,-0.018063294904189137,0.0053942097415137676,-0.019234564781347347
2026-09-04,2026-09-08,put,715.0,0.02,0.03,0.03,34.0,143.0,773.17,100,0.025,0.0099999999999999,True,,4.0,0.010958904109589,773.4072830881462,-0.0782168247636359,True,,0.2803016958668101,,0.0,714.6866440282445,good,0.2731283583764879,0.2793816861179974,0.2847686810501776,ok,put,0.9247638930914772,-0.0034722166113305285,0.0004614597824833585,0.844595779608213,-10.689746823342222,-0.029685779908836706,0.00844595779608213,-0.02928697759819787
2026-09-04,2026-09-08,put,718.0,0.02,0.03,0.03,4.0,32.0,773.17,100,0.025,0.0099999999999999,True,,4.0,0.010958904109589,773.4072830881462,-0.0740297984094193,True,,0.2668075091867556,,0.0,717.6853292479434,good,0.259880444376068,0.2658806037486458,0.2710514761815595,ok,put,0.9286440213142386,-0.0036298261162183852,0.0005046078455870033,0.8789370479306099,-10.582663539010726,-0.031020797733450838,0.0087893704793061,-0.028993598737015687
2026-09-04,2026-09-08,put,719.0,0.02,0.03,0.03,4.0,11.0,773.17,100,0.025,0.0099999999999999,True,,4.0,0.010958904109589,773.4072830881462,-0.0726380097365969,True,,0.2623088950644054,,0.0,718.684890987843,good,0.2554642301392673,0.2613796280755325,0.2664781306086817,ok,put,0.9299373973884923,-0.003685701978158125,0.0005203810387168706,0.8910669076279506,-10.545612535804802,-0.031494089293818285,0.008910669076279507,-0.028892089139191238
2026-09-04,2026-09-08,put,720.0,0.02,0.03,0.03,21.0,137.0,773.17,100,0.025,0.0099999999999999,True,,4.0,0.010958904109589,773.4072830881462,-0.0712481554475426,True,,0.2578097619331743,,0.0,719.6844527277426,good,0.2510476545076192,0.256878091583485,0.2619040508509573,ok,put,0.9312307734627462,-0.0037433875594785463,0.0005369272974174329,0.9035655535082012,-10.507839555761299,-0.031982709832596636,0.009035655535082012,-0.028788601522633697
2026-09-04,2026-09-08,put,721.0,0.02,0.03,0.03,21.0,6.0,773.17,100,0.025,0.0099999999999999,True,,4.0,0.010958904109589,773.4072830881462,-0.0698602301726945,True,,0.2533099482428005,,0.0,720.6840144676423,good,0.2466305633111686,0.2523758342456741,0.2573290685280101,ok,put,0.932524149537,-0.003802975733060919,0.0005542994068883993,0.9164511009735681,-10.469316304402144,-0.03248744601367967,0.009164511009735681,-0.028683058368225052
2026-09-04,2026-09-08,put,722.0,0.02,0.03,0.03,20.0,62.0,773.17,100,0.025,0.0099999999999999,True,,4.0,0.010958904109589,773.4072830881462,-0.0684742285648173,True,,0.248809285523251,,0.0,721.6835762075419,good,0.2422127979924298,0.2478726952452461,0.2527530121011682,ok,put,0.933817525611254,-0.003864566634708351,0.0005725549012307619,0.9297430522513495,-10.430014649409433,-0.033009146077613453,0.009297430522513495,-0.028575382601121732
2026-09-04,2026-09-08,put,723.0,0.02,0.03,0.04,11.0,18.0,773.17,100,0.025,0.0099999999999999,True,,4.0,0.010958904109589,773.4072830881462,-0.0670901452988789,True,,0.2443076160597865,,0.0,722.6831379474415,good,0.2377941979434918,0.2433684904849168,0.2481757006723745,ok,put,0.9351109016855076,-0.00392826558731928,0.0005917562720534156,0.9434618289536894,-10.389899044982416,-0.033548702026968594,0.009434618289536893,-0.028465476835568264
2026-09-04,2026-09-08,put,724.0,0.02,0.03,0.03,155.0,37.0,773.17,100,0.025,0.0099999999999999,True,,4.0,0.010958904109589,773.4072830881462,-0.0657079750719272,True,,0.2398047305909412,,0.0,723.6826996873413,good,0.2333745833997298,0.2388630462106843,0.243596946488446,ok,put,0.9364042777597614,-0.003994187879674013,0.0006119720129424244,0.9576297810257239,-10.348937832587774,-0.03410709046039554,0.009576297810257239,-0.028353254335856917
2026-09-04,2026-09-08,put,725.0,0.03,0.04,0.03,167.0,145.0,773.17,100,0.035,0.01,True,,4.0,0.010958904109589,773.4072830881462,-0.0643277126029688,True,,0.2441128623276156,,0.0,724.6822614272409,good,0.2390165516799934,0.2431433758975843,0.2468657140868753,ok,put,0.9376976538340152,-0.005354034777746044,0.0007808613334295303,1.2438083734692051,-13.680825007740047,-0.04573542621179493,0.012438083734692051,-0.03748171234997273
2026-09-04,2026-09-08,put,726.0,0.03,0.04,0.04,17.0,95.0,773.17,100,0.035,0.01,True,,4.0,0.010958904109589,773.4072830881462,-0.0629493526328475,True,,0.2394687502947588,,0.0,725.6818231671405,good,0.2344343192276231,0.2384963979925916,0.2421607803942712,ok,put,0.9389910299082692,-0.005446533035573483,0.0008082903626009259,1.2628923740988192,-13.622773832025304,-0.04651892414563152,0.012628923740988191,-0.03732266803294604
2026-09-04,2026-09-08,put,727.0,0.03,0.04,0.03,1.0,306.0,773.17,100,0.035,0.01,True,,4.0,0.010958904109589,773.4072830881462,-0.0615728899241241,True,,0.2348224371444127,,0.0,726.6813849070402,good,0.2298500286062566,0.2338471574737203,0.2374534004337654,ok,put,0.9402844059825228,-0.005542443622844212,0.0008372465747874552,1.282633535082217,-13.56343558539059,-0.047331325706073936,0.01282633535082217,-0.03716009749422079
2026-09-04,2026-09-08,put,728.0,0.03,0.04,0.03,25.0,361.0,773.17,100,0.035,0.01,True,,4.0,0.010958904109589,773.4072830881462,-0.0601983192609576,True,,0.2301736799827127,,0.0,727.6809466469398,good,0.2252634593084092,0.229195426271421,0.2327433335527979,ok,put,0.9415777820567768,-0.005641967498750512,0.0008678491993654049,1.3030687501754536,-13.502753852350144,-0.04817433312391707,0.013030687501754536,-0.03699384617082231
2026-09-04,2026-09-08,put,729.0,0.03,0.04,0.03,341.0,237.0,773.17,100,0.035,0.01,True,,4.0,0.010958904109589,773.4072830881462,-0.0588256354489854,True,,0.2255222538010497,,0.0,728.6805083868394,good,0.2206743779290392,0.2245409614514591,0.2280303330422688,ok,put,0.9428711581310304,-0.005745321325204062,0.0009002295062574514,1.3242376678291767,-13.440666578364459,-0.04904978157907403,0.013242376678291767,-0.036823744050313585
2026-09-04,2026-09-08,put,730.0,0.03,0.04,0.04,252.0,448.0,773.17,100,0.035,0.01,True,,4.0,0.010958904109589,773.4072830881462,-0.0574548333152067,True,,0.2208679073728175,,0.0,729.6800701267391,good,0.2160825398137291,0.2198835093298758,0.2233141297941323,ok,put,0.9441645342052843,-0.005852740006143198,0.0009345324283420327,1.346183154044652,-13.377107791655721,-0.049959660779572146,0.013461831540446521,-0.036649610388097865
2026-09-04,2026-09-08,put,731.0,0.03,0.04,0.04,18.0,222.0,773.17,100,0.035,0.01,True,,4.0,0.010958904109589,773.4072830881462,-0.056085907707865,True,,0.2162103656508919,,0.0,730.6796318666387,good,0.2114876882265815,0.2152228036424895,0.2185944560590017,ok,put,0.9454579102795382,-0.0059644784867716695,0.0009709183101122003,1.368951593729445,-13.312006797224926,-0.05090613018810655,0.01368951593729445,-0.03647125149924638
2026-09-04,2026-09-08,put,732.0,0.03,0.04,0.05,47.0,157.0,773.17,100,0.035,0.01,True,,4.0,0.010958904109589,773.4072830881462,-0.0547188534963319,True,,0.2115493642361043,,0.0,731.6791936065383,good,0.2068895533906189,0.2105585645559387,0.2138710204445126,ok,put,0.946751286353792,-0.006080813967893797,0.0010095649492392056,1.3925932670707946,-13.24528771652649,-0.051891537777886125,0.013925932670707946,-0.03628845949733285
2026-09-04,2026-09-08,put,733.0,0.03,0.04,0.04,33.0,436.0,773.17,100,0.035,0.01,True,,4.0,0.010958904109589,773.4072830881462,-0.0533536655709921,True,,0.206884609947298,,0.0,732.678755346438,good,0.2022878514408461,0.2058904975763581,0.2091435190137682,ok,put,0.9480446624280456,-0.006202048423640069,0.0010506699647602165,1.4171627760403513,-13.17686897034377,-0.05291844135825005,0.014171627760403514,-0.03610101087765417
2026-09-04,2026-09-08,put,734.0,0.04,0.05,0.04,250.0,815.0,773.17,100,0.045,0.01,True,,4.0,0.010958904109589,773.4072830881462,-0.051990338843128,True,,0.2083539359812672,,0.0,733.6783170863376,good,0.204411628473829,0.2073348978814407,0.2100390874007154,ok,put,0.9493380385022996,-0.007752669617526567,0.0012705666833577928,1.7257861772090077,-16.155777019419826,-0.06616271484010097,0.01725786177209008,-0.04426240279293103
2026-09-04,2026-09-08,put,735.0,0.04,0.05,0.04,186.0,986.0,773.17,100,0.045,0.01,True,,4.0,0.010958904109589,773.4072830881462,-0.0506288682448069,True,,0.2035665354293169,,0.0,734.6778788262372,good,0.199675016486652,0.2025438203337054,0.2051979721298822,ok,put,0.9506314145765534,-0.00791332071527458,0.0013243025644823722,1.7572086530128515,-16.065433118920694,-0.0675234931462928,0.017572086530128515,-0.04401488525731697
2026-09-04,2026-09-08,put,736.0,0.04,0.05,0.05,101.0,1781.0,773.17,100,0.045,0.01,True,,4.0,0.010958904109589,773.4072830881462,-0.0492692487287673,True,,0.1987738988901432,,0.0,735.677440566137,good,0.194933320612317,0.197747409353316,0.2003512903968203,ok,put,0.9519247906508072,-0.008081224076041095,0.0013816950757857328,1.7899468206722613,-15.972630054812216,-0.0689457005886009,0.017899468206722613,-0.04376063028715676
2026-09-04,2026-09-08,put,737.0,0.04,0.05,0.04,5159.0,482.0,773.17,100,0.045,0.01,True,,4.0,0.010958904109589,773.4072830881462,-0.047911475268307,True,,0.193975637763375,,0.0,736.6770023060366,good,0.1901861626042013,0.1929452749239462,0.1954986415068317,ok,put,0.953218166725061,-0.008256904839351228,0.0014430960536120413,1.8240910077845824,-15.877231509563282,-0.07043378525350047,0.018240910077845826,-0.043499264409762414
2026-09-04,2026-09-08,put,738.0,0.04,0.05,0.05,138.0,769.0,773.17,100,0.045,0.01,True,,4.0,0.010958904109589,773.4072830881462,-0.0465555428571711,True,,0.1891713438007471,,0.0,737.6765640459362,good,0.185433142916698,0.1881370052597045,0.190639602139425,ok,put,0.9545115427993148,-0.008440941917809029,0.0015089018402647631,1.859740422321708,-15.779090680279426,-0.0719926507405063,0.01859740422321708,-0.04323038542542308
2026-09-04,2026-09-08,put,739.0,0.04,0.05,0.05,307.0,849.0,773.17,100,0.045,0.01,True,,4.0,0.010958904109589,773.4072830881462,-0.0452014465094418,True,,0.1843605842188707,,0.0,738.6761257858359,good,0.1806738284363856,0.1833221544100451,0.1857737150483094,ok,put,0.9558049188735688,-0.00863397207339989,0.001579559935352267,1.8970036996593127,-15.678043252785189,-0.07362769047351385,0.018970036996593127,-0.04295354315831559
2026-09-04,2026-09-08,put,740.0,0.05,0.06,0.04,3360.0,1250.0,773.17,100,0.055,0.0099999999999999,True,,4.0,0.010958904109589,773.4072830881462,-0.0438491812594281,True,,0.1842029499440718,,0.0,739.6756875257355,good,0.1809005039814261,0.183141163849305,0.185246922659286,ok,put,0.9570982949478224,-0.010368070544122998,0.0018555549131959378,2.2262651965738973,-18.375701602778864,-0.08842609071562386,0.022262651965738973,-0.05034438795281881
2026-09-04,2026-09-08,put,741.0,0.05,0.06,0.05,83.0,539.0,773.17,100,0.055,0.0099999999999999,True,,4.0,0.010958904109589,773.4072830881462,-0.0424987421615566,True,,0.1792785999966079,,0.0,740.6752492656351,good,0.1760194526130962,0.1782122627610049,0.1802733339043287,ok,put,0.9583916710220765,-0.01061667751405717,0.0019466575302673136,2.272711211761988,-18.247326543226457,-0.09053188752494797,0.02272711211761988,-0.0499926754608944
2026-09-04,2026-09-08,put,742.0,0.05,0.06,0.06,162.0,594.0,773.17,100,0.055,0.0099999999999999,True,,4.0,0.010958904109589,773.4072830881462,-0.0411501242902632,True,,0.1743457158927027,,0.0,741.6748110055348,good,0.1711300157166986,0.1732746804997066,0.175290794087038,ok,put,0.95968504709633,-0.010878482554114926,0.0020450477279336868,2.3214304179066443,-18.114828732804302,-0.09274947619963045,0.023214304179066444,-0.04962966776110768
2026-09-04,2026-09-08,put,743.0,0.06,0.07,0.07,64.0,914.0,773.17,100,0.065,0.01,True,,4.0,0.010958904109589,773.4072830881462,-0.0398033227398844,True,,0.173255014359366,,0.0,742.6743727454344,good,0.170298685511655,0.172161970166728,0.1739317606422912,ok,put,0.960978423170584,-0.01272278266287299,0.002357893599797547,2.6593686417509685,-20.61113349430976,-0.10848132793992274,0.026593686417509685,-0.05646885888851989
2026-09-04,2026-09-08,put,744.0,0.06,0.07,0.07,141.0,1203.0,773.17,100,0.065,0.01,True,,4.0,0.010958904109589,773.4072830881462,-0.0384583326245517,True,,0.1682151085926866,,0.0,743.673934485334,good,0.1652963448049092,0.1671168317867013,0.1688462106142297,ok,put,0.9622717992448376,-0.013053625583920788,0.0024836091652414025,2.719071096417301,-20.447042787818784,-0.11128369342843433,0.02719071096417301,-0.05601929530909256
2026-09-04,2026-09-08,put,745.0,0.06,0.07,0.07,1473.0,1507.0,773.17,100,0.065,0.01,True,,4.0,0.010958904109589,773.4072830881462,-0.037115149078084,True,,0.163164137143064,,0.0,744.6734962252337,good,0.1602830591742331,0.162060444085878,0.1637491267501257,ok,put,0.9635651753190916,-0.01340371630834893,0.0026203343859075574,2.7819598414844413,-20.277183682943107,-0.11424909397373756,0.027819598414844413,-0.05555392789847427
2026-09-04,2026-09-08,put,746.0,0.07,0.08,0.07,1406.0,600.0,773.17,100,0.075,0.0099999999999999,True,,4.0,0.010958904109589,773.4072830881462,-0.0357737672538827,True,,0.1613366871986794,,0.0,745.6730579651334,good,0.1586396975935587,0.1602115723280679,0.1617162454516557,ok,put,0.9648585513933454,-0.01539830307141797,0.0029868768727888515,3.134933398262523,-22.57906450022104,-0.13125393198108282,0.03134933398262523,-0.0618604506855371
2026-09-04,2026-09-08,put,747.0,0.07,0.08,0.07,680.0,488.0,773.17,100,0.075,0.0099999999999999,True,,4.0,0.010958904109589,773.4072830881462,-0.0344341823248263,True,,0.1561809043259454,,0.0,746.672619705033,good,0.1535170505364385,0.1550497314933639,0.1565170941762931,ok,put,0.9661519274675991,-0.015836684302447487,0.00316155874937001,3.2113629371730843,-22.371947015792497,-0.13496718533768734,0.032113629371730845,-0.06129300552271917
2026-09-04,2026-09-08,put,748.0,0.08,0.09,0.09,303.0,1085.0,773.17,100,0.0849999999999999,0.0099999999999999,True,,4.0,0.010958904109589,773.4072830881462,-0.0330963894831663,True,,0.1538283287355352,,0.0,747.6721814449327,good,0.1513031423007673,0.1526761989624582,0.1539982563021452,ok,put,0.967445303541853,-0.017954432933024955,0.003574489012853918,3.575217121998897,-24.512508109332025,-0.15301525133116772,0.03575217121998897,-0.06715755646392335
2026-09-04,2026-09-08,put,749.0,0.08,0.09,0.08,315.0,862.0,773.17,100,0.0849999999999999,0.0099999999999999,True,,4.0,0.010958904109589,773.4072830881462,-0.0317603839404241,True,,0.148569042925426,,0.0,748.6717431848323,good,0.1460733092570418,0.1474101186147872,0.1486974544429622,ok,put,0.9687386796161068,-0.01849988623784691,0.003797812799967007,3.6675662316134092,-24.262807844384007,-0.15763544348829764,0.03667566231613409,-0.06647344614899728
2026-09-04,2026-09-08,put,750.0,0.09,0.1,0.09,4883.0,860.0,773.17,100,0.095,0.01,True,,4.0,0.010958904109589,773.4072830881462,-0.0304261609272874,True,,0.145767634967464,,0.0,749.6713049247319,good,0.1433789314412699,0.1445878152474177,0.1457571788654057,ok,put,0.9700320556903608,-0.020773295045809072,0.0042724065059874744,4.046889806647215,-26.243277980462146,-0.17700200966262383,0.04046889806647215,-0.07189939172729355
2026-09-04,2026-09-08,put,751.0,0.1,0.11,0.1,637.0,550.0,773.17,100,0.105,0.0099999999999999,True,,4.0,0.010958904109589,773.4072830881462,-0.0290937156935089,True,,0.1426549712752985,,0.0,750.6708666646316,good,0.1403529020362094,0.1414545595917356,0.142524055996666,ok,put,0.9713254317646144,-0.02313817689159882,0.004783258581313146,4.432593712376183,-28.10246180236505,-0.19714338698775194,0.04432593712376183,-0.07699304603387684
2026-09-04,2026-09-08,put,752.0,0.11,0.12,0.12,639.0,581.0,773.17,100,0.1149999999999999,0.0099999999999999,True,,4.0,0.010958904109589,773.4072830881462,-0.0277630435078038,True,,0.1392667801498635,,0.0,751.6704284045312,good,0.1370358557948389,0.1380458684448048,0.1390293178875868,ok,put,0.9726188078388682,-0.02561004971869448,0.005337387884216712,4.826911036664477,-29.842753972842566,-0.21819101777347047,0.04826911036664477,-0.08176096978860976
2026-09-04,2026-09-08,put,753.0,0.12,0.13,0.13,1565.0,923.0,773.17,100,0.125,0.01,True,,4.0,0.010958904109589,773.4072830881462,-0.02643413965775,True,,0.1356300239496815,,0.0,752.6699901444308,good,0.133458116450628,0.1343885263726199,0.1352967335832659,ok,put,0.973912183913122,-0.028205880617662205,0.00594284941100916,5.232075871704721,-31.46499216411794,-0.2402886193073627,0.05232075871704721,-0.08620545798388476
2026-09-04,2026-09-08,put,754.0,0.14,0.15,0.14,677.0,927.0,773.17,100,0.145,0.0099999999999999,True,,4.0,0.010958904109589,773.4072830881462,-0.0251069994496875,True,,0.1334414033882951,,0.0,753.6695518843305,good,0.1313445382047013,0.1321685081588589,0.1329759012814071,ok,put,0.975205559987376,-0.03261097009948987,0.006814799341347178,5.900627195622803,-34.87041065410325,-0.2778212681002011,0.05900627195622803,-0.0955353716550774
2026-09-04,2026-09-08,put,755.0,0.15,0.16,0.17,2090.0,1413.0,773.17,100,0.155,0.01,True,,4.0,0.010958904109589,773.4072830881462,-0.0237816182086188,True,,0.1292474159656217,,0.0,754.6691136242301,good,0.1271867230454335,0.127953604809848,0.1287062645559568,ok,put,0.9764989360616296,-0.0355317850616739,0.007553737406491116,6.33186322032453,-36.18959200560915,-0.30267160527273296,0.06331863220324531,-0.0991495671386552
2026-09-04,2026-09-08,put,756.0,0.18,0.19,0.17,877.0,1033.0,773.17,100,0.185,0.01,True,,4.0,0.010958904109589,773.4072830881462,-0.0224579912781106,True,,0.1276264534793608,,0.0,755.6686753641297,good,0.1256229889660208,0.1262924796821578,0.1269518831942778,ok,put,0.9777923121358836,-0.0419472582462134,0.008761379021926655,7.248815981217688,-40.85324858477825,-0.35734291013875946,0.07248815981217688,-0.11192670845144725
2026-09-04,2026-09-08,put,757.0,0.2,0.21,0.2,541.0,656.0,773.17,100,0.205,0.0099999999999999,True,,4.0,0.010958904109589,773.4072830881462,-0.0211361140201948,True,,0.1241253124348174,,0.0,756.6682371040295,good,0.122149991930622,0.1227607344671912,0.123363366513913,ok,put,0.9790856882101372,-0.04696558928986456,0.009872693835238474,7.93984936706723,-43.44626019195784,-0.4000699466332642,0.0793984936706723,-0.11903084984098039
2026-09-04,2026-09-08,put,758.0,0.23,0.24,0.24,1518.0,670.0,773.17,100,0.235,0.0099999999999999,True,,4.0,0.010958904109589,773.4072830881462,-0.0198159818152719,True,,0.1213912294426793,,0.0,757.6677988439291,good,0.1194403139598894,0.1199875445695227,0.1205286330700925,ok,put,0.9803790642843913,-0.0538807041280903,0.011269336134739467,8.858325099721652,-47.318950313463084,-0.4589734069520099,0.08858325099721652,-0.12964095976291257
2026-09-04,2026-09-08,put,759.0,0.26,0.27,0.27,2258.0,1210.0,773.17,100,0.265,0.01,True,,4.0,0.010958904109589,773.4072830881462,-0.0184975900620136,True,,0.1181507710849061,,0.0,758.6673605838287,good,0.1162125642668276,0.116707841444955,0.1171983469616291,ok,put,0.981672440358645,-0.061139745093690044,0.012797284186585798,9.784417301177255,-50.76639223385464,-0.5207900525666866,0.09784417301177255,-0.1390860061201497
2026-09-04,2026-09-08,put,760.0,0.31,0.32,0.32,6351.0,1687.0,773.17,100,0.315,0.01,True,,4.0,0.010958904109589,773.4072830881462,-0.0171809341772667,True,,0.1162448791768158,,0.0,759.6669223237284,good,0.1143112290264323,0.1147483408757021,0.1151820727655919,ok,put,0.9829658164328988,-0.07189109431659567,0.014755252425947897,11.092008005163775,-56.50274172607318,-0.6124077727774612,0.11092008005163775,-0.1548020321262279
2026-09-04,2026-09-08,put,761.0,0.36,0.37,0.37,4661.0,1551.0,773.17,100,0.365,0.01,True,,4.0,0.010958904109589,773.4072830881462,-0.0158660095959578,True,,0.1135982573729709,,0.0,760.666484063628,good,0.1116565135963739,0.1120483337632123,0.112437663006903,ok,put,0.9842591925071524,-0.08307371398406838,0.01686480858873539,12.379523681086537,-61.47440031739972,-0.7076785221457832,0.12379523681086538,-0.1684230145682184
2026-09-04,2026-09-08,put,762.0,0.42,0.43,0.42,2293.0,1045.0,773.17,100,0.425,0.01,True,,4.0,0.010958904109589,773.4072830881462,-0.0145528117709973,True,,0.1110264095880443,,0.0,761.6660458035276,good,0.1090650203225873,0.1094163911306409,0.1097659499003606,ok,put,0.9855525685814064,-0.09627506630072218,0.01927252508952521,13.814593875910983,-66.8638144968663,-0.8201586592442954,0.13814593875910983,-0.18318853286812684
2026-09-04,2026-09-08,put,763.0,0.49,0.5,0.5,3471.0,807.0,773.17,100,0.495,0.01,True,,4.0,0.010958904109589,773.4072830881462,-0.0132413361731865,True,,0.1083985089632009,,0.0,762.6656075434273,good,0.1064055665278166,0.106721624767842,0.1070363736171944,ok,put,0.9868459446556602,-0.11155449086018829,0.02198768841694261,15.37266341430033,-72.41840155082139,-0.9503508175813891,0.1537266341430033,-0.19840657959129146
2026-09-04,2026-09-08,put,764.0,0.58,0.59,0.59,3314.0,935.0,773.17,100,0.585,0.01,True,,4.0,0.010958904109589,773.4072830881462,-0.011931578291123,True,,0.1061860319935388,,0.0,763.6651692833269,good,0.1041465439668628,0.1044302766111918,0.1047130939622646,ok,put,0.988139320729914,-0.13029733520522976,0.025066113360525367,17.148673969671194,-78.86415113626298,-1.1100993720755081,0.17148673969671194,-0.2160661674966109
2026-09-04,2026-09-08,put,765.0,0.69,0.7,0.69,8620.0,1723.0,773.17,100,0.695,0.01,True,,4.0,0.010958904109589,773.4072830881462,-0.0106235336311078,True,,0.1041440775414309,,0.0,764.6647310232265,good,0.1020421305278257,0.1022976886443366,0.1025526200334775,ok,put,0.9894326968041678,-0.15242887150798362,0.0284609108847658,19.073558799399937,-85.69635790484934,-1.2987713554254676,0.19073558799399937,-0.23478454220506667
2026-09-04,2026-09-08,put,766.0,0.81,0.83,0.82,4799.0,890.0,773.17,100,0.8200000000000001,0.0199999999999999,True,,4.0,0.010958904109589,773.4072830881462,-0.0093171977170523,True,,0.1018539778888761,,0.0,765.6642927631262,good,0.0994419377397929,0.0999066075259361,0.1003695684379418,ok,put,0.9907260728784216,-0.17735968949847397,0.03214764408232728,21.0407143036024,-92.03783880877373,-1.5113192728271525,0.210407143036024,-0.252158462489791
2026-09-04,2026-09-08,put,767.0,0.97,0.98,0.96,6330.0,741.0,773.17,100,0.975,0.01,True,,4.0,0.010958904109589,773.4072830881462,-0.0080125660903874,True,,0.0998760392951623,,0.0,766.6638545030258,good,0.0975982429722474,0.0978100566746277,0.098021589870712,ok,put,0.9920194489526756,-0.2067704881478058,0.03607119852342821,23.113259702938755,-98.63145763234166,-1.7621442109673227,0.23113259702938754,-0.2702231715954566
2026-09-04,2026-09-08,put,768.0,1.14,1.16,1.16,9555.0,325.0,773.17,100,1.15,0.02,True,,4.0,0.010958904109589,773.4072830881462,-0.0067096343099714,True,,0.0975937618350782,,0.0,767.6634162429255,good,0.0950025097084107,0.0953932339058269,0.0957832369922996,ok,put,0.9933128250269292,-0.2395754192191519,0.040221814609023354,25.1360104205094,-104.16958189801773,-2.0419386898868717,0.251360104205094,-0.28539611478908966
2026-09-04,2026-09-08,put,769.0,1.36,1.38,1.36,5660.0,351.0,773.17,100,1.37,0.0199999999999997,True,,4.0,0.010958904109589,773.4072830881462,-0.0054083979519995,True,,0.0958331870092322,,0.0,768.6629779828252,good,0.0931084104887681,0.0934712828619254,0.0938337253991966,ok,put,0.9946062011011833,-0.27791731066520475,0.04433033001847092,27.145402374932807,-109.69623375470132,-2.369128131692198,0.2714540237493281,-0.3005376267252091
2026-09-04,2026-09-08,put,770.0,1.62,1.64,1.63,11896.0,1217.0,773.17,100,1.63,0.0199999999999997,True,,4.0,0.010958904109589,773.4072830881462,-0.0041088526099141,True,,0.0941689716545331,,0.0,769.6625397227248,good,0.0912759116064114,0.0916170082408902,0.0919578719824102,ok,put,0.9958995771754368,-0.32086744322135813,0.048276301196953135,28.975251204245442,-114.10868740894028,-2.7357909542318417,0.28975251204245445,-0.3126265408464117
2026-09-04,2026-09-08,put,771.0,1.93,1.94,1.92,6118.0,354.0,773.17,100,1.935,0.01,True,,4.0,0.010958904109589,773.4072830881462,-0.0028109938943141,True,,0.0926025522520598,,0.0,770.6621014626245,good,0.0896623307045003,0.0898248864401521,0.0899874158978772,ok,put,0.9971929532496908,-0.36830178713868555,0.05185010903540708,30.511493524238666,-116.99676561757268,-3.140931531011965,0.30511493524238664,-0.32053908388376073
2026-09-04,2026-09-08,put,772.0,2.28,2.3,2.28,6580.0,329.0,773.17,100,2.29,0.02,True,,4.0,0.010958904109589,773.4072830881462,-0.0015148174328674,True,,0.091143021949352,,0.0,771.6616632025241,good,0.0877799248383388,0.0880948375962167,0.0884097200079155,ok,put,0.9984863293239444,-0.41986549410050683,0.054811919105484885,31.633160380592358,-117.96670666537086,-3.5815990958231896,0.31633160380592357,-0.32319645661745444
2026-09-04,2026-09-08,put,773.0,2.69,2.71,2.68,7365.0,158.0,773.17,100,2.7,0.02,True,,4.0,0.010958904109589,773.4072830881462,-0.0002203188702216,True,,0.0898159140945187,,0.0,772.6612249424237,good,0.0861297110407779,0.0864402802392089,0.0867508487990152,ok,put,0.9997797053981984,-0.47492622986763056,0.05690148516313117,32.22232575961751,-116.69441301890572,-4.052492443743106,0.3222232575961751,-0.3197107205997417
2026-09-04,2026-09-08,call,774.0,2.33,2.35,2.33,5750.0,846.0,773.17,100,2.34,0.02,True,,4.0,0.010958904109589,773.4072830881462,0.0010725061320835,True,,0.0812927030912747,,0.0,773.0683295346428,good,0.0845140008431994,0.0848265566385976,0.0851390956580707,ok,call,1.0010730814724522,0.46732969603288643,0.057903994619609024,32.17788382161374,-134.5541814175017,3.9328395342389038,0.3217788382161374,-0.3686415929246622
2026-09-04,2026-09-08,call,775.0,1.87,1.89,1.88,12913.0,2305.0,773.17,100,1.88,0.0199999999999997,True,,4.0,0.010958904109589,773.4072830881462,0.0023636618957033,True,,0.080410562355771,,0.0,773.0683295346428,good,0.0832385734850869,0.0835602236563358,0.0838817834744233,ok,call,1.002366457546706,0.40867891377962373,0.057428442281852475,31.437191892258344,-128.62049244200662,3.441088946901633,0.3143719189225834,-0.35238491080001816
2026-09-04,2026-09-08,call,776.0,1.47,1.48,1.46,3676.0,880.0,773.17,100,1.475,0.01,True,,4.0,0.010958904109589,773.4072830881462,0.0036531527255752,True,,0.079320689049874,,0.0,773.0683295346428,good,0.0819700383326487,0.0821396409486105,0.0823091803858295,ok,call,1.00365983362096,0.3501059240928733,0.055714720448406904,29.980569047982826,-119.87280135839951,2.949392992900531,0.29980569047982825,-0.3284186338586288
2026-09-04,2026-09-08,call,777.0,1.13,1.15,1.13,3921.0,1615.0,773.17,100,1.14,0.02,True,,4.0,0.010958904109589,773.4072830881462,0.0049409829100038,True,,0.0785597574605019,,0.0,773.0683295346428,good,0.0807308208452277,0.0810979292237405,0.0814644755953794,ok,call,1.0049532096952136,0.29398871448064895,0.05247775891461461,27.880602899034013,-109.4768982778063,2.477729623827225,0.2788060289903401,-0.29993670761042823
2026-09-04,2026-09-08,call,778.0,0.86,0.87,0.86,4456.0,2018.0,773.17,100,0.865,0.01,True,,4.0,0.010958904109589,773.4072830881462,0.0062271567207479,True,,0.0779294722935343,,0.0,773.0683295346428,good,0.0800238471883459,0.0802276822653798,0.0804312330393824,ok,call,1.0062465857694671,0.24169296630084874,0.048054628311006604,25.256698747258085,-97.64476524263368,2.0377767541922958,0.25256698747258083,-0.26751990477433885
2026-09-04,2026-09-08,call,779.0,0.63,0.65,0.65,4323.0,2712.0,773.17,100,0.64,0.02,True,,4.0,0.010958904109589,773.4072830881462,0.0075116784131047,True,,0.0772216329822391,,0.0,773.0683295346428,good,0.0788446114308963,0.0793114247770921,0.0797759998423626,ok,call,1.0075399618437213,0.1938594359721104,0.04279404635370871,22.23495323554197,-84.6284171388696,1.635071824319462,0.22234953235541968,-0.2318586770927934
2026-09-04,2026-09-08,call,780.0,0.46,0.47,0.47,11890.0,2905.0,773.17,100,0.4649999999999999,0.0099999999999999,True,,4.0,0.010958904109589,773.4072830881462,0.0087945522259937,True,,0.0766860938712819,,0.0,773.0683295346428,good,0.0783229947340018,0.078597148541637,0.0788702141581483,ok,call,1.008833337917975,0.15207023543751882,0.036985259642031754,19.04375467128564,-71.56290258725146,1.2830162039013835,0.1904375467128564,-0.19606274681438757
2026-09-04,2026-09-08,call,781.0,0.33,0.34,0.34,5283.0,708.0,773.17,100,0.335,0.01,True,,4.0,0.010958904109589,773.4072830881462,0.0100757823820422,True,,0.0764981445320626,,0.0,773.0683295346428,good,0.0779282342779367,0.0782583104128042,0.078586293985924,ok,call,1.0101267139922288,0.11732531446200338,0.031081032901722986,15.9346682529046,-59.420741107320744,0.9901350090779744,0.15934668252904602,-0.16279655097896095
2026-09-04,2026-09-08,call,782.0,0.24,0.25,0.25,2873.0,707.0,773.17,100,0.245,0.01,True,,4.0,0.010958904109589,773.4072830881462,0.0113553730876675,True,,0.0770008242163447,,0.0,773.0683295346428,good,0.0782373847458512,0.0786389537273772,0.0790366584156069,ok,call,1.0114200900664827,0.09043159203842267,0.025603141017616397,13.190100080097325,-49.271873835949314,0.7633183087295143,0.13190100080097325,-0.13499143516698442
2026-09-04,2026-09-08,call,783.0,0.17,0.18,0.17,5505.0,1188.0,773.17,100,0.175,0.0099999999999999,True,,4.0,0.010958904109589,773.4072830881462,0.0126333285331594,True,,0.0773115646744265,,0.0,773.0683295346428,good,0.0783390792577694,0.078840534795562,0.0793346263611375,ok,call,1.0127134661407364,0.06817855971483576,0.02061708113947875,10.648632950450377,-39.77253537150244,0.575591117339087,0.10648632950450378,-0.1089658503328834
2026-09-04,2026-09-08,call,784.0,0.12,0.13,0.13,2040.0,890.0,773.17,100,0.125,0.01,True,,4.0,0.010958904109589,773.4072830881462,0.0139096528927643,True,,0.0778489162014003,,0.0,773.0683295346428,good,0.0786499251398869,0.0792848424894798,0.0799057907674085,ok,call,1.0140068422149904,0.05103781556838726,0.016336397112128656,8.485228959034082,-31.793650573067293,0.43094817090263865,0.08485228959034082,-0.08710589198100628
2026-09-04,2026-09-08,call,785.0,0.08,0.09,0.09,1357.0,744.0,773.17,100,0.0849999999999999,0.0099999999999999,True,,4.0,0.010958904109589,773.4072830881462,0.0151843503247648,True,,0.0778598286368287,,0.0,773.0683295346428,good,0.0783679379584771,0.0792066877356311,0.0800166602359902,ok,call,1.015300218289244,0.03670914438505998,0.012532724009271419,6.503160072594135,-24.292119897861003,0.31001523005146137,0.06503160072594136,-0.06655375314482466
2026-09-04,2026-09-08,call,786.0,0.06,0.07,0.07,531.0,293.0,773.17,100,0.065,0.01,True,,4.0,0.010958904109589,773.4072830881462,0.0164574249715628,True,,0.0796071290507659,,0.0,773.0683295346428,good,0.0798537097577519,0.0808963024240478,0.081890468098153,ok,call,1.0165935943634978,0.028521383064420168,0.009964335182482797,5.280731854087107,-20.105208579413414,0.24087963360986958,0.05280731854087107,-0.05508276323126963
2026-09-04,2026-09-08,call,787.0,0.05,0.06,0.06,1703.0,1545.0,773.17,100,0.055,0.0099999999999999,True,,4.0,0.010958904109589,773.4072830881462,0.0177288809597596,True,,0.0825968361379718,,0.0,773.0683295346428,good,0.0826310008194304,0.0838497700702619,0.085000248846988,ok,call,1.0178869704377518,0.02382372360627209,0.008270029270705009,4.542825329077739,-17.892573525289897,0.20119740540372016,0.04542825329077739,-0.04902074938435588
2026-09-04,2026-09-08,call,788.0,0.04,0.05,0.05,753.0,465.0,773.17,100,0.045,0.01,True,,4.0,0.010958904109589,773.4072830881462,0.0189987224002354,True,,0.0850478620382853,,0.0,773.0683295346428,good,0.0848025360464832,0.0862627446530332,0.0876210229605032,ok,call,1.0191803465120055,0.01943930486165172,0.006769147077098876,3.8253778456196152,-15.474540422780679,0.16416854034532952,0.03825377845619615,-0.04239600115830323
2026-09-04,2026-09-08,call,789.0,0.03,0.04,0.04,621.0,805.0,773.17,100,0.035,0.01,True,,4.0,0.010958904109589,773.4072830881462,0.0202669533882307,True,,0.0867995770068649,,0.0,773.0683295346428,good,0.0861522962392731,0.0879729160343236,0.089627292890134,ok,call,1.0204737225862597,0.015276390904147667,0.005402537442051752,3.1136076743773686,-12.82646063955215,0.129015971580991,0.031136076743773687,-0.03514098805356754
2026-09-04,2026-09-08,call,790.0,0.02,0.03,0.03,1099.0,2136.0,773.17,100,0.025,0.0099999999999999,True,,4.0,0.010958904109589,773.4072830881462,0.0215335780034235,True,,0.0875447716628863,,0.0,773.0683295346428,good,0.0862293317398128,0.0886700656454891,0.0907945377952367,ok,call,1.0217670986605132,0.011238054985507232,0.004110980207836559,2.388028643778051,-9.90312720641961,0.09491866367068487,0.02388028643778051,-0.027131855360053726
2026-09-04,2026-09-08,call,791.0,0.02,0.03,0.03,298.0,571.0,773.17,100,0.025,0.0099999999999999,True,,4.0,0.010958904109589,773.4072830881462,0.0227986003100101,True,,0.0920737183137541,,0.0,773.0683295346428,good,0.090654756677073,0.0931935760759451,0.0954021956283949,ok,call,1.023060474734767,0.010705586712215031,0.0037496910566230204,2.2892782378998344,-9.964575793962165,0.09040828401774165,0.022892782378998344,-0.027300207654690864
2026-09-04,2026-09-08,call,792.0,0.02,0.03,0.03,297.0,691.0,773.17,100,0.025,0.0099999999999999,True,,4.0,0.010958904109589,773.4072830881462,0.0240620243567822,True,,0.0965709970552965,,0.0,773.0683295346428,good,0.0950503784947384,0.0976858336966671,0.0999773367915698,ok,call,1.0243538508090209,0.010226162143856105,0.003437234751899638,2.199671851060336,-10.024041656465212,0.08634722544993552,0.02199671851060336,-0.027463127825932087
2026-09-04,2026-09-08,call,793.0,0.02,0.03,0.02,143.0,81.0,773.17,100,0.025,0.0099999999999999,True,,4.0,0.010958904109589,773.4072830881462,0.0253238541772043,True,,0.1010383870155986,,0.0,773.0683295346428,good,0.0994178369332661,0.1021485782325461,0.1045217766787195,ok,call,1.0256472268832746,0.009792042009025914,0.0031649353364681327,2.1179430758736415,-10.081629161791767,0.08266992985995054,0.021179430758736417,-0.02762090181312813
2026-09-04,2026-09-08,call,794.0,0.01,0.02,0.02,165.0,144.0,773.17,100,0.015,0.01,True,,4.0,0.010958904109589,773.4072830881462,0.0265840937894922,True,,0.0993270737867419,,0.0,773.0683295346428,good,0.0960534499559293,0.1003784256826188,0.1037585875753527,ok,call,1.0269406029575283,0.006288992553261174,0.0021818055023533236,1.4347410640926423,-6.706268380373306,0.05310685798154415,0.014347410640926423,-0.018373338028420016
2026-09-04,2026-09-08,call,795.0,0.01,0.02,0.02,15.0,454.0,773.17,100,0.015,0.01,True,,4.0,0.010958904109589,773.4072830881462,0.0278427471966883,True,,0.1035331455852621,,0.0,773.0683295346428,good,0.1001086802592059,0.1045809182279948,0.1080739383268229,ok,call,1.0282339790317825,0.006040713114629718,0.002020729090177163,1.3844512254977601,-6.736032849064283,0.05100375918308741,0.013844512254977601,-0.018454884517984337
2026-09-04,2026-09-08,call,796.0,0.01,0.02,0.01,42.0,343.0,773.17,100,0.015,0.01,True,,4.0,0.010958904109589,773.4072830881462,0.0290998183867393,True,,0.1077160876778117,,0.0,773.0683295346428,good,0.1041426976243763,0.1087605122872387,0.1123650562159763,ok,call,1.029527355106036,0.0058131185607278165,0.0018780131581427144,1.338095133413636,-6.76508609897896,0.04907587710271015,0.01338095133413636,-0.018534482462956057
2026-09-04,2026-09-08,call,797.0,0.01,0.02,0.01,1.0,75.0,773.17,100,0.015,0.01,True,,4.0,0.010958904109589,773.4072830881462,0.0303553113325714,True,,0.1118769160658585,,0.0,773.0683295346428,good,0.1081563992517631,0.1129181938930027,0.1166329976450503,ok,call,1.03082073118029,0.005603669518313721,0.0017508924731528327,1.2952109717514804,-6.793447955478768,0.04730170118220861,0.012952109717514804,-0.018612186179393884
2026-09-04,2026-09-08,call,798.0,0.01,0.02,0.01,245.0,35.0,773.17,100,0.015,0.01,True,,4.0,0.010958904109589,773.4072830881462,0.0316092299921651,True,,0.1160165293650802,,0.0,773.0683295346428,good,0.1121506004738281,0.1170548615468366,0.1208787266572951,ok,call,1.0321141072545437,0.005410231201504939,0.001637111733653992,1.255408002509168,-6.821141351337863,0.045663148028225214,0.012554080025091681,-0.01868805849681606
2026-09-04,2026-09-08,call,799.0,0.01,0.02,0.01,19.0,263.0,773.17,100,0.015,0.01,True,,4.0,0.010958904109589,773.4072830881462,0.0328615783086311,True,,0.120135775079723,,0.0,773.0683295346428,good,0.1161260450644846,0.1211713301855844,0.1251031205907761,ok,call,1.0334074833287976,0.0052309930684046315,0.0015348150929485448,1.2183527632351332,-6.84818796612504,0.04414488093529749,0.012183527632351332,-0.01876215881130148
2026-09-04,2026-09-08,call,800.0,0.01,0.02,0.01,15.0,500.0,773.17,100,0.015,0.01,True,,4.0,0.010958904109589,773.4072830881462,0.0341123602102837,True,,0.1242354153114325,,0.0,773.0683295346428,good,0.1200834140470962,0.1252683505000826,0.1293069788869486,ok,call,1.0347008594030511,0.005064411893800001,0.0014424639441844387,1.1837594008653358,-6.874611835677292,0.042733827535154804,0.011837594008653357,-0.018834552974458334
2026-09-04,2026-09-08,call,801.0,0.01,0.02,0.01,0.0,14.0,773.17,100,0.015,0.01,True,,4.0,0.010958904109589,773.4072830881462,0.0353615796107155,True,,0.1283161503758165,,0.0,773.0683295346428,good,0.1240233356412259,0.1293466073340439,0.1334910395959068,ok,call,1.035994235477305,0.004909161199678497,0.0013587727597421655,1.1513808171660012,-6.900434660975889,0.0414187515548673,0.011513808171660011,-0.018905300441029834
2026-09-04,2026-09-08,call,802.0,0.01,0.02,0.01,11.0,20.0,773.17,100,0.015,0.01,True,,4.0,0.010958904109589,773.4072830881462,0.0366092404088709,True,,0.1323786257936274,,0.0,773.0683295346428,good,0.1279463875678675,0.1334067374229361,0.1376559801345107,ok,call,1.037287611551559,0.004764097053107023,0.0012826608209486117,1.1210028286652418,-6.925680063680576,0.04018996296144494,0.011210028286652417,-0.01897446592789199
2026-09-04,2026-09-08,call,803.0,0.01,0.02,0.01,17.0,1.0,773.17,100,0.015,0.01,True,,4.0,0.010958904109589,773.4072830881462,0.037855346489118,True,,0.1364234383069744,,0.0,773.0683295346428,good,0.1318531003687138,0.1374493262077292,0.1418024297903015,ok,call,1.0385809876258127,0.004628225278292396,0.0012132134059945358,1.092438335090213,-6.950369547302546,0.03903904033248031,0.01092438335090213,-0.0190421083487741
2026-09-04,2026-09-08,call,804.0,0.01,0.02,0.01,0.0,1.0,773.17,100,0.015,0.01,True,,4.0,0.010958904109589,773.4072830881462,0.0390999017213228,True,,0.1404511410988161,,0.0,773.0683295346428,good,0.1357439757903694,0.1414749174249766,0.1459309702932985,ok,call,1.0398743637000667,0.004500678596425877,0.0011496520056861839,1.0655233376674824,-6.974524245447194,0.03795863715615852,0.010655233376674823,-0.019108285603964915
2026-09-04,2026-09-08,call,805.0,0.01,0.02,0.02,5.0,50.0,773.17,100,0.015,0.01,True,,4.0,0.010958904109589,773.4072830881462,0.0403429099609197,True,,0.1444622483350017,,0.0,773.0683295346428,good,0.139619473090909,0.145484019031303,0.1500421427416295,ok,call,1.0411677397743204,0.004380697241537973,0.0010913105037385613,1.0401135188754216,-6.998165383288283,0.03694231761601651,0.010401135188754216,-0.019173055844625433
2026-09-04,2026-09-08,call,806.0,0.01,0.02,0.01,1236.0,0.0,773.17,100,0.015,0.01,True,,4.0,0.010958904109589,773.4072830881462,0.0415843750489846,True,,0.1484572391216588,,0.0,773.0683295346428,good,0.1434800222812098,0.149477100635192,0.154136451466552,ok,call,1.042461115848574,0.004267611308696916,0.0010376157857312097,1.016081049231531,-7.021311764628985,0.03598440713626849,0.010160810492315311,-0.019236470588024617
2026-09-04,2026-09-08,call,807.0,0.01,0.02,0.01,16.0,0.0,773.17,100,0.015,0.01,True,,4.0,0.010958904109589,773.4072830881462,0.0428243008123052,True,,0.1524365637523886,,0.0,773.0683295346428,good,0.1473260281340854,0.1534546034541387,0.158214367757077,ok,call,1.043754491922828,0.0041608291096349986,0.000988072674304078,0.9933125576522064,-7.043982322209542,0.03507989367053063,0.009933125576522064,-0.019298581704683678
2026-09-04,2026-09-08,call,808.0,0.01,0.02,0.01,1014.0,34.0,773.17,100,0.015,0.01,True,,4.0,0.010958904109589,773.4072830881462,0.0440626910634517,True,,0.1564006333057265,,0.0,773.0683295346428,good,0.1511578654514529,0.1574169404931957,0.1622763328597651,ok,call,1.0450478679970818,0.004059825483891963,0.0009422513153224315,0.9717070094824403,-7.066195043878572,0.034224328718482334,0.009717070094824403,-0.01935943847637965
2026-09-04,2026-09-08,call,809.0,0.01,0.02,0.01,341.0,1.0,773.17,100,0.015,0.01,True,,4.0,0.010958904109589,773.4072830881462,0.0452995496008479,True,,0.1603498475976552,,0.0,773.0683295346428,good,0.1549758902344925,0.1613644993439107,0.1663227630677792,ok,call,1.0463412440713356,0.003964132683987152,0.0008997770018673172,0.9511740628767724,-7.087967075360142,0.03341375011321786,0.009511740628767725,-0.01941908787769902
2026-09-04,2026-09-08,call,810.0,0.0,0.01,0.01,25.0,24.0,773.17,100,0.005,0.01,True,,4.0,0.010958904109589,773.4072830881462,0.0465348802088408,True,,0.1481032410405492,,0.0,773.0683295346428,good,,0.1490267783575331,0.1587804364732259,ok,call,1.0476346201455895,0.0015610988950023991,0.00041954416512719506,0.4095992137763482,-2.8185882190178178,0.013168512019522594,0.004095992137763483,-0.007722159504158404
2026-09-04,2026-09-08,call,815.0,0.0,0.01,0.01,0.0,344.0,773.17,100,0.005,0.01,True,,4.0,0.010958904109589,773.4072830881462,0.0526887457832191,True,,0.1659740974572759,,0.0,773.0683295346428,good,,0.166892058012653,0.1776113622450966,ok,call,1.0541015005168586,0.0013969971726627598,0.00033852625049091123,0.3701222017770162,-2.8483070521688933,0.011778464151148716,0.003701222017770162,-0.007803580964846283
2026-09-04,2026-09-08,call,820.0,0.0,0.01,0.01,0.0,128.0,773.17,100,0.005,0.01,True,,4.0,0.010958904109589,773.4072830881462,0.0588049728006552,True,,0.1835763013243642,,0.0,773.0683295346428,good,,0.18448971682878,0.1961458939532099,ok,call,1.0605683808881277,0.0012667396152575697,0.00028003002149838306,0.3384494976850396,-2.8760568760781924,0.0106750999756557,0.003384494976850396,-0.007879607879666281
2026-09-04,2026-09-08,call,825.0,0.0,0.01,0.01,0.0,50.0,773.17,100,0.005,0.01,True,,4.0,0.010958904109589,773.4072830881462,0.0648840188770374,True,,0.2009328135929163,,0.0,773.0683295346428,good,,0.2018424691693759,0.2144101430298568,ok,call,1.0670352612593967,0.0011606873064715238,0.00023627104154522822,0.31242095958545496,-2.902020501807032,0.009776770750644764,0.0031242095958545495,-0.007950741100841183
2026-09-04,2026-09-08,call,830.0,0.0,0.01,0.02,0.0,1.0,773.17,100,0.005,0.01,True,,4.0,0.010958904109589,773.4072830881462,0.070926333333,True,,0.2180619976571056,,0.0,773.0683295346428,good,,0.2189685417826719,0.2324250032668768,ok,call,1.0735021416306658,0.0010725676625244224,0.00020259049589639865,0.29061492173973663,-2.926380283928215,0.009030343169642675,0.0029061492173973664,-0.008017480229940315
2026-09-04,2026-09-08,call,835.0,0.0,0.01,0.01,160.0,160.0,773.17,100,0.005,0.01,True,,4.0,0.010958904109589,773.4072830881462,0.0769323573932119,True,,0.2349789887981683,,0.0,773.0683295346428,good,,0.235882913600039,0.2502076103348838,ok,call,1.079969022001935,0.0009981174343376598,0.00017605319851001427,0.27205550551645646,-2.9493026649415337,0.008399704523633885,0.0027205550551645647,-0.00808028127381242
2026-09-04,2026-09-08,call,840.0,0.0,0.01,0.01,1.0,21.0,773.17,100,0.005,0.01,True,,4.0,0.010958904109589,773.4072830881462,0.0829025243797157,True,,0.2516964385543107,,0.0,773.0683295346428,good,,0.2525981580039717,0.2677723010551493,ok,call,1.086435902373204,0.0009343354405072238,0.0001547308431319753,0.25604965037038696,-2.970936823438126,0.007859432712993598,0.0025604965037038696,-0.008139552940926373
2026-09-04,2026-09-08,call,875.0,0.0,0.01,0.02,0.0,593.0,773.17,100,0.005,0.01,True,,4.0,0.010958904109589,773.4072830881462,0.1237245188999707,True,,0.3638850484027565,,0.0,773.0683295346428,good,,0.3647786247346816,0.3854740662054984,ok,call,1.1317040649720873,0.0006570018348621805,7.747490998625238e-05,0.18514311988478202,-3.0953582687924226,0.005510255043839757,0.00185143119884782,-0.008480433613129924
2026-09-04,2026-09-08,call,880.0,0.0,0.01,0.01,0.0,1.0,773.17,100,0.005,0.01,True,,4.0,0.010958904109589,773.4072830881462,0.1294225400146084,True,,0.3793011906442344,,0.0,773.0683295346428,good,,0.3801942890351105,0.401628053489852,ok,call,1.1381709453433564,0.0006315918173609152,7.167593128824759e-05,0.1785237698957426,-3.1102052539116167,0.00529501773631841,0.0017852376989574259,-0.00852111028468936
2026-09-04,2026-09-09,put,670.0,0.01,0.02,0.03,0.0,40.0,773.17,100,0.015,0.01,True,,5.0,0.0136986301369863,773.4666152376419,-0.1432960668560824,True,,0.4136755176874622,,0.0,669.6329772756828,good,0.3987628929018364,0.4128154391753106,0.4235985864932521,ok,put,0.8664974897274824,-0.0013660118222314386,0.00011992726188216163,0.4054160878209453,-6.078555356828019,-0.014668595206103049,0.004054160878209453,-0.016653576320076764
2026-09-04,2026-09-09,put,675.0,0.01,0.02,0.01,1.0,1.0,773.17,100,0.015,0.01,True,,5.0,0.0136986301369863,773.4666152376419,-0.1358610883685643,True,,0.3939698162839263,,0.0,674.6302383001282,good,0.3796374921103901,0.3931087553374494,0.4034507466379009,ok,put,0.8729638889045532,-0.0014289080431632432,0.0001312247313122357,0.4224307629907802,-6.029715550696644,-0.015334542264346964,0.004224307629907802,-0.0165197686320456
2026-09-04,2026-09-09,put,680.0,0.01,0.02,0.08,0.0,1.0,773.17,100,0.015,0.01,True,,5.0,0.0136986301369863,773.4666152376419,-0.1284809810709418,True,,0.3743413401328326,,0.0,679.6274993245736,good,0.3605898442207517,0.3734790832374426,0.3833792315908562,ok,put,0.8794302880816239,-0.0014977355521379263,0.00014418096479778343,0.4409621772965358,-5.978181709056299,-0.016063289744141934,0.004409621772965358,-0.016378580024811778
2026-09-04,2026-09-09,put,685.0,0.01,0.02,0.05,0.0,3.0,773.17,100,0.015,0.01,True,,5.0,0.0136986301369863,773.4666152376419,-0.1211549409788688,True,,0.3547842032766863,,0.0,684.624760349019,good,0.3416144468917549,0.3539205542710266,0.3633778812828944,ok,put,0.8858966872586947,-0.001573410607175189,0.00015914394405725472,0.4612358238398429,-5.923644315311409,-0.016864538931418198,0.004612358238398429,-0.016229162507702493
2026-09-04,2026-09-09,put,690.0,0.01,0.02,0.02,1.0,100.0,773.17,100,0.015,0.01,True,,5.0,0.0136986301369863,773.4666152376419,-0.1138821816497891,True,,0.3352921099761426,,0.0,689.6220213734643,good,0.3227053773875939,0.3344268403626259,0.3434400538595217,ok,put,0.8923630864357655,-0.001657052378154312,0.00017655956271817074,0.4835256295988144,-5.865737912549088,-0.017750139536635557,0.004835256295988144,-0.01607051482890161
2026-09-04,2026-09-09,put,695.0,0.02,0.03,0.03,50.0,19.0,773.17,100,0.025,0.0099999999999999,True,,5.0,0.0136986301369863,773.4666152376419,-0.106661933676302,True,,0.3315365338186696,,0.0,694.6192823979097,good,0.3235584964017039,0.3306300215325647,0.3367092771993499,ok,put,0.8988294856128363,-0.002687190217459599,0.0002768753916159681,0.7496417608170437,-8.987526742586724,-0.028794084329506822,0.007496417608170437,-0.024623360938593762
2026-09-04,2026-09-09,put,700.0,0.02,0.03,0.03,29.0,137.0,773.17,100,0.025,0.0099999999999999,True,,5.0,0.0136986301369863,773.4666152376419,-0.0994934441976895,True,,0.3113395971081742,,0.0,699.6165434223552,good,0.3037252222697578,0.3104306645984596,0.3161977635343924,ok,put,0.905295884789907,-0.0028454241417841357,0.00031051806074752016,0.7893663498530263,-8.88151761496214,-0.030469467745147222,0.007893663498530263,-0.024332924972499014
2026-09-04,2026-09-09,put,705.0,0.02,0.03,0.03,7666.0,1067.0,773.17,100,0.025,0.0099999999999999,True,,5.0,0.0136986301369863,773.4666152376419,-0.0923759764288255,True,,0.2911802398371866,,0.0,704.6138044468006,good,0.2839313234472749,0.2902684992679153,0.2957214992354595,ok,put,0.9117622839669778,-0.0030237096574468277,0.0003507859919271646,0.8338141839816806,-8.76766590391891,-0.03235715679914436,0.008338141839816807,-0.024021002476490166
2026-09-04,2026-09-09,put,710.0,0.02,0.03,0.03,8016.0,95.0,773.17,100,0.025,0.0099999999999999,True,,5.0,0.0136986301369863,773.4666152376419,-0.0853088092057331,True,,0.2710480205438501,,0.0,709.611065471246,good,0.2641667397216657,0.2701330153940965,0.2752695715468046,ok,put,0.9182286831440484,-0.003226298379876966,0.0003995943649659425,0.883942775324396,-8.644735044629691,-0.03450216729083721,0.00883942775324396,-0.02368420560172518
2026-09-04,2026-09-09,put,715.0,0.03,0.04,0.03,84.0,203.0,773.17,100,0.035,0.01,True,,5.0,0.0136986301369863,773.4666152376419,-0.0782912365470865,True,,0.2600383260358142,,0.0,714.6083264956914,good,0.2548294593016186,0.259090032935734,0.26292883550959,ok,put,0.9246950823211192,-0.004564208635383667,0.0005685565595916644,1.2062893943885953,-11.307457765065829,-0.04880481023312758,0.012062893943885954,-0.030979336342646106
2026-09-04,2026-09-09,put,718.0,0.03,0.04,0.05,13.0,126.0,773.17,100,0.035,0.01,True,,5.0,0.0136986301369863,773.4666152376419,-0.0741042101928699,True,,0.2476072820944476,,0.0,717.6066831103586,good,0.2425650915735384,0.2466562068551326,0.2503434082431131,ok,put,0.9285749218273618,-0.004769535769722827,0.0006211305016076844,1.2545906133225107,-11.190412314519296,-0.05097881377649677,0.012545906133225107,-0.030658663875395332
2026-09-04,2026-09-09,put,719.0,0.03,0.04,0.05,21.0,18.0,773.17,100,0.035,0.01,True,,5.0,0.0136986301369863,773.4666152376419,-0.0727124215200474,True,,0.2434625748722013,,0.0,718.6061353152477,good,0.2384761470994039,0.2425105104792457,0.2461469366404103,ok,put,0.929868201662776,-0.004842303092980369,0.0006403348031258936,1.2716418191627938,-11.14992669696762,-0.0517492739063253,0.012716418191627938,-0.030547744375253753
2026-09-04,2026-09-09,put,720.0,0.03,0.04,0.04,10.0,624.0,773.17,100,0.035,0.01,True,,5.0,0.0136986301369863,773.4666152376419,-0.0713225672309931,True,,0.2393171134439886,,0.0,719.6055875201367,good,0.2343865520321411,0.238364029400915,0.2419495498458164,ok,put,0.93116148149819,-0.004917413922473538,0.0006604723001375259,1.2892064077394518,-11.108659729759358,-0.052544546974728046,0.012892064077394518,-0.03043468419112153
2026-09-04,2026-09-09,put,721.0,0.03,0.04,0.03,2.0,19.0,773.17,100,0.035,0.01,True,,5.0,0.0136986301369863,773.4666152376419,-0.0699346419561451,True,,0.2351707461474123,,0.0,720.6050397250258,good,0.2302961642701043,0.2342166054474962,0.2377510908480788,ok,put,0.9324547613336042,-0.004994987372468636,0.0006816061931833101,1.3073092650162568,-11.066579430705229,-0.053365894073697046,0.013073092650162568,-0.03031939570056227
2026-09-04,2026-09-09,put,722.0,0.03,0.04,0.05,122.0,171.0,773.17,100,0.035,0.01,True,,5.0,0.0136986301369863,773.4666152376419,-0.068548640348268,True,,0.2310233144586706,,0.0,721.604491929915,good,0.2262048283026485,0.2300680823351677,0.2335513928547305,ok,put,0.9337480411690184,-0.005075152243077179,0.0007038053715843878,1.3259772673968446,-11.023654823106508,-0.05421467899195497,0.013259772673968447,-0.030201794035908242
2026-09-04,2026-09-09,put,723.0,0.04,0.05,0.04,125.0,139.0,773.17,100,0.045,0.01,True,,5.0,0.0136986301369863,773.4666152376419,-0.0671645570823295,True,,0.2334682867215636,,0.0,722.603944134804,good,0.2293502851818002,0.2324878177443662,0.2353866597229897,ok,put,0.9350413210044324,-0.006327573782694554,0.000847131794824722,1.6127918197520639,-13.547117397878049,-0.06761216901034783,0.01612791819752064,-0.03711539013117274
2026-09-04,2026-09-09,put,724.0,0.04,0.05,0.06,7.0,34.0,773.17,100,0.045,0.01,True,,5.0,0.0136986301369863,773.4666152376419,-0.0657823868553778,True,,0.2292200945341875,,0.0,723.6033963396931,good,0.2251475877249624,0.2282383881102856,0.2310943279566527,ok,put,0.9363346008398468,-0.006432096199344681,0.0008755068473181669,1.6363468600230728,-13.490934894026573,-0.0687188515791275,0.01636346860023073,-0.0369614654630865
2026-09-04,2026-09-09,put,725.0,0.04,0.05,0.04,216.0,1640.0,773.17,100,0.045,0.01,True,,5.0,0.0136986301369863,773.4666152376419,-0.0644021243864194,True,,0.2249700277530742,,0.0,724.6028485445821,good,0.2209431153000669,0.2239870448847066,0.2267999442545722,ok,put,0.9376278806752608,-0.006540303621931883,0.0009053876280172924,1.660674758127701,-13.433568263022483,-0.06986455087093323,0.01660674758127701,-0.0368042966110205
2026-09-04,2026-09-09,put,726.0,0.04,0.05,0.04,121.0,97.0,773.17,100,0.045,0.01,True,,5.0,0.0136986301369863,773.4666152376419,-0.0630237644162981,True,,0.2207178898317714,,0.0,725.6023007494712,good,0.216736672898707,0.2197335808924837,0.2225033034978647,ok,put,0.938921160510675,-0.006652401500658168,0.0009368859500991769,1.6858164537377704,-13.374963779477461,-0.07105144200582342,0.016858164537377703,-0.03664373638213003
2026-09-04,2026-09-09,put,727.0,0.04,0.05,0.05,5.0,109.0,773.17,100,0.045,0.01,True,,5.0,0.0136986301369863,773.4666152376419,-0.0616473017075748,True,,0.2164634680057402,,0.0,726.6017529543603,good,0.2125280572266104,0.215477789382558,0.2182041917764017,ok,put,0.9402144403460893,-0.006768613248164879,0.000970124650604818,1.7118163901492542,-13.315068366792003,-0.07228189050445226,0.017118163901492543,-0.036479639361073984
2026-09-04,2026-09-09,put,728.0,0.04,0.05,0.05,92.0,453.0,773.17,100,0.045,0.01,True,,5.0,0.0136986301369863,773.4666152376419,-0.0602727310444082,True,,0.2122065516804919,,0.0,727.6012051592494,good,0.2083170556558936,0.2112194516259972,0.2139023849917797,ok,put,0.9415077201815032,-0.006889179573832054,0.0010052386644928046,1.7387222997191154,-13.253824354041237,-0.0735584449680003,0.017387222997191153,-0.03631184754531846
2026-09-04,2026-09-09,put,729.0,0.04,0.05,0.05,6.0,68.0,773.17,100,0.045,0.01,True,,5.0,0.0136986301369863,773.4666152376419,-0.058900047232436,True,,0.2079469159007137,,0.0,728.6006573641384,good,0.204103445541838,0.2069583404690993,0.2095976477868732,ok,put,0.9428010000169176,-0.007014361209246613,0.0010423766130148579,1.7665857422523101,-13.191170988267292,-0.0748838660369077,0.0176658574225231,-0.03614019448840354
2026-09-04,2026-09-09,put,730.0,0.05,0.06,0.07,13.0,185.0,773.17,100,0.055,0.0099999999999999,True,,5.0,0.0136986301369863,773.4666152376419,-0.0575292450986573,True,,0.2087205949095741,,0.0,729.6001095690275,good,0.2052897331624116,0.2077096531977161,0.2099812259889114,ok,put,0.9440942798523316,-0.00839341452729682,0.001216379871561866,2.0689644782156096,-15.50182994484649,-0.08962213388586134,0.020689644782156097,-0.04247076697218216
2026-09-04,2026-09-09,put,731.0,0.05,0.06,0.05,13.0,489.0,773.17,100,0.055,0.0099999999999999,True,,5.0,0.0136986301369863,773.4666152376419,-0.0561603194913156,True,,0.204370178208009,,0.0,730.5995617739167,good,0.2009783821164519,0.2033575727731389,0.2055911335870926,ok,put,0.9453875596877458,-0.00855140158624483,0.0012629117796214254,2.1031027562721234,-15.4231474638847,-0.09129489831522233,0.021031027562721235,-0.04225519853119096
2026-09-04,2026-09-09,put,732.0,0.05,0.06,0.06,320.0,986.0,773.17,100,0.055,0.0099999999999999,True,,5.0,0.0136986301369863,773.4666152376419,-0.0547932652797827,True,,0.2000159564362426,,0.0,731.5990139788057,good,0.1966633227019821,0.1990016192968458,0.2011970124481467,ok,put,0.9466808395231598,-0.00871583033727472,0.0013122952681444708,2.1385297783528188,-15.342538532630844,-0.09303586688954027,0.021385297783528188,-0.04203435214419409
2026-09-04,2026-09-09,put,733.0,0.05,0.06,0.08,260.0,128.0,773.17,100,0.055,0.0099999999999999,True,,5.0,0.0136986301369863,773.4666152376419,-0.0534280773544427,True,,0.1956576293820238,,0.0,732.5984661836948,good,0.1923442687086937,0.1946414995220125,0.1967985627435156,ok,put,0.947974119358574,-0.008887121334644846,0.0013647767812850831,2.1753252249160786,-15.259907125459971,-0.09484949238242135,0.021753252249160786,-0.041807964727287594
2026-09-04,2026-09-09,put,734.0,0.05,0.06,0.07,9.0,551.0,773.17,100,0.055,0.0099999999999999,True,,5.0,0.0136986301369863,773.4666152376419,-0.0520647506265786,True,,0.1912949042753306,,0.0,733.5979183885838,good,0.1880209204400421,0.1902769061641008,0.192395469947436,ok,put,0.9492673991939882,-0.009065734021849504,0.0014206307071003784,2.213575849651604,-15.175150870340412,-0.09674063937853378,0.02213575849651604,-0.041575755809151814
2026-09-04,2026-09-09,put,735.0,0.06,0.07,0.06,28.0,1209.0,773.17,100,0.065,0.01,True,,5.0,0.0136986301369863,773.4666152376419,-0.0507032800282575,True,,0.1909902827768812,,0.0,734.597370593473,good,0.1879873955886087,0.1899517706751814,0.1918158113262689,ok,put,0.9505606790294024,-0.010563947989403438,0.0016264595296926383,2.5299604763857038,-17.3096324759318,-0.11274057958304477,0.025299604763857036,-0.04742365061899123
2026-09-04,2026-09-09,put,736.0,0.06,0.07,0.06,61.0,291.0,773.17,100,0.065,0.01,True,,5.0,0.0136986301369863,773.4666152376419,-0.0493436605122179,True,,0.1865424921052856,,0.0,735.596822798362,good,0.1835739908655111,0.1855018726020008,0.1873314703139799,ok,put,0.9518539588648164,-0.010785159834339626,0.0016958072847800892,2.576035973484287,-17.205895109048384,-0.11508276532844654,0.02576035973484287,-0.047139438654927084
2026-09-04,2026-09-09,put,737.0,0.06,0.07,0.06,9.0,730.0,773.17,100,0.065,0.01,True,,5.0,0.0136986301369863,773.4666152376419,-0.0479858870517575,True,,0.1820889044034804,,0.0,736.5962750032511,good,0.1791548807171505,0.1810460861812261,0.1828410665911595,ok,put,0.9531472387002308,-0.01101653196869181,0.001769936600118358,2.6240613205153394,-17.099292011664133,-0.11753252733918124,0.026240613205153394,-0.04684737537442228
2026-09-04,2026-09-09,put,738.0,0.06,0.07,0.07,109.0,294.0,773.17,100,0.065,0.01,True,,5.0,0.0136986301369863,773.4666152376419,-0.0466299546406216,True,,0.1776291183062743,,0.0,737.5957272081401,good,0.1747296681177371,0.1765840059915398,0.1783441867121543,ok,put,0.9544405185356448,-0.011258815239236872,0.001849315096443564,2.6741724410102132,-16.98966112261122,-0.12009781546274229,0.02674172441010213,-0.04654701677427732
2026-09-04,2026-09-09,put,739.0,0.07,0.08,0.07,219.0,1125.0,773.17,100,0.075,0.0099999999999999,True,,5.0,0.0136986301369863,773.4666152376419,-0.0452758582928924,True,,0.1765491414921267,,0.0,738.5951794130292,good,0.1738403915995213,0.1754847284444562,0.1770574173054576,ok,put,0.955733798371059,-0.012881807157195403,0.002091374674955943,3.0053724542474485,-18.968244094506364,-0.1374189028646111,0.030053724542474486,-0.051967792039743464
2026-09-04,2026-09-09,put,740.0,0.07,0.08,0.08,453.0,609.0,773.17,100,0.075,0.0099999999999999,True,,5.0,0.0136986301369863,773.4666152376419,-0.0439235930428787,True,,0.1720071964248438,,0.0,739.5946316179184,good,0.1693292128798998,0.1709401875343485,0.1724811305276407,ok,put,0.9570270782064731,-0.013178669397773792,0.002189679833734089,3.0651513484994832,-18.836281415394758,-0.14056207109700808,0.03065151348499483,-0.051606250453136326
2026-09-04,2026-09-09,put,741.0,0.08,0.09,0.09,157.0,679.0,773.17,100,0.0849999999999999,0.0099999999999999,True,,5.0,0.0136986301369863,773.4666152376419,-0.0425731539450072,True,,0.170429700245418,,0.0,740.5940838228074,good,0.1678965676961784,0.1693444638467925,0.1707373870697805,ok,put,0.9583203580418872,-0.014870905114314482,0.002452892293097988,3.4015480562780045,-20.700029838178935,-0.15861631042792892,0.034015480562780046,-0.056712410515558725
2026-09-04,2026-09-09,put,742.0,0.08,0.09,0.09,902.0,665.0,773.17,100,0.0849999999999999,0.0099999999999999,True,,5.0,0.0136986301369863,773.4666152376419,-0.0412245360737137,True,,0.1658085624414776,,0.0,741.5935360276965,good,0.163303174494191,0.1647203859502759,0.166083933680627,ok,put,0.9596136378773016,-0.015231234876883994,0.002574175300891959,3.47226289163729,-20.54328176650974,-0.16243147002411107,0.0347226289163729,-0.0562829637438623
2026-09-04,2026-09-09,put,743.0,0.09,0.1,0.09,416.0,124.0,773.17,100,0.095,0.01,True,,5.0,0.0136986301369863,773.4666152376419,-0.039877734523335,True,,0.1638129204990702,,0.0,742.5929882325855,good,0.1614206528193045,0.1627072394271333,0.1639506928008699,ok,put,0.9609069177127156,-0.017009764941366103,0.0028647049015098213,3.8169273751534987,-22.296153700607107,-0.1813993917961989,0.038169273751534984,-0.06108535260440303
2026-09-04,2026-09-09,put,744.0,0.09,0.1,0.1,142.0,808.0,773.17,100,0.095,0.01,True,,5.0,0.0136986301369863,773.4666152376419,-0.0385327444080023,True,,0.1591138968625566,,0.0,743.5924404374747,good,0.1567468871839189,0.1580048849665785,0.159220837643772,ok,put,0.9622001975481296,-0.017444747800533907,0.003014292927444981,3.9001660491648678,-22.111671552140194,-0.18600497461509957,0.03900166049164868,-0.06057992206065806
2026-09-04,2026-09-09,put,745.0,0.1,0.11,0.1,967.0,1198.0,773.17,100,0.105,0.0099999999999999,True,,5.0,0.0136986301369863,773.4666152376419,-0.0371895608615347,True,,0.1567562265409658,,0.0,744.5918926423637,good,0.1544793717491024,0.1556301506595879,0.156746515274961,ok,put,0.963493477383544,-0.01932898457029443,0.0033396910852390937,4.256250340880141,-23.755178299987577,-0.20609211560705695,0.042562503408801404,-0.06508268027393857
2026-09-04,2026-09-09,put,746.0,0.11,0.12,0.12,219.0,479.0,773.17,100,0.1149999999999999,0.0099999999999999,True,,5.0,0.0136986301369863,773.4666152376419,-0.0358481790373333,True,,0.1541418135154034,,0.0,745.5913448472528,good,0.1519397271983068,0.1529991876669403,0.1540300348102436,ok,put,0.964786757218958,-0.021272524618582048,0.0036845586888172807,4.616381929508143,-25.315138441164894,-0.22680715823219966,0.046163819295081426,-0.06935654367442437
2026-09-04,2026-09-09,put,747.0,0.12,0.13,0.12,644.0,527.0,773.17,100,0.125,0.01,True,,5.0,0.0136986301369863,773.4666152376419,-0.0345085941082769,True,,0.1512988614376483,,0.0,746.5907970521419,good,0.1491596172491705,0.1501400433573135,0.1510963816025056,ok,put,0.9660800370543722,-0.023284367259835764,0.004052188605446975,4.982110054152017,-26.793675775819228,-0.24824538638676552,0.04982110054152017,-0.07340733089265541
2026-09-04,2026-09-09,put,748.0,0.13,0.14,0.13,105.0,780.0,773.17,100,0.135,0.01,True,,5.0,0.0136986301369863,773.4666152376419,-0.0331708012666169,True,,0.1482493438527456,,0.0,747.5902492570309,good,0.1461634659715528,0.1470745668675311,0.1479651822149958,ok,put,0.9673733168897864,-0.025374036640903007,0.004446210691652456,5.354941683235161,-28.192053110481925,-0.27050764130902877,0.053549416832351614,-0.07723850167255322
2026-09-04,2026-09-09,put,749.0,0.14,0.15,0.15,189.0,595.0,773.17,100,0.145,0.0099999999999999,True,,5.0,0.0136986301369863,773.4666152376419,-0.0318347957238747,True,,0.1450106142459891,,0.0,748.5897014619201,good,0.1429704017150765,0.1438200088007617,0.1446520329937348,ok,put,0.9686665967252004,-0.027551826349523623,0.004870709220306644,5.736389642382311,-29.51079216847146,-0.293702911497018,0.057363896423823106,-0.08085148539307249
2026-09-04,2026-09-09,put,750.0,0.15,0.16,0.15,1078.0,1220.0,773.17,100,0.155,0.01,True,,5.0,0.0136986301369863,773.4666152376419,-0.030500572710738,True,,0.1415964971270399,,0.0,749.5891536668091,good,0.1395955813808553,0.1403900791710442,0.1411693840503655,ok,put,0.9699598765606148,-0.029829030114295007,0.005330352543726191,6.128010229016821,-30.74972088132553,-0.3179507731155762,0.06128010229016821,-0.08424581063376857
2026-09-04,2026-09-09,put,751.0,0.17,0.18,0.17,2955.0,723.0,773.17,100,0.175,0.0099999999999999,True,,5.0,0.0136986301369863,773.4666152376419,-0.0291681274769594,True,,0.1394782734189274,,0.0,750.5886058716982,good,0.1375272284709796,0.1382461488080301,0.1389531208635767,ok,put,0.9712531563960288,-0.03363114204961183,0.0059771208417116455,6.766626525567864,-33.40955800858246,-0.3584812240901399,0.06766626525567865,-0.09153303563995194
2026-09-04,2026-09-09,put,752.0,0.19,0.2,0.19,243.0,514.0,773.17,100,0.195,0.01,True,,5.0,0.0136986301369863,773.4666152376419,-0.0278374552912543,True,,0.1369898474485527,,0.0,751.5880580765872,good,0.1350765341885534,0.1357327569780789,0.1363793795260725,ok,put,0.972546436231443,-0.03755897558778565,0.006664808895125882,7.407974870383695,-35.88039979458161,-0.400342811577344,0.07407974870383695,-0.09830246519063456
2026-09-04,2026-09-09,put,753.0,0.21,0.22,0.21,458.0,517.0,773.17,100,0.215,0.01,True,,5.0,0.0136986301369863,773.4666152376419,-0.0265085514412005,True,,0.1341766089020834,,0.0,752.5875102814764,good,0.1322919347415912,0.1328949880760118,0.1334901959467023,ok,put,0.9738397160668572,-0.04163907171609884,0.007402700623542322,8.056119832455254,-38.167939785412095,-0.4438165509245031,0.08056119832455254,-0.10456969804222492
2026-09-04,2026-09-09,put,754.0,0.23,0.24,0.24,754.0,271.0,773.17,100,0.235,0.0099999999999999,True,,5.0,0.0136986301369863,773.4666152376419,-0.0251814112331381,True,,0.1310721618834091,,0.0,753.5869624863655,good,0.12920903789898,0.1297661846803804,0.1303168327564105,ok,put,0.9751329959022712,-0.04589962312793164,0.008201101058769816,8.714868299007723,-40.27506691406955,-0.48920094500879496,0.08714868299007722,-0.1103426490796426
2026-09-04,2026-09-09,put,755.0,0.26,0.27,0.27,959.0,1669.0,773.17,100,0.265,0.01,True,,5.0,0.0136986301369863,773.4666152376419,-0.0238560299920695,True,,0.1287271328223813,,0.0,754.5864146912545,good,0.1268828263982886,0.1273890306750561,0.1278901370328929,ok,put,0.9764262757376854,-0.051733866470933886,0.009192541976560546,9.589473946570884,-43.45811964193596,-0.551384452893846,0.09589473946570884,-0.11906334148475604
2026-09-04,2026-09-09,put,756.0,0.3,0.31,0.3,683.0,440.0,773.17,100,0.305,0.01,True,,5.0,0.0136986301369863,773.4666152376419,-0.0225324030615612,True,,0.1269014525294907,,0.0,755.5858668961436,good,0.1250690026884039,0.1255245630619203,0.12597626723053,ok,put,0.9777195555730996,-0.05912730555214641,0.01036694665169433,10.65630668462847,-47.53179259446726,-0.630213591665696,0.1065630668462847,-0.1302240892999103
2026-09-04,2026-09-09,put,757.0,0.34,0.35,0.34,1173.0,920.0,773.17,100,0.345,0.0099999999999999,True,,5.0,0.0136986301369863,773.4666152376419,-0.0212105258036454,True,,0.1245617953609792,,0.0,756.5853191010327,good,0.1227325173426174,0.1231469551780148,0.1235583943811588,ok,put,0.9790128354085136,-0.06676716300959203,0.011616463444927626,11.714526450280939,-51.19664676847421,-0.7116518033652361,0.11714526450280939,-0.14026478566705264
2026-09-04,2026-09-09,put,758.0,0.38,0.39,0.38,1006.0,1071.0,773.17,100,0.385,0.01,True,,5.0,0.0136986301369863,773.4666152376419,-0.0198903935987225,True,,0.1217737022571179,,0.0,757.5847713059218,good,0.1199410408367049,0.120321138116146,0.1206988550253076,ok,put,0.980306115243928,-0.07472626322547622,0.01296410791425856,12.77355250845014,-54.46550612866016,-0.7964701507220876,0.1277355250845014,-0.14922056473605524
2026-09-04,2026-09-09,put,759.0,0.44,0.45,0.46,1809.0,861.0,773.17,100,0.445,0.01,True,,5.0,0.0136986301369863,773.4666152376419,-0.0185720018454642,True,,0.1199789797860769,,0.0,758.5842235108108,good,0.1181334205282316,0.1184767370698965,0.1188182782979845,ok,put,0.981599395079342,-0.08555970591376272,0.014584952046401794,14.150286051865873,-59.32230847379507,-0.9119957812270428,0.14150286051865874,-0.1625268725309454
2026-09-04,2026-09-09,put,760.0,0.5,0.51,0.51,3150.0,3202.0,773.17,100,0.505,0.01,True,,5.0,0.0136986301369863,773.4666152376419,-0.0172553459607174,True,,0.1175923128764526,,0.0,759.5836757156999,good,0.1157272878355295,0.116040774870588,0.1163529008278649,ok,put,0.9828926749147562,-0.09678084808163236,0.016316363696441277,15.504619988740004,-63.55522387320636,-1.0316263690886844,0.15504619988740004,-0.17412390102248318
2026-09-04,2026-09-09,put,761.0,0.57,0.58,0.57,382.0,805.0,773.17,100,0.575,0.01,True,,5.0,0.0136986301369863,773.4666152376419,-0.0159404213794083,True,,0.1152621834161237,,0.0,760.5831279205889,good,0.1133693127695972,0.1136557783946541,0.113941210980617,ok,put,0.9841859547501705,-0.10967332865408837,0.01824264172750075,16.978775991055826,-68.03917489639812,-1.1690899612269003,0.16978775991055828,-0.18640869834629623
2026-09-04,2026-09-09,put,762.0,0.66,0.67,0.66,1092.0,938.0,773.17,100,0.665,0.01,True,,5.0,0.0136986301369863,773.4666152376419,-0.0146272235544479,True,,0.1134260045620064,,0.0,761.5825801254781,good,0.1114935774372999,0.1117544242273614,0.1120145118323438,ok,put,0.9854792345855844,-0.12537203979313888,0.02039669205080375,18.666014256374613,-73.39986410591925,-1.3365396788885795,0.18666014256374613,-0.2010955180984089
2026-09-04,2026-09-09,put,763.0,0.76,0.77,0.76,519.0,700.0,773.17,100,0.765,0.01,True,,5.0,0.0136986301369863,773.4666152376419,-0.0133157479566371,True,,0.1113971087451199,,0.0,762.5820323303672,good,0.1094161935988759,0.1096550635046409,0.1098933746045731,ok,put,0.9867725144209988,-0.1427375287407903,0.0227255594780746,20.40658833507676,-78.55627357099964,-1.521774120790803,0.20406588335076759,-0.21522266731780723
2026-09-04,2026-09-09,put,764.0,0.87,0.89,0.89,1882.0,392.0,773.17,100,0.88,0.02,True,,5.0,0.0136986301369863,773.4666152376419,-0.0120059900745736,True,,0.1093537127922818,,0.0,763.5814845352562,good,0.1070936053462723,0.1075332058207907,0.1079711770423096,ok,put,0.9880657942564128,-0.1623458872685756,0.025240982638463978,22.226750798869695,-83.69099692027953,-1.7309613909544517,0.22226750798869696,-0.22929040252131377
2026-09-04,2026-09-09,put,765.0,1.01,1.02,1.01,1512.0,831.0,773.17,100,1.015,0.01,True,,5.0,0.0136986301369863,773.4666152376419,-0.0106979454145584,True,,0.1074123481758397,,0.0,764.5809367401453,good,0.1053002902078861,0.1055028865707591,0.1057051913595472,ok,put,0.9893590740918268,-0.18468659316055283,0.027927622251929445,24.128228251206668,-88.87733730602405,-1.9693525264415954,0.24128228251206668,-0.24349955426307957
2026-09-04,2026-09-09,put,766.0,1.16,1.18,1.17,783.0,329.0,773.17,100,1.17,0.02,True,,5.0,0.0136986301369863,773.4666152376419,-0.0093916095005029,True,,0.1054564325292885,,0.0,765.5803889450344,good,0.103070827577725,0.1034468459401319,0.1038220437572864,ok,put,0.990652353927241,-0.2097309096906457,0.0307615603275509,26.05869982009941,-93.80758958021026,-2.2366432694588108,0.26058699820099407,-0.2570070947403021
2026-09-04,2026-09-09,put,767.0,1.34,1.36,1.34,2028.0,308.0,773.17,100,1.35,0.02,True,,5.0,0.0136986301369863,773.4666152376419,-0.008086977873838,True,,0.1035682330947475,,0.0,766.5798411499235,good,0.1010937691068658,0.1014444259059738,0.1017945213293975,ok,put,0.9919456337626552,-0.23786757746025183,0.033696887309935225,27.99272019624314,-98.44810037132835,-2.5370180536774587,0.2799272019624314,-0.26972082293514615
2026-09-04,2026-09-09,put,768.0,1.55,1.57,1.57,6174.0,270.0,773.17,100,1.56,0.02,True,,5.0,0.0136986301369863,773.4666152376419,-0.006784046093422,True,,0.1018015026193983,,0.0,767.5792933548125,good,0.099217074285479,0.099546211881387,0.0998749809605656,ok,put,0.9932389135980694,-0.26936682185217975,0.03665877855992071,29.883389640810037,-102.68825489433512,-2.873406472943053,0.2988338964081004,-0.28133768464201403
2026-09-04,2026-09-09,put,769.0,1.79,1.81,1.79,11283.0,370.0,773.17,100,1.8,0.02,True,,5.0,0.0136986301369863,773.4666152376419,-0.0054828097354502,True,,0.1000356418443241,,0.0,768.5787455597016,good,0.0973179030211266,0.0976293494740855,0.0979405673778948,ok,put,0.9945321934334836,-0.3040802278810118,0.039591020105023064,31.652222966234095,-106.1398828593018,-3.2442371166662953,0.31652222966234095,-0.2907941996145255
2026-09-04,2026-09-09,put,770.0,2.07,2.09,2.08,3357.0,604.0,773.17,100,2.08,0.02,True,,5.0,0.0136986301369863,773.4666152376419,-0.0041832643933646,True,,0.0984706630110057,,0.0,769.5781977645906,good,0.09559064903997,0.0958879597354826,0.096185142433673,ok,put,0.9958254732688976,-0.34236419016439157,0.04233415993117848,33.24161789046425,-108.85116966791563,-3.653420371075894,0.3324161789046425,-0.29822238265182366
2026-09-04,2026-09-09,put,771.0,2.4,2.41,2.41,1898.0,621.0,773.17,100,2.405,0.0100000000000002,True,,5.0,0.0136986301369863,773.4666152376419,-0.0028854056777647,True,,0.0971308322725957,,0.0,770.5776499694798,good,0.0941978163580068,0.0943411952213081,0.0944845592127647,ok,put,0.997118753104312,-0.38401115716307016,0.04473551406975795,34.56057307787832,-110.60202638266753,-4.098827109932346,0.34560573077878315,-0.3030192503634727
2026-09-04,2026-09-09,put,772.0,2.76,2.78,2.76,4814.0,483.0,773.17,100,2.77,0.02,True,,5.0,0.0136986301369863,773.4666152376419,-0.001589229216318,True,,0.0957686619937582,,0.0,771.5771021743689,good,0.0924569180442708,0.092736849714743,0.0930167632961123,ok,put,0.998412032939726,-0.4283923597825944,0.04676431521349971,35.5135466862064,-110.8289726450376,-4.573731483973361,0.35513546686206404,-0.3036410209453085
2026-09-04,2026-09-09,put,773.0,3.17,3.2,3.17,2966.0,290.0,773.17,100,3.185,0.0300000000000002,True,,5.0,0.0136986301369863,773.4666152376419,-0.0002947306536722,True,,0.0945869721206712,,0.0,772.5765543792579,good,0.0908528811920454,0.0912681780905787,0.0916834736044187,ok,put,0.9997053127751402,-0.4752695725239176,0.048203158040588986,36.02649418865184,-109.60303173192227,-5.075748003335195,0.36026494188651836,-0.3002822787175953
2026-09-04,2026-09-09,call,774.0,2.87,2.89,2.87,2361.0,400.0,773.17,100,2.88,0.02,True,,5.0,0.0136986301369863,773.4666152376419,0.0009980943486328,True,,0.0869438812662147,,0.0,773.042914007354,good,0.0896603920182581,0.0899382217673654,0.0902160438244165,ok,call,1.0009985926105542,0.4759097889483407,0.04892076023519611,36.03002992668149,-128.4607456688851,4.999606756958578,0.36030029926681495,-0.35194724840790437
2026-09-04,2026-09-09,call,775.0,2.39,2.41,2.41,3172.0,453.0,773.17,100,2.4000000000000004,0.02,True,,5.0,0.0136986301369863,773.4666152376419,0.0022892501122527,True,,0.0859730638866981,,0.0,773.042914007354,good,0.0884187844127824,0.0887020097586661,0.0889851911635787,ok,call,1.0022918724459684,0.4263177947641628,0.04884423140009672,35.479204104108156,-123.99768089045682,4.48108718371618,0.3547920410410816,-0.33971967367248446
2026-09-04,2026-09-09,call,776.0,1.97,1.98,2.01,1692.0,506.0,773.17,100,1.975,0.01,True,,5.0,0.0136986301369863,773.4666152376419,0.0035787409421244,True,,0.0850976587087243,,0.0,773.042914007354,good,0.087445835862138,0.0875926388781221,0.0877394119253067,ok,call,1.0035851522813826,0.376759683432769,0.047903758175840576,34.3608837784956,-117.93021356192263,3.9621737317410095,0.343608837784956,-0.3230964755121168
2026-09-04,2026-09-09,call,777.0,1.59,1.61,1.61,1493.0,493.0,773.17,100,1.6,0.02,True,,5.0,0.0136986301369863,773.4666152376419,0.0048665711265531,True,,0.0841832703721351,,0.0,773.042914007354,good,0.0861610220479501,0.086471027746109,0.0867807767033123,ok,call,1.0048784321167967,0.328001331748079,0.046163414869941785,32.68855155970509,-110.20520068378177,3.4510439982762215,0.3268855155970509,-0.30193205666789524
2026-09-04,2026-09-09,call,778.0,1.27,1.29,1.28,948.0,636.0,773.17,100,1.28,0.02,True,,5.0,0.0136986301369863,773.4666152376419,0.0061527449372973,True,,0.083426332797763,,0.0,773.042914007354,good,0.0851979896686207,0.0855314543220153,0.0858644286060277,ok,call,1.006171711952211,0.28132539556175284,0.04358730469559215,30.529029590725592,-101.3451052459476,2.961210469648101,0.3052902959072559,-0.27765782259163724
2026-09-04,2026-09-09,call,779.0,1.0,1.02,1.01,1445.0,1243.0,773.17,100,1.01,0.02,True,,5.0,0.0136986301369863,773.4666152376419,0.007437266629654,True,,0.0827656833368349,,0.0,773.042914007354,good,0.0843437685719112,0.084709483267583,0.0850743116703924,ok,call,1.007464991787625,0.23756083533745292,0.04032538683366078,27.972913577503444,-91.58967920308952,2.5015187128279552,0.27972913577503444,-0.2509306279536699
2026-09-04,2026-09-09,call,780.0,0.78,0.79,0.79,2790.0,995.0,773.17,100,0.785,0.01,True,,5.0,0.0136986301369863,773.4666152376419,0.0087201404425432,True,,0.082156610261615,,0.0,773.042914007354,good,0.0837529332733491,0.083957358431477,0.0841613923694848,ok,call,1.0087582716230392,0.1973293600071356,0.03654918130275501,25.128325435498336,-81.24307604646205,2.0786199026518943,0.2512832543549834,-0.222583769990307
2026-09-04,2026-09-09,call,781.0,0.6,0.61,0.61,1236.0,600.0,773.17,100,0.605,0.01,True,,5.0,0.0136986301369863,773.4666152376419,0.0100013705985917,True,,0.0817941117594548,,0.0,773.042914007354,good,0.0832368785918084,0.0834697162837052,0.0837018752561683,ok,call,1.0100515514584534,0.16173121984728944,0.03243746958448622,22.171906279215236,-71.02552871185965,1.704163670593896,0.22171906279215237,-0.19459048962153327
2026-09-04,2026-09-09,call,782.0,0.45,0.46,0.46,1209.0,479.0,773.17,100,0.455,0.01,True,,5.0,0.0136986301369863,773.4666152376419,0.0112809613042168,True,,0.081220877983842,,0.0,773.042914007354,good,0.0825110009249248,0.0827825784276962,0.0830529534964909,ok,call,1.0113448312938675,0.12972281627571375,0.02819594841635087,19.11405298127958,-60.54329523404136,1.3673055402678445,0.1911405298127958,-0.1658720417370996
2026-09-04,2026-09-09,call,783.0,0.33,0.35,0.34,930.0,774.0,773.17,100,0.3399999999999999,0.0199999999999999,True,,5.0,0.0136986301369863,773.4666152376419,0.0125589167497089,True,,0.0809150770563184,,0.0,773.042914007354,good,0.0817306015382547,0.0823772393340982,0.08301537669319,ok,call,1.0126381111292817,0.10278541043816013,0.024017310185580877,16.201630732121394,-50.92520764591789,1.0836609390250025,0.16201630732121394,-0.1395211168381312
2026-09-04,2026-09-09,call,784.0,0.25,0.26,0.26,1072.0,692.0,773.17,100,0.255,0.01,True,,5.0,0.0136986301369863,773.4666152376419,0.0138352411093136,True,,0.081001827035704,,0.0,773.042914007354,good,0.081992050207781,0.082378618047895,0.0827614863246706,ok,call,1.013931390964696,0.08102840297820248,0.02013526177125221,13.583100408378375,-42.585160755155435,0.8544566927297903,0.13583100408378374,-0.11667167330179572
2026-09-04,2026-09-09,call,785.0,0.18,0.19,0.2,3707.0,1198.0,773.17,100,0.185,0.01,True,,5.0,0.0136986301369863,773.4666152376419,0.0151099385413142,True,,0.0807290088693003,,0.0,773.042914007354,good,0.0815481179375046,0.082025399712262,0.0824958991100225,ok,call,1.01522467080011,0.06214418207188572,0.016494420343603967,11.079305613316583,-34.50801399323637,0.6554647231971473,0.11079305613316583,-0.09454250409105855
2026-09-04,2026-09-09,call,786.0,0.14,0.15,0.14,304.0,447.0,773.17,100,0.145,0.0099999999999999,True,,5.0,0.0136986301369863,773.4666152376419,0.0163830131881123,True,,0.0819577409704528,,0.0,773.042914007354,good,0.0826258947063497,0.0831965505401896,0.0837563355529922,ok,call,1.0165179506355242,0.0498833794509241,0.013673089368951591,9.315348378133649,-29.361338191652923,0.526192150134261,0.09315348378133649,-0.08044202244288472
2026-09-04,2026-09-09,call,787.0,0.1,0.11,0.1,280.0,534.0,773.17,100,0.105,0.0099999999999999,True,,5.0,0.0136986301369863,773.4666152376419,0.017654469176309,True,,0.0820173840885839,,0.0,773.042914007354,good,0.0824732857677472,0.0831931421075097,0.0838930820327442,ok,call,1.0178112304709384,0.03781467621432315,0.010934281067161097,7.449118611704369,-23.433717152575255,0.39895357631759454,0.0744911861170437,-0.06420196480157604
2026-09-04,2026-09-09,call,788.0,0.07,0.08,0.08,243.0,141.0,773.17,100,0.075,0.0099999999999999,True,,5.0,0.0136986301369863,773.4666152376419,0.0189243106167849,True,,0.0820665451433002,,0.0,773.042914007354,good,0.0822590890899319,0.0831848584453178,0.0840732516244668,ok,call,1.0191045103063523,0.028245434866546893,0.008597295196081324,5.856433951163484,-18.389805052043673,0.2980429314910916,0.05856433951163484,-0.05038302753984568
2026-09-04,2026-09-09,call,789.0,0.06,0.07,0.07,317.0,710.0,773.17,100,0.065,0.01,True,,5.0,0.0136986301369863,773.4666152376419,0.0201925416047801,True,,0.0847590810600896,,0.0,773.042914007354,good,0.084791741885132,0.0858497297043199,0.0868575208106417,ok,call,1.020397790141767,0.024194382060421543,0.007318913774022935,5.145323576586615,-16.64390875994983,0.25528626946985333,0.051453235765866155,-0.04559975002725981
2026-09-04,2026-09-09,call,790.0,0.04,0.05,0.05,246.0,765.0,773.17,100,0.045,0.01,True,,5.0,0.0136986301369863,773.4666152376419,0.021459166219973,True,,0.0845270196267527,,0.0,773.042914007354,good,0.084154147620704,0.0855665855509298,0.0868793729953122,ok,call,1.0216910699771808,0.01755987909554706,0.005597456724951276,3.922130825346491,-12.62771292032902,0.18531238645411463,0.039221308253464905,-0.03459647375432608
2026-09-04,2026-09-09,call,791.0,0.04,0.05,0.04,103.0,942.0,773.17,100,0.045,0.01,True,,5.0,0.0136986301369863,773.4666152376419,0.0227241885265597,True,,0.0888356476435204,,0.0,773.042914007354,good,0.0884012320998034,0.0898678835819769,0.0912305712148221,ok,call,1.022984349812595,0.01675535177487933,0.0051201843663921205,3.768055076636312,-12.720671467987083,0.17679378973117044,0.03768055076636312,-0.03485115470681393
2026-09-04,2026-09-09,call,792.0,0.03,0.04,0.02,158.0,282.0,773.17,100,0.035,0.01,True,,5.0,0.0136986301369863,773.4666152376419,0.0239876125733317,True,,0.0899646823609761,,0.0,773.042914007354,good,0.089142473722436,0.0909640795420507,0.0926172078837352,ok,call,1.0242776296480092,0.013249058078759144,0.00413383977482764,3.0792907526437396,-10.509132888821073,0.1398052029872338,0.030792907526437395,-0.02879214490087965
2026-09-04,2026-09-09,call,793.0,0.02,0.03,0.03,437.0,101.0,773.17,100,0.025,0.0099999999999999,True,,5.0,0.0136986301369863,773.4666152376419,0.0252494423937536,True,,0.0901295200139481,,0.0,773.042914007354,good,0.0886559510222265,0.0910908923269249,0.0932070117639969,ok,call,1.025570909483423,0.00979572550085397,0.0031754704029635606,2.3687005154584475,-8.086473921408487,0.10337738449636974,0.023687005154584474,-0.022154723072352018
2026-09-04,2026-09-09,call,794.0,0.02,0.03,0.01,706.0,124.0,773.17,100,0.025,0.0099999999999999,True,,5.0,0.0136986301369863,773.4666152376419,0.0265096820060414,True,,0.09410117465887,,0.0,773.042914007354,good,0.0925382672430605,0.0950572915966134,0.0972454853991808,ok,call,1.0268641893188373,0.00939906594691778,0.0029349882790522057,2.2846461018086406,-8.12918104383942,0.09917742236348345,0.022846461018086406,-0.02227172888723129
2026-09-04,2026-09-09,call,795.0,0.02,0.03,0.02,45.0,207.0,773.17,100,0.025,0.0099999999999999,True,,5.0,0.0136986301369863,773.4666152376419,0.0277683354132376,True,,0.0980487111975142,,0.0,773.042914007354,good,0.0963978115516649,0.0989998515131516,0.1012591879484491,ok,call,1.0281574691542514,0.009036498485611128,0.0027227278346021603,2.207323074557537,-8.170697221261078,0.0953384414178629,0.02207323074557537,-0.022385471839071445
2026-09-04,2026-09-09,call,796.0,0.02,0.03,0.02,2.0,17.0,773.17,100,0.025,0.0099999999999999,True,,5.0,0.0136986301369863,773.4666152376419,0.0290254066032887,True,,0.1019732744107602,,0.0,773.042914007354,good,0.1002356418003845,0.1029196911267463,0.1052492901879155,ok,call,1.0294507489896656,0.008703702972499155,0.002534308424437019,2.1359204325456362,-8.21107751149849,0.09181469775016704,0.021359204325456363,-0.022496102771228738
2026-09-04,2026-09-09,call,797.0,0.01,0.02,0.02,286.0,238.0,773.17,100,0.015,0.01,True,,5.0,0.0136986301369863,773.4666152376419,0.0302808995491207,True,,0.099839137292704,,0.0,773.042914007354,good,0.0964915474480608,0.1007391135148046,0.1040527111635847,ok,call,1.0307440288250798,0.005603182270682847,0.0017552344386773469,1.4479727377958955,-5.444814696567302,0.059122555079634764,0.014479727377958955,-0.014917300538540552
2026-09-04,2026-09-09,call,798.0,0.01,0.02,0.02,1.0,27.0,773.17,100,0.015,0.01,True,,5.0,0.0136986301369863,773.4666152376419,0.0315348182087145,True,,0.1035425884378635,,0.0,773.042914007354,good,0.1000637868510669,0.1044387526342219,0.1078498789393577,ok,call,1.032037308660494,0.005409165625531085,0.0016408673217383632,1.4033379539362074,-5.465997406096134,0.05706824411604266,0.014033379539362074,-0.014975335359167492
2026-09-04,2026-09-09,call,799.0,0.01,0.02,0.02,3.0,74.0,773.17,100,0.015,0.01,True,,5.0,0.0136986301369863,773.4666152376419,0.0327871665251804,True,,0.1072277790441193,,0.0,773.042914007354,good,0.1036192248248177,0.1081202988115562,0.1116279335438336,ok,call,1.033330588495908,0.005229431634518912,0.0015380723566187533,1.3617931112124935,-5.486731352814837,0.055165163667113645,0.013617931112124934,-0.015032140692643388
2026-09-04,2026-09-09,call,800.0,0.01,0.02,0.02,98.0,273.0,773.17,100,0.015,0.01,True,,5.0,0.0136986301369863,773.4666152376419,0.034037948426833,True,,0.1108953954429597,,0.0,773.042914007354,good,0.1071584732362328,0.1117844242531078,0.1153875974843999,ok,call,1.0346238683313222,0.005062423350161507,0.0014452953066624126,1.3230157537863665,-5.507027604022509,0.05339682803836495,0.013230157537863664,-0.015087746860335642
2026-09-04,2026-09-09,call,801.0,0.01,0.02,0.02,2.0,91.0,773.17,100,0.015,0.01,True,,5.0,0.0136986301369863,773.4666152376419,0.0352871678272649,True,,0.1145460753045914,,0.0,773.042914007354,good,0.1106820950752873,0.1154317465847278,0.1191295264235032,ok,call,1.0359171481667364,0.004906804597899765,0.0013612385042532638,1.2867276130327678,-5.52689818603722,0.05174908919555053,0.012867276130327678,-0.015142186811060878
2026-09-04,2026-09-09,call,802.0,0.01,0.02,0.02,0.0,350.0,773.17,100,0.015,0.01,True,,5.0,0.0136986301369863,773.4666152376419,0.0365348286254202,True,,0.1181803792718713,,0.0,773.042914007354,good,0.1141906087853529,0.1190628372115757,0.1228543336911038,ok,call,1.0372104280021506,0.004761422568463177,0.0012848112686527453,1.2526873541235453,-5.546356407632482,0.050209740637903594,0.012526873541235453,-0.015195497007212278
2026-09-04,2026-09-09,call,803.0,0.01,0.02,0.01,0.0,62.0,773.17,100,0.015,0.01,True,,5.0,0.0136986301369863,773.4666152376419,0.0377809347056674,True,,0.1217988581723222,,0.0,773.042914007354,good,0.1176844945854345,0.1226782163161852,0.1265625840652567,ok,call,1.0385037078375647,0.004625274271822338,0.0012150905137804737,1.2206838875339823,-5.565412807708451,0.048768162363141465,0.012206838875339823,-0.015247706322488905
2026-09-04,2026-09-09,call,804.0,0.01,0.02,0.01,0.0,3.0,773.17,100,0.015,0.01,True,,5.0,0.0136986301369863,773.4666152376419,0.0390254899378721,True,,0.1254020076786467,,0.0,773.042914007354,good,0.1211641977705638,0.126278378448396,0.1302547976312381,ok,call,1.039796987672979,0.004497488383650307,0.0011512915722785542,1.1905330352822414,-5.584082510771548,0.04741512830597926,0.011905330352822414,-0.015298856193894652
2026-09-04,2026-09-09,call,805.0,0.01,0.02,0.01,160.0,305.0,773.17,100,0.015,0.01,True,,5.0,0.0136986301369863,773.4666152376419,0.0402684981774691,True,,0.1289902889467635,,0.0,773.042914007354,good,0.1246301324351783,0.1298637736565209,0.1339314612259049,ok,call,1.041090267508393,0.004377298491813649,0.0010927426226330294,1.1620719830853539,-5.602376851826211,0.046142523428047366,0.011620719830853539,-0.015348977676236194
2026-09-04,2026-09-09,call,806.0,0.01,0.02,0.02,0.0,320.0,773.17,100,0.015,0.01,True,,5.0,0.0136986301369863,773.4666152376419,0.0415099632655341,True,,0.1325641319360779,,0.0,773.042914007354,good,0.1280826856773355,0.133434830475741,0.1375930269861765,ok,call,1.0423835473438072,0.004264032351854606,0.0010388664641469638,1.1351573461598603,-5.620310141586467,0.044943229640894894,0.011351573461598603,-0.015398109976949225
2026-09-04,2026-09-09,call,809.0,0.01,0.02,0.01,0.0,1.0,773.17,100,0.015,0.01,True,,5.0,0.0136986301369863,773.4666152376419,0.0452251378173975,True,,0.1432029224354883,,0.0,773.042914007354,good,0.1383635527555068,0.1440657749908143,0.1484912326540245,ok,call,1.0462633868500495,0.003960142051634567,0.0009006038596924031,1.062482419246234,-5.6720546567923975,0.04172555597262643,0.010624824192462341,-0.015539875772033966
2026-09-04,2026-09-09,call,810.0,0.01,0.02,0.01,0.0,3.0,773.17,100,0.015,0.01,True,,5.0,0.0136986301369863,773.4666152376419,0.0464604684253903,True,,0.1467227844536903,,0.0,773.042914007354,good,0.1417659697681226,0.1475831776512139,0.1520963772976048,ok,call,1.047556666685464,0.003869239632913614,0.0008610389274683018,1.0406070699206271,-5.68865674556674,0.04076305694195614,0.010406070699206271,-0.015585360946758192
2026-09-04,2026-09-09,call,820.0,0.0,0.01,0.01,17.0,1.0,773.17,100,0.005,0.01,True,,5.0,0.0136986301369863,773.4666152376419,0.0587305610172045,True,,0.1639994309452408,,0.0,773.042914007354,good,,0.1647742719152651,0.1751816051723668,ok,call,1.0604894650396053,0.0012649530337754625,0.0002800725142504049,0.3779088132912143,-2.300015411076338,0.013325166769327325,0.003779088132912143,-0.006301412085140652
2026-09-04,2026-09-09,call,825.0,0.0,0.01,0.03,0.0,2.0,773.17,100,0.005,0.01,True,,5.0,0.0136986301369863,773.4666152376419,0.0648096070935867,True,,0.179525081955772,,0.0,773.042914007354,good,,0.1802926853319357,0.1915149565783361,ok,call,1.066955864216676,0.0011588784806326304,0.00023624813996773878,0.3487977173126981,-2.3202049972918433,0.01220202203216001,0.003487977173126981,-0.006356726019977652
2026-09-04,2026-09-09,call,830.0,0.0,0.01,0.02,0.0,58.0,773.17,100,0.005,0.01,True,,5.0,0.0136986301369863,773.4666152376419,0.0708519215495494,True,,0.1948472350166595,,0.0,773.042914007354,good,,0.195608290271417,0.2076251821151665,ok,call,1.073422263393747,0.001070764725231597,0.00020252909836520304,0.32441566389593635,-2.3392023908198016,0.011269051857837711,0.0032441566389593635,-0.0064087736734789085
2026-09-04,2026-09-09,call,840.0,0.0,0.01,0.02,0.0,1.0,773.17,100,0.005,0.01,True,,5.0,0.0136986301369863,773.4666152376419,0.082828112596265,True,,0.2249331266097158,,0.0,773.042914007354,good,,0.2256825952145624,0.2392351504036414,ok,call,1.0863550617478883,0.0009325864849239157,0.0001546341218361368,0.2857791423291263,-2.374062226705174,0.009805988425067674,0.0028577914232912633,-0.006504280073164861
2026-09-04,2026-09-09,call,850.0,0.0,0.01,0.01,0.0,405.0,773.17,100,0.005,0.01,True,,5.0,0.0136986301369863,773.4666152376419,0.0946625702432679,True,,0.2543420293247507,,0.0,773.042914007354,good,,0.2550814560157604,0.2701075604353425,ok,call,1.09928786010203,0.0008289561451349503,0.00012276972952231634,0.2564468182957869,-2.405379611509372,0.008708727749139127,0.002564468182957869,-0.006590081127422937
2026-09-04,2026-09-09,call,855.0,0.0,0.01,0.01,1.0,406.0,773.17,100,0.005,0.01,True,,5.0,0.0136986301369863,773.4666152376419,0.100527689695666,True,,0.2688129414723683,,0.0,773.042914007354,good,,0.2695477970466053,0.285290111517888,ok,call,1.1057542592791008,0.0007862263807083883,0.00011065719208181579,0.24425449315745126,-2.4199102547256275,0.008256296056332841,0.0024425449315745125,-0.006629891108837336
2026-09-04,2026-09-10,put,670.0,0.01,0.02,0.01,3.0,11.0,773.17,100,0.015,0.01,True,,6.0,0.0164383561643835,773.5259519388196,-0.1433934470764293,True,,0.3778187489193528,,0.0,669.559596860735,good,0.364238644715578,0.377072907689061,0.3869211254768983,ok,put,0.8664131141193271,-0.0013667634230315577,0.0001199153867165917,0.4443330493925849,-5.066014100778809,-0.017612156294621584,0.004443330493925849,-0.01387949068706523
2026-09-04,2026-09-10,put,675.0,0.02,0.03,0.02,2.0,6.0,773.17,100,0.025,0.0099999999999999,True,,6.0,0.0164383561643835,773.5259519388196,-0.1359584685889112,True,,0.3770932487788275,,0.0,674.5563102701435,good,0.3685300054315617,0.3763125102373451,0.3829930679710654,ok,put,0.8728788836276803,-0.0021992240236958587,0.00018524730118329476,0.6850289425352529,-7.792370326859434,-0.02835344815798889,0.006850289425352529,-0.021348959799614885
2026-09-04,2026-09-10,put,680.0,0.02,0.03,0.02,1.0,6.0,773.17,100,0.025,0.0099999999999999,True,,6.0,0.0164383561643835,773.5259519388196,-0.1285783612912887,True,,0.3584430709173529,,0.0,679.553023679552,good,0.3502086152050089,0.3576618088207823,0.3640618036972382,ok,put,0.8793446531360334,-0.0023042530464547845,0.00020332178529690423,0.7146030375963995,-7.723219010131662,-0.029687937750653606,0.0071460303759639954,-0.02115950413734702
2026-09-04,2026-09-10,put,685.0,0.02,0.03,0.03,4.0,5.0,773.17,100,0.025,0.0099999999999999,True,,6.0,0.0164383561643835,773.5259519388196,-0.1212523211992158,True,,0.3398563719898686,,0.0,684.5497370889605,good,0.3319513476767006,0.339074425250182,0.3451931210810501,ok,put,0.8858104226443866,-0.0024196735610225876,0.00022416900596964234,0.746928404397146,-7.650097023847912,-0.031154460295134294,0.007469284043971461,-0.020959169928350445
2026-09-04,2026-09-10,put,690.0,0.02,0.03,0.02,10.0,111.0,773.17,100,0.025,0.0099999999999999,True,,6.0,0.0164383561643835,773.5259519388196,-0.113979561870136,True,,0.3213269121363721,,0.0,689.5464504983689,good,0.3137521393065237,0.3205440577439128,0.3263805092781264,ok,put,0.8922761921527398,-0.00254717844644371,0.00024840022409633477,0.7824346746460211,-7.572527038619616,-0.03277452525285327,0.00782434674646021,-0.02074664942087566
2026-09-04,2026-09-10,put,695.0,0.02,0.03,0.03,10.0,27.0,773.17,100,0.025,0.0099999999999999,True,,6.0,0.0164383561643835,773.5259519388196,-0.1067593138966489,True,,0.3028478448975825,,0.0,694.5431639077774,good,0.2956043857244652,0.302063824479776,0.3076168401775222,ok,put,0.898741961661093,-0.0026888574789076204,0.0002768083275777549,0.8216488336557686,-7.489939928159322,-0.03457468495910599,0.008216488336557685,-0.020520383364820063
2026-09-04,2026-09-10,put,700.0,0.03,0.04,0.03,73.0,172.0,773.17,100,0.035,0.01,True,,6.0,0.0164383561643835,773.5259519388196,-0.0995908244180364,True,,0.2943580527746636,,0.0,699.5398773171859,good,0.2888942575809206,0.2935470735764284,0.2977341250178796,ok,put,0.9052077311694462,-0.003762450370668891,0.00038538460272823956,1.1116817840275695,-9.84308328522717,-0.048379781910710615,0.011116817840275694,-0.026967351466375807
2026-09-04,2026-09-10,put,705.0,0.03,0.04,0.03,13.0,3.0,773.17,100,0.035,0.01,True,,6.0,0.0164383561643835,773.5259519388196,-0.0924733566491724,True,,0.2754183329902296,,0.0,704.5365907265943,good,0.2702039761023878,0.2746054519704898,0.2785677925281314,ok,put,0.9116735006777994,-0.003996593166441542,0.0004348674243214729,1.1734765258827813,-9.713676754359474,-0.05135477594907115,0.011734765258827813,-0.026612813025642394
2026-09-04,2026-09-10,put,710.0,0.04,0.05,0.04,56.0,200.0,773.17,100,0.045,0.01,True,,6.0,0.0164383561643835,773.5259519388196,-0.0854061894260799,True,,0.2636674082881186,,0.0,709.5333041360028,good,0.2594201210979848,0.2628314896143513,0.2659799968310433,ok,put,0.9181392701861526,-0.0052349598965134355,0.000578126199044598,1.4931671341814399,-11.821981707685351,-0.06725347224081266,0.014931671341814398,-0.03238899097995987
2026-09-04,2026-09-10,put,715.0,0.04,0.05,0.05,68.0,283.0,773.17,100,0.045,0.01,True,,6.0,0.0164383561643835,773.5259519388196,-0.0783886167674335,True,,0.2443217746715828,,0.0,714.5300175454113,good,0.240278975906875,0.2434828939932861,0.2464410274946996,ok,put,0.9246050396945056,-0.005607051735140824,0.0006633440549445124,1.5871415863918101,-11.631140351241733,-0.07198122976251296,0.0158714158639181,-0.03186613794860749
2026-09-04,2026-09-10,put,718.0,0.05,0.06,0.07,3.0,1.0,773.17,100,0.055,0.0099999999999999,True,,6.0,0.0164383561643835,773.5259519388196,-0.0742015904132169,True,,0.2382192580459324,,0.0,717.5280455910564,good,0.2347128601001957,0.2373605426941689,0.2398434214212297,ok,put,0.9284845013995175,-0.006889241989530385,0.0008165931853344082,1.9046827672099516,-13.599992203270421,-0.08843674290516368,0.019046827672099517,-0.03726025261169978
2026-09-04,2026-09-10,put,719.0,0.05,0.06,0.09,5.0,47.0,773.17,100,0.055,0.0099999999999999,True,,6.0,0.0164383561643835,773.5259519388196,-0.0728098017403944,True,,0.2342733069561575,,0.0,718.5273882729381,good,0.2308018822583602,0.2334138123672599,0.2358633379792332,ok,put,0.9297776553011884,-0.006993153538284304,0.0008414493498401835,1.930024873816438,-13.54901392210582,-0.0897570310478433,0.01930024873816438,-0.03712058608796115
2026-09-04,2026-09-10,put,720.0,0.05,0.06,0.06,26.0,359.0,773.17,100,0.055,0.0099999999999999,True,,6.0,0.0164383561643835,773.5259519388196,-0.0714199474513401,True,,0.230326257142853,,0.0,719.5267309548198,good,0.2268898751715183,0.2294659528102055,0.2318820380622991,ok,put,0.9310708092028588,-0.00710038823693221,0.0008674986713594826,1.9561198001325124,-13.497066484023005,-0.09111954256141212,0.019561198001325122,-0.036978264339789055
2026-09-04,2026-09-10,put,721.0,0.05,0.06,0.1,1000.0,0.0,773.17,100,0.055,0.0099999999999999,True,,6.0,0.0164383561643835,773.5259519388196,-0.070032022176492,True,,0.2263779553635154,,0.0,720.5260736367015,good,0.222976676721611,0.2255168089213002,0.2278993607060515,ok,put,0.9323639631045296,-0.007211115315103868,0.0008948212510485594,1.9830039628378158,-13.444112784761668,-0.09252642766086998,0.01983003962837816,-0.0368331857116758
2026-09-04,2026-09-10,put,722.0,0.05,0.06,0.08,2.0,17.0,773.17,100,0.055,0.0099999999999999,True,,6.0,0.0164383561643835,773.5259519388196,-0.0686460205686148,True,,0.2224282454644449,,0.0,721.5254163185832,good,0.219062136232045,0.2215662188737483,0.2239151405706266,ok,put,0.9336571170062002,-0.007325515835207828,0.0009235041679171621,2.010716218930213,-13.390113318978225,-0.09397998688890523,0.02010716218930213,-0.036685241969803356
2026-09-04,2026-09-10,put,723.0,0.05,0.06,0.11,2.0,107.0,773.17,100,0.055,0.0099999999999999,True,,6.0,0.0164383561643835,773.5259519388196,-0.0672619373026763,True,,0.2184769463762576,,0.0,722.5247590004649,good,0.2151460870504452,0.217614014573528,0.2199292056889029,ok,put,0.9349502709078708,-0.007443783959445476,0.0009536422513885492,2.0392981263961842,-13.33502635737277,-0.095482687242616,0.020392981263961843,-0.03653431878732266
2026-09-04,2026-09-10,put,724.0,0.06,0.07,0.19,0.0,123.0,773.17,100,0.065,0.01,True,,6.0,0.0164383561643835,773.5259519388196,-0.0658797670757247,True,,0.2189734787896745,,0.0,723.5241016823466,good,0.2159413768276358,0.2180938716224446,0.2201344957252289,ok,put,0.9362434248095416,-0.008647445302774724,0.0010855564047416262,2.3265062904262854,-15.243594561397467,-0.11094042223610343,0.023265062904262855,-0.041763272770951966
2026-09-04,2026-09-10,put,725.0,0.06,0.07,0.07,22.0,62.0,773.17,100,0.065,0.01,True,,6.0,0.0164383561643835,773.5259519388196,-0.0644995046067663,True,,0.2149527328813021,,0.0,724.5234443642282,good,0.2119514668933303,0.2140721022885088,0.2160826710984356,ok,put,0.937536578711212,-0.008791429029526012,0.0011220803689394798,2.3604369984266116,-15.176815095959896,-0.11276986198141921,0.023604369984266117,-0.04158031533139697
2026-09-04,2026-09-10,put,726.0,0.06,0.07,0.51,0.0,18.0,773.17,100,0.065,0.01,True,,6.0,0.0164383561643835,773.5259519388196,-0.063121144636645,True,,0.2109296458393168,,0.0,725.52278704611,good,0.2079592804660621,0.2100479500800275,0.2120283621196453,ok,put,0.9388297326128828,-0.008940558129601461,0.0011605594915362525,2.3954892715708107,-15.108614972135417,-0.11466467794501982,0.023954892715708106,-0.04139346567708333
2026-09-04,2026-09-10,put,727.0,0.06,0.07,0.18,0.0,13.0,773.17,100,0.065,0.01,True,,6.0,0.0164383561643835,773.5259519388196,-0.0617446819279217,True,,0.2069040119807287,,0.0,726.5221297279917,good,0.2039646133599281,0.2060212067481185,0.2079713566488986,ok,put,0.9401228865145532,-0.009095126249563682,0.001201140817873574,2.431723698588757,-15.038932646090519,-0.11662860113198904,0.02431723698588757,-0.04120255519476854
2026-09-04,2026-09-10,put,728.0,0.06,0.07,0.1,3.0,16.0,773.17,100,0.065,0.01,True,,6.0,0.0164383561643835,773.5259519388196,-0.060370111264755,True,,0.2028756138270178,,0.0,727.5214724098734,good,0.1999672520426803,0.2019916544294093,0.2039114327088754,ok,put,0.941416040416224,-0.009255450364646998,0.001243985820725572,2.469205475910734,-14.967702519403696,-0.11866565895648959,0.02469205475910734,-0.04100740416274985
2026-09-04,2026-09-10,put,729.0,0.07,0.08,0.11,31.0,89.0,773.17,100,0.075,0.0099999999999999,True,,6.0,0.0164383561643835,773.5259519388196,-0.0589974274527829,True,,0.2025468403232043,,0.0,728.520815091755,good,0.1998483577624285,0.2016474289343466,0.2033665870555511,ok,put,0.9427091943178948,-0.010551964607825261,0.001397243222199238,2.76868198894598,-16.750215970164827,-0.13530317247897258,0.027686819889459802,-0.045891002657985826
2026-09-04,2026-09-10,put,730.0,0.07,0.08,0.08,24.0,200.0,773.17,100,0.075,0.0099999999999999,True,,6.0,0.0164383561643835,773.5259519388196,-0.0576266253190042,True,,0.1984526675716318,,0.0,729.5201577736367,good,0.1957818855109482,0.1975519601461169,0.1992435335800222,ok,put,0.9440023482195652,-0.010744645248608572,0.0014488651108777915,2.8126628221317467,-16.665425518995068,-0.1377513482467361,0.028126628221317465,-0.045658700052041284
2026-09-04,2026-09-10,put,731.0,0.07,0.08,0.08,7.0,90.0,773.17,100,0.075,0.0099999999999999,True,,6.0,0.0164383561643835,773.5259519388196,-0.0562576997116626,True,,0.1943547813827328,,0.0,730.5195004555185,good,0.1917117675126186,0.1934527188022152,0.1951165951281692,ok,put,0.945295502121236,-0.010944960163967784,0.0015035463065415425,2.858248740341045,-16.578629261643208,-0.14029652353945649,0.02858248740341045,-0.04542090208669372
2026-09-04,2026-09-10,put,732.0,0.08,0.09,0.11,22.0,91.0,773.17,100,0.0849999999999999,0.0099999999999999,True,,6.0,0.0164383561643835,773.5259519388196,-0.0548906455001295,True,,0.1934705460001996,,0.0,731.5188431374002,good,0.1909854966336054,0.1925540083229146,0.1940617796539031,ok,put,0.9465886560229064,-0.012304591636520888,0.001672215387634466,3.1641215162848786,-18.262126774097514,-0.15773599714729158,0.03164121516284878,-0.05003322403862333
2026-09-04,2026-09-10,put,733.0,0.08,0.09,0.09,33.0,46.0,773.17,100,0.0849999999999999,0.0099999999999999,True,,6.0,0.0164383561643835,773.5259519388196,-0.0535254575747896,True,,0.1893098508785599,,0.0,732.5181858192818,good,0.1868499437857327,0.1883917929578468,0.189874046399844,ok,put,0.9478818099245772,-0.012542978022712476,0.001737800692115251,3.217142664546193,-18.160212594424202,-0.16076490347831976,0.03217142664546193,-0.04975400710801151
2026-09-04,2026-09-10,put,734.0,0.08,0.09,0.1,15.0,29.0,773.17,100,0.0849999999999999,0.0099999999999999,True,,6.0,0.0164383561643835,773.5259519388196,-0.0521621308469254,True,,0.1851443360564439,,0.0,733.5175285011635,good,0.1827096266718648,0.1842246902452264,0.1856813071034542,ok,put,0.949174963826248,-0.012791465071894785,0.0018075363207066442,3.272225635305278,-18.055722103527806,-0.16392214694436022,0.03272225635305278,-0.04946773179048714
2026-09-04,2026-09-10,put,735.0,0.09,0.1,0.1,47.0,80.0,773.17,100,0.095,0.01,True,,6.0,0.0164383561643835,773.5259519388196,-0.0508006602486044,True,,0.1837956808084717,,0.0,734.5168711830452,good,0.1814832241401124,0.1828622374239748,0.1841940804013579,ok,put,0.9504681177279184,-0.014230480889504422,0.0019965460035255038,3.5876636938148905,-19.64306304415216,-0.18237026833114642,0.0358766369381489,-0.05381661107986893
2026-09-04,2026-09-10,put,736.0,0.09,0.1,0.1,124.0,383.0,773.17,100,0.095,0.01,True,,6.0,0.0164383561643835,773.5259519388196,-0.0494410407325648,True,,0.17956883886159,,0.0,735.516213864927,good,0.1772794406690832,0.1786336105020927,0.1799415601190116,ok,put,0.9517612716295892,-0.014524483984419159,0.0020801149465830065,3.651395581684547,-19.521536325594322,-0.18610583219592397,0.036513955816845474,-0.053483661166011845
2026-09-04,2026-09-10,put,737.0,0.1,0.11,0.1,35.0,225.0,773.17,100,0.105,0.0099999999999999,True,,6.0,0.0164383561643835,773.5259519388196,-0.0480832672721045,True,,0.1778736928951169,,0.0,736.5155565468086,good,0.1756827063332834,0.1769252430827203,0.178129761788298,ok,put,0.9530544255312596,-0.016023553491010673,0.0022850752644464553,3.9728181385366304,-21.02868853490061,-0.20531698824132857,0.0397281813853663,-0.05761284530109756
2026-09-04,2026-09-10,put,738.0,0.1,0.11,0.11,157.0,700.0,773.17,100,0.105,0.0099999999999999,True,,6.0,0.0164383561643835,773.5259519388196,-0.0467273348609686,True,,0.1735868192004593,,0.0,737.5148992286903,good,0.1714170977629286,0.1726363597608163,0.1738184052782596,ok,put,0.9543475794329304,-0.016369720218250523,0.002385120839153823,4.0462343407722186,-20.888439609101013,-0.2097153354098687,0.04046234340772219,-0.0572286016687699
2026-09-04,2026-09-10,put,739.0,0.11,0.12,0.12,99.0,128.0,773.17,100,0.1149999999999999,0.0099999999999999,True,,6.0,0.0164383561643835,773.5259519388196,-0.0453732385132392,True,,0.1715887341667487,,0.0,738.514241910572,good,0.1694995973489587,0.1706254590474313,0.1717202382922716,ok,put,0.9556407333346012,-0.017940561256278156,0.0026097890134338733,4.375801433720903,-22.316966597765806,-0.22983841117836332,0.04375801433720903,-0.06114237424045426
2026-09-04,2026-09-10,put,740.0,0.11,0.12,0.12,194.0,415.0,773.17,100,0.1149999999999999,0.0099999999999999,True,,6.0,0.0164383561643835,773.5259519388196,-0.0440209732632256,True,,0.1672422602778014,,0.0,739.5135845924536,good,0.1651728547201399,0.1662767225409409,0.1673501974500085,ok,put,0.9569338872362716,-0.018347031536179705,0.0027296730236248583,4.46016020336225,-22.156017235432262,-0.23500296615596758,0.0446016020336225,-0.060701417083376064
2026-09-04,2026-09-10,put,741.0,0.12,0.13,0.13,51.0,130.0,773.17,100,0.125,0.01,True,,6.0,0.0164383561643835,773.5259519388196,-0.0426705341653542,True,,0.1649739774704371,,0.0,740.5129272743354,good,0.1629714357361519,0.1639958858020708,0.1649946373015977,ok,put,0.9582270411379424,-0.02000301527900854,0.0029786088278150567,4.800149903905313,-23.506296744296346,-0.2562078536605469,0.048001499039053125,-0.06440081299807218
2026-09-04,2026-09-10,put,742.0,0.13,0.14,0.13,43.0,108.0,773.17,100,0.135,0.01,True,,6.0,0.0164383561643835,773.5259519388196,-0.0413219162940606,True,,0.1625106116887249,,0.0,741.5122699562171,good,0.1605653222624353,0.1615202888226423,0.1624532898687984,ok,put,0.9595201950396128,-0.02170619933071351,0.003240881680532097,5.143972443079877,-24.796761400375217,-0.27801246196504525,0.05143972443079878,-0.06793633260376772
2026-09-04,2026-09-10,put,743.0,0.14,0.15,0.15,448.0,104.0,773.17,100,0.145,0.0099999999999999,True,,6.0,0.0164383561643835,773.5259519388196,-0.0399751147436819,True,,0.1598703048573987,,0.0,742.5116126380988,good,0.1579745060162991,0.1588679929797579,0.1597425330937908,ok,put,0.9608133489412836,-0.02346255531185408,0.0035183821057006614,5.4927241283512425,-26.028620312485206,-0.3004926656258161,0.054927241283512424,-0.07131128852735673
2026-09-04,2026-09-10,put,744.0,0.15,0.16,0.15,266.0,85.0,773.17,100,0.155,0.01,True,,6.0,0.0164383561643835,773.5259519388196,-0.0386301246283492,True,,0.1570677169070281,,0.0,743.5109553199804,good,0.1552150364587052,0.1560535907632496,0.156875675969989,ok,put,0.9621065028429542,-0.025278378579910096,0.0038131747165181017,5.847481356279867,-27.202625309677128,-0.32372845248699916,0.05847481356279867,-0.07452774057445788
2026-09-04,2026-09-10,put,745.0,0.16,0.17,0.17,574.0,384.0,773.17,100,0.165,0.01,True,,6.0,0.0164383561643835,773.5259519388196,-0.0372869410818815,True,,0.1541148182377421,,0.0,744.5102980018621,good,0.1522999332389392,0.1530889855458389,0.1538636275562485,ok,put,0.9633996567446248,-0.02716040822401037,0.004127547919694772,6.209325749325467,-28.31912490125493,-0.34780544832352867,0.06209325749325467,-0.077586643565082
2026-09-04,2026-09-10,put,746.0,0.17,0.18,0.19,695.0,54.0,773.17,100,0.175,0.0099999999999999,True,,6.0,0.0164383561643835,773.5259519388196,-0.0359455592576802,True,,0.1510214372065254,,0.0,745.5096406837439,good,0.1492398434368592,0.1499839506457525,0.1507153771748166,ok,put,0.9646928106462956,-0.029115952289035157,0.004464069208255134,6.579366555454085,-29.378100207761477,-0.37281650802448424,0.06579366555454084,-0.08048794577468898
2026-09-04,2026-09-10,put,747.0,0.19,0.2,0.18,649.0,236.0,773.17,100,0.195,0.01,True,,6.0,0.0164383561643835,773.5259519388196,-0.0346059743286237,True,,0.1491762832582629,,0.0,746.5089833656256,good,0.1474383465063442,0.1481194462004887,0.1487903016977654,ok,put,0.965985964547966,-0.03237286148777388,0.004935065503112091,7.183124204609194,-31.653803207170252,-0.4145267246160696,0.07183124204609194,-0.08672274851279521
2026-09-04,2026-09-10,put,748.0,0.21,0.22,0.21,2461.0,262.0,773.17,100,0.215,0.01,True,,6.0,0.0164383561643835,773.5259519388196,-0.0332681814869638,True,,0.1470244474741888,,0.0,747.5083260475072,good,0.1453210165223022,0.1459488603837068,0.1465682814400084,ok,put,0.9672791184496368,-0.03571715487944839,0.005430192808931148,7.787971138959949,-33.79147459385249,-0.45734723327026094,0.0778797113895995,-0.09257938244891094
2026-09-04,2026-09-10,put,749.0,0.23,0.24,0.24,2539.0,415.0,773.17,100,0.235,0.0099999999999999,True,,6.0,0.0164383561643835,773.5259519388196,-0.0319321759442216,True,,0.1446010992185412,,0.0,748.5076687293889,good,0.1429251514910872,0.1435071747979749,0.1440821740449833,ok,put,0.9685722723513074,-0.0391656604230575,0.005954373124513837,8.396881713144419,-35.79555554216701,-0.5014918478429922,0.08396881713144419,-0.0980700151840192
2026-09-04,2026-09-10,put,750.0,0.25,0.26,0.26,1174.0,868.0,773.17,100,0.255,0.01,True,,6.0,0.0164383561643835,773.5259519388196,-0.030597952931085,True,,0.1419331653682308,,0.0,749.5070114112706,good,0.1402791429594971,0.1408211570805993,0.1413572445370552,ok,put,0.969865426252978,-0.0427358188511463,0.0065128966623707535,9.01260776773337,-37.66882275966829,-0.5471821676475073,0.09012607767733369,-0.1032022541360775
2026-09-04,2026-09-10,put,751.0,0.28,0.29,0.28,272.0,199.0,773.17,100,0.285,0.0099999999999999,True,,6.0,0.0164383561643835,773.5259519388196,-0.0292655076973063,True,,0.1400459902042836,,0.0,750.5063540931524,good,0.1384131827958006,0.138909877456534,0.1394018223647886,ok,put,0.9711585801546488,-0.04761952274047802,0.0072031670526848945,9.83252342990166,-40.50228474533269,-0.6097264084214048,0.09832523429901659,-0.11096516368584299
2026-09-04,2026-09-10,put,752.0,0.31,0.32,0.3,3724.0,477.0,773.17,100,0.315,0.01,True,,6.0,0.0164383561643835,773.5259519388196,-0.0279348355116012,True,,0.1378123591381197,,0.0,751.505696775034,good,0.1361942926464548,0.1366526888206725,0.1371072090544305,ok,put,0.9724517340563194,-0.05264797886546889,0.007932266398865701,10.651820702903185,-43.122634250275006,-0.6741098527947958,0.10651820702903185,-0.11814420342541097
2026-09-04,2026-09-10,put,753.0,0.34,0.35,0.33,785.0,151.0,773.17,100,0.345,0.0099999999999999,True,,6.0,0.0164383561643835,773.5259519388196,-0.0266059316615475,True,,0.1352699574831294,,0.0,752.5050394569157,good,0.1336615985070948,0.1340870248299485,0.1345092426676728,ok,put,0.97374488795799,-0.05785201471298397,0.008708902944747951,11.475155520563943,-45.535520615679154,-0.7407241905406533,0.11475155520563943,-0.12475485100186069
2026-09-04,2026-09-10,put,754.0,0.38,0.39,0.39,254.0,198.0,773.17,100,0.385,0.01,True,,6.0,0.0164383561643835,773.5259519388196,-0.025278791453485,True,,0.1332375429315933,,0.0,753.5043821387974,good,0.1316349511482169,0.1320262418830313,0.1324149633505228,ok,put,0.9750380418596606,-0.06438752518941923,0.009616617471591343,12.476448472248526,-48.694199941578205,-0.8244202572784282,0.12476448472248526,-0.13340876696322795
2026-09-04,2026-09-10,put,755.0,0.42,0.43,0.43,838.0,1055.0,773.17,100,0.425,0.01,True,,6.0,0.0164383561643835,773.5259519388196,-0.0239534102124164,True,,0.1308374670327374,,0.0,754.503724820679,good,0.1292358604351945,0.1295981308745603,0.1299583090054505,ok,put,0.9763311957613312,-0.07114317874199075,0.010581735775649588,13.476093823039324,-51.565508933712806,-0.9109134346428314,0.13476093823039326,-0.14127536694167891
2026-09-04,2026-09-10,put,756.0,0.47,0.48,0.49,588.0,543.0,773.17,100,0.475,0.01,True,,6.0,0.0164383561643835,773.5259519388196,-0.0226297832819081,True,,0.128779368950113,,0.0,755.5030675025608,good,0.1271736626585151,0.1275073919180649,0.1278394558286414,ok,put,0.9776243496630018,-0.07924701029597975,0.011677357151734324,14.631481443158535,-55.01215587880095,-1.0147005740458277,0.14631481443158534,-0.15071823528438616
2026-09-04,2026-09-10,put,757.0,0.53,0.54,0.54,298.0,362.0,773.17,100,0.535,0.01,True,,6.0,0.0164383561643835,773.5259519388196,-0.0213079060239922,True,,0.1269426982385267,,0.0,756.5024101844425,good,0.1253270946916617,0.1256338832880616,0.1259393665555742,ok,put,0.9789175035646726,-0.0886880004736035,0.012896850091512079,15.922043662073506,-58.90337975552856,-1.1356416662254156,0.15922043662073507,-0.16137912261788648
2026-09-04,2026-09-10,put,758.0,0.59,0.6,0.59,657.0,239.0,773.17,100,0.595,0.01,True,,6.0,0.0164383561643835,773.5259519388196,-0.0199877738190694,True,,0.1246574022515215,,0.0,757.5017528663242,good,0.1230278028139044,0.1233119273525008,0.1235950094183843,ok,put,0.9802106574663432,-0.09844222097559412,0.014192365702647062,17.19761625893017,-62.3497310117579,-1.2605626264437642,0.1719761625893017,-0.17082118085413125
2026-09-04,2026-09-10,put,759.0,0.66,0.68,0.68,318.0,343.0,773.17,100,0.67,0.02,True,,6.0,0.0164383561643835,773.5259519388196,-0.0186693820658111,True,,0.1227618292270066,,0.0,758.5010955482059,good,0.1208484154025952,0.1213735632391668,0.1218954609803459,ok,put,0.9815038113680138,-0.1100770799289616,0.015635283789545536,18.648256977830844,-66.4364595130112,-1.4096250197077909,0.18648256977830843,-0.1820176972959211
2026-09-04,2026-09-10,put,760.0,0.75,0.76,0.75,3064.0,1050.0,773.17,100,0.755,0.01,True,,6.0,0.0164383561643835,773.5259519388196,-0.0173527261810643,True,,0.1208744428934494,,0.0,759.5004382300875,good,0.1191971277156845,0.1194394875494869,0.1196812175749365,ok,put,0.9827969652696844,-0.12307628835535196,0.017197581170141467,20.18476391800512,-70.63677858258274,-1.5761868541758732,0.20184763918005122,-0.19352542077419926
2026-09-04,2026-09-10,put,761.0,0.84,0.86,0.85,586.0,831.0,773.17,100,0.85,0.02,True,,6.0,0.0164383561643835,773.5259519388196,-0.0160378015997552,True,,0.1189359887195063,,0.0,760.4997809119693,good,0.117000528614588,0.1174503748716437,0.1178982753010534,ok,put,0.984090119171355,-0.13745818935355905,0.018878777130485344,21.788967029116296,-74.8314763457408,-1.760481197188503,0.21788967029116296,-0.20501774341298848
2026-09-04,2026-09-10,put,762.0,0.95,0.96,0.94,623.0,352.0,773.17,100,0.955,0.01,True,,6.0,0.0164383561643835,773.5259519388196,-0.0147246037747948,True,,0.1168975718216008,,0.0,761.499123593851,good,0.1151481320012156,0.1153571151432666,0.1155657237284585,ok,put,0.9853832730730256,-0.15325668930970482,0.020681153036277558,23.443773124914653,-78.90445405102423,-1.9629388618338914,0.23443773124914652,-0.21617658644116228
2026-09-04,2026-09-10,put,763.0,1.07,1.09,1.08,585.0,413.0,773.17,100,1.08,0.02,True,,6.0,0.0164383561643835,773.5259519388196,-0.013413128176984,True,,0.1151102280908853,,0.0,762.4984662757327,good,0.1131179557117763,0.1135073029544493,0.1138955190410062,ok,put,0.9866764269746964,-0.17134164243532735,0.022601586530227303,25.2098989682933,-83.28661634301884,-2.1947762911101707,0.252098989682933,-0.22818251052881872
2026-09-04,2026-09-10,put,764.0,1.21,1.23,1.22,409.0,388.0,773.17,100,1.22,0.02,True,,6.0,0.0164383561643835,773.5259519388196,-0.0121033702949205,True,,0.1132785665813797,,0.0,763.4978089576143,good,0.111243180046303,0.1116069427186709,0.1119698591743108,ok,put,0.987969580876367,-0.19126078927748066,0.024625715005259053,27.007751905129098,-87.49597416236195,-2.4501650456133772,0.27007751905129096,-0.2397149977051012
2026-09-04,2026-09-10,put,765.0,1.37,1.39,1.39,1785.0,642.0,773.17,100,1.38,0.0199999999999997,True,,6.0,0.0164383561643835,773.5259519388196,-0.0107953256349052,True,,0.1115166926038091,,0.0,764.497151639496,good,0.1094271448915087,0.1097682076944,0.1101086481561422,ok,put,0.9892627347780376,-0.2133908673694557,0.026733197815471215,28.83605598224034,-91.60451197948372,-2.733973998853299,0.2883605598224034,-0.2509712656972157
2026-09-04,2026-09-10,put,766.0,1.55,1.57,1.57,655.0,298.0,773.17,100,1.56,0.02,True,,6.0,0.0164383561643835,773.5259519388196,-0.0094889897208498,True,,0.1097450644862795,,0.0,765.4964943213778,good,0.1075896860224892,0.1079109289448307,0.1082317227021935,ok,put,0.9905558886797082,-0.23769588556011034,0.0289057001867233,30.651892931759477,-95.4024618243633,-3.0457458555967265,0.3065189293175948,-0.26137660773798166
2026-09-04,2026-09-10,put,767.0,1.76,1.78,1.78,2725.0,190.0,773.17,100,1.77,0.02,True,,6.0,0.0164383561643835,773.5259519388196,-0.0081843580941849,True,,0.1082029141990607,,0.0,766.4958370032595,good,0.1059671028885075,0.1062709652842256,0.1065745145520113,ok,put,0.9918490425813788,-0.2647430696126089,0.031073772095947107,32.450170011716246,-99.09256344340004,-3.39285189348672,0.32450170011716245,-0.2714864751873974
2026-09-04,2026-09-10,put,768.0,1.99,2.01,2.01,1393.0,101.0,773.17,100,2.0,0.0199999999999997,True,,6.0,0.0164383561643835,773.5259519388196,-0.0068814263137689,True,,0.106496181772683,,0.0,767.4951796851411,good,0.1041662150415854,0.1044554893763426,0.104744552392651,ok,put,0.9931421964830496,-0.2938396694742447,0.03325760427489823,34.13741285027868,-102.02250143432514,-3.766325945645122,0.3413741285027868,-0.2795137025597949
2026-09-04,2026-09-10,put,769.0,2.25,2.27,2.26,1416.0,70.0,773.17,100,2.26,0.02,True,,6.0,0.0164383561643835,773.5259519388196,-0.005580189955797,True,,0.1048574173705762,,0.0,768.4945223670228,good,0.1024158786266209,0.10269298500865,0.1029699571764085,ok,put,0.9944353503847202,-0.32546970717970536,0.035372076048820346,35.69519039506806,-104.36340307674833,-4.1724821112136885,0.3569519039506806,-0.2859271317171187
2026-09-04,2026-09-10,put,770.0,2.55,2.57,2.56,3244.0,1196.0,773.17,100,2.56,0.02,True,,6.0,0.0164383561643835,773.5259519388196,-0.0042806446137115,True,,0.103479543763736,,0.0,769.4938650489045,good,0.1009050934741517,0.1011723723663094,0.1014395744137427,ok,put,0.9957285042863908,-0.3598402400415063,0.03729232720004553,37.075737165107604,-106.20507338202995,-4.614115396433763,0.37075737165107603,-0.2909728037863834
2026-09-04,2026-09-10,put,771.0,2.88,2.91,2.91,673.0,216.0,773.17,100,2.895,0.0300000000000002,True,,6.0,0.0164383561643835,773.5259519388196,-0.0029827858981116,True,,0.1021430573985169,,0.0,770.4932077307863,good,0.0992825991290305,0.0996724872320217,0.1000622923253357,ok,put,0.9970216581880614,-0.3964514568532687,0.03900320969416148,38.20181689547255,-107.1219281740729,-5.084793170317172,0.38201816895472546,-0.2934847347234874
2026-09-04,2026-09-10,put,772.0,3.26,3.28,3.25,3346.0,163.0,773.17,100,3.27,0.02,True,,6.0,0.0164383561643835,773.5259519388196,-0.0016866094366649,True,,0.1009149919024696,,0.0,771.4925504126679,good,0.098000924639389,0.0982559555797639,0.0985109746816057,ok,put,0.998314812089732,-0.4351542903245067,0.04040996824408151,39.01717016971471,-107.06024286600865,-5.582703469192997,0.3901717016971471,-0.29331573387947574
2026-09-04,2026-09-10,put,773.0,3.67,3.7,3.68,1822.0,176.0,773.17,100,3.685,0.0300000000000002,True,,6.0,0.0164383561643835,773.5259519388196,-0.0003921108740191,True,,0.0997387183310903,,0.0,772.4918930945496,good,0.096482396695858,0.0968614651773375,0.0972405322370911,ok,put,0.9996079659914028,-0.47559418526020864,0.041463096211983276,39.46582070013679,-105.83543330991294,-6.103341340495888,0.3946582070013679,-0.28996009126003547
2026-09-04,2026-09-10,call,774.0,3.43,3.46,3.43,1987.0,937.0,773.17,100,3.4450000000000003,0.0299999999999998,True,,6.0,0.0164383561643835,773.5259519388196,0.0009007141282859,True,,0.0929685432600443,,0.0,773.0174993156305,good,0.0951253684968875,0.0955050321447602,0.0958846876827755,ok,call,1.0009011198930733,0.4823925752061549,0.04208964467377496,39.5011636379022,-125.05009050016095,6.072760709279656,0.39501163637902204,-0.34260298767167385
2026-09-04,2026-09-10,call,775.0,2.94,2.96,2.95,3764.0,934.0,773.17,100,2.95,0.02,True,,6.0,0.0164383561643835,773.5259519388196,0.0021918698919059,True,,0.0919529069675927,,0.0,773.0174993156305,good,0.094040056431904,0.0942965073905889,0.0945529354524958,ok,call,1.002194273794744,0.4397333824972377,0.04218378070640253,39.08854302183914,-121.51120899818727,5.538856114849732,0.39088543021839145,-0.33290742191284184
2026-09-04,2026-09-10,call,776.0,2.49,2.51,2.49,894.0,466.0,773.17,100,2.5,0.0199999999999995,True,,6.0,0.0164383561643835,773.5259519388196,0.0034813607217775,True,,0.0909544426518799,,0.0,773.0174993156305,good,0.0928610588969707,0.0931241349148064,0.093387147788541,ok,call,1.0034874276964143,0.3967815116170567,0.04175522236770447,38.2103861933316,-116.71841793928483,5.0004941460130485,0.382103861933316,-0.31977648750488996
2026-09-04,2026-09-10,call,777.0,2.09,2.1,2.09,755.0,283.0,773.17,100,2.095,0.0100000000000002,True,,6.0,0.0164383561643835,773.5259519388196,0.0047691909062063,True,,0.0899667208628455,,0.0,773.0174993156305,good,0.0918426680917367,0.0919793857964815,0.0921160702805535,ok,call,1.0047805815980853,0.35409891672528915,0.04078884780564219,36.86721381998663,-110.722676228208,4.464814977197769,0.36867213819986633,-0.30334979788550137
2026-09-04,2026-09-10,call,778.0,1.73,1.75,1.71,1347.0,514.0,773.17,100,1.74,0.02,True,,6.0,0.0164383561643835,773.5259519388196,0.0060553647169505,True,,0.0891432826488218,,0.0,773.0174993156305,good,0.090726630036597,0.091014811725536,0.0913027479441298,ok,call,1.006073735499756,0.3125722578910489,0.03923841017623491,35.093917653624665,-103.84743154653488,3.943002434714865,0.3509391765362466,-0.28451351108639694
2026-09-04,2026-09-10,call,779.0,1.42,1.44,1.44,2366.0,268.0,773.17,100,1.43,0.02,True,,6.0,0.0164383561643835,773.5259519388196,0.0073398864093071,True,,0.0883930185015338,,0.0,773.0174993156305,good,0.0898293792322123,0.0901374292946414,0.0904450553043499,ok,call,1.0073668894014265,0.27273022017984994,0.03718668523371438,32.93828708938974,-96.15102878076694,3.4418560601810864,0.3293828708938974,-0.26342747611169026
2026-09-04,2026-09-10,call,780.0,1.15,1.17,1.17,1538.0,777.0,773.17,100,1.16,0.02,True,,6.0,0.0164383561643835,773.5259519388196,0.0086227602221963,True,,0.0876247234614176,,0.0,773.0174993156305,good,0.0889196038010445,0.0892539569531248,0.0895876004886669,ok,call,1.0086600433030972,0.2349113470711442,0.03472193181171347,30.453676766257605,-87.71304545222849,2.9657594619288203,0.30453676766257604,-0.24030971356774927
2026-09-04,2026-09-10,call,781.0,0.92,0.94,0.92,2783.0,881.0,773.17,100,0.93,0.0199999999999999,True,,6.0,0.0164383561643835,773.5259519388196,0.0099039903782447,True,,0.086915820267009,,0.0,773.0174993156305,good,0.0880724061694016,0.0884409777130423,0.0888083812094678,ok,call,1.0099531972047675,0.19975519046826637,0.0319070905517708,27.729951808079548,-78.88135262010442,2.5228388019640042,0.2772995180807955,-0.21611329484960115
2026-09-04,2026-09-10,call,782.0,0.74,0.75,0.74,1994.0,1605.0,773.17,100,0.745,0.01,True,,6.0,0.0164383561643835,773.5259519388196,0.0111835810838699,True,,0.0866014224043025,,0.0,773.0174993156305,good,0.0878296956885679,0.0880350682080656,0.0882399714631003,ok,call,1.0112463511064385,0.16858040558667056,0.028839261472719306,24.9487168761752,-70.42434760083223,2.1297668877492533,0.249487168761752,-0.19294341808447188
2026-09-04,2026-09-10,call,783.0,0.58,0.6,0.58,1565.0,502.0,773.17,100,0.59,0.02,True,,6.0,0.0164383561643835,773.5259519388196,0.0124615365293621,True,,0.0862883712093269,,0.0,773.0174993156305,good,0.0871733669883501,0.0876390858101095,0.0881017803430528,ok,call,1.0125395050081092,0.1405385621375804,0.02568518403169236,22.120192155591123,-61.98325120259223,1.7760097775985388,0.22120192155591123,-0.16981712658244447
2026-09-04,2026-09-10,call,784.0,0.45,0.47,0.46,1270.0,409.0,773.17,100,0.4599999999999999,0.0199999999999999,True,,6.0,0.0164383561643835,773.5259519388196,0.0137378608889667,True,,0.0858844042198648,,0.0,773.0174993156305,good,0.0866225254629924,0.0871589989555173,0.0876905276660563,ok,call,1.0138326589097797,0.11543749027999957,0.022524858865546185,19.292241377606345,-53.62510066242187,1.4592078410113305,0.19292241377606345,-0.14691808400663525
2026-09-04,2026-09-10,call,785.0,0.35,0.36,0.35,1628.0,277.0,773.17,100,0.355,0.01,True,,6.0,0.0164383561643835,773.5259519388196,0.0150125583209673,True,,0.085544609193478,,0.0,773.0174993156305,good,0.0864375989337232,0.0867502568277335,0.0870608751330052,ok,call,1.0151258128114504,0.09368413493370265,0.019452231365535932,16.582445192628917,-45.768484898366694,1.1845317518508673,0.16582445192628917,-0.1253931093105937
2026-09-04,2026-09-10,call,786.0,0.27,0.28,0.28,790.0,64.0,773.17,100,0.275,0.01,True,,6.0,0.0164383561643835,773.5259519388196,0.0162856329677653,True,,0.0855387784418749,,0.0,773.0174993156305,good,0.0863159620369397,0.0866840918996875,0.0870488950951217,ok,call,1.016418966713121,0.07579170253074381,0.01660497928037143,14.144451694644857,-38.92300036991412,0.9585023580191283,0.14144451694644858,-0.1066383571778469
2026-09-04,2026-09-10,call,787.0,0.21,0.22,0.21,1371.0,246.0,773.17,100,0.215,0.01,True,,6.0,0.0164383561643835,773.5259519388196,0.0175570889559621,True,,0.0858878806054276,,0.0,773.0174993156305,good,0.0865460148013171,0.0869809185007808,0.0874104981496885,ok,call,1.0177121206147917,0.061410982902932794,0.014068377526477487,12.024758929676674,-33.13389303050607,0.7767646791167079,0.12024758929676674,-0.09077778912467417
2026-09-04,2026-09-10,call,788.0,0.16,0.17,0.17,180.0,214.0,773.17,100,0.165,0.01,True,,6.0,0.0164383561643835,773.5259519388196,0.0188269303964379,True,,0.086038938276619,,0.0,773.0174993156305,good,0.0865598477783605,0.0870826811918714,0.0875967378612276,ok,call,1.0190052745164622,0.048967408482711486,0.011749562661906075,10.054532187374623,-27.68516264754144,0.6194763355579133,0.10054532187374622,-0.07584976067819572
2026-09-04,2026-09-10,call,789.0,0.12,0.13,0.14,256.0,99.0,773.17,100,0.125,0.01,True,,6.0,0.0164383561643835,773.5259519388196,0.0200951613844331,True,,0.0861231971254693,,0.0,773.0174993156305,good,0.0864830649509809,0.0871211864007737,0.0877445277907723,ok,call,1.020298428418133,0.03855155541121537,0.009682689001374412,8.289496238308804,-22.795903633105397,0.4877881999967591,0.08289496238308804,-0.06245453050165862
2026-09-04,2026-09-10,call,790.0,0.09,0.1,0.12,774.0,397.0,773.17,100,0.095,0.01,True,,6.0,0.0164383561643835,773.5259519388196,0.0213617859996261,True,,0.0863892497002282,,0.0,773.0174993156305,good,0.0865632937151326,0.0873465047671158,0.088104961583618,ok,call,1.0215915823198036,0.030309940982052717,0.007925246708903847,6.8024709601065485,-18.724850770501856,0.38356194181522074,0.06802470960106549,-0.05130096101507358
2026-09-04,2026-09-10,call,791.0,0.07,0.08,0.08,593.0,88.0,773.17,100,0.075,0.0099999999999999,True,,6.0,0.0164383561643835,773.5259519388196,0.0226268083062127,True,,0.0872761171405197,,0.0,773.0174993156305,good,0.0872561669186482,0.0882004783744309,0.0891059551740059,ok,call,1.022884736221474,0.024427989906903282,0.006555802896288105,5.6820519926428235,-15.769237542429932,0.30915359573823403,0.05682051992642823,-0.043203390527205295
2026-09-04,2026-09-10,call,792.0,0.06,0.07,0.08,6578.0,110.0,773.17,100,0.065,0.01,True,,6.0,0.0164383561643835,773.5259519388196,0.0238902323529848,True,,0.0894259367623471,,0.0,773.0174993156305,good,0.0892547223563621,0.090329202685604,0.0913518788677041,ok,call,1.0241778901231449,0.021064356305200472,0.005649901127339987,5.01507462226065,-14.232223710459508,0.26657904850247166,0.050150746222606506,-0.03899239372728632
2026-09-04,2026-09-10,call,793.0,0.05,0.06,0.06,51.0,199.0,773.17,100,0.055,0.0099999999999999,True,,6.0,0.0164383561643835,773.5259519388196,0.0251520621734068,True,,0.091195991750193,,0.0,773.0174993156305,good,0.0908329605486778,0.0920773256296905,0.0932496965364645,ok,call,1.0254710440248154,0.01785006296913904,0.004815300745453788,4.356969185410649,-12.58658101968322,0.22590204462507882,0.04356969185410649,-0.03448378361557047
2026-09-04,2026-09-10,call,794.0,0.04,0.05,0.04,97.0,43.0,773.17,100,0.045,0.01,True,,6.0,0.0164383561643835,773.5259519388196,0.0264123017856946,True,,0.0924908915448005,,0.0,773.0174993156305,good,0.091869737361185,0.0933488328131727,0.094721817561037,ok,call,1.026764197926486,0.01474581650475471,0.004032672762217555,3.6992207537918675,-10.82072512357292,0.1866233151476461,0.036992207537918674,-0.029645822256364165
2026-09-04,2026-09-10,call,795.0,0.03,0.04,0.03,155.0,82.0,773.17,100,0.035,0.01,True,,6.0,0.0164383561643835,773.5259519388196,0.0276709551928908,True,,0.0931504628477039,,0.0,773.0174993156305,good,0.0921503699597618,0.0939825430891448,0.0956435300489886,ok,call,1.0280573518281568,0.01170899302054862,0.0032817997723288183,3.0308723653776632,-8.916146495940676,0.14820127368173075,0.030308723653776633,-0.02442779861901555
2026-09-04,2026-09-10,call,796.0,0.03,0.04,0.02,60.0,267.0,773.17,100,0.035,0.01,True,,6.0,0.0164383561643835,773.5259519388196,0.0289280263829418,True,,0.0968551058663877,,0.0,773.0174993156305,good,0.0957939944613093,0.0976826637126053,0.0993943280665516,ok,call,1.0293505057298271,0.011286047047456227,0.0030581882017513256,2.9355540243527827,-8.96489629305555,0.14282724039778974,0.029355540243527826,-0.024561359707001504
2026-09-04,2026-09-10,call,797.0,0.02,0.03,0.04,24.0,64.0,773.17,100,0.025,0.0099999999999999,True,,6.0,0.0164383561643835,773.5259519388196,0.030183519328774,True,,0.0964341514654898,,0.0,773.0174993156305,good,0.0947137862811367,0.0972320452554844,0.099416967592877,ok,call,1.030643659631498,0.008379895566638212,0.0023686971402901392,2.2632229155562205,-6.873768342506672,0.10606553969155959,0.022632229155562206,-0.018832242034264854
2026-09-04,2026-09-10,call,798.0,0.02,0.03,0.02,9.0,124.0,773.17,100,0.025,0.0099999999999999,True,,6.0,0.0164383561643835,773.5259519388196,0.0314374379883676,True,,0.0999784433656769,,0.0,773.0174993156305,good,0.0981810637911411,0.1007725431831534,0.103020171686923,ok,call,1.0319368135331686,0.008097191477009418,0.0022176098065628267,2.196017149163236,-6.905380573211279,0.10247344631154531,0.02196017149163236,-0.018918850885510353
2026-09-04,2026-09-10,call,799.0,0.02,0.03,0.03,961.0,1250.0,773.17,100,0.025,0.0099999999999999,True,,6.0,0.0164383561643835,773.5259519388196,0.0326897863048335,True,,0.1035042914249145,,0.0,773.0174993156305,good,0.1016308463805218,0.1042947564092822,0.1066044059021461,ok,call,1.0332299674348393,0.007834951195240096,0.002081577589962492,2.133356584929845,-6.9361956352488265,0.09914137170738888,0.02133356584929845,-0.019003275713010484
2026-09-04,2026-09-10,call,800.0,0.02,0.03,0.02,1304.0,1430.0,773.17,100,0.025,0.0099999999999999,True,,6.0,0.0164383561643835,773.5259519388196,0.033940568206486,True,,0.1070123984170192,,0.0,773.0174993156305,good,0.1050637925911166,0.1077993894921122,0.1101704024364517,ok,call,1.0345231213365098,0.007590975802037945,0.001958603562162975,2.0747760028264453,-6.966250390692899,0.09604137548504917,0.020747760028264454,-0.019085617508747668
2026-09-04,2026-09-10,call,801.0,0.01,0.02,0.02,149.0,39.0,773.17,100,0.015,0.01,True,,6.0,0.0164383561643835,773.5259519388196,0.0351897876069181,True,,0.1043618105851736,,0.0,773.0174993156305,good,0.1007851685284589,0.1051118906472712,0.1084805110572886,ok,call,1.0358162752381803,0.004895455147300014,0.0013618186284370891,1.406628761900645,-4.602547176225552,0.061955983527366525,0.01406628761900645,-0.01260971829102891
2026-09-04,2026-09-10,call,802.0,0.01,0.02,0.02,86.0,122.0,773.17,100,0.015,0.01,True,,6.0,0.0164383561643835,773.5259519388196,0.0364374484050734,True,,0.1076801239428709,,0.0,773.0174993156305,good,0.1039886612863474,0.1084273380436892,0.1118815615365565,ok,call,1.0371094291398513,0.0047505885573304344,0.0012852936136503689,1.3694605316900215,-4.618682732616362,0.060115280709808726,0.013694605316900215,-0.012653925294839347
2026-09-04,2026-09-10,call,803.0,0.01,0.02,0.02,0.0,32.0,773.17,100,0.015,0.01,True,,6.0,0.0164383561643835,773.5259519388196,0.0376835544853205,True,,0.1109839618832956,,0.0,773.0174993156305,good,0.1071787699132525,0.1117284170070216,0.115267461775882,ok,call,1.0384025830415218,0.004614919352096572,0.001215490657724038,1.3345155718708823,-4.634494186192255,0.05839144229397273,0.013345155718708823,-0.012697244345732205
2026-09-04,2026-09-10,call,804.0,0.01,0.02,0.02,6.0,8.0,773.17,100,0.015,0.01,True,,6.0,0.0164383561643835,773.5259519388196,0.0389281097175253,True,,0.1142737800725816,,0.0,773.0174993156305,good,0.1103559046335149,0.1150155682884941,0.1186386899893833,ok,call,1.0396957369431925,0.004487575827674652,0.0011516216250431449,1.3015918361253567,-4.649988806469707,0.056773392269879375,0.013015918361253567,-0.012739695360190977
2026-09-04,2026-09-10,call,805.0,0.01,0.02,0.02,10.0,172.0,773.17,100,0.015,0.01,True,,6.0,0.0164383561643835,773.5259519388196,0.0401711179571221,True,,0.1175500086545104,,0.0,773.0174993156305,good,0.1135204450272115,0.1182892149471969,0.121995693001634,ok,call,1.040988890844863,0.004367798130604706,0.0010930132263780124,1.2705124985336704,-4.665178401558154,0.055251475553943864,0.012705124985336705,-0.012781310689200421
2026-09-04,2026-09-10,call,806.0,0.01,0.02,0.01,0.0,19.0,773.17,100,0.015,0.01,True,,6.0,0.0164383561643835,773.5259519388196,0.0414125830451871,True,,0.1208130246320948,,0.0,773.0174993156305,good,0.1166727456246385,0.1215497430646009,0.1253388876280585,ok,call,1.0422820447465335,0.004254914925226715,0.0010390861527432964,1.2411205808669192,-4.680071908003081,0.05381716198512779,0.012411205808669192,-0.012822114816446796
2026-09-04,2026-09-10,call,807.0,0.01,0.02,0.01,0.0,10.0,773.17,100,0.015,0.01,True,,6.0,0.0164383561643835,773.5259519388196,0.0426525088085077,True,,0.124063208979976,,0.0,773.0174993156305,good,0.1198131373837949,0.1247975158358253,0.1286686563367109,ok,call,1.0435751986482045,0.0041483335822343,0.0009893401356593982,1.2132769402852042,-4.694678960672353,0.052462921420649664,0.012132769402852042,-0.012862134138828364
2026-09-04,2026-09-10,call,808.0,0.01,0.02,0.02,0.0,82.0,773.17,100,0.015,0.01,True,,6.0,0.0164383561643835,773.5259519388196,0.0438908990596542,True,,0.1273009052841174,,0.0,773.0174993156305,good,0.122941931821181,0.1280328721940817,0.1319853694374951,ok,call,1.044868352549875,0.004047527994384401,0.0009433410444347141,1.1868575422706442,-4.709008633592342,0.05118206899419749,0.011868575422706442,-0.012901393516691348
2026-09-04,2026-09-10,call,809.0,0.01,0.02,0.01,0.0,121.0,773.17,100,0.015,0.01,True,,6.0,0.0164383561643835,773.5259519388196,0.0451277575970506,True,,0.130526436220137,,0.0,773.0174993156305,good,0.1260594180872047,0.1312561315708111,0.1352893589420832,ok,call,1.0461615064515457,0.003952030044320132,0.0009007106632050842,1.161751600800587,-4.723070192776002,0.04996865665214484,0.01161751600800587,-0.012939918336372608
2026-09-04,2026-09-10,call,810.0,0.01,0.02,0.02,0.0,20.0,773.17,100,0.015,0.01,True,,6.0,0.0164383561643835,773.5259519388196,0.0463630882050432,True,,0.1337401052817627,,0.0,773.0174993156305,good,0.1291658729320834,0.1344675927958001,0.1385809518075544,ok,call,1.0474546603532162,0.0038614211145352644,0.0008611180570841893,1.1378596614985566,-4.736872178727287,0.04881736533204554,0.011378596614985565,-0.012977731996513116
2026-09-04,2026-09-10,call,820.0,0.01,0.02,0.01,42.0,0.0,773.17,100,0.015,0.01,True,,6.0,0.0164383561643835,773.5259519388196,0.0586331807968576,True,,0.1652802157976339,,0.0,773.0174993156305,good,0.1596740781494956,0.1659884755899977,0.1708737894889576,ok,call,1.0603861993699226,0.0031572967160074824,0.0005822081772777083,0.9496522735420566,-4.862344802423846,0.039870661107428366,0.009496522735420567,-0.0133214926093804
2026-09-04,2026-09-10,call,825.0,0.01,0.02,0.01,1.0,2.0,773.17,100,0.015,0.01,True,,6.0,0.0164383561643835,773.5259519388196,0.0647122268732398,True,,0.1806844089164335,,0.0,773.0174993156305,good,0.1745859301350383,0.1813845375151482,0.1866384868648975,ok,call,1.0668519688782758,0.002901686195137902,0.0004937730071380375,0.8801080266129939,-4.917849072502052,0.036622842698577365,0.008801080266129939,-0.013473559102745348
2026-09-04,2026-09-10,call,830.0,0.0,0.01,0.02,1.0,0.0,773.17,100,0.005,0.01,True,,6.0,0.0164383561643835,773.5259519388196,0.0707545413292025,True,,0.1776938593157832,,0.0,773.0174993156305,good,,0.1783363205850891,0.189293897583533,ok,call,1.073317738386629,0.0010685346741583412,0.00020240110303473063,0.35469988851258866,-1.9469562948446215,0.013494820953021432,0.0035469988851258866,-0.005334126835190744
2026-09-04,2026-09-10,call,840.0,0.0,0.01,0.02,0.0,1.0,773.17,100,0.005,0.01,True,,6.0,0.0164383561643835,773.5259519388196,0.0827307323759182,True,,0.2051605368348475,,0.0,773.0174993156305,good,,0.2057923533376393,0.2181520822076927,ok,call,1.0862492774033354,0.0009308236525588931,0.00015453523197095232,0.3125108620591877,-1.976110580508163,0.011745047860150085,0.003125108620591877,-0.005414001590433323
2026-09-04,2026-09-11,put,670.0,0.03,0.04,0.03,78.0,2875.0,773.17,100,0.035,0.01,True,,7.0,0.0191780821917808,773.5852931920283,-0.143670427974986,True,,0.3787842694658041,,0.0,669.4862244870361,good,0.3727809855788415,0.3784681578015256,0.3835771843948281,ok,put,0.8661731674683105,-0.002810372094475343,0.0002128626025333776,0.9235999026929484,-9.051120723576718,-0.04233758228945487,0.009235999026929485,-0.024797591023497857
2026-09-04,2026-09-11,put,675.0,0.03,0.04,0.04,15.0,2469.0,773.17,100,0.035,0.01,True,,7.0,0.0191780821917808,773.5852931920283,-0.1362354494874679,True,,0.3609677182741426,,0.0,674.4823903414169,good,0.3551947787067954,0.3606550375638809,0.3655613885725318,ok,put,0.8726371463300143,-0.0029391030777387228,0.00023258246228246763,0.9616657110634226,-8.977326833164826,-0.044246226280558396,0.009616657110634226,-0.024595415981273495
2026-09-04,2026-09-11,put,680.0,0.03,0.04,0.05,66.0,8379.0,773.17,100,0.035,0.01,True,,7.0,0.0191780821917808,773.5852931920283,-0.1288553421898454,True,,0.3432144224990979,,0.0,679.4785561957979,good,0.3376722566516364,0.3429051294869185,0.3476083574085764,ok,put,0.8791011251917181,-0.003079976439095542,0.0002551604072612532,1.0030958483386165,-8.89963833730866,-0.046334900525622114,0.010030958483386166,-0.024382570787147013
2026-09-04,2026-09-11,put,685.0,0.04,0.05,0.05,125.0,6469.0,773.17,100,0.045,0.01,True,,7.0,0.0191780821917808,773.5852931920283,-0.1215293020977724,True,,0.3341315146422274,,0.0,684.4747220501787,good,0.3297122423816108,0.3338144913925197,0.3375952120163462,ok,put,0.885565104053422,-0.003977358134223561,0.00032976888253477625,1.2620310011707914,-10.895593072017835,-0.05983125498630032,0.012620310011707913,-0.029850939923336536
2026-09-04,2026-09-11,put,690.0,0.04,0.05,0.05,353.0,1529.0,773.17,100,0.045,0.01,True,,7.0,0.0191780821917808,773.5852931920283,-0.1142565427686926,True,,0.3160971271439305,,0.0,689.4708879045595,good,0.3118667047046417,0.3157835753622592,0.3193943130597257,ok,put,0.8920290829151258,-0.004186486971098247,0.0003649590053597667,1.3212615186318917,-10.78543655528427,-0.06293192640365326,0.013212615186318917,-0.029549141247354166
2026-09-04,2026-09-11,put,691.0,0.04,0.05,0.07,300.0,244.0,773.17,100,0.045,0.01,True,,7.0,0.0191780821917808,773.5852931920283,-0.1128083165923278,True,,0.3124956258956908,,0.0,690.4701210754357,good,0.3083030681303741,0.3121827647385916,0.315759413319731,ok,put,0.8933218786874666,-0.0042309849834300224,0.00037267604922886,1.3338149161849489,-10.762608333764446,-0.06359168100502202,0.01333814916184949,-0.02948659817469711
2026-09-04,2026-09-11,put,692.0,0.04,0.05,0.05,2.0,164.0,773.17,100,0.045,0.01,True,,7.0,0.0191780821917808,773.5852931920283,-0.1113621847423281,True,,0.3088957794643455,,0.0,691.4693542463119,good,0.3047411207709414,0.3085836076457936,0.3121261328555639,ok,put,0.8946146744598074,-0.004276443644302256,0.00038064279018389384,1.3466217502055686,-10.739499328165493,-0.06426567876653473,0.013466217502055686,-0.029423285830590392
2026-09-04,2026-09-11,put,693.0,0.04,0.05,0.05,1627.0,265.0,773.17,100,0.045,0.01,True,,7.0,0.0191780821917808,773.5852931920283,-0.1099181411700944,True,,0.3052975313395339,,0.0,692.468587417188,good,0.3011808035932149,0.3049860424587711,0.3084944095543384,ok,put,0.8959074702321481,-0.004322895642329929,0.0003888703734252081,1.3596902589662376,-10.716102464909284,-0.06495440434219775,0.013596902589662375,-0.0293591848353679
2026-09-04,2026-09-11,put,694.0,0.05,0.06,0.06,1655.0,6834.0,773.17,100,0.055,0.0099999999999999,True,,7.0,0.0191780821917808,773.5852931920283,-0.1084761798531932,True,,0.308415064864098,,0.0,693.4678205880642,good,0.3048641788744513,0.3080950264677104,0.3111206042212115,ok,put,0.8972002660044889,-0.005145578341890435,0.0004496608284964775,1.5882721053324034,-12.644184921595363,-0.07734322608692071,0.015882721053324035,-0.0346416025249188
2026-09-04,2026-09-11,put,695.0,0.05,0.06,0.05,19.0,433.0,773.17,100,0.055,0.0099999999999999,True,,7.0,0.0191780821917808,773.5852931920283,-0.1070362947952055,True,,0.3047538738659617,,0.0,694.4670537589404,good,0.3012353762309211,0.3044345451710979,0.3074305962339188,ok,put,0.8984930617768296,-0.0052024044032603165,0.00045953717987311444,1.6038721672533327,-12.615198110049882,-0.078185763845032,0.016038721672533326,-0.03456218660287639
2026-09-04,2026-09-11,put,696.0,0.05,0.06,0.06,7.0,89.0,773.17,100,0.055,0.0099999999999999,True,,7.0,0.0191780821917808,773.5852931920283,-0.105598480025578,True,,0.3010940089425002,,0.0,695.4662869298165,good,0.2976079326732069,0.3007753883379318,0.303741874276138,ok,put,0.8997858575491704,-0.005260514281527594,0.00046974714328158035,1.6198007973136268,-12.585838392834102,-0.07904733628878834,0.016198007973136266,-0.034481749021463295
2026-09-04,2026-09-11,put,697.0,0.05,0.06,0.06,78.0,314.0,773.17,100,0.055,0.0099999999999999,True,,7.0,0.0191780821917808,773.5852931920283,-0.1041627295994738,True,,0.2974354004737375,,0.0,696.4655201006927,good,0.2939817819301348,0.2971174822825128,0.3000543671614396,ok,put,0.9010786533215112,-0.005319953305664457,0.0004803062688853552,1.636069037969487,-12.556094798342183,-0.07992861537137871,0.01636069037969487,-0.034400259721485436
2026-09-04,2026-09-11,put,698.0,0.05,0.06,0.09,3.0,91.0,773.17,100,0.055,0.0099999999999999,True,,7.0,0.0191780821917808,773.5852931920283,-0.1027290375976252,True,,0.2937779770594646,,0.0,697.464753271569,good,0.29035685320651,0.2934607594669287,0.2963680072698194,ok,put,0.902371449093852,-0.0053807700400613865,0.0004912311107958204,1.652688729990782,-12.525958386816088,-0.08083032125917405,0.01652688729990782,-0.03431769421045504
2026-09-04,2026-09-11,put,699.0,0.05,0.06,0.07,37.0,2569.0,773.17,100,0.055,0.0099999999999999,True,,7.0,0.0191780821917808,773.5852931920283,-0.1012973981261874,True,,0.2901216655848198,,0.0,698.463986442445,good,0.2867330749218585,0.2898051454591301,0.2926827149581344,ok,put,0.9036642448661928,-0.005443014784819354,0.0005025391864495876,1.6696720951111366,-12.495418192634597,-0.08175319969115082,0.016696720951111365,-0.03423402244557424
2026-09-04,2026-09-11,put,700.0,0.05,0.06,0.06,88.0,1804.0,773.17,100,0.055,0.0099999999999999,True,,7.0,0.0191780821917808,773.5852931920283,-0.099867805316593,True,,0.2864663911858623,,0.0,699.4632196133213,good,0.2831103737309454,0.2861505653571644,0.2889984155768927,ok,put,0.9049570406385334,-0.005506740551579592,0.0005142491075027153,1.687031996163411,-12.464463226193258,-0.08269803665023384,0.01687031996163411,-0.034149214318337694
2026-09-04,2026-09-11,put,701.0,0.05,0.06,0.07,29.0,570.0,773.17,100,0.055,0.0099999999999999,True,,7.0,0.0191780821917808,773.5852931920283,-0.0984402533254076,True,,0.2828120771593315,,0.0,700.4624527841975,good,0.279488674422553,0.2824969423896337,0.2853150308720432,ok,put,0.9062498364108742,-0.005572003061386166,0.0005263806510845001,1.7047819287154515,-12.43308204004028,-0.0836656582904783,0.017047819287154514,-0.03406323846586378
2026-09-04,2026-09-11,put,702.0,0.05,0.06,0.1,5.0,251.0,773.17,100,0.055,0.0099999999999999,True,,7.0,0.0191780821917808,773.5852931920283,-0.0970147363341866,True,,0.279158649673941,,0.0,701.4616859550737,good,0.2758678998694919,0.2788441978117683,0.281632480585764,ok,put,0.907542632183215,-0.005638860919917218,0.0005389548495594704,1.7229360605965613,-12.401262697924107,-0.08465693353461212,0.017229360605965614,-0.03397606218609344
2026-09-04,2026-09-11,put,703.0,0.06,0.07,0.07,5.0,197.0,773.17,100,0.065,0.01,True,,7.0,0.0191780821917808,773.5852931920283,-0.0955912485493328,True,,0.2808715958443697,,0.0,702.4609191259498,good,0.277950682359671,0.2805499067784159,0.2830110128845453,ok,put,0.9088354279555556,-0.0065293223048291165,0.0006100066433957356,1.9620038627817857,-14.20683076626047,-0.09805068337125078,0.019620038627817856,-0.038922824017151976
2026-09-04,2026-09-11,put,704.0,0.06,0.07,0.1,1.0,237.0,773.17,100,0.065,0.01,True,,7.0,0.0191780821917808,773.5852931920283,-0.0941697842019553,True,,0.2771617117308118,,0.0,703.460152296826,good,0.2742695516407284,0.2768407307080527,0.2792753950805756,ok,put,0.9101282237278964,-0.006609250129373571,0.0006248665788605915,1.9832271004522695,-14.16854951633397,-0.09923574185870784,0.019832271004522693,-0.038817943880367044
2026-09-04,2026-09-11,put,705.0,0.06,0.07,0.07,505.0,1239.0,773.17,100,0.065,0.01,True,,7.0,0.0191780821917808,773.5852931920283,-0.092750337547729,True,,0.2734523661963568,,0.0,704.4593854677022,good,0.2705890027607913,0.2731320910845223,0.275540271723754,ok,put,0.9114210195002372,-0.006691208249754784,0.0006402887773518133,2.004951096315681,-14.129713499930133,-0.10045090282648556,0.02004951096315681,-0.03871154383542502
2026-09-04,2026-09-11,put,706.0,0.06,0.07,0.08,157.0,264.0,773.17,100,0.065,0.01,True,,7.0,0.0191780821917808,773.5852931920283,-0.0913329028667556,True,,0.2697434678604928,,0.0,705.4586186385783,good,0.2669089429796629,0.2694238920218578,0.2718055419534746,ok,put,0.912713815272578,-0.006775277515133964,0.0006563027254820194,2.0271947736466913,-14.090304479056593,-0.10169736480083054,0.020271947736466914,-0.038603573915223545
2026-09-04,2026-09-11,put,707.0,0.06,0.07,0.11,10.0,277.0,773.17,100,0.065,0.01,True,,7.0,0.0191780821917808,773.5852931920283,-0.0899174744634249,True,,0.2660349275833054,,0.0,706.4578518094545,good,0.2632292838215401,0.2657160435993961,0.2680711149762128,ok,put,0.9140066110449188,-0.006861544726844914,0.0006729400160326554,2.0499784520069517,-14.050306575522455,-0.10297641488819799,0.02049978452006952,-0.03849399061786974
2026-09-04,2026-09-11,put,708.0,0.06,0.07,0.09,4.0,465.0,773.17,100,0.065,0.01,True,,7.0,0.0191780821917808,773.5852931920283,-0.0885040466662779,True,,0.2623266366233584,,0.0,707.4570849803307,good,0.2595499298527322,0.262008448812384,0.2643368923490394,ok,put,0.9152994068172596,-0.0069501008200801495,0.0006902343656561828,2.0733233501079154,-14.009701542065095,-0.10428940131800843,0.020733233501079154,-0.038382743950863274
2026-09-04,2026-09-11,put,709.0,0.06,0.07,0.11,1.0,2025.0,773.17,100,0.065,0.01,True,,7.0,0.0191780821917808,773.5852931920283,-0.0870926138278702,True,,0.258618508358145,,0.0,708.4563181512068,good,0.2558707829601713,0.2583010082939226,0.2606027731091359,ok,put,0.9165922025896004,-0.007041042018097299,0.0007082218562794456,2.0972518748684896,-13.96847047383461,-0.10563775074261558,0.020972518748684898,-0.038269782120094825
2026-09-04,2026-09-11,put,710.0,0.07,0.08,0.07,269.0,1420.0,773.17,100,0.075,0.0099999999999999,True,,7.0,0.0191780821917808,773.5852931920283,-0.0856831703246366,True,,0.2593562480932083,,0.0,709.455551322083,good,0.2568686511319683,0.2590324368665404,0.2610977460351074,ok,put,0.917884998361941,-0.007997230736772748,0.0007900525162440872,2.346201328532357,-15.668608964652327,-0.12000601400871351,0.02346201328532357,-0.04292769579356802
2026-09-04,2026-09-11,put,711.0,0.07,0.08,0.1,19.0,820.0,773.17,100,0.075,0.0099999999999999,True,,7.0,0.0191780821917808,773.5852931920283,-0.0842757105567568,True,,0.2555959500492898,,0.0,710.4547844929592,good,0.2531344263155247,0.2552728423316145,0.257314035199529,ok,put,0.9191777941342818,-0.008104334514213676,0.0008111182339112042,2.373799002613602,-15.619992194706136,-0.12159399970797524,0.02373799002613602,-0.042794499163578456
2026-09-04,2026-09-11,put,712.0,0.07,0.08,0.1,4.0,177.0,773.17,100,0.075,0.0099999999999999,True,,7.0,0.0191780821917808,773.5852931920283,-0.0828702289480219,True,,0.2518353852878589,,0.0,711.4540176638353,good,0.2493999810067952,0.2515129745389538,0.2535299995792804,ok,put,0.9204705899066226,-0.008214449441448514,0.0008330636851043672,2.4021148116888247,-15.570592028142945,-0.1232266304861544,0.024021148116888248,-0.04265915624148752
2026-09-04,2026-09-11,put,713.0,0.07,0.08,0.08,13.0,615.0,773.17,100,0.075,0.0099999999999999,True,,7.0,0.0191780821917808,773.5852931920283,-0.0814667199457018,True,,0.2480744360549236,,0.0,712.4532508347115,good,0.2456652033009611,0.2477527183621808,0.2497455217128283,ok,put,0.9217633856789632,-0.008327710180037211,0.0008559401075834662,2.4311791908372653,-15.520383050189219,-0.12490590295656372,0.024311791908372654,-0.04252159739777868
2026-09-04,2026-09-11,put,714.0,0.07,0.08,0.11,2.0,218.0,773.17,100,0.075,0.0099999999999999,True,,7.0,0.0191780821917808,773.5852931920283,-0.0800651780204133,True,,0.2443129845463608,,0.0,713.4524840055877,good,0.2419299745578598,0.2439919535634049,0.2459604796529079,ok,put,0.923056181451304,-0.008444259441907803,0.0008798025864480131,2.461024307339354,-15.469338038533792,-0.1266339330351404,0.02461024307339354,-0.04238174805077751
2026-09-04,2026-09-11,put,715.0,0.07,0.08,0.08,544.0,1954.0,773.17,100,0.075,0.0099999999999999,True,,7.0,0.0191780821917808,773.5852931920283,-0.07866559766599,True,,0.2405509063941856,,0.0,714.4517171764638,good,0.2381941761717943,0.240230560009112,0.2421747468392253,ok,put,0.9243489772236448,-0.008564249853001221,0.0009047105056991309,2.491684506359226,-15.417430156431141,-0.12841298382970687,0.02491684506359226,-0.04223953467515381
2026-09-04,2026-09-11,put,716.0,0.08,0.09,0.1,13.0,951.0,773.17,100,0.0849999999999999,0.0099999999999999,True,,7.0,0.0191780821917808,773.5852931920283,-0.0772679733993521,True,,0.2405528056286958,,0.0,715.45095034734,good,0.2383881963244382,0.2402268461581305,0.2419925594607576,ok,put,0.9256417729959856,-0.009591283393961906,0.0009990568658378707,2.7514835010351453,-17.021694782081298,-0.1438316355708184,0.027514835010351454,-0.04663478022488027
2026-09-04,2026-09-11,put,717.0,0.08,0.09,0.11,5.0,2438.0,773.17,100,0.0849999999999999,0.0099999999999999,True,,7.0,0.0191780821917808,773.5852931920283,-0.0758722997603773,True,,0.2367412749700017,,0.0,716.4501835182162,good,0.2346006889559788,0.2364160076386715,0.238159407903033,ok,put,0.9269345687683264,-0.009731234550800575,0.0010280933903683395,2.7865356954979865,-16.961345810650638,-0.1459066362341957,0.027865356954979867,-0.046469440577125036
2026-09-04,2026-09-11,put,718.0,0.08,0.09,0.09,19.0,301.0,773.17,100,0.0849999999999999,0.0099999999999999,True,,7.0,0.0191780821917808,773.5852931920283,-0.0744785713117735,True,,0.2329285970415014,,0.0,717.4494166890923,good,0.2308120865106479,0.2326040145159381,0.2343250377930375,ok,put,0.9282273645406672,-0.009875520131743773,0.0010584620580818094,2.8225891338544953,-16.899924790630248,-0.14804590180280522,0.028225891338544952,-0.04630116380994589
2026-09-04,2026-09-11,put,719.0,0.08,0.09,0.09,33.0,677.0,773.17,100,0.0849999999999999,0.0099999999999999,True,,7.0,0.0191780821917808,773.5852931920283,-0.073086782638951,True,,0.2291146216735442,,0.0,718.4486498599686,good,0.2270222437193127,0.2287907171223464,0.2304893019868494,ok,put,0.929520160313008,-0.010024353316403233,0.001090248357422722,2.8596903189558533,-16.837391555169333,-0.15025259288278545,0.028596903189558532,-0.046129839877176254
2026-09-04,2026-09-11,put,720.0,0.09,0.1,0.09,266.0,5947.0,773.17,100,0.095,0.01,True,,7.0,0.0191780821917808,773.5852931920283,-0.0716969283498967,True,,0.2285948252904523,,0.0,719.4478830308448,good,0.2266520449916335,0.2282658395192236,0.2298229869013014,ok,put,0.9308129560853486,-0.011105398957517804,0.001194739067188336,3.1265771733990895,-18.36276093794702,-0.16647206083642735,0.031265771733990894,-0.050308934076567176
2026-09-04,2026-09-11,put,721.0,0.09,0.1,0.11,14.0,479.0,773.17,100,0.095,0.01,True,,7.0,0.0191780821917808,773.5852931920283,-0.0703090030750486,True,,0.2247335592334615,,0.0,720.4471162017209,good,0.2228131054905267,0.2244052531232309,0.2259415903406029,ok,put,0.9321057518576894,-0.011277713611860496,0.001231670672651226,3.168712114525245,-18.290851117881882,-0.1690269024248527,0.03168712114525245,-0.050111920870909266
2026-09-04,2026-09-11,put,722.0,0.09,0.1,0.1,14.0,470.0,773.17,100,0.095,0.01,True,,7.0,0.0191780821917808,773.5852931920283,-0.0689230014671715,True,,0.2208703785298255,,0.0,721.4463493725971,good,0.2189723156812057,0.2205427500564241,0.2220582128273703,ok,put,0.9333985476300302,-0.011455747957121957,0.0012704148041355937,3.2121328301080587,-18.217568223006012,-0.17166654759432684,0.03212132830108059,-0.049911145816454824
2026-09-04,2026-09-11,put,723.0,0.09,0.1,0.12,104.0,642.0,773.17,100,0.095,0.01,True,,7.0,0.0191780821917808,773.5852931920283,-0.067538918201233,True,,0.2170051148608494,,0.0,722.4455825434733,good,0.2151295008544254,0.2166781531759738,0.2181726748647075,ok,put,0.9346913434023708,-0.011639805079970485,0.0013110963356804538,3.256903519127583,-18.142858373000557,-0.1743954900889532,0.03256903519127583,-0.049706461295891936
2026-09-04,2026-09-11,put,724.0,0.1,0.11,0.11,84.0,681.0,773.17,100,0.105,0.0099999999999999,True,,7.0,0.0191780821917808,773.5852931920283,-0.0661567479742814,True,,0.2160412090104212,,0.0,723.4448157143495,good,0.2142847893714018,0.2157095929334487,0.2170896762028796,ok,put,0.9359841391747116,-0.012787698074469663,0.0014288262814153077,3.533491522645426,-19.59086113870403,-0.19160607745107164,0.03533491522645426,-0.053673592160832964
2026-09-04,2026-09-11,put,725.0,0.1,0.11,0.1,147.0,1617.0,773.17,100,0.105,0.0099999999999999,True,,7.0,0.0191780821917808,773.5852931920283,-0.0647764855053229,True,,0.2121298045414325,,0.0,724.4440488852256,good,0.2103943597205256,0.2117988526685502,0.2131593385261291,ok,put,0.9372769349470524,-0.01299984390116452,0.0014760634117540552,3.5841302421397288,-19.505621105039136,-0.19475147995956857,0.03584130242139729,-0.05344005782202503
2026-09-04,2026-09-11,put,726.0,0.1,0.11,0.13,43.0,2050.0,773.17,100,0.105,0.0099999999999999,True,,7.0,0.0191780821917808,773.5852931920283,-0.0633981255352016,True,,0.2082155921434756,,0.0,725.4432820561018,good,0.2065011880753139,0.2078852991772023,0.2092261073302116,ok,put,0.9385697307193932,-0.013219583555878657,0.0015257952839377944,3.636429829315333,-19.418625680015175,-0.1980094735102393,0.03636429829315333,-0.053201714191822395
2026-09-04,2026-09-11,put,727.0,0.11,0.12,0.11,21.0,1023.0,773.17,100,0.1149999999999999,0.0099999999999999,True,,7.0,0.0191780821917808,773.5852931920283,-0.0620216628264784,True,,0.2069061694620994,,0.0,726.442515226978,good,0.2052897691983337,0.2065715657246347,0.2078170289897982,ok,put,0.939862526491734,-0.014425443385009796,0.001655566538853174,3.920778842971712,-20.79896828112441,-0.21607951232547312,0.039207788429717116,-0.0569834747428066
2026-09-04,2026-09-11,put,728.0,0.11,0.12,0.12,281.0,1087.0,773.17,100,0.1149999999999999,0.0099999999999999,True,,7.0,0.0191780821917808,773.5852931920283,-0.0606470921633118,True,,0.2029466804939225,,0.0,727.4417483978541,good,0.201350095338914,0.2026127274206615,0.2038396332096467,ok,put,0.9411553222640748,-0.014677848202899286,0.0017133013416518197,3.97974863314815,-20.700333270715394,-0.21982181908532555,0.0397974863314815,-0.05671324183757642
2026-09-04,2026-09-11,put,729.0,0.12,0.13,0.12,157.0,2062.0,773.17,100,0.125,0.01,True,,7.0,0.0191780821917808,773.5852931920283,-0.0592744083513396,True,,0.2013721612792813,,0.0,728.4409815687303,good,0.1998585110651525,0.2010341795896346,0.2021794816387188,ok,put,0.9424481180364156,-0.01592616008939577,0.0018521461458033744,4.2687460453975055,-22.023834069007574,-0.23852127791490582,0.042687460453975055,-0.06033927142193856
2026-09-04,2026-09-11,put,730.0,0.12,0.13,0.12,1037.0,4860.0,773.17,100,0.125,0.01,True,,7.0,0.0191780821917808,773.5852931920283,-0.0579036062175609,True,,0.1973682718198212,,0.0,729.4402147396065,good,0.1958734051159593,0.1970309309495813,0.1981586172191711,ok,put,0.9437409138087562,-0.016215156302110803,0.0019191281671654408,4.33504443603846,-21.91261440497264,-0.24280611084016526,0.043350444360384606,-0.06003456001362367
2026-09-04,2026-09-11,put,731.0,0.13,0.14,0.13,198.0,653.0,773.17,100,0.135,0.01,True,,7.0,0.0191780821917808,773.5852931920283,-0.0565346806102192,True,,0.1955570910588931,,0.0,730.4394479104826,good,0.1941333436560425,0.195215960719638,0.1962729401109991,ok,put,0.945033709581097,-0.017512687263324892,0.0020687772454437764,4.6300343994757736,-23.180368593222408,-0.26223532152059215,0.046300343994757735,-0.06350785915951344
2026-09-04,2026-09-11,put,732.0,0.13,0.14,0.15,130.0,8540.0,773.17,100,0.135,0.01,True,,7.0,0.0191780821917808,773.5852931920283,-0.0551676263986862,True,,0.1915092147376383,,0.0,731.4386810813588,good,0.1901033697559157,0.1911687100338514,0.1922088756914647,ok,put,0.9463265053534378,-0.017842915316778014,0.002146522503103766,4.704434432188853,-23.05548315915077,-0.2671314826022873,0.047044344321888525,-0.06316570728534458
2026-09-04,2026-09-11,put,733.0,0.14,0.15,0.15,365.0,2074.0,773.17,100,0.145,0.0099999999999999,True,,7.0,0.0191780821917808,773.5852931920283,-0.0538024384733462,True,,0.1894838131201817,,0.0,732.437914252235,good,0.1881396458219773,0.1891397212203964,0.1901179702193796,ok,put,0.9476193011257784,-0.01919719328034607,0.002308998787547645,5.006815799187848,-24.267997085132354,-0.2874020587720368,0.05006815799187848,-0.06648766324693796
2026-09-04,2026-09-11,put,734.0,0.14,0.15,0.16,177.0,2385.0,773.17,100,0.145,0.0099999999999999,True,,7.0,0.0191780821917808,773.5852931920283,-0.0524391117454822,True,,0.1853919407553992,,0.0,733.4371474231111,good,0.1840649196370418,0.1850484552967652,0.1860105789250468,ok,put,0.9489120968981192,-0.019574169879431776,0.002399366696785999,5.090228230650185,-24.12820570262501,-0.29299134188502113,0.05090228230650185,-0.06610467315787674
2026-09-04,2026-09-11,put,735.0,0.15,0.16,0.16,664.0,3674.0,773.17,100,0.155,0.01,True,,7.0,0.0191780821917808,773.5852931920283,-0.0510776411471611,True,,0.1831701867110143,,0.0,734.4363805939873,good,0.1818971782736013,0.1828232883905486,0.183730688851762,ok,put,0.95020489267046,-0.02099373288540443,0.0025770789312169183,5.401500257787,-25.285445126021056,-0.3142298737865623,0.05401500257787,-0.06927519212608509
2026-09-04,2026-09-11,put,736.0,0.16,0.17,0.16,1228.0,2102.0,773.17,100,0.165,0.01,True,,7.0,0.0191780821917808,773.5852931920283,-0.0497180216311215,True,,0.1808041250213686,,0.0,735.4356137648635,good,0.1795794607387702,0.1804539656838698,0.1813120105602239,ok,put,0.9514976884428008,-0.022448992531031636,0.0027630116565846487,5.71615915421785,-26.400259631874192,-0.3359976654619178,0.0571615915421785,-0.07232947844349094
2026-09-04,2026-09-11,put,737.0,0.17,0.18,0.18,206.0,749.0,773.17,100,0.175,0.0099999999999999,True,,7.0,0.0191780821917808,773.5852931920283,-0.0483602481706611,True,,0.17830468540288,,0.0,736.4348469357396,good,0.1771236131389698,0.1779514011545724,0.1787646203436463,ok,put,0.9527904842151416,-0.02394357885149421,0.002958104310695081,6.034899759006867,-27.47333587373765,-0.35834853833315067,0.060348997590068676,-0.07526941335270589
2026-09-04,2026-09-11,put,738.0,0.18,0.19,0.18,1837.0,2691.0,773.17,100,0.185,0.01,True,,7.0,0.0191780821917808,773.5852931920283,-0.0470043157595252,True,,0.1756810471985337,,0.0,737.4340801066159,good,0.1745395377865765,0.1753247563320188,0.1760970115171986,ok,put,0.9540832799874824,-0.025481298866796842,0.003163370975836482,6.358410083410934,-28.50513422380677,-0.3813389374387286,0.06358410083410934,-0.0780962581474158
2026-09-04,2026-09-11,put,739.0,0.19,0.2,0.19,1006.0,11015.0,773.17,100,0.195,0.01,True,,7.0,0.0191780821917808,773.5852931920283,-0.045650219411796,True,,0.1729409691167236,,0.0,738.4333132774921,good,0.1718355751333087,0.1725817753600741,0.1733163869746878,ok,put,0.9553760757598232,-0.027066189993283137,0.003379917435881104,6.6873828694932715,-29.495914781092814,-0.4050287239628046,0.06687382869493272,-0.08081072542765155
2026-09-04,2026-09-11,put,740.0,0.2,0.21,0.21,35457.0,35691.0,773.17,100,0.205,0.0099999999999999,True,,7.0,0.0191780821917808,773.5852931920283,-0.0442979541617823,True,,0.1700910394782162,,0.0,739.4325464483682,good,0.169018788294939,0.1697290361345724,0.170428876620111,ok,put,0.9566688715321638,-0.028702573219259314,0.003608959653547774,7.022525685748341,-30.445753975887886,-0.42948196387028875,0.0702252568574834,-0.08341302459147366
2026-09-04,2026-09-11,put,741.0,0.21,0.22,0.22,1173.0,1138.0,773.17,100,0.215,0.01,True,,7.0,0.0191780821917808,773.5852931920283,-0.0429475150639109,True,,0.1671368685854257,,0.0,740.4317796192444,good,0.1660951708788558,0.1667721299056884,0.167439717905457,ok,put,0.9579616673045046,-0.03039509985685229,0.003851843774081237,7.3645684697456595,-31.354544551854143,-0.45476761939921834,0.0736456846974566,-0.08590286178590176
2026-09-04,2026-09-11,put,742.0,0.23,0.24,0.24,343.0,1129.0,773.17,100,0.235,0.0099999999999999,True,,7.0,0.0191780821917808,773.5852931920283,-0.0415988971926173,True,,0.1653532162073729,,0.0,741.4310127901206,good,0.164353367221497,0.1649827457782898,0.1656042643915569,ok,put,0.9592544630768454,-0.033172965662451294,0.004185355528655277,7.916369322896547,-33.32352752284405,-0.49633640224115744,0.07916369322896548,-0.0912973356790248
2026-09-04,2026-09-11,put,743.0,0.24,0.25,0.25,1198.0,648.0,773.17,100,0.245,0.01,True,,7.0,0.0191780821917808,773.5852931920283,-0.0402520956422386,True,,0.1621486495961248,,0.0,742.4302459609967,good,0.1611736273503416,0.1617756481298015,0.1623705226639414,ok,put,0.960547258849186,-0.03499981394958932,0.004460676453747834,8.273114531817276,-34.12632060197865,-0.5236135921292588,0.08273114531817276,-0.09349676877254424
2026-09-04,2026-09-11,put,744.0,0.26,0.27,0.27,559.0,2744.0,773.17,100,0.265,0.01,True,,7.0,0.0191780821917808,773.5852931920283,-0.0389071055269058,True,,0.1599916436460733,,0.0,743.4294791318729,good,0.1590498096632071,0.1596132992796776,0.1601706976901399,ok,put,0.961840054621527,-0.03792333174628111,0.004827877625318859,8.834469842782187,-35.9318332869712,-0.5673418992878302,0.08834469842782187,-0.09844337886841424
2026-09-04,2026-09-11,put,745.0,0.28,0.29,0.29,1279.0,3491.0,773.17,100,0.285,0.0099999999999999,True,,7.0,0.0191780821917808,773.5852931920283,-0.0375639219804381,True,,0.1576324154188787,,0.0,744.4287123027491,good,0.1567195951422453,0.1572489462707666,0.1577730477708767,ok,put,0.9631328503938678,-0.040930093311572276,0.00521429872676895,9.400237291531914,-37.64085567578252,-0.6123044297311055,0.09400237291531914,-0.10312563198844525
2026-09-04,2026-09-11,put,746.0,0.3,0.31,0.32,821.0,918.0,773.17,100,0.305,0.01,True,,7.0,0.0191780821917808,773.5852931920283,-0.0362225401562368,True,,0.1550871912729323,,0.0,745.4279454736253,good,0.1541999711163121,0.1546987728142811,0.1551930187350982,ok,put,0.9644256461662084,-0.04403126470208842,0.0056227622196615016,9.972217707202342,-39.25486122390554,-0.6586667369861946,0.09972217707202341,-0.1075475649970015
2026-09-04,2026-09-11,put,747.0,0.33,0.34,0.34,657.0,1568.0,773.17,100,0.335,0.01,True,,7.0,0.0191780821917808,773.5852931920283,-0.0348829552271803,True,,0.1533022339901573,,0.0,746.4271786445014,good,0.1524431524501617,0.152906523816783,0.1533661160384713,ok,put,0.9657184419385492,-0.04823736201422953,0.006121189302938677,10.730426653347,-41.719246164427936,-0.7216025766843963,0.10730426653346999,-0.11429930456007653
2026-09-04,2026-09-11,put,748.0,0.36,0.37,0.36,771.0,2939.0,773.17,100,0.365,0.01,True,,7.0,0.0191780821917808,773.5852931920283,-0.0335451623855204,True,,0.1512441913125631,,0.0,747.4264118153776,good,0.1504088411251327,0.1508415025881566,0.151270987298949,ok,put,0.96701123771089,-0.052550051428713586,0.0066431888316265284,11.488216510911098,-44.027116650319165,-0.7861188153959972,0.11488216510911098,-0.1206222373981347
2026-09-04,2026-09-11,put,749.0,0.39,0.4,0.39,4217.0,1215.0,773.17,100,0.395,0.01,True,,7.0,0.0191780821917808,773.5852931920283,-0.0322091568427782,True,,0.1489389911928505,,0.0,748.4256449862538,good,0.1481238970515778,0.1485295787311483,0.1489325615545677,ok,put,0.9683040334832308,-0.05698857889714716,0.007193214563029757,12.248731893451573,-46.18239282418701,-0.8525008058483613,0.12248731893451574,-0.12652710362790962
2026-09-04,2026-09-11,put,750.0,0.43,0.44,0.43,4574.0,8094.0,773.17,100,0.435,0.01,True,,7.0,0.0191780821917808,773.5852931920283,-0.0308749338296415,True,,0.1471656606972132,,0.0,749.4248781571299,good,0.1463704373003048,0.1467475616293996,0.1471224622159201,ok,put,0.9695968292555716,-0.0625320830928859,0.007829818140696528,13.172788935490834,-49.027096790838414,-0.9354570813412973,0.13172788935490834,-0.1343208131255847
2026-09-04,2026-09-11,put,751.0,0.47,0.48,0.48,790.0,836.0,773.17,100,0.475,0.01,True,,7.0,0.0191780821917808,773.5852931920283,-0.0295424885958629,True,,0.1450895508696726,,0.0,750.4241113280061,good,0.1443106808550016,0.1446630913339122,0.1450136448355353,ok,put,0.9708896250279124,-0.06822250561964836,0.008497793796833483,14.093507613829784,-51.65900770696075,-1.0205916574844667,0.14093507613829784,-0.14153152796427604
2026-09-04,2026-09-11,put,752.0,0.51,0.52,0.52,783.0,1559.0,773.17,100,0.515,0.01,True,,7.0,0.0191780821917808,773.5852931920283,-0.0282118164101578,True,,0.1427384180790562,,0.0,751.4233444988823,good,0.1419731288504162,0.1423038478697181,0.142632999243278,ok,put,0.9721824208002532,-0.07408896169156147,0.009203589038104632,15.015127564147138,-54.082820993675654,-1.1083362137457005,0.15015127564147138,-0.14817211231144015
2026-09-04,2026-09-11,put,753.0,0.56,0.57,0.56,1037.0,952.0,773.17,100,0.565,0.0099999999999998,True,,7.0,0.0191780821917808,773.5852931920283,-0.0268829125601041,True,,0.140754537975786,,0.0,752.4225776697584,good,0.1400013499202652,0.1403101514020698,0.1406176522028506,ok,put,0.9734752165725938,-0.08107525437007619,0.009995421771008418,16.0784945331354,-57.03902515163507,-1.2128753782659885,0.160784945331354,-0.15627130178530158
2026-09-04,2026-09-11,put,754.0,0.62,0.63,0.6,1337.0,1941.0,773.17,100,0.625,0.01,True,,7.0,0.0191780821917808,773.5852931920283,-0.0255557723520416,True,,0.1390390462192648,,0.0,753.4218108406346,good,0.138295778109879,0.1385832971076618,0.1388697623291932,ok,put,0.9747680123449346,-0.0891669056859287,0.010867849332339023,17.266712708982126,-60.43071002169904,-1.3339944897907259,0.17266712708982127,-0.16556358910054533
2026-09-04,2026-09-11,put,755.0,0.68,0.7,0.68,36454.0,35932.0,773.17,100,0.69,0.0199999999999999,True,,7.0,0.0191780821917808,773.5852931920283,-0.024230391110973,True,,0.1372371469830932,,0.0,754.4210440115108,good,0.1362320325606059,0.1367694953523832,0.137303523745727,ok,put,0.9760608081172754,-0.09791483714474375,0.011800067384225957,18.502435391449193,-63.82855471588578,-1.4649396251026052,0.18502435391449193,-0.1748727526462624
2026-09-04,2026-09-11,put,756.0,0.75,0.76,0.77,1205.0,1410.0,773.17,100,0.755,0.01,True,,7.0,0.0191780821917808,773.5852931920283,-0.0229067641804647,True,,0.1350776938104545,,0.0,755.4202771823869,good,0.134346760592782,0.1345984161263343,0.1348493628490829,ok,put,0.977353603889616,-0.10691979728067218,0.012782629191890979,19.724922462888827,-66.87366331414908,-1.5996956237339597,0.19724922462888828,-0.18321551592917557
2026-09-04,2026-09-11,put,757.0,0.83,0.84,0.84,1265.0,1290.0,773.17,100,0.835,0.01,True,,7.0,0.0191780821917808,773.5852931920283,-0.0215848869225489,True,,0.1332993553879834,,0.0,756.4195103532631,good,0.1325709582089293,0.1328062410870009,0.1330409512515205,ok,put,0.9786463996619568,-0.11746994173417719,0.013856538700325313,21.097374315445023,-70.47250917206173,-1.7576483087166985,0.21097374315445022,-0.19307536759468968
2026-09-04,2026-09-11,put,758.0,0.92,0.93,0.93,5906.0,1458.0,773.17,100,0.925,0.01,True,,7.0,0.0191780821917808,773.5852931920283,-0.020264754717626,True,,0.1315744657753225,,0.0,757.4187435241394,good,0.1308460304281365,0.1310662254214207,0.1312859602795949,ok,put,0.9799391954342976,-0.1291273846884541,0.015002984749750807,22.543618414051547,-74.20144344987929,-1.9322097042033453,0.22543618414051547,-0.20329162589008026
2026-09-04,2026-09-11,put,759.0,1.02,1.03,1.03,1784.0,2030.0,773.17,100,1.025,0.01,True,,7.0,0.0191780821917808,773.5852931920283,-0.0189463629643677,True,,0.1298537280062052,,0.0,758.4179766950155,good,0.1291226691725181,0.1293291018865824,0.1295351665472695,ok,put,0.9812319912066384,-0.1418915948901486,0.016219119313934587,24.047985139088663,-77.9725913516259,-2.1233719335747376,0.24047985139088662,-0.21362353794966
2026-09-04,2026-09-11,put,760.0,1.13,1.14,1.14,29290.0,37267.0,773.17,100,1.1349999999999998,0.01,True,,7.0,0.0191780821917808,773.5852931920283,-0.0176297070796209,True,,0.1280955794773664,,0.0,759.4172098658917,good,0.1273593366522001,0.1275533053423591,0.127746980684164,ok,put,0.9825247869789792,-0.15576934017008606,0.017503191857960225,25.595530479807948,-81.70080030506212,-2.331235340938524,0.2559553047980795,-0.2238378090549647
2026-09-04,2026-09-11,put,761.0,1.25,1.26,1.26,1914.0,1621.0,773.17,100,1.255,0.01,True,,7.0,0.0191780821917808,773.5852931920283,-0.0163147824983118,True,,0.1262646154880337,,0.0,760.4164430367679,good,0.1255206592971999,0.1257033950829856,0.1258858978592912,ok,put,0.98381758275132,-0.17077659300967377,0.01885470133068446,27.1720139843287,-85.30325680256243,-2.5560367441673724,0.271720139843287,-0.23370755288373268
2026-09-04,2026-09-11,put,762.0,1.38,1.4,1.38,1988.0,1347.0,773.17,100,1.39,0.02,True,,7.0,0.0191780821917808,773.5852931920283,-0.0150015846733514,True,,0.1245031848850285,,0.0,761.415676207644,good,0.1235758915633064,0.1239210015496263,0.1242653787285714,ok,put,0.9851103785236608,-0.1872666080573288,0.02026813837040194,28.794791613015533,-88.921123833177,-2.803109326515549,0.28794791613015536,-0.24361951735116988
2026-09-04,2026-09-11,put,763.0,1.53,1.55,1.54,2055.0,1513.0,773.17,100,1.54,0.02,True,,7.0,0.0191780821917808,773.5852931920283,-0.0136901090755407,True,,0.1227562873754808,,0.0,762.4149093785202,good,0.1218245826984283,0.1221510797617219,0.1224770063022115,ok,put,0.9864031742960014,-0.20522290552414893,0.021735788258792205,30.438824002912753,-92.43341342181324,-3.072208748793216,0.3043882400291275,-0.253242228552913
2026-09-04,2026-09-11,put,764.0,1.7,1.72,1.71,1960.0,1532.0,773.17,100,1.71,0.02,True,,7.0,0.0191780821917808,773.5852931920283,-0.0123803511934772,True,,0.1211320351028475,,0.0,763.4141425493964,good,0.1201914282336111,0.1205010394763769,0.1208102135421156,ok,put,0.9876959700683422,-0.22492428658683572,0.023238070835940434,32.103030326506484,-95.91905894907583,-3.367564301854525,0.3210303032650648,-0.26279194232623515
2026-09-04,2026-09-11,put,765.0,1.88,1.9,1.89,7111.0,4411.0,773.17,100,1.89,0.02,True,,7.0,0.0191780821917808,773.5852931920283,-0.0110723065334618,True,,0.119271058203981,,0.0,764.4133757202725,good,0.1183177095517271,0.1186125705766147,0.1189070989706132,ok,put,0.988988765840683,-0.24578714234920576,0.0247929249062994,33.714261233201334,-98.86225546034827,-3.6803318159555856,0.33714261233201337,-0.27085549441191303
2026-09-04,2026-09-11,put,766.0,2.09,2.11,2.11,2189.0,1861.0,773.17,100,2.1,0.02,True,,7.0,0.0191780821917808,773.5852931920283,-0.0097659706194064,True,,0.1177238662132862,,0.0,765.4126088911487,good,0.1167521500754615,0.1170336345987525,0.1173148735673381,ok,put,0.9902815616130236,-0.2688579647080336,0.026327025495879668,35.32381904056937,-101.87777402233787,-4.026409675761729,0.3532381904056937,-0.27911718910229555
2026-09-04,2026-09-11,put,767.0,2.32,2.34,2.32,3016.0,4610.0,773.17,100,2.33,0.02,True,,7.0,0.0191780821917808,773.5852931920283,-0.0084613389927415,True,,0.1161328619633355,,0.0,766.4118420620249,good,0.1151376972081812,0.1154075612371539,0.1156772485485807,ok,put,0.9915743573853644,-0.2935295048839956,0.02785445437407261,36.85395353776015,-104.44096953117905,-4.396603212109979,0.3685395353776015,-0.28613964255117547
2026-09-04,2026-09-11,put,768.0,2.58,2.6,2.58,9107.0,3211.0,773.17,100,2.59,0.02,True,,7.0,0.0191780821917808,773.5852931920283,-0.0071584072123255,True,,0.1147173805636363,,0.0,767.4110752329011,good,0.113692452272086,0.1139522526489827,0.1142119312374602,ok,put,0.9928671531577052,-0.3201503928250295,0.029311465618197405,38.292666889786304,-106.73032182826633,-4.796272654234194,0.38292666889786303,-0.2924118406253872
2026-09-04,2026-09-11,put,769.0,2.86,2.88,2.86,7827.0,1032.0,773.17,100,2.87,0.02,True,,7.0,0.0191780821917808,773.5852931920283,-0.0058571708543537,True,,0.1131615414783604,,0.0,768.4103084037772,good,0.1121009928718215,0.1123524209056889,0.1126037692632495,ok,put,0.994159948930046,-0.3482368370842737,0.030728709271774766,39.580558487334066,-108.28648754145692,-5.2180537868311765,0.39580558487334067,-0.2966753083327587
2026-09-04,2026-09-11,put,770.0,3.18,3.2,3.19,17992.0,2093.0,773.17,100,3.1900000000000004,0.02,True,,7.0,0.0191780821917808,773.5852931920283,-0.0045576255122682,True,,0.1119240575705986,,0.0,769.4095415746534,good,0.1108196004463072,0.11106416797568,0.1113086882581298,ok,put,0.9954527447023868,-0.3783002196163799,0.03196896090489819,40.705927293415975,-109.55221496644243,-5.6699111275612095,0.4070592729341598,-0.300143054702582
2026-09-04,2026-09-11,put,771.0,3.52,3.55,3.55,3303.0,1848.0,773.17,100,3.535,0.0299999999999998,True,,7.0,0.0191780821917808,773.5852931920283,-0.0032597667966682,True,,0.1105795753354432,,0.0,770.4087747455296,good,0.1093038290006258,0.1096628637843268,0.1100218444854057,ok,put,0.9967455404747276,-0.40972064995806035,0.033096547356779644,41.60997338322974,-109.95590547456626,-6.142366959932019,0.4160997338322974,-0.3012490560947021
2026-09-04,2026-09-11,put,772.0,3.9,3.93,3.9,3924.0,1925.0,773.17,100,3.915,0.0300000000000002,True,,7.0,0.0191780821917808,773.5852931920283,-0.0019635903352215,True,,0.109332088434431,,0.0,771.4080079164057,good,0.1079969310814054,0.1083505602505601,0.1087041697205368,ok,put,0.9980383362470684,-0.4425629062330223,0.034023975895318755,42.26407689647533,-109.65396345538679,-6.636572952101762,0.42264076896475333,-0.3004218176859912
2026-09-04,2026-09-11,put,773.0,4.32,4.35,4.32,4322.0,1231.0,773.17,100,4.335,0.0299999999999993,True,,7.0,0.0191780821917808,773.5852931920283,-0.0006690917725757,True,,0.108259707681221,,0.0,772.4072410872819,good,0.1068530330162816,0.107203767434605,0.1075544995854102,ok,put,0.999331132019409,-0.47660329268909896,0.034688200133062126,42.633106460076704,-108.66816008246896,-7.149308067566838,0.42633106460076703,-0.2977209865273122
2026-09-04,2026-09-11,call,774.0,4.29,4.31,4.29,2583.0,1844.0,773.17,100,4.3,0.0199999999999995,True,,7.0,0.0191780821917808,773.5852931920283,0.0006237332297294,True,,0.1054420087079433,,0.0,772.9920854594448,good,0.1056902702191484,0.1059239155401717,0.1061575599571146,ok,call,1.00062392779175,0.488239576060258,0.03515226736591624,42.687678170539414,-128.2827297088965,7.156716030664708,0.4268767817053941,-0.3514595334490315
2026-09-04,2026-09-11,call,775.0,3.78,3.8,3.8,6155.0,9414.0,773.17,100,3.79,0.02,True,,7.0,0.0191780821917808,773.5852931920283,0.0019148889933493,True,,0.1043691688229138,,0.0,772.9920854594448,good,0.104596983169217,0.1048323088697601,0.1050676254080671,ok,call,1.001916723564091,0.4526942423535973,0.03528444579166868,42.406615834774136,-125.55059478260054,6.6394514381501555,0.42406615834774136,-0.34397423228109736
2026-09-04,2026-09-11,call,776.0,3.31,3.32,3.32,1769.0,2833.0,773.17,100,3.315,0.0099999999999997,True,,7.0,0.0191780821917808,773.5852931920283,0.0032043798232211,True,,0.1032670376947572,,0.0,772.9920854594448,good,0.103592414518326,0.1037119217242308,0.1038314220829778,ok,call,1.0032095193364314,0.41681093079895765,0.035135385327775694,41.776164722809106,-121.84941852174396,6.116506481921978,0.41776164722809106,-0.3338340233472437
2026-09-04,2026-09-11,call,777.0,2.87,2.9,2.88,3499.0,1882.0,773.17,100,2.885,0.0299999999999998,True,,7.0,0.0191780821917808,773.5852931920283,0.0044922100076498,True,,0.102366760185992,,0.0,772.9920854594448,good,0.1024262383386243,0.1027936185435069,0.1031608681076973,ok,call,1.0045023151087722,0.3811308680980669,0.03461981124032934,40.79867082894594,-117.47439259867093,5.595714494661284,0.4079867082894594,-0.3218476509552628
2026-09-04,2026-09-11,call,778.0,2.47,2.49,2.49,2319.0,1546.0,773.17,100,2.4800000000000004,0.02,True,,7.0,0.0191780821917808,773.5852931920283,0.0057783838183939,True,,0.1011765509105711,,0.0,772.9920854594448,good,0.1013329782517805,0.101586356617035,0.1018396284371793,ok,call,1.005795110881113,0.34543215217674295,0.03388381279876939,39.46233898738471,-111.89439274588142,5.074167873800928,0.3946233898738471,-0.3065599801257025
2026-09-04,2026-09-11,call,779.0,2.12,2.13,2.13,2482.0,2207.0,773.17,100,2.125,0.0099999999999997,True,,7.0,0.0191780821917808,773.5852931920283,0.0070629055107506,True,,0.1003285758715793,,0.0,772.9920854594448,good,0.1005893370799718,0.1007216139170786,0.1008538462364054,ok,call,1.0070879066534535,0.31090286080374435,0.032750137012865645,37.81733858427551,-105.95174804255772,4.569003724766521,0.3781733858427551,-0.2902787617604321
2026-09-04,2026-09-11,call,780.0,1.8,1.82,1.8,8472.0,15389.0,773.17,100,1.81,0.02,True,,7.0,0.0191780821917808,773.5852931920283,0.0083457793236397,True,,0.0996109570327622,,0.0,772.9920854594448,good,0.0997089176410199,0.0999879085449987,0.1002666169783163,ok,call,1.0083807024257945,0.2777131182479374,0.03131373782091926,35.89529773069434,-99.51205717425472,4.082935642867508,0.35895297730694337,-0.2726357730801499
2026-09-04,2026-09-11,call,781.0,1.52,1.53,1.52,2098.0,1796.0,773.17,100,1.525,0.01,True,,7.0,0.0191780821917808,773.5852931920283,0.0096270094796883,True,,0.0987829807899465,,0.0,772.9920854594448,good,0.0989960218795957,0.0991446475000245,0.0992931636751879,ok,call,1.0096734981981352,0.24569986072433947,0.02965557886329672,33.70783374728675,-92.38705458065114,3.6137371713978816,0.3370783374728675,-0.2531152180291812
2026-09-04,2026-09-11,call,782.0,1.27,1.29,1.28,2066.0,1241.0,773.17,100,1.28,0.02,True,,7.0,0.0191780821917808,773.5852931920283,0.0109066001853134,True,,0.0981849985319128,,0.0,772.9920854594448,good,0.0982121236887665,0.0985320954918027,0.0988514048661955,ok,call,1.010966293970476,0.21587172648445363,0.027757973045788347,31.35599837915376,-85.17128195830979,3.1761717779291474,0.3135599837915376,-0.23334597796797202
2026-09-04,2026-09-11,call,783.0,1.06,1.07,1.07,2417.0,1954.0,773.17,100,1.065,0.01,True,,7.0,0.0191780821917808,773.5852931920283,0.0121845556308054,True,,0.0975869619147791,,0.0,772.9920854594448,good,0.097746376536772,0.0979202567326908,0.0980938880129558,ok,call,1.0122590897428168,0.18795963653610104,0.025708534775404315,28.86057857840006,-77.70488534199316,2.7664411592005735,0.2886057857840006,-0.21289009682737853
2026-09-04,2026-09-11,call,784.0,0.87,0.89,0.89,1561.0,990.0,773.17,100,0.88,0.02,True,,7.0,0.0191780821917808,773.5852931920283,0.0134608799904101,True,,0.0970635106878926,,0.0,772.9920854594448,good,0.0970013199936418,0.097383757065884,0.0977647037522504,ok,call,1.0135518855151575,0.1623064330815716,0.023551557399334,26.294282299093663,-70.23763529799604,2.3896285069170435,0.26294282299093663,-0.19243187752875626
2026-09-04,2026-09-11,call,785.0,0.71,0.73,0.73,4259.0,3459.0,773.17,100,0.72,0.02,True,,7.0,0.0191780821917808,773.5852931920283,0.0147355774224107,True,,0.0965169784333365,,0.0,772.9920854594448,good,0.0963997630004271,0.0968248714270786,0.0972477376667978,ok,call,1.0148446812874985,0.13877449024418595,0.021339571196771323,23.687966590372305,-62.7722242114213,2.0437889092320938,0.23687966590372306,-0.17197869646964742
2026-09-04,2026-09-11,call,786.0,0.58,0.59,0.58,2250.0,1844.0,773.17,100,0.585,0.01,True,,7.0,0.0191780821917808,773.5852931920283,0.0160086520692088,True,,0.0960442214501907,,0.0,772.9920854594448,good,0.0961021207364112,0.0963404643648979,0.0965779620649018,ok,call,1.016137477059839,0.11765688207371405,0.01912288310453248,21.121135858706303,-55.57414111012463,1.733267665004694,0.21121135858706303,-0.1522579208496565
2026-09-04,2026-09-11,call,787.0,0.47,0.48,0.47,1511.0,1556.0,773.17,100,0.475,0.01,True,,7.0,0.0191780821917808,773.5852931920283,0.0172801080574055,True,,0.0957969485956619,,0.0,772.9920854594448,good,0.0958126991887867,0.0960823338831208,0.0963506984271095,ok,call,1.0174302728321798,0.09929930341190996,0.016970460694882224,18.693573955990114,-48.957965938545705,1.4631902617642485,0.18693573955990114,-0.1341314135302622
2026-09-04,2026-09-11,call,788.0,0.38,0.39,0.38,1275.0,1027.0,773.17,100,0.385,0.01,True,,7.0,0.0191780821917808,773.5852931920283,0.0185499494978814,True,,0.095702398771744,,0.0,772.9920854594448,good,0.0956703822678491,0.0959776745822909,0.0962830624209736,ok,call,1.0187230686045206,0.08340865702574153,0.014927970321685899,16.425785638174517,-42.891947826070925,1.2293066733707738,0.16425785638174517,-0.11751218582485184
2026-09-04,2026-09-11,call,789.0,0.31,0.32,0.32,929.0,1254.0,773.17,100,0.315,0.01,True,,7.0,0.0191780821917808,773.5852931920283,0.0198181804858765,True,,0.0959753323910956,,0.0,772.9920854594448,good,0.0958907833304986,0.0962414069875764,0.0965892288046249,ok,call,1.020015864376861,0.07026384589855231,0.013066715142827551,14.417287253202417,-37.68352242447851,1.035752090470384,0.14417287253202418,-0.10324252719035208
2026-09-04,2026-09-11,call,790.0,0.25,0.26,0.26,3539.0,2514.0,773.17,100,0.255,0.01,True,,7.0,0.0191780821917808,773.5852931920283,0.0210848051010695,True,,0.0961325743057804,,0.0,772.9920854594448,good,0.0959855937048555,0.0963899379278766,0.0967900938556525,ok,call,1.021308660149202,0.05862503133783858,0.011333668770191319,12.524413027392734,-32.732973506164015,0.8643351222510048,0.12524413027392733,-0.08967937946894251
2026-09-04,2026-09-11,call,791.0,0.2,0.21,0.21,3283.0,3354.0,773.17,100,0.205,0.0099999999999999,True,,7.0,0.0191780821917808,773.5852931920283,0.0223498274076562,True,,0.0962664941520876,,0.0,772.9920854594448,good,0.0960451748498876,0.0965156567790034,0.0969798118641808,ok,call,1.0226014559215428,0.048557483431015215,0.009749032120430604,10.78734171247885,-28.187101474497226,0.7160235041431117,0.10787341712478851,-0.07722493554656774
2026-09-04,2026-09-11,call,792.0,0.16,0.17,0.17,1748.0,4132.0,773.17,100,0.165,0.01,True,,7.0,0.0191780821917808,773.5852931920283,0.0236132514544281,True,,0.0965272021951112,,0.0,772.9920854594448,good,0.0962189895048376,0.0967687688361921,0.0973090173059638,ok,call,1.0238942516938836,0.04015378807365671,0.00834252727975605,9.255247046144348,-24.21265382053176,0.5921899729283845,0.09255247046144348,-0.06633603786447058
2026-09-04,2026-09-11,call,793.0,0.13,0.14,0.13,275.0,683.0,773.17,100,0.135,0.01,True,,7.0,0.0191780821917808,773.5852931920283,0.0248750812748503,True,,0.0971501626380281,,0.0,772.9920854594448,good,0.0967459623407795,0.0973849326876349,0.098009949075406,ok,call,1.0251870474662244,0.03352681509973548,0.007152759845681128,7.985839487488231,-20.996100781506044,0.494508008175743,0.0798583948748823,-0.057523563784948065
2026-09-04,2026-09-11,call,794.0,0.1,0.11,0.1,122.0,382.0,773.17,100,0.105,0.0099999999999999,True,,7.0,0.0191780821917808,773.5852931920283,0.026135320887138,True,,0.0969999918315141,,0.0,772.9920854594448,good,0.0964580905863911,0.0972276430932067,0.09797490511452,ok,call,1.0264798432385651,0.026934306515555964,0.005975038917194592,6.6601753112528845,-17.461469602095733,0.39733703416853144,0.06660175311252885,-0.04783964274546776
2026-09-04,2026-09-11,call,795.0,0.08,0.09,0.1,748.0,1722.0,773.17,100,0.0849999999999999,0.0099999999999999,True,,7.0,0.0191780821917808,773.5852931920283,0.0273939742943342,True,,0.0975714993375847,,0.0,772.9920854594448,good,0.0968851090874857,0.097793114450787,0.0986678730183717,ok,call,1.027772639010906,0.022236676183062493,0.005057776138768503,5.670522071955259,-14.935544651889495,0.3280694801244216,0.056705220719552585,-0.040919300416135604
2026-09-04,2026-09-11,call,796.0,0.07,0.08,0.07,1545.0,1086.0,773.17,100,0.075,0.0099999999999999,True,,7.0,0.0191780821917808,773.5852931920283,0.0286510454843853,True,,0.0994425035572987,,0.0,772.9920854594448,good,0.0986447238444177,0.0996597013047377,0.1006319803342221,ok,call,1.0290654347832466,0.01956630784448025,0.004453632141514154,5.088491909170051,-13.641822162695814,0.2886681514111394,0.05088491909170051,-0.0373748552402625
2026-09-04,2026-09-11,call,797.0,0.06,0.07,0.06,475.0,903.0,773.17,100,0.065,0.01,True,,7.0,0.0191780821917808,773.5852931920283,0.0299065384302173,True,,0.1010064941469272,,0.0,772.9920854594448,good,0.1000697317718633,0.1012192849990216,0.1023122909701511,ok,call,1.0303582305555874,0.016987910229536718,0.003887568194252351,4.511245377422549,-12.269995870028112,0.2506304387171974,0.045112453774225486,-0.03361642704117291
2026-09-04,2026-09-11,call,798.0,0.05,0.06,0.06,354.0,2908.0,773.17,100,0.055,0.0099999999999999,True,,7.0,0.0191780821917808,773.5852931920283,0.031160457089811,True,,0.1021981650211305,,0.0,772.9920854594448,good,0.1010805590424374,0.1024064845721751,0.1036543291406218,ok,call,1.0316510263279282,0.014480005110470226,0.003350434687744499,3.9335418831616074,-10.813339509561464,0.21363789259228172,0.03933541883161607,-0.02962558769742867
2026-09-04,2026-09-11,call,799.0,0.04,0.05,0.05,356.0,1151.0,773.17,100,0.045,0.01,True,,7.0,0.0191780821917808,773.5852931920283,0.0324128054062769,True,,0.1029167341319216,,0.0,772.9920854594448,good,0.1015498290087207,0.1031204171007676,0.1045765759390781,ok,call,1.032943822100269,0.012019504081795761,0.002832701282479063,3.348887856849497,-9.261853791662775,0.17734818943006245,0.03348887856849497,-0.025374941894966505
2026-09-04,2026-09-11,call,800.0,0.04,0.05,0.05,869.0,2785.0,773.17,100,0.045,0.01,True,,7.0,0.0191780821917808,773.5852931920283,0.0336635873079296,True,,0.1063582673275632,,0.0,772.9920854594448,good,0.1049485929347152,0.106559981967712,0.1080536516507431,ok,call,1.0342366178726097,0.011665762343643424,0.002671132492620812,3.263207820783464,-9.31647228761497,0.17210338954894328,0.03263207820783464,-0.025524581609904024
2026-09-04,2026-09-11,call,801.0,0.03,0.04,0.03,242.0,1215.0,773.17,100,0.035,0.01,True,,7.0,0.0191780821917808,773.5852931920283,0.0349128067083615,True,,0.1063323362763442,,0.0,772.9920854594448,good,0.1045396823096911,0.1065292386356616,0.1083299803505478,ok,call,1.0355294136449504,0.00930391868830848,0.0021937632252879698,2.679253086388896,-7.641272942223185,0.13727644331035563,0.026792530863888962,-0.0209349943622553
2026-09-04,2026-09-11,call,802.0,0.03,0.04,0.03,1111.0,1134.0,773.17,100,0.035,0.01,True,,7.0,0.0191780821917808,773.5852931920283,0.0361604675065168,True,,0.1096547746748257,,0.0,772.9920854594448,good,0.1078113298103466,0.1098499262350192,0.111694618459214,ok,call,1.0368222094172912,0.009046201648138432,0.0020757719061220577,2.6141744397767783,-7.681269266718204,0.13345536652569398,0.026141744397767782,-0.021044573333474533
2026-09-04,2026-09-11,call,803.0,0.03,0.04,0.04,6.0,736.0,773.17,100,0.035,0.01,True,,7.0,0.0191780821917808,773.5852931920283,0.0374065735867639,True,,0.1129614302886162,,0.0,772.9920854594448,good,0.1110677150174557,0.1131548752556846,0.1150430857851688,ok,call,1.038115005189632,0.00880410623911944,0.001967814522126209,2.5527753406254043,-7.720144465505526,0.12986590610051996,0.025527753406254045,-0.0211510807274124
2026-09-04,2026-09-11,call,804.0,0.02,0.03,0.03,1.0,1219.0,773.17,100,0.025,0.0099999999999999,True,,7.0,0.0191780821917808,773.5852931920283,0.0386511288189686,True,,0.1117171857435192,,0.0,772.9920854594448,good,0.1091288694582646,0.1119054918911001,0.1143093359388475,ok,call,1.0394078009619727,0.006555575389380173,0.0015347389191063764,1.968978942453645,-5.885472348283827,0.09671900725763817,0.01968978942453645,-0.016124581776120073
2026-09-04,2026-09-11,call,805.0,0.02,0.03,0.02,36.0,567.0,773.17,100,0.025,0.0099999999999999,True,,7.0,0.0191780821917808,773.5852931920283,0.0398941370585656,True,,0.1148917685124746,,0.0,772.9920854594448,good,0.1122385348391733,0.1150785676773356,0.1175366538531467,ok,call,1.0407005967343137,0.006388958208879772,0.0014588157190911506,1.924642389168293,-5.911731403573321,0.09424863503979163,0.01924642389168293,-0.016196524393351563
2026-09-04,2026-09-11,call,806.0,0.02,0.03,0.04,41.0,266.0,773.17,100,0.025,0.0099999999999999,True,,7.0,0.0191780821917808,773.5852931920283,0.0411356021466306,True,,0.1180529178950591,,0.0,772.9920854594448,good,0.115335341081811,0.1182382470788896,0.1207500971715891,ok,call,1.0419933925066542,0.006231599215733913,0.0013888296383613155,1.8826176374384211,-5.937324966861741,0.0919155305085738,0.01882617637438421,-0.016266643744826687
2026-09-04,2026-09-11,call,807.0,0.02,0.03,0.02,1.0,987.0,773.17,100,0.025,0.0099999999999999,True,,7.0,0.0191780821917808,773.5852931920283,0.0423755279099511,True,,0.1212010197239435,,0.0,772.9920854594448,good,0.1184196522472376,0.1213849069791768,0.1239500716135161,ok,call,1.043286188278995,0.006082722942768424,0.0013241567077826825,1.8427195322959447,-5.962283758525147,0.08970819634084388,0.018427195322959448,-0.016335023995959305
2026-09-04,2026-09-11,call,808.0,0.02,0.03,0.01,0.0,187.0,773.17,100,0.025,0.0099999999999999,True,,7.0,0.0191780821917808,773.5852931920283,0.0436139181610976,True,,0.1243364349175591,,0.0,772.9920854594448,good,0.1214918088348243,0.1245189099956866,0.1271369507425668,ok,call,1.0445789840513358,0.005941642929420437,0.0012642549256840854,1.804783572337591,-5.986639973629737,0.08761645450278009,0.01804783572337591,-0.016401753352410238
2026-09-04,2026-09-11,call,809.0,0.02,0.03,0.02,7.0,1203.0,773.17,100,0.025,0.0099999999999999,True,,7.0,0.0191780821917808,773.5852931920283,0.0448507766984939,True,,0.1274595017956243,,0.0,772.9920854594448,good,0.1245521291460509,0.1276405917024263,0.1303110826691324,ok,call,1.0458717798236763,0.005807744481027437,0.0012086507421767197,1.7686618019103844,-6.01042194204042,0.08563119117158055,0.017686618019103845,-0.016466909430247725
2026-09-04,2026-09-11,call,810.0,0.02,0.03,0.03,9.0,1688.0,773.17,100,0.025,0.0099999999999999,True,,7.0,0.0191780821917808,773.5852931920283,0.0460861073064867,True,,0.1305705381208963,,0.0,772.9920854594448,good,0.127600917115862,0.1307502686211916,0.1334728028114249,ok,call,1.0471645755960173,0.00568047723650994,0.0011569291013422745,1.7342212351580892,-6.033656497757274,0.08374424632767499,0.017342212351580892,-0.016530565747280204
2026-09-04,2026-09-11,call,811.0,0.01,0.02,0.02,3.0,561.0,773.17,100,0.015,0.01,True,,7.0,0.0191780821917808,773.5852931920283,0.0473199137554152,True,,0.1266001440415816,,0.0,772.9920854594448,good,0.1217926278217935,0.1267743728537519,0.1306384504886908,ok,call,1.048457371368358,0.0036633817555359596,0.0008066249041444073,1.1723526294484095,-3.9535465652703397,0.05402875449393248,0.011723526294484095,-0.01083163442539819
2026-09-04,2026-09-11,call,812.0,0.01,0.02,0.02,0.0,1515.0,773.17,100,0.015,0.01,True,,7.0,0.0191780821917808,773.5852931920283,0.0485521998016802,True,,0.1295546640855999,,0.0,772.9920854594448,good,0.1246500129563834,0.1297277190423746,0.1336649995289395,ok,call,1.0497501671406988,0.0035859393165310837,0.000773291261331913,1.1500879391166525,-3.9668356484487592,0.05288054371928567,0.011500879391166525,-0.010868042872462354
2026-09-04,2026-09-11,call,813.0,0.01,0.02,0.02,6.0,1177.0,773.17,100,0.015,0.01,True,,7.0,0.0191780821917808,773.5852931920283,0.0497829691878128,True,,0.1324989400385131,,0.0,772.9920854594448,good,0.1274978197197373,0.1326708399814976,0.1366808127674995,ok,call,1.0510429629130396,0.0035120815416432227,0.0007421396716657466,1.1287981555587656,-3.9798451144701747,0.05178548148289858,0.011287981555587656,-0.010903685245123767
2026-09-04,2026-09-11,call,814.0,0.01,0.02,0.01,1.0,933.0,773.17,100,0.015,0.01,True,,7.0,0.0191780821917808,773.5852931920283,0.0510122256425425,True,,0.1354331957104136,,0.0,772.9920854594448,good,0.1303362527215475,0.1356039615299998,0.1396861290060131,ok,call,1.0523357586853803,0.003441559220131095,0.0007129779204059154,1.108418134416069,-3.992587229900857,0.0507398727654082,0.011084181344160692,-0.010938595150413307
2026-09-04,2026-09-11,call,815.0,0.01,0.02,0.01,4.0,947.0,773.17,100,0.015,0.01,True,,7.0,0.0191780821917808,773.5852931920283,0.0522399728808649,True,,0.1383576433021217,,0.0,772.9920854594448,good,0.1331655109237281,0.1385272881916057,0.1426811746868014,ok,call,1.053628554457721,0.0033741441069560186,0.0006856345666608183,1.088887975057317,-4.005071172534588,0.04974033360307842,0.01088887975057317,-0.010972797732971475
2026-09-04,2026-09-11,call,816.0,0.01,0.02,0.02,9.0,624.0,773.17,100,0.015,0.01,True,,7.0,0.0191780821917808,773.5852931920283,0.0534662146041092,True,,0.1412724842530611,,0.0,772.9920854594448,good,0.1359857728603954,0.141441028630241,0.1456661638552882,ok,call,1.0549213502300618,0.003309631425446907,0.0006599570149024894,1.070153854602615,-4.017309135367677,0.04878382767729671,0.01070153854602615,-0.011006326398267608
2026-09-04,2026-09-11,call,817.0,0.01,0.02,0.01,3.0,184.0,773.17,100,0.015,0.01,True,,7.0,0.0191780821917808,773.5852931920283,0.0546909545000051,True,,0.1441779100267503,,0.0,772.9920854594448,good,0.1387972151267412,0.144345365471961,0.1486412989733671,ok,call,1.0562141460024026,0.0032478312993057287,0.0006358081726744641,1.0521656396535917,-4.029308812732897,0.047867539924309026,0.010521656396535916,-0.011039202226665473
2026-09-04,2026-09-11,call,818.0,0.01,0.02,0.02,1.0,1284.0,773.17,100,0.015,0.01,True,,7.0,0.0191780821917808,773.5852931920283,0.0559141962427493,True,,0.1470741028331399,,0.0,772.9920854594448,good,0.141600001953065,0.147240487507221,0.1516067734249899,ok,call,1.0575069417747434,0.003188573000381443,0.0006130654302324584,1.0348782009543298,-4.041081032445724,0.04698893887091883,0.010348782009543298,-0.011071454883412941
2026-09-04,2026-09-11,call,819.0,0.01,0.02,0.02,0.0,1076.0,773.17,100,0.015,0.01,True,,7.0,0.0191780821917808,773.5852931920283,0.0571359434930717,True,,0.1499612362892683,,0.0,772.9920854594448,good,0.1443942984504991,0.1501265647200486,0.1545627738157877,ok,call,1.058799737547084,0.003131698281248056,0.0005916181831161821,1.0182495453909548,-4.05263366361701,0.046145678298774126,0.010182495453909549,-0.011103105927717837
2026-09-04,2026-09-11,call,820.0,0.01,0.02,0.02,0.0,623.0,773.17,100,0.015,0.01,True,,7.0,0.0191780821917808,773.5852931920283,0.058356199898301,True,,0.1528394844599974,,0.0,772.9920854594448,good,0.1471802498382824,0.1530037617432253,0.1575094712490383,ok,call,1.0600925333194249,0.0030770623593797,0.0005713667486070724,1.0022411626655503,-4.063974728100439,0.045335611575787395,0.010022411626655504,-0.011134177337261476
2026-09-04,2026-09-11,call,821.0,0.01,0.02,0.01,0.0,515.0,773.17,100,0.015,0.01,True,,7.0,0.0191780821917808,773.5852931920283,0.0595749690924305,True,,0.1557089829143985,,0.0,772.9920854594448,good,0.1499580025693139,0.1558722368871347,0.1604470379329905,ok,call,1.0613853290917656,0.0030245322764192164,0.0005522210463712248,0.9868176009703161,-4.075112055122989,0.0445567673620627,0.009868176009703161,-0.011164690561980791
2026-09-04,2026-09-11,call,822.0,0.01,0.02,0.01,0.0,261.0,773.17,100,0.015,0.01,True,,7.0,0.0191780821917808,773.5852931920283,0.0607922546961821,True,,0.1585699008747877,,0.0,772.9920854594448,good,0.1527276951441128,0.1587321406679607,0.1633756326095866,ok,call,1.0626781248641064,0.0029739854011653325,0.0005340994527880628,0.9719460760393637,-4.086052860402627,0.0438073274520533,0.009719460760393636,-0.011194665370966101
2026-09-04,2026-09-11,call,823.0,0.01,0.02,0.02,0.0,5415.0,773.17,100,0.015,0.01,True,,7.0,0.0191780821917808,773.5852931920283,0.062008060317072,True,,0.1614223806637192,,0.0,772.9920854594448,good,0.1554894600625514,0.1615836173069857,0.1662954094232873,ok,call,1.0639709206364472,0.0029253085927505797,0.000516927877153015,0.957596267196528,-4.096804015662769,0.04308561434702774,0.00957596267196528,-0.011224120590856902
2026-09-04,2026-09-11,call,824.0,0.01,0.02,0.03,0.0,5949.0,773.17,100,0.015,0.01,True,,7.0,0.0191780821917808,773.5852931920283,0.0632223895494739,True,,0.164266560040268,,0.0,772.9920854594448,good,0.1582434250085074,0.1644268050427421,0.1692065153662268,ok,call,1.065263716408788,0.0028783972781675376,0.0005006389308503912,0.9437400830432562,-4.107372049986488,0.042390077579938366,0.009437400830432562,-0.01125307410955202
2026-09-04,2026-09-11,call,825.0,0.01,0.02,0.01,0.0,1091.0,773.17,100,0.015,0.01,True,,7.0,0.0191780821917808,773.5852931920283,0.0644352459746832,True,,0.1671025717033017,,0.0,772.9920854594448,good,0.1609897095989088,0.1672618365648196,0.1721090895689525,ok,call,1.066556512181129,0.002833154657747264,0.0004851712054199383,0.9303514600524188,-4.117763184264111,0.04171928193445625,0.009303514600524188,-0.011281542970586604
2026-09-04,2026-09-11,call,830.0,0.01,0.02,0.01,2.0,2130.0,773.17,100,0.015,0.01,True,,7.0,0.0191780821917808,773.5852931920283,0.0704775604306458,True,,0.1811644130166002,,0.0,772.9920854594448,good,0.1746098953860783,0.1813189343329239,0.18649858155663,ok,call,1.0730204910428325,0.0026290425169641094,0.00041834635090982696,0.8696295879367077,-4.167261096550922,0.03869298665006606,0.008696295879367077,-0.011417153689180608
2026-09-04,2026-09-11,call,835.0,0.01,0.02,0.03,0.0,1058.0,773.17,100,0.015,0.01,True,,7.0,0.0191780821917808,773.5852931920283,0.0764835844908577,True,,0.195039285872966,,0.0,772.9920854594448,good,0.1880539113922945,0.1951892988069833,0.2006930874239607,ok,call,1.0794844699045365,0.002455530184821167,0.00036535849584274423,0.817580226073399,-4.213108759316488,0.036120383582398954,0.00817580226073399,-0.011542763724154761
2026-09-04,2026-09-11,call,840.0,0.0,0.01,0.01,1.0,2291.0,773.17,100,0.005,0.01,True,,7.0,0.0191780821917808,773.5852931920283,0.0824537514773615,True,,0.1897802893247567,,0.0,772.9920854594448,good,,0.189922592080976,0.201332708259387,ok,call,1.08594844876624,0.0009087677598789875,0.00015164791841765774,0.330193292536841,-1.6544415076917194,0.01337834541585153,0.00330193292536841,-0.004532716459429368
2026-09-04,2026-09-11,call,845.0,0.0,0.01,0.01,52.0,155.0,773.17,100,0.005,0.01,True,,7.0,0.0191780821917808,773.5852931920283,0.088388486997176,True,,0.2022774061082717,,0.0,772.9920854594448,good,,0.2024163458342171,0.2144555932272147,ok,call,1.092412427627944,0.0008560808562844969,0.00013468570608807365,0.3125519784640307,-1.667756694857348,0.012597176169625296,0.003125519784640307,-0.004569196424266706
2026-09-04,2026-09-11,call,850.0,0.0,0.01,0.01,4.0,279.0,773.17,100,0.005,0.01,True,,7.0,0.0191780821917808,773.5852931920283,0.0942882091243643,True,,0.2146387095522376,,0.0,772.9920854594448,good,,0.2147743825513424,0.2274305916129939,ok,call,1.0988764064896477,0.0008098397697307758,0.00012061384160028408,0.29698519089546094,-1.6802915639291511,0.01191157672443273,0.0029698519089546094,-0.004603538531312743
2026-09-04,2026-09-11,call,855.0,0.0,0.01,0.02,0.0,95.0,773.17,100,0.005,0.01,True,,7.0,0.0191780821917808,773.5852931920283,0.1001533285767624,True,,0.2268703354281006,,0.0,772.9920854594448,good,,0.2270028879227205,0.2402647098006893,ok,call,1.1053403853513517,0.0007689089791571543,0.00010879541073391817,0.2831373238933411,-1.6921331022996944,0.01130471109565808,0.002831373238933411,-0.004635981102190943
2026-09-04,2026-09-11,call,860.0,0.0,0.01,0.01,0.0,161.0,773.17,100,0.005,0.01,True,,7.0,0.0191780821917808,773.5852931920283,0.1059842488875556,True,,0.2389778201361941,,0.0,772.9920854594448,good,,0.239107331744385,0.2529641242919918,ok,call,1.1118043642130553,0.0007324072185723443,9.876192505397343e-05,0.270730761094773,-1.7033546034564195,0.010763513051404433,0.0027073076109477303,-0.004666724940976492
2026-09-04,2026-09-11,call,865.0,0.0,0.01,0.02,0.0,245.0,773.17,100,0.005,0.01,True,,7.0,0.0191780821917808,773.5852931920283,0.1117813665718815,True,,0.2509660309308403,,0.0,772.9920854594448,good,,0.2510925855771423,0.2655343443523585,ok,call,1.118268343074759,0.0006996394053041189,9.016212968808074e-05,0.2595453274751673,-1.7140175996047435,0.010277676886063907,0.002595453274751673,-0.004695938629054092
2026-09-04,2026-09-11,call,870.0,0.0,0.01,0.02,0.0,182.0,773.17,100,0.005,0.01,True,,7.0,0.0191780821917808,773.5852931920283,0.1175450712886315,True,,0.2628393639304532,,0.0,772.9920854594448,good,,0.2629630404192121,0.2779803106030557,ok,call,1.1247323219364629,0.0006700501935300662,8.272826504081193e-05,0.24940421765296455,-1.724175478532111,0.009838968675177785,0.0024940421765296456,-0.004723768434334551
2026-09-04,2026-09-11,call,875.0,0.0,0.01,0.01,0.0,269.0,773.17,100,0.005,0.01,True,,7.0,0.0191780821917808,773.5852931920283,0.1232757459976166,True,,0.2746018144609585,,0.0,772.9920854594448,good,,0.2747226725305797,0.2903064910795826,ok,call,1.131196300798167,0.0006431900678255022,7.625311284808089e-05,0.24016363302180888,-1.7338741242693834,0.009440723619179529,0.002401636330218089,-0.004750340066491461
2026-09-04,2026-09-11,call,880.0,0.0,0.01,0.01,0.0,155.0,773.17,100,0.005,0.01,True,,7.0,0.0191780821917808,773.5852931920283,0.1289737671122543,True,,0.2862570176541805,,0.0,772.9920854594448,good,,0.2863751090778842,0.3025169599033417,ok,call,1.1376602796598705,0.0006186912349667379,7.057415780962017e-05,0.23170538989423053,-1.7431534878184678,0.009077488579849616,0.0023170538989423055,-0.004775762980324569
2026-09-04,2026-09-11,call,885.0,0.0,0.01,0.01,1.0,1437.0,773.17,100,0.005,0.01,True,,7.0,0.0191780821917808,773.5852931920283,0.1346395046479316,True,,0.2978082464897931,,0.0,772.9920854594448,good,,0.2979236765087618,0.3146154385441582,ok,call,1.1441242585215745,0.0005962497306604445,6.556239575134175e-05,0.2239314015288873,-1.752048481501812,0.008744756789910614,0.002239314015288873,-0.004800132826032362
2026-09-04,2026-09-11,call,890.0,0.0,0.01,0.01,0.0,1285.0,773.17,100,0.005,0.01,True,,7.0,0.0191780821917808,773.5852931920283,0.1402733223661877,True,,0.3092585944842994,,0.0,772.9920854594448,good,,0.3093714412042155,0.3266053561631954,ok,call,1.150588237383278,0.0005756120753824456,6.111430062319788e-05,0.21675954524020627,-1.7605897906176584,0.008438770003184692,0.002167595452402063,-0.004823533672925091
2026-09-04,2026-09-11,call,895.0,0.0,0.01,0.01,0.0,2371.0,773.17,100,0.005,0.01,True,,7.0,0.0191780821917808,773.5852931920283,0.1458755779148577,True,,0.3206109673635512,,0.0,772.9920854594448,good,,0.3207212443012486,0.3384898823621002,ok,call,1.157052216244982,0.000556565182753967,5.7145966599434285e-05,0.21012052427119499,-1.7688046166792637,0.008156368863739374,0.00210120524271195,-0.0048460400456966125
2026-09-04,2026-09-14,put,700.0,0.08,0.09,0.08,144.0,276.0,773.17,100,0.0849999999999999,0.0099999999999999,True,,10.0,0.0273972602739726,773.7633442673337,-0.0999670803204137,True,,0.2527554713115166,,0.0,699.2332969003488,good,0.250409298527863,0.252256887387278,0.254030008489449,ok,put,0.9048672054841328,-0.007751015372401613,0.000660336032083237,2.728130575324166,-12.388317369885103,-0.16647903035758202,0.02728130575324166,-0.03394059553393179
2026-09-04,2026-09-14,put,705.0,0.09,0.1,0.13,14.0,72.0,773.17,100,0.095,0.01,True,,10.0,0.0273972602739726,773.7633442673337,-0.0928496125515496,True,,0.2401338857299129,,0.0,704.2278204496371,good,0.2380079906361116,0.239626851241669,0.2411878986410216,ok,put,0.9113305426661624,-0.008980764265232605,0.0007910902402226103,3.104692783371206,-13.379252467138933,-0.19279655165617463,0.03104692783371206,-0.036655486211339544
2026-09-04,2026-09-14,put,710.0,0.1,0.11,0.13,18.0,65.0,773.17,100,0.105,0.0099999999999999,True,,10.0,0.0273972602739726,773.7633442673337,-0.0857824453284572,True,,0.2269411372193804,,0.0,709.2223439989252,good,0.2249986087847194,0.2264256263661548,0.2278070242332445,ok,put,0.917793879848192,-0.010346005304263358,0.0009474288173051753,3.5134137174335667,-14.29026065248404,-0.22198352996061876,0.03513413717433567,-0.03915139904790148
2026-09-04,2026-09-14,put,715.0,0.11,0.12,0.12,7.0,208.0,773.17,100,0.1149999999999999,0.0099999999999999,True,,10.0,0.0273972602739726,773.7633442673337,-0.0787648726698106,True,,0.2132350252696144,,0.0,714.2168675482135,good,0.211448101521655,0.2127108740569114,0.2139372050634838,ok,put,0.9242572170302216,-0.011877747938716491,0.0011371827866756903,3.9616590277510224,-15.117400231484842,-0.25469668409473056,0.03961659027751022,-0.04141753488078039
2026-09-04,2026-09-14,put,720.0,0.13,0.14,0.14,56.0,218.0,773.17,100,0.135,0.01,True,,10.0,0.0273972602739726,773.7633442673337,-0.0717962033537173,True,,0.2012124057386085,,0.0,719.2113910975017,good,0.1996117160347737,0.2006746204765258,0.2017118541521014,ok,put,0.9307205542122512,-0.014450971098097254,0.0014280021039580412,4.693301151350512,-16.87018829003877,-0.3097402031561958,0.04693301151350512,-0.046219693945311696
2026-09-04,2026-09-14,put,725.0,0.15,0.16,0.17,87.0,1763.0,773.17,100,0.155,0.01,True,,10.0,0.0273972602739726,773.7633442673337,-0.0648757605091435,True,,0.1881807451970756,,0.0,724.2059146467899,good,0.1867231684409685,0.1876293620544848,0.1885168500103117,ok,put,0.9371838913942806,-0.017358153023415993,0.0017872453691228417,5.49214641972432,-18.424544130189624,-0.3718563102171031,0.054921464197243204,-0.05047820309640993
2026-09-04,2026-09-14,put,730.0,0.18,0.19,0.19,407.0,403.0,773.17,100,0.185,0.01,True,,10.0,0.0273972602739726,773.7633442673337,-0.0580028812213815,True,,0.1757919657480841,,0.0,729.2004381960782,good,0.1744714955363592,0.1752227523003406,0.1759613432846845,ok,put,0.94364722857631,-0.021584810160050504,0.0023030779618374454,6.609312123315125,-20.66082605991887,-0.4621901619660449,0.06609312123315125,-0.05660500290388731
2026-09-04,2026-09-14,put,735.0,0.23,0.24,0.25,417.0,471.0,773.17,100,0.235,0.0099999999999999,True,,10.0,0.0273972602739726,773.7633442673337,-0.0511769161509816,True,,0.1646026617634877,,0.0,734.1949617453663,good,0.163410627936445,0.164008517387527,0.1645987597258048,ok,put,0.9501105657583396,-0.0282630668211589,0.0030848804206222266,8.286323062453546,-24.18119083098344,-0.6049917840617302,0.08286323062453546,-0.06624983789310532
2026-09-04,2026-09-14,put,740.0,0.3,0.31,0.32,811.0,719.0,773.17,100,0.305,0.01,True,,10.0,0.0273972602739726,773.7633442673337,-0.0443972291656029,True,,0.1534065192788726,,0.0,739.1894852946546,good,0.152311778150781,0.1527816218387404,0.153247053720153,ok,put,0.9565739029403691,-0.037778825893609355,0.004206707655568131,10.526174668420206,-28.519960237199477,-0.8084338402589845,0.10526174668420206,-0.07813687736219035
2026-09-04,2026-09-14,put,745.0,0.42,0.43,0.43,493.0,641.0,773.17,100,0.425,0.01,True,,10.0,0.0273972602739726,773.7633442673337,-0.0376631969842588,True,,0.1435890327414921,,0.0,744.1840088439427,good,0.142565041472609,0.1429206071588786,0.1432739447122609,ok,put,0.9630372401223988,-0.0533367569865276,0.005935551494387435,13.893544427065173,-35.067245989865064,-1.1412065192415282,0.13893544427065174,-0.09607464654757551
2026-09-04,2026-09-14,put,750.0,0.61,0.62,0.61,881.0,1406.0,773.17,100,0.615,0.01,True,,10.0,0.0273972602739726,773.7633442673337,-0.0309742088334622,True,,0.1342545516862336,,0.0,749.178532393231,good,0.133261787930577,0.1335278673335578,0.1337929094909931,ok,put,0.9695005773044282,-0.07743183733934723,0.008486707350886084,18.559585117034892,-43.527187335512465,-1.6566962673516328,0.18559585117034894,-0.11925256804249991
2026-09-04,2026-09-14,put,755.0,0.92,0.94,0.92,939.0,695.0,773.17,100,0.93,0.0199999999999999,True,,10.0,0.0273972602739726,773.7633442673337,-0.0243296661147936,True,,0.1257559955943811,,0.0,754.1730559425191,good,0.1245507921151355,0.1249477356853727,0.1253429418210117,ok,put,0.9759639144864576,-0.11555468356935941,0.012179181959155133,24.923190309367328,-54.29424938674795,-2.472689830272575,0.24923190309367327,-0.1487513681828711
2026-09-04,2026-09-14,put,760.0,1.43,1.45,1.43,1778.0,1325.0,773.17,100,1.44,0.02,True,,10.0,0.0273972602739726,773.7633442673337,-0.0177289820834415,True,,0.1176623639748303,,0.0,759.1675794918074,good,0.1164369232226451,0.1167382936312832,0.1170390105549146,ok,put,0.9824272516684872,-0.1739365229850768,0.017185646707938484,32.85763833694288,-66.18044813059531,-3.723069469128161,0.3285763833694288,-0.18131629624820633
2026-09-04,2026-09-14,put,765.0,2.25,2.28,2.25,1236.0,540.0,773.17,100,2.265,0.0299999999999998,True,,10.0,0.0273972602739726,773.7633442673337,-0.0111715815372825,True,,0.1100362240644494,,0.0,764.1621030410955,good,0.1085808033234352,0.1089389929304432,0.1092967311343478,ok,put,0.9888905888505168,-0.2607750285932914,0.023298012413741236,41.56802140717587,-76.90867763590381,-5.584732281984433,0.4156802140717587,-0.21070870585179127
2026-09-04,2026-09-14,put,770.0,3.59,3.62,3.59,1356.0,169.0,773.17,100,3.605,0.0300000000000002,True,,10.0,0.0273972602739726,773.7633442673337,-0.0046569005160888,True,,0.1035632382754617,,0.0,769.1566265903838,good,0.1018813140778878,0.102187214871383,0.1024930463296392,ok,put,0.9953539260325462,-0.3832178935477387,0.029182680910610295,48.84036192671202,-82.64550269172807,-8.214529758761973,0.4884036192671202,-0.22642603477185771
2026-09-04,2026-09-14,call,775.0,4.26,4.29,4.29,2953.0,482.0,773.17,100,4.275,0.0300000000000002,True,,10.0,0.0273972602739726,773.7633442673337,0.0018156139895287,True,,0.0952989037249135,,0.0,772.9158489038392,good,0.0964878208148581,0.0967832553353559,0.0970786783299843,ok,call,1.001817263214576,0.4633247822295741,0.032063684347591714,50.82422613027879,-99.62693610361057,9.695298264544649,0.5082422613027879,-0.2729505098729057
2026-09-04,2026-09-14,call,780.0,2.19,2.21,2.18,1640.0,384.0,773.17,100,2.2,0.02,True,,10.0,0.0273972602739726,773.7633442673337,0.0082465043198191,True,,0.0911059686320894,,0.0,772.9158489038392,good,0.0919887056732313,0.0922145011819352,0.0924401354509813,ok,call,1.0082806003966054,0.30201796668597486,0.029546192452003742,44.622907907137325,-81.54488445358169,6.335941054611649,0.44622907907137327,-0.22341064233857996
2026-09-04,2026-09-14,call,785.0,0.96,0.98,0.98,1608.0,534.0,773.17,100,0.97,0.02,True,,10.0,0.0273972602739726,773.7633442673337,0.0146363024185901,True,,0.0882156223917477,,0.0,772.9158489038392,good,0.0887533734428439,0.0890722043280188,0.0893899144686841,ok,call,1.014743937578635,0.16583472179952718,0.02184520236559754,31.868043180303143,-55.35389182175483,3.4855139891476865,0.3186804318030314,-0.15165449814179405
2026-09-04,2026-09-14,call,790.0,0.37,0.39,0.39,874.0,341.0,773.17,100,0.38,0.02,True,,10.0,0.0273972602739726,773.7633442673337,0.0209855300972488,True,,0.0872408113076553,,0.0,772.9158489038392,good,0.0873793601402859,0.0879310522146108,0.0884756401909002,ok,call,1.0212072747606644,0.07784188795710245,0.012939284514597086,18.634153001182185,-31.572472408906446,1.6381439311791177,0.18634153001182185,-0.08649992440796286
2026-09-04,2026-09-14,call,795.0,0.14,0.15,0.15,5821.0,3297.0,773.17,100,0.145,0.0099999999999999,True,,10.0,0.0273972602739726,773.7633442673337,0.0272946992905136,True,,0.0885090299661778,,0.0,772.9158489038392,good,0.0885501431904387,0.0890914905854894,0.0896217969836928,ok,call,1.027670611942694,0.033709479330274,0.006570716352022894,9.58751528729814,-16.312277523493464,0.7099352129395445,0.0958751528729814,-0.044691171297242364
2026-09-04,2026-09-14,call,800.0,0.06,0.07,0.06,7281.0,148.0,773.17,100,0.065,0.01,True,,10.0,0.0273972602739726,773.7633442673337,0.033564312304109,True,,0.0929891985743483,,0.0,772.9158489038392,good,0.0924687161147416,0.093506895101037,0.0944935204552142,ok,call,1.0341339491247237,0.015901788042558287,0.0033271637890301482,5.095360801912749,-9.03678729663339,0.3349912712651559,0.05095360801912749,-0.024758321360639424
2026-09-04,2026-09-14,call,805.0,0.03,0.04,0.05,460.0,22.0,773.17,100,0.035,0.01,True,,10.0,0.0273972602739726,773.7633442673337,0.039794862054745,True,,0.0994997916649751,,0.0,772.9158489038392,good,0.0981525950338995,0.0999771845704552,0.1016272082312865,ok,call,1.040597286306753,0.00857681521102722,0.0018211232519941786,2.981929466052747,-5.625000901187442,0.18068306902166623,0.029819294660527473,-0.01541096137311628
2026-09-04,2026-09-14,call,810.0,0.02,0.03,0.04,16.0,132.0,773.17,100,0.025,0.0099999999999999,True,,10.0,0.0273972602739726,773.7633442673337,0.0459868323026661,True,,0.1087599478684144,,0.0,772.9158489038392,good,0.106583225063748,0.1092159392240352,0.1114919395430712,ok,call,1.0470606234887825,0.005820475857388133,0.001184108625819032,2.1180426169760476,-4.346631217598844,0.1225825855191969,0.021180426169760475,-0.011908578678352998
2026-09-04,2026-09-14,call,815.0,0.02,0.03,0.02,26.0,5.0,773.17,100,0.025,0.0099999999999999,True,,10.0,0.0273972602739726,773.7633442673337,0.0521406978770444,True,,0.1216374679279667,,0.0,772.9158489038392,good,0.1192054125047151,0.1220876311921011,0.1245768054996494,ok,call,1.053523960670812,0.005242958828368753,0.000965356244407011,1.9302626269365455,-4.413285969696332,0.1103517827911679,0.019302626269365453,-0.012091194437524199
2026-09-04,2026-09-14,call,820.0,0.01,0.02,0.01,0.0,12.0,773.17,100,0.015,0.01,True,,10.0,0.0273972602739726,773.7633442673337,0.0582569248944804,True,,0.1274220997364504,,0.0,772.9158489038392,good,0.1229797076304254,0.1278488789087626,0.1316163902989098,ok,call,1.0599872978528415,0.003146249266107149,0.000583658848455851,1.2221179491301448,-2.918988769634813,0.0662211091252818,0.012221179491301448,-0.007997229505848802
2026-09-04,2026-09-14,call,825.0,0.01,0.02,0.01,0.0,5.0,773.17,100,0.015,0.01,True,,10.0,0.0273972602739726,773.7633442673337,0.0643359709708626,True,,0.1393594484583926,,0.0,772.9158489038392,good,0.1345373583511923,0.1397821930295859,0.1438357174377122,ok,call,1.066450635034871,0.0028922625085545635,0.0004948482163153703,1.1328723667110938,-2.951980716793859,0.06084211570648275,0.011328723667110938,-0.008087618402174956
2026-09-04,2026-09-14,call,830.0,0.01,0.02,0.01,0.0,1006.0,773.17,100,0.015,0.01,True,,10.0,0.0273972602739726,773.7633442673337,0.0703782854268252,True,,0.1511279914191146,,0.0,772.9158489038392,good,0.1459364259037399,0.1515471103493059,0.1558789735994547,ok,call,1.0729139722169003,0.002680323659367384,0.0004261413603825441,1.0576901801601577,-2.9826986433437566,0.05635362519885648,0.010576901801601576,-0.008171777105051388
2026-09-04,2026-09-14,call,835.0,0.01,0.02,0.01,0.0,1.0,773.17,100,0.015,0.01,True,,10.0,0.0273972602739726,773.7633442673337,0.0763843094870371,True,,0.1627397596584924,,0.0,772.9158489038392,good,0.1571879109139919,0.163155588383611,0.1677588716320887,ok,call,1.07937730939893,0.0025005936173729567,0.0003717583744968982,0.993390125810578,-3.0114263907430976,0.05254726181599974,0.00993390125810578,-0.008250483262309856
2026-09-04,2026-09-14,call,840.0,0.01,0.02,0.01,76.0,2228.0,773.17,100,0.015,0.01,True,,10.0,0.0273972602739726,773.7633442673337,0.0823544764735409,True,,0.1742047832219293,,0.0,772.9158489038392,good,0.1683010030884701,0.1746175988988741,0.1794860058305201,ok,call,1.0858406465809596,0.0023461082245663407,0.0003278818502393406,0.9376969724131944,-3.0384006844309326,0.04927553644709609,0.009376969724131944,-0.008324385436797076
2026-09-04,2026-09-14,call,845.0,0.0,0.01,0.01,100.0,20.0,773.17,100,0.005,0.01,True,,10.0,0.0273972602739726,773.7633442673337,0.0882892119933555,True,,0.1688342927667456,,0.0,772.9158489038392,good,,0.1692138679921561,0.1792835111804482,ok,call,1.092303983762989,0.0008724938902179943,0.00013717063005397052,0.38014931383207606,-1.192641981187873,0.01834091500235278,0.0038014931383207606,-0.0032675122772270492
2026-09-04,2026-09-15,put,695.0,0.1,0.11,0.11,47.0,79.0,773.17,100,0.105,0.0099999999999999,True,,11.0,0.0301369863013698,773.8227037321593,-0.1072291651575074,True,,0.2630953616296025,,0.0,694.1626965582651,good,0.2608788396267472,0.2624680360606385,0.2640056616767011,ok,put,0.8983197858049159,-0.008640026859541862,0.0006656762084479706,3.147670520297422,-13.515627204456525,-0.20442586274044014,0.031476705202974214,-0.03702911562864801
2026-09-04,2026-09-15,put,700.0,0.11,0.12,0.14,3.0,31.0,773.17,100,0.1149999999999999,0.0099999999999999,True,,11.0,0.0301369863013698,773.8227037321593,-0.1000606756788949,True,,0.2504639769139303,,0.0,699.1566727924973,good,0.2484145011215877,0.249833769874347,0.2512113779980037,ok,put,0.9047825180768936,-0.009809604300230966,0.0007815319985493398,3.5176102264792344,-14.363510125150006,-0.2319722180958262,0.03517610226479234,-0.03935208253465755
2026-09-04,2026-09-15,put,705.0,0.12,0.13,0.26,0.0,34.0,773.17,100,0.125,0.01,True,,11.0,0.0301369863013698,773.8227037321593,-0.0929432079100309,True,,0.23739566526524,,0.0,704.1506490267294,good,0.2354912351594087,0.2367631829171466,0.2380011186093933,ok,put,0.9112452503488716,-0.011101599730306274,0.0009185775370981171,3.9181386521800396,-15.145668808070443,-0.26237045338076675,0.03918138652180039,-0.04149498303580943
2026-09-04,2026-09-15,put,710.0,0.13,0.14,0.18,2.0,19.0,773.17,100,0.135,0.01,True,,11.0,0.0301369863013698,773.8227037321593,-0.0858760406869385,True,,0.2239248614168159,,0.0,709.1446252609614,good,0.2221481977777148,0.2232905813989696,0.2244049787045247,ok,put,0.9177079826208492,-0.012541426637824154,0.0010827164403370865,4.355469185663435,-15.8584488095016,-0.29621260699445684,0.04355469185663435,-0.04344780495753863
2026-09-04,2026-09-15,put,715.0,0.15,0.16,0.17,84.0,46.0,773.17,100,0.155,0.01,True,,11.0,0.0301369863013698,773.8227037321593,-0.0788584680282919,True,,0.212068267664027,,0.0,714.1386014951936,good,0.2104431603496564,0.2114251716362812,0.2123865684988503,ok,put,0.9241707148928272,-0.014908090879625854,0.0013274005900684024,5.056016794632774,-17.406360424681797,-0.3519461795728881,0.05056016794632774,-0.047688658697758346
2026-09-04,2026-09-15,put,720.0,0.17,0.18,0.31,4.0,41.0,773.17,100,0.175,0.0099999999999999,True,,11.0,0.0301369863013698,773.8227037321593,-0.0718897987121985,True,,0.1993839189549978,,0.0,719.1325777294257,good,0.1978812442280274,0.1987332609279684,0.1995697063356746,ok,put,0.930633447164805,-0.017558759553281872,0.0016247138035632403,5.816975554269927,-18.79255801724296,-0.41429598871012396,0.05816975554269927,-0.05148646032121359
2026-09-04,2026-09-15,put,725.0,0.2,0.21,0.23,8.0,120.0,773.17,100,0.205,0.0099999999999999,True,,11.0,0.0301369863013698,773.8227037321593,-0.0649693558676247,True,,0.1874241523245068,,0.0,724.1265539636579,good,0.1860407410168298,0.1867607879524479,0.1874698570924284,ok,put,0.9370961794367828,-0.02135827955601639,0.0020419345219340915,6.870325586127106,-20.817521901078887,-0.5037093097591943,0.06870325586127106,-0.05703430657829832
2026-09-04,2026-09-15,put,730.0,0.25,0.26,0.25,37.0,199.0,773.17,100,0.255,0.01,True,,11.0,0.0301369863013698,773.8227037321593,-0.0580964765798627,True,,0.1767940279314604,,0.0,729.1205301978899,good,0.1755237100660602,0.1761088668774219,0.1766870859888695,ok,put,0.9435589117087606,-0.027282273884611238,0.002659771026860555,8.43869486161118,-24.055636482652407,-0.6432140875772007,0.0843869486161118,-0.06590585337712988
2026-09-04,2026-09-15,put,735.0,0.31,0.32,0.31,80.0,385.0,773.17,100,0.315,0.01,True,,11.0,0.0301369863013698,773.8227037321593,-0.0512705115094628,True,,0.1654461308952774,,0.0,734.1145064321221,good,0.164259914842095,0.1647374248007522,0.1652105269140293,ok,put,0.9500216439807384,-0.03481639941004592,0.0034792926369318143,10.32602186777843,-27.456463871335743,-0.8205284671905321,0.10326021867778429,-0.07522318868859107
2026-09-04,2026-09-15,put,740.0,0.4,0.41,0.4,546.0,521.0,773.17,100,0.405,0.0099999999999999,True,,11.0,0.0301369863013698,773.8227037321593,-0.0444908245240841,True,,0.1547115179415528,,0.0,739.1084826663542,good,0.1535888856442316,0.1539696642942014,0.1543478503634207,ok,put,0.9564843762527162,-0.045937227046932934,0.004662900235350197,12.93424539081433,-32.03018960068906,-1.0822983153845083,0.12934245390814328,-0.08775394411147688
2026-09-04,2026-09-15,put,745.0,0.55,0.56,0.56,227.0,232.0,773.17,100,0.555,0.01,True,,11.0,0.0301369863013698,773.8227037321593,-0.03775679234274,True,,0.1453352982045998,,0.0,744.1024589005864,good,0.1442487372823836,0.1445430015102685,0.1448359156802008,ok,put,0.962947108524694,-0.06357150176883865,0.006423056920958702,16.725867392539808,-38.71238842096827,-1.4976045889221759,0.1672586739253981,-0.10606133813963908
2026-09-04,2026-09-15,put,750.0,0.77,0.79,0.78,423.0,895.0,773.17,100,0.78,0.02,True,,11.0,0.0301369863013698,773.8227037321593,-0.0310678041919434,True,,0.1361705698240675,,0.0,749.0964351348184,good,0.1348571555774765,0.1353108778097931,0.1357619543277985,ok,put,0.9694098407966718,-0.0896144346838039,0.008912039731485086,21.724992498465827,-46.800607557471636,-2.1110479968982956,0.21724992498465828,-0.12822084262320996
2026-09-04,2026-09-15,put,755.0,1.12,1.15,1.12,7932.0,22272.0,773.17,100,1.135,0.0299999999999998,True,,11.0,0.0301369863013698,773.8227037321593,-0.0244232614732749,True,,0.1276400671276301,,0.0,754.0904113690506,good,0.1261608871771797,0.1266847555648699,0.1272059660300175,ok,put,0.9758725730686496,-0.12904432906832555,0.01237614909112323,28.246178546953164,-56.53028391129227,-3.0402521184068814,0.28246178546953166,-0.15487749016792404
2026-09-04,2026-09-15,put,760.0,1.69,1.7,1.68,806.0,1376.0,773.17,100,1.6949999999999998,0.01,True,,11.0,0.0301369863013698,773.8227037321593,-0.0178225774419228,True,,0.1196654041346434,,0.0,759.0843876032827,good,0.11843489795603,0.1185712721188975,0.118707528810344,ok,put,0.9823353053406274,-0.18775667079438932,0.016924330535107075,36.15270418261513,-66.98887622349645,-4.424806668550822,0.3615270418261513,-0.1835311677356067
2026-09-04,2026-09-15,put,765.0,2.55,2.57,2.57,1292.0,470.0,773.17,100,2.56,0.02,True,,11.0,0.0301369863013698,773.8227037321593,-0.0112651768957636,True,,0.1119471143251405,,0.0,764.0783638375149,good,0.1104232034769551,0.1106451228106009,0.1108668891919584,ok,put,0.9887980376126052,-0.27196244815628856,0.022340641172418314,44.53256577086931,-75.76084661140949,-6.412400416157599,0.4453256577086931,-0.20756396331893012
2026-09-04,2026-09-15,put,770.0,3.91,3.94,3.91,1274.0,39.0,773.17,100,3.925,0.0299999999999998,True,,11.0,0.0301369863013698,773.8227037321593,-0.00475049587457,True,,0.105426813943181,,0.0,769.0723400717469,good,0.1034951402271558,0.1037843194318305,0.1040734426956344,ok,put,0.9952607698845832,-0.3881125563718057,0.027497771450620132,51.413722532714836,-79.97228990360368,-9.159157196371716,0.5141372253271483,-0.21910216411946215
2026-09-04,2026-09-15,call,775.0,4.64,4.67,4.74,1260.0,479.0,773.17,100,4.654999999999999,0.0300000000000002,True,,11.0,0.0301369863013698,773.8227037321593,0.0017220186310474,True,,0.0974819405741233,,0.0,772.8904383895299,good,0.0980377435475585,0.0983175373157346,0.0985973230369618,ok,call,1.001723502156561,0.46773613900187083,0.030122337354666916,53.35430529031776,-96.96825707784487,10.757094968537071,0.5335430529031776,-0.2656664577475202
2026-09-04,2026-09-15,call,780.0,2.51,2.53,2.48,2239.0,179.0,773.17,100,2.52,0.02,True,,11.0,0.0301369863013698,773.8227037321593,0.0081529089613377,True,,0.0932711892791101,,0.0,772.8904383895299,good,0.093769431829561,0.0939790750073792,0.0941886014939282,ok,call,1.0081862344285386,0.315783707046651,0.028185951186810606,47.721454419324324,-81.14138577073504,7.28111812709321,0.4772145441932432,-0.2223051664951645
2026-09-04,2026-09-15,call,785.0,1.18,1.2,1.18,645.0,354.0,773.17,100,1.19,0.02,True,,11.0,0.0301369863013698,773.8227037321593,0.0145427070601088,True,,0.0902268081081454,,0.0,772.8904383895299,good,0.0905407845074944,0.0908233086830822,0.0911050872041977,ok,call,1.0146489667005163,0.18354858405192162,0.02178645218296042,35.647874656792375,-57.640839289007594,4.240365974593436,0.3564787465679238,-0.1579201076411167
2026-09-04,2026-09-15,call,790.0,0.49,0.51,0.5,593.0,119.0,773.17,100,0.5,0.02,True,,11.0,0.0301369863013698,773.8227037321593,0.0208919347387676,True,,0.0887653989770688,,0.0,772.8904383895299,good,0.088814793681,0.089272948472472,0.089726869699852,ok,call,1.0211116989724944,0.0921729410068406,0.013793034945075625,22.183472259845427,-34.831352307771034,2.1323168723288863,0.22183472259845427,-0.09542836248704394
2026-09-04,2026-09-15,call,795.0,0.2,0.21,0.21,6007.0,284.0,773.17,100,0.205,0.0099999999999999,True,,11.0,0.0301369863013698,773.8227037321593,0.0272011039320322,True,,0.0896725280386093,,0.0,772.8904383895299,good,0.0896957790821578,0.0901141234557962,0.0905266770460097,ok,call,1.027574431244472,0.04287762610795639,0.00753663750599817,12.235459944576554,-19.212765980962867,0.9927524256841485,0.12235459944576554,-0.05263771501633662
2026-09-04,2026-09-15,call,800.0,0.08,0.09,0.1,177.0,173.0,773.17,100,0.0849999999999999,0.0099999999999999,True,,11.0,0.0301369863013698,773.8227037321593,0.0334707169456277,True,,0.0919902058353881,,0.0,772.8904383895299,good,0.0915615991938308,0.0923835718768591,0.0931748664446065,ok,call,1.03403716351645,0.019388820232672698,0.0038029589313432473,6.329453224571081,-10.117571888240771,0.449143173311191,0.06329453224571081,-0.027719375036276087
2026-09-04,2026-09-15,call,805.0,0.04,0.05,0.05,70.0,0.0,773.17,100,0.045,0.01,True,,11.0,0.0301369863013698,773.8227037321593,0.0397012666962637,True,,0.0977086641911272,,0.0,772.8904383895299,good,0.0966332649270552,0.0980704874736855,0.0994014773769024,ok,call,1.0404998957884275,0.01039695471543394,0.0020945729906004717,3.7006979773557,-6.244554417531504,0.24086346585519527,0.037006979773557,-0.0171083682672096
2026-09-04,2026-09-15,call,810.0,0.03,0.04,0.04,27.0,1.0,773.17,100,0.035,0.01,True,,11.0,0.0301369863013698,773.8227037321593,0.0458932369441849,True,,0.1076220562799543,,0.0,772.8904383895299,good,0.1060460022274465,0.1079654389175714,0.1096995819259321,ok,call,1.0469626280604056,0.00757918841146576,0.0014422964244843522,2.805363170892677,-5.187734002836544,0.17551922050817836,0.02805363170892677,-0.014212969870785052
2026-09-04,2026-09-15,call,815.0,0.02,0.03,0.03,30.0,0.0,773.17,100,0.025,0.0099999999999999,True,,11.0,0.0301369863013698,773.8227037321593,0.052047102518563,True,,0.1158250131653764,,0.0,772.8904383895299,good,0.1134108513287424,0.1161513331132823,0.1185180344418241,ok,call,1.053425360332383,0.005214936699720286,0.000962867475111842,2.014839819376418,-3.9945804399190608,0.12074025550361488,0.02014839819376418,-0.01094405599977825
2026-09-04,2026-09-15,call,825.0,0.01,0.02,0.02,10.0,0.0,773.17,100,0.015,0.01,True,,11.0,0.0301369863013698,773.8227037321593,0.0642423756123813,True,,0.1327314175827768,,0.0,772.8904383895299,good,0.1280434282619473,0.1330321337792198,0.1368875389743605,ok,call,1.066350824876339,0.0028762529192314515,0.0004932826992834818,1.1822307483283974,-2.6709831143841263,0.06655693246700128,0.011822307483283974,-0.007317761957216784
