Date,Close,High,Low,Open,Volume,simple_return,log_return
2021-01-04,342.4369201660156,348.62101162593734,338.75060828235917,348.49100217915696,110210800,,
2021-01-05,344.7954406738281,345.8818471316903,341.7498244688002,341.7962685644844,66426200,0.006887459759505665,0.006863849556092224
2021-01-06,346.8567810058594,350.04170094295614,342.743347597711,343.29118386394964,107997700,0.00597844428569827,0.005960644296589406
2021-01-07,352.0102233886719,352.75304553896814,349.0481726001441,349.22459781978796,68766800,0.014857551199858099,0.014748258999199727
2021-01-08,354.0158386230469,354.2293850911422,350.1531015213458,353.3937031789076,71677200,0.005697605072567669,0.0056814351117460945
2021-01-11,351.6295166015625,353.3844459686813,350.72882987062206,350.84954484541544,51034700,-0.006740721067074351,-0.006763542339697479
2021-01-12,351.7037658691406,352.71587302635754,349.4659767403623,351.8152146876118,52547700,0.000211157664736783,0.00021113537409493248
2021-01-13,352.6509094238281,353.64442764556827,350.8495360073249,351.62950774382404,45303600,0.0026930151070372332,0.0026893954389448052
2021-01-14,351.41595458984375,353.8951738961369,351.08169311224,353.39375334288167,49989100,-0.003501918755865585,-0.0035080648262398404
2021-01-15,348.8531799316406,350.59881478443,346.9960962553196,349.800282405299,107160000,-0.007292710034165317,-0.007319431839500459
2021-01-19,351.59234619140625,352.13091630295105,349.8281224423444,351.3045005009363,51233300,0.007851917131162178,0.007821251249223242
2021-01-20,356.45794677734375,357.2936287805517,353.4866015027723,353.87657321374,61836100,0.013838755702857863,0.013743874479762799
2021-01-21,356.78289794921875,357.44218304043847,355.86365062010475,357.0150334029827,47840100,0.0009116115233587241,0.0009111962579286351
2021-01-22,355.52008056640625,356.68075778914084,354.55438918277406,354.9350947122526,52860500,-0.003539456039151956,-0.0035457347334984005
2021-01-25,356.9221496582031,357.2749716933398,351.4158759647186,356.2535985157263,70402000,0.003943712798340826,0.0039359567480918055
2021-01-26,356.36505126953125,358.2778450349725,356.1329158287073,357.86928439217473,42665300,-0.0015608400577138415,-0.0015620594375598384
2021-01-27,347.6553955078125,353.14308184233016,345.4269004912862,353.05022197979747,123351100,-0.0244402635182408,-0.024743884010925143
2021-01-28,350.645263671875,354.6379822958076,349.02960991918064,349.46599738570745,94198100,0.008600091362584106,0.008563321244049214
2021-01-29,343.62548828125,349.75387014169314,341.95409595375736,348.7881786860428,126765100,-0.020019592784786377,-0.02022270015491201
2021-02-01,349.34527587890625,350.375943628793,343.9133009262217,347.01462699809997,75817600,0.01664541133507158,0.016508394849122476
2021-02-02,354.2850646972656,355.83574176244537,349.42880987347587,352.52084118245415,64450700,0.014140133442284375,0.014041094281466143
2021-02-03,354.5636901855469,356.2814981741382,353.2915924599428,355.11152644432576,52427100,0.0007864443524294717,0.0007861352671113902
2021-02-04,358.5935363769531,358.63995212915546,354.67508910571235,355.59433635934124,47142600,0.011365648268432116,0.011301544551078603
2021-02-05,360.0049133300781,360.71061412663744,358.54712432112404,360.4599180558391,48669800,0.003935868357764605,0.003928143091685435
2021-02-08,362.6048889160156,362.6513046740329,360.59923510850524,361.4534777465929,38365200,0.007222055837759145,0.007196101679167374
2021-02-09,362.3634338378906,362.95771418565323,361.3606211720995,361.769153490128,35551100,-0.0006658902996228289,-0.0006661121030383558
2021-02-10,362.20562744140625,364.24843104388964,359.81000170472225,364.09986093308623,59154400,-0.00043549205507020794,-0.0004355869092750573
2021-02-11,362.7905578613281,363.7005390243798,360.3670773709089,363.2826838806573,42913300,0.0016149125679072451,0.0016136099987745336
2021-02-12,364.5826721191406,364.82407372216704,361.91773330512245,361.9920325190132,50593300,0.0049398040246062536,0.004927643224243409
2021-02-16,364.266845703125,366.0032422378084,363.5518788972011,365.8082281060511,50972400,-0.0008662683121495318,-0.0008666437393733128
2021-02-17,364.35052490234375,364.6012209832248,361.5091609681263,362.52129645099154,52290600,0.00022971950427508325,0.0002296931227899115
2021-02-18,362.7998046875,363.542626693373,360.0327402924635,361.7505480599932,59712800,-0.004256121808138946,-0.004265204876152733
2021-02-19,362.15911865234375,364.3411973179349,361.71340843442175,364.05335165745737,83241000,-0.0017659492284128886,-0.0017675103549357337
2021-02-22,359.3735046386719,361.77842431901905,359.1042196026477,359.4013597570989,67414200,-0.007691685422798744,-0.007721419000803337
2021-02-23,359.80999755859375,361.15639469065013,353.0316528102948,357.17294188013483,107284100,0.0012145940484975526,0.001213857025874725
2021-02-24,363.77484130859375,364.2019909749651,357.7393191021612,358.7235712258007,72433900,0.011019270662023128,0.01095900084779678
2021-02-25,355.0093688964844,363.8769599629682,353.5701404616122,362.51200240283123,146670500,-0.02409587309715444,-0.024390928026319474
2021-02-26,353.18011474609375,358.0271036542426,351.20234468696304,356.8850154751008,152701600,-0.00515269260661122,-0.005166013505862404
2021-03-01,361.7413330078125,362.98560406297776,353.3751899411778,358.03645997578053,105348800,0.024240374540547283,0.023951239832267414
2021-03-02,358.9185791015625,362.19633073939394,358.41715856200267,361.964195274004,79595300,-0.007803238526212453,-0.007833843105813122
2021-03-03,354.1643981933594,359.1877840030245,354.06224386816876,358.22212100889243,119940200,-0.01324584790261818,-0.013334356596620498
2021-03-04,349.78167724609375,356.5600204671109,345.30609935501286,353.97867561907805,183433000,-0.012374820760139849,-0.01245202645350991
2021-03-05,356.216552734375,357.26580967154143,346.0118857739026,353.27306228530506,152039600,0.018396834102187398,0.018229659558454132
2021-03-08,354.4429626464844,359.9770636155982,354.1644114525265,357.1728776946545,123149200,-0.004978965952806669,-0.004991402301062616
2021-03-09,359.50360107421875,362.0477969623382,357.7764983032908,358.277918893154,113633600,0.014277722965490902,0.014176756194501369
2021-03-10,361.7413330078125,363.4312860296286,360.43211389392627,361.8434873497362,109899400,0.006224504919859708,0.006205212704050561
2021-03-11,365.4090576171875,367.3775617218999,363.7469598417814,364.201964598063,86245000,0.010139080814676404,0.010088025149780631
2021-03-12,365.9011535644531,366.04042915723414,363.2455378059453,364.0533645809201,64653600,0.0013466988215196096,0.0013457928359635715
2021-03-15,368.0833435058594,368.34333413654235,364.01632494693365,366.15196024634,73427200,0.005963878277366108,0.005946164747977038
2021-03-16,367.6189270019531,369.4017110962296,366.84822156602263,368.69603871329787,73722500,-0.0012617156198453383,-0.001262512253151645
2021-03-17,368.8724670410156,369.6709992628649,365.1954216836132,366.33753812086064,97959300,0.003409889826091028,0.0034040893340637132
2021-03-18,363.50555419921875,368.37110416522074,362.8277084837041,366.2911796002453,115349100,-0.014549507814580531,-0.01465638989130575
2021-03-19,362.8330078125,364.7800131432064,360.6624031983592,363.20563537867605,113624500,-0.001850168116964035,-0.001851881792045433
2021-03-22,365.73016357421875,367.10891663764517,363.28942068287944,363.3453133880508,73778600,0.00798481863374434,0.007953108656538808
2021-03-23,362.85162353515625,366.54068471271836,362.0690971295922,365.0967422553669,90686600,-0.007870666206284516,-0.007901803387400735
2021-03-24,361.0070495605469,365.87923909623805,360.9604817803928,364.248968775631,97588600,-0.0050835489080583995,-0.00509651410093477
2021-03-25,363.0379333496094,363.8297562145069,357.6347344917859,359.57244319585334,116128600,0.005625607011094935,0.005609842380084734
2021-03-26,368.8882751464844,369.2888490443927,363.58756519155156,364.18376357430776,114409100,0.016114960061876182,0.01598649242255036
2021-03-29,368.7018737792969,369.60551031662703,365.935071468474,367.4162848468423,108107600,-0.0005053057517576676,-0.0005054334617325826
2021-03-30,367.7237243652344,368.3944651831491,366.1306971541533,367.4349359437374,76262200,-0.0026529548223777066,-0.0026564801434145126
2021-03-31,369.2142639160156,370.77001997622074,368.26405952663214,368.2920058783888,112734200,0.0040534223168609,0.004045229332908462
2021-04-01,373.2013854980469,373.257306623369,370.9376460344491,371.1425953951237,99682900,0.010798937017607146,0.010741044906504618
2021-04-05,378.5580749511719,379.09840904135075,375.7819756542243,375.8564897892532,91684800,0.014353348249166675,0.014251314141270392
2021-04-06,378.3344421386719,379.3778104361055,377.66370131465686,377.9990859414913,62021000,-0.0005907490218742817,-0.0005909235828288987
2021-04-07,378.7723388671875,379.1170200378233,377.7103490017058,378.16681558663885,55836300,0.0011574328946639678,0.0011567635856149002
2021-04-08,380.57025146484375,380.62614416673193,379.08903800549706,380.02062094317336,57863100,0.004746683992377543,0.004735454010677364
2021-04-09,383.3370056152344,383.50471212941807,380.3280113007407,380.44912161611995,61104600,0.007270022130582143,0.007243722906728058
2021-04-12,383.4768371582031,383.7469757570129,382.135355372954,382.74087863290447,56704900,0.00036477444368920864,0.00036470792966640975
2021-04-13,384.6133728027344,385.2375459689583,382.992427357714,383.3743798281407,56551000,0.002963766085466002,0.0029593827893352807
2021-04-14,383.29974365234375,385.63799708242254,382.759409722935,384.58530399928327,61659900,-0.0034154536562730486,-0.00342129963301609
2021-04-15,387.41741943359375,387.6875864651336,385.3865753074208,385.43314308577106,60229800,0.010742704239804501,0.010685411347769541
2021-04-16,388.7121887207031,389.3177117620783,387.28686839207984,388.7028637966423,82037300,0.003342052324343925,0.003336480079179675
2021-04-19,386.8026123046875,388.227933315343,385.4797802188034,387.78079162080644,78498500,-0.00491257148971902,-0.004924677834169029
2021-04-20,383.97064208984375,386.6908489859736,382.4987247820928,385.59158768451925,81851800,-0.007321486786167286,-0.007348420413870133
2021-04-21,387.60382080078125,387.8087702377132,383.2160435505105,383.35580377133965,66793000,0.009462126299977447,0.009417640781156781
2021-04-22,384.06365966796875,388.2651075101176,383.0016699793457,387.43601353904774,97582800,-0.009133452620509797,-0.00917541832216782
2021-04-23,388.2278747558594,389.6345741269456,384.54813911119874,384.6226532391619,73209200,0.010842512648790326,0.0107841540653489
2021-04-26,389.0383605957031,389.60664100563645,388.2931055721406,388.8800074072831,52182400,0.0020876549381041443,0.0020854788146707558
2021-04-27,388.95452880859375,389.53213415675737,387.8179963971385,389.33648125494796,51303100,-0.00021548462979592564,-0.0002155078499445481
2021-04-28,388.84271240234375,390.342575715046,388.3769209336228,389.2246648182536,51238900,-0.0002874793786113994,-0.0002875207087291903
2021-04-29,391.3206481933594,391.9354962207072,387.9483231827708,391.56286880615835,78544300,0.006372591569754338,0.0063523724613811965
2021-04-30,388.74957275390625,389.90475500080083,387.8552610382918,389.057011063111,85527000,-0.006570252429365042,-0.006591931548221287
2021-05-03,389.5880432128906,391.1158246327663,389.0943053331574,390.73387217038277,68128300,0.002156839563950186,0.0021545169246052517
2021-05-04,387.1845397949219,388.09750141176715,383.5048038327527,387.60376353614816,101591200,-0.006169345953606076,-0.0061884550024485325
2021-05-05,387.3056640625,389.0570447951,386.74670853065714,388.82414902597037,60162200,0.00031283342987364904,0.0003127845076989543
2021-05-06,390.39849853515625,390.52890537303807,385.3772524687335,387.38015025282107,74321400,0.00798551314797491,0.00795379766889144
2021-05-07,393.2398376464844,393.89195716185367,390.48235974282153,391.1624256128691,67733800,0.007278048255793257,0.007251691071230201
2021-05-10,389.3457946777344,393.81738162988034,389.2246843410474,393.59381081117,81852400,-0.009902463066955747,-0.00995181855190001
2021-05-11,385.8709411621094,386.85841675179097,382.0048778519801,384.8368977997584,116888000,-0.008924851797875943,-0.008964916848921492
2021-05-12,377.6730651855469,384.3618242624742,376.3595297518344,383.09488503627756,134811000,-0.021245123957438605,-0.021474049781425152
2021-05-13,382.2098693847656,384.1382530041698,379.1728997288725,379.21949593633536,106394000,0.012012517220389762,0.011940939583632433
2021-05-14,388.078857421875,388.9266014154042,384.9114807136324,384.9394270681594,82201600,0.015355406825460882,0.015238705711811053
2021-05-17,387.09130859375,387.9018095813703,385.0790861586322,386.9702267000928,65129200,-0.002544711749270734,-0.002547955031528184
2021-05-18,383.7562561035156,387.5943730427938,383.5978745039429,387.3521523950896,59810200,-0.008615673915154942,-0.008653003400765016
2021-05-19,382.7501525878906,382.92715562063444,377.5985000735296,379.07974196431326,106467100,-0.0026217253780838057,-0.0026251681186595546
2021-05-20,386.8677673339844,388.12541000565056,383.50476652206805,383.6258484249689,78022200,0.010757970227453395,0.010700514966424733
2021-05-21,386.5510559082031,389.5880256140857,386.0945893314259,388.3490042918943,76578700,-0.0008186555007252405,-0.0008189907821388124
2021-05-24,390.4917297363281,391.56304469550713,388.54469589363157,388.7869166152356,51376700,0.0101944459027965,0.01014283301927524
2021-05-25,389.6253356933594,391.92634725908783,389.0477586770462,391.5723411059508,57451400,-0.0022187257168129193,-0.0022211907355246946
2021-05-26,390.39849853515625,390.90153289083105,389.1781270673312,390.21217056143115,43088600,0.001984375170113184,0.0019824088984893343
2021-05-27,390.6034240722656,391.9355808710809,390.3239321287522,391.4232216191229,56707700,0.0005249137429530482,0.0005247760239259101
2021-05-28,391.30206298828125,392.42927026125136,391.06916727892735,392.1684282039611,58520200,0.00178861441799949,0.0017870167520199402
2021-06-01,390.9573974609375,393.7987138563774,390.51955237272466,393.65898211112926,54216600,-0.0008808170463289189,-0.0008812051936046999
2021-06-02,391.572265625,392.4107130596126,390.6034397848831,391.60953690489885,49097100,0.0015727242099925487,0.0015714887744355162
2021-06-03,390.1189880371094,391.2555203916502,387.79935555163786,389.2619476298755,58138800,-0.003711390503030154,-0.0037182948010879395
2021-06-04,393.6870422363281,393.98515566544813,390.1842805183219,391.96360773445116,55938800,0.009146066478772141,0.009104494500547488
2021-06-07,393.3050537109375,393.85468430384935,392.3734706525122,393.67768124837585,51555000,-0.0009702847297710093,-0.0009707557607134922
2021-06-08,393.388916015625,394.2552814880263,391.563021073544,394.162117490748,47134300,0.0002132245794865817,0.0002132018503568151
2021-06-09,392.8019714355469,394.3018348687151,392.57840061009364,394.2272923071258,48436300,-0.0014920211429008123,-0.0014931353148295303
2021-06-10,394.6278381347656,395.5780709347275,392.7087795402519,394.0223149057569,51020100,0.004648313481080191,0.0046375434341111585
2021-06-11,395.2799072265625,395.39169261710816,393.891857911201,395.17744676177955,45570800,0.001652364655466032,0.0016510010029495339
2021-06-14,396.1650085449219,396.26746903201445,394.1527857880061,395.3917787091995,42358500,0.002239176093137729,0.0022366728744182564
2021-06-15,395.43841552734375,396.35134879576736,394.56272511460134,396.31410594008616,51508500,-0.001834066618469965,-0.0018357505779613874
2021-06-16,393.2304992675781,395.8016775286566,391.19035858653814,395.5781066988787,80386100,-0.005583464259083737,-0.005599110061347174
2021-06-17,393.1001281738281,394.07827907271417,390.63143860500963,392.8206646111922,90949700,-0.0003315386115594343,-0.0003315935826352702
2021-06-18,387.7970275878906,390.5167781405025,387.5914076691271,389.8251604695109,118676300,-0.013490457534504952,-0.013582280514557775
2021-06-21,393.3487548828125,393.53569247568294,388.7410312975445,389.5541556334539,72822000,0.014316064590421895,0.014214557379904538
2021-06-22,395.45159912109375,396.28343417143736,392.61966911686017,393.339353041914,57700300,0.005346004562561069,0.00533176540602263
2021-06-23,394.97503662109375,396.33023435564223,394.89092326013605,395.52646544693147,49445400,-0.0012051095533793799,-0.001205836281814128
2021-06-24,397.31146240234375,397.7320290467191,396.8628294590152,397.1151979683019,45110300,0.005915375820298774,0.005897948676383334
2021-06-25,398.72283935546875,399.17147241602134,397.73213297075046,398.05925946140326,58129500,0.003552318739034277,0.0035460241573249712
2021-06-28,399.5265808105469,399.6948074887242,398.0498768754374,399.2462030135846,53159600,0.002015789856375738,0.002013760878208071
2021-06-29,399.74163818359375,400.5454070483023,399.2088917373543,399.9098648962996,35970500,0.0005382805134281909,0.0005381356924398362
2021-06-30,400.0780334472656,400.7509687229313,399.2555538300446,399.2835916114196,64827900,0.0008415317083314555,0.0008411778190488434
2021-07-01,402.2931213378906,402.4520211210759,400.7696685970019,400.83509959729395,53441000,0.005536639618873185,0.005521368769933327
2021-07-02,405.36810302734375,405.72326732240344,402.3772728272661,403.4521211484216,57697700,0.007643634768665031,0.007614570204412944
2021-07-06,404.62969970703125,405.6391169295271,401.9005937821132,405.4241415803903,68710400,-0.0018215624633463046,-0.0018232235257093024
2021-07-07,406.0596618652344,406.34006819983387,403.3025183056718,405.3119686849688,63549500,0.003534001975728618,0.003527772064111915
2021-07-08,402.7510681152344,403.5081166897468,399.57330096190816,400.75094475455643,97595200,-0.00814804833063687,-0.008181425103786983
2021-07-09,407.0504150390625,407.3495037546776,402.55484295981864,404.2558779418757,76238600,0.010674948533216488,0.010618373537428427
2021-07-12,408.5084228515625,408.76079142536776,406.53636552867664,406.9662877159468,52889600,0.003581885089983361,0.0035754854169605436
2021-07-13,407.1158142089844,409.2187334442086,406.854118733952,407.72331850573784,52911300,-0.0034090083941406,-0.003414832302859007
2021-07-14,407.7233581542969,409.29355967985066,406.48031165768174,408.8075333770508,64130400,0.0014923123202494892,0.0014911999287717252
2021-07-15,406.3306884765625,407.0596992666777,404.43338933545084,406.38676403559714,55126400,-0.003415722081851702,-0.0034215689785681434
2021-07-16,403.1437072753906,407.5551664644616,402.7511782522762,407.5084463264103,75874700,-0.00784331898021462,-0.00787423959279908
2021-07-19,397.19000244140625,403.20902632092094,394.38611039278754,398.3302530154178,147987000,-0.014768194880733554,-0.014878330350556628
2021-07-20,402.88189697265625,404.15300952398457,397.05913759218004,397.85357937142714,99608200,0.014330407352309171,0.014228697607968799
2021-07-21,406.143798828125,406.28401626491234,402.83522636423976,404.0782727663207,64724400,0.008096422003518677,0.008063821823884246
2021-07-22,406.9942932128906,407.23730633204167,405.3400070746696,406.3213579405747,47878500,0.0020940720681188463,0.0020918825553378354
2021-07-23,411.181396484375,411.51784981607466,408.2373157413509,408.9195778381852,63766600,0.010287867278016671,0.010235307350455771
2021-07-26,412.1908264160156,412.20018185039044,410.5458957579973,410.59261588453984,43719200,0.0024549503948168017,0.0024519419268500624
2021-07-27,410.3122253417969,411.18142503169713,407.4896224241449,411.15338725210887,67397100,-0.004557600397255612,-0.004568017922608907
2021-07-28,410.1439514160156,411.51785959844165,408.72332311063053,410.93839316496434,52472400,-0.0004101118986671315,-0.00041019601755140205
2021-07-29,411.8450012207031,412.91982079238494,411.05991487644866,411.06927031045103,47435300,0.0041474457902273,0.004138868843704738
2021-07-30,409.84490966796875,411.29357581662805,409.1532635675781,409.28412555399376,68951200,-0.004856418183554756,-0.004868248901157934
2021-08-02,408.9851379394531,412.1068017672402,408.62997362876183,411.55537295109866,58783300,-0.0020977977479631482,-0.002100001207806879
2021-08-03,412.31231689453125,412.43382344600275,407.59244339115173,409.7794757496443,58053900,0.008135207484166962,0.008102295062857213
2021-08-04,410.2842102050781,412.2843051456388,410.0505525213927,411.0319033838049,46732200,-0.004918860306498907,-0.004930997717700888
2021-08-05,412.8824768066406,412.96659014888616,411.12536648595767,411.4431375086628,38969700,0.006332845712643476,0.0063128775046132615
2021-08-06,413.5647888183594,413.9853841029397,412.91989126076,413.20029762470335,46930000,0.0016525574468453375,0.0016511934762741668
2021-08-09,413.22833251953125,413.8545192015544,412.46192839518204,413.53674814277605,41222600,-0.0008135516076923643,-0.0008138827203985838
2021-08-10,413.7422790527344,414.45260745639985,412.99458596031207,413.6768480634151,43339300,0.0012437349831979638,0.0012429621855476953
2021-08-11,414.7703857421875,414.86385451105014,413.6862107732414,414.8077789542653,44034300,0.002484896375122725,0.0024818141251171525
2021-08-12,416.01348876953125,416.15370620330873,413.72366049428854,414.62089804805976,38909400,0.00299708723205816,0.0029926049198071842
2021-08-13,416.7705078125,416.78919015715337,415.9760660634455,416.4620637284058,39470300,0.0018196983112441778,0.0018180446660585282
2021-08-16,417.75189208984375,417.8827255582406,413.9199004513762,415.4713908619817,73740000,0.0023547354214066285,0.002351967376444953
2021-08-17,415.0133972167969,415.8732414325838,412.0319231944984,415.2003062311289,92673900,-0.006555314110840538,-0.00657689454510401
2021-08-18,410.4710998535156,415.56484852636714,410.2281152693712,414.00400272308775,89351900,-0.010944941521751406,-0.011005278051306517
2021-08-19,411.1066589355469,412.3030136509168,407.61114913490746,407.7513380397817,92812200,0.0015483649939254107,0.0015471675127807654
2021-08-20,414.3778381347656,414.70496457219946,410.96644191047403,411.45246811100355,72008700,0.007957008547827105,0.00792551848945757
2021-08-23,418.02294921875,418.9295421673049,414.45265298648917,416.0602189821948,54973000,0.008796587916940934,0.008758123344197795
2021-08-24,418.6865234375,419.21926979163254,418.1724879522138,418.6865234375,38744700,0.0015874109782492152,0.001586152373215201
2021-08-25,419.5650939941406,420.0791294982954,418.49960124676494,418.87347636542324,40529700,0.002098397028467369,0.002096198468520045
2021-08-26,417.0882873535156,419.5183042507706,416.9948185830064,419.2846465858296,57829600,-0.005903271449601566,-0.005920764635161767
2021-08-27,420.81756591796875,421.19141257627103,417.836091042533,417.89216661514473,77235100,0.008941221025687174,0.00890148499242874
2021-08-30,422.6680603027344,423.4531466839395,421.2474033554113,421.4904164695936,48357400,0.004397379136797497,0.0043877389159664056
2021-08-31,422.04193115234375,422.9111310526147,421.44378220213764,422.5746776161247,59300200,-0.0014813732316139028,-0.001482471549752975
2021-09-01,422.2661437988281,423.4905077483613,422.03248612109024,422.9764722664043,48721400,0.0005312568015982677,0.00053111573466328
2021-09-02,423.5652770996094,424.3690457877398,422.3689509787344,423.6867836507604,42501000,0.0030765746197265464,0.0030718516486003943
2021-09-03,423.4625244140625,423.97658848478034,422.032540383355,422.43445331796556,47170500,-0.00024258996452797277,-0.00024261939423308125
2021-09-07,421.9483947753906,423.2101520054819,421.27545948751975,423.1166832249812,51671500,-0.0035755930014513826,-0.0035820007129128075
2021-09-08,421.434326171875,422.1446546206983,419.51831615140816,421.41564382630884,56181900,-0.0012183210313888582,-0.0012190637877950762
2021-09-09,419.6304626464844,422.98578312246457,419.387449559995,421.2380284408069,57970400,-0.004280295679225166,-0.004289482368645873
2021-09-10,416.32196044921875,421.9764655786585,416.2004538773262,421.5558988174952,89948200,-0.007884323212380417,-0.007915568830703643
2021-09-13,417.38739013671875,419.57445120398825,415.07885103030503,419.31275573342043,83738600,0.0025591484204925408,0.0025558793762985327
2021-09-14,415.1349182128906,419.03231214319595,414.2470076652523,418.8266922544094,78197100,-0.005396597925707125,-0.0054112121621117774
2021-09-15,418.6024169921875,419.0977701394543,414.4526542585058,415.5555116773011,78792200,0.008352703246992776,0.008318012461917013
2021-09-16,417.9387512207031,419.0509353227187,414.9946422008778,418.0789400972042,77786700,-0.0015854322491806183,-0.0015866903768489474
2021-09-17,413.8675842285156,417.58995585814006,413.5112822234877,417.16804186326874,118425000,-0.009741061292585451,-0.009788815802937386
2021-09-20,406.96673583984375,409.32954038102963,402.10981691745377,407.7543373535724,166445500,-0.016674049023519544,-0.016814625826107814
2021-09-21,406.58233642578125,410.59537031179264,406.05726871090457,409.30144322368784,92526100,-0.0009445475028057038,-0.0009449938688963514
2021-09-22,410.5484924316406,412.5831513891095,406.6948671942367,408.85139337293356,102350100,0.009754865498401655,0.009707593967628768
2021-09-23,415.53662109375,417.1399803704705,412.17993634176355,412.41434258074156,76396000,0.012149913479319263,0.012076695743372065
2021-09-24,416.2210693359375,416.9336734105124,413.68947068134617,413.9051347076099,62094800,0.001647143013258301,0.0016457879609777725
2021-09-27,415.0303649902344,416.35239112758217,414.33650299714867,415.1897452245322,61371100,-0.002860749811639418,-0.00286484957718434
2021-09-28,406.666748046875,412.5925453791143,405.93540163406385,412.2643708805607,130436300,-0.02015181935797916,-0.02035763703073132
2021-09-29,407.3511657714844,409.77961092728947,406.78858508585967,408.0449990691309,82329200,0.0016829940679843336,0.0016815794204744015
2021-09-30,402.3724060058594,409.5264607159928,402.03484612674845,408.82324196639286,140506000,-0.012222279408960812,-0.01229758570474388
2021-10-01,407.15423583984375,408.83259245748525,400.5815046124614,404.0975980601775,129240100,0.011884089869509395,0.011814028603493577
2021-10-04,401.90362548828125,406.89176913571015,399.76581284989487,405.9916570765266,128570000,-0.012895875541444335,-0.012979749207632263
2021-10-05,406.08544921875,408.3263583984505,402.6068680010138,403.40382646967265,90682500,0.010405041072690357,0.010351281226863003
2021-10-06,407.7731018066406,407.97938044868795,400.8721956255004,402.49426854273986,113032200,0.004155905096174806,0.0041472931745647375
2021-10-07,411.2984924316406,414.1301089868626,410.8671930416219,411.0453440402457,72437500,0.008645471242170633,0.008608313168121743
2021-10-08,410.5484924316406,412.45189876084635,409.9202996692927,412.0674690550003,74557400,-0.0018234931899845375,-0.0018251577775753856
2021-10-11,407.5762634277344,412.79884218436496,407.5106228023292,409.89219860577384,65233300,-0.007239653923223566,-0.007265987391460872
2021-10-12,406.57293701171875,408.89825725037673,405.7853354665387,408.4950853785661,71181200,-0.0024616900100550287,-0.002464724950652891
2021-10-13,408.03558349609375,408.8513125536215,404.6226438533049,407.5948986632403,72974000,0.003597500844806145,0.003591045316521615
2021-10-14,414.8990478515625,415.0490712799511,411.2235453911505,411.69235787459854,70236800,0.01682074954508095,0.016680847397207193
2021-10-15,418.05877685546875,418.4244642725793,416.389805808692,417.0086416279291,66260200,0.007615657399716813,0.007586804676613381
2021-10-18,419.2965087890625,419.6340400404351,415.621006350095,416.27735526871015,62213200,0.002960664868475238,0.00295629073168554
2021-10-19,422.5313720703125,422.59698407803893,420.30917663549167,420.9186558175996,46996800,0.00771497785801345,0.007685369603518631
2021-10-20,424.1908874511719,424.4909342886698,422.87821830467027,422.9907287152216,49571600,0.003927555420862872,0.0039198627108554115
2021-10-21,425.29730224609375,425.5223230800388,423.15951848148666,423.59081795122904,41305400,0.0026082945854164485,0.002604898888464634
2021-10-22,424.8565673828125,426.30990306849355,422.91567707626706,424.86595278780356,58845100,-0.001036298281116843,-0.0010368356094342494
2021-10-25,427.1350402832031,427.4632147429343,424.17217058163135,425.9442668817109,45214500,0.005362922631575229,0.005348593370314974
2021-10-26,427.5194091796875,429.8915988533881,427.1443649707542,428.6820834256312,56075100,0.0008998767608237035,0.0008994721144677409
2021-10-27,425.62548828125,428.6446418796485,425.55046225853243,427.9789361517596,72438000,-0.0044300231937340895,-0.00443986482300214
2021-10-28,429.7322082519531,429.80720564630843,427.041229635109,427.0505864256295,51437900,0.009648670213071142,0.009602419064692896
2021-10-29,430.604248046875,430.8949094853391,427.1444097745334,427.4350712129975,70162400,0.0020292632904317376,0.0020272071168892284
2021-11-01,431.344970703125,431.96380657611127,429.61974430603044,431.5887337216653,48433600,0.0017201935642989774,0.0017187157258856784
2021-11-02,433.0889587402344,433.3983909976397,431.3824744636354,431.5137556913935,48908400,0.004043139842958121,0.004034988317514452
2021-11-03,435.73309326171875,436.1362651463071,432.08571825925554,432.5264031559585,52509800,0.006105291922416045,0.00608673013944292
2021-11-04,437.7864685058594,437.87085131761023,435.9862160130472,436.33313266603705,52847100,0.004712461082012176,0.004701392198121918
2021-11-05,439.30535888671875,441.29311894097486,437.7957966505477,440.0085775067078,66390600,0.0034694776794799154,0.003463472926691368
2021-11-08,439.68048095703125,440.89941061596096,438.9960330253521,440.4024705143944,50405200,0.000853898234392414,0.0008535338706999875
2021-11-09,438.2271423339844,440.28054321030675,436.8207049454919,440.0461369788913,51149100,-0.003305442670285208,-0.003310917714200206
2021-11-10,434.7017517089844,438.22723130169896,433.22031661586044,436.5394889244419,69429700,-0.008044665162052489,-0.008077198075908698
2021-11-11,434.8423156738281,436.2675239203641,434.8235734757579,436.1924978999976,34848500,0.000323357254234935,0.0003233049855453382
2021-11-12,438.1240234375,438.6772187538003,435.1611250038921,436.1081354103615,53466700,0.007546891471651218,0.007518556159260971
2021-11-15,438.2741394042969,439.56806675569794,437.14900633520267,439.40868649591675,46980500,0.00034263349820240485,0.00034257481275004484
2021-11-16,440.0086669921875,441.1431852512349,437.9365237158013,438.01152112700873,48857500,0.003957631609859957,0.003949820787336679
2021-11-17,438.9398193359375,439.9243142257767,438.3209833485355,439.74616317118915,47858300,-0.002429151370031968,-0.0024321065449026476
2021-11-18,440.4305725097656,440.6931063478928,437.25201023461375,439.9711168325113,50625600,0.003396258685492315,0.0033905044239227584
2021-11-19,439.6430358886719,441.5651558500262,439.2773483740664,440.31809847431913,57315600,-0.0017881061630350414,-0.0017897067331376058
2021-11-22,438.40533447265625,444.0029569483632,438.19905582510415,441.5182563851529,72762000,-0.0028152417188044287,-0.0028192119649913133
2021-11-23,438.98663330078125,439.83987544998917,435.4799250989726,438.07713594296996,73206500,0.0013259392220312805,0.0013250609409002293
2021-11-24,440.15869140625,440.2805872370219,436.17378507370955,436.98951426235885,61858800,0.0026699175249504936,0.0026663596266118766
2021-11-26,430.34173583984375,434.96422009835896,429.21657442443677,433.50152742675596,112669600,-0.022303218721053453,-0.02255569661160969
2021-11-29,435.62054443359375,437.45828126856935,432.9295654860119,435.12360436955294,86268800,0.012266550404292031,0.012191925911850416
2021-11-30,427.1444396972656,435.08612453579684,426.90064804249147,433.1827469437874,148559600,-0.019457541304322534,-0.019649331177039195
2021-12-01,422.40008544921875,435.68624501124225,422.2031922004538,432.8452422514508,131939200,-0.011107142706596851,-0.011169287612848237
2021-12-02,428.86968994140625,430.43553635703284,422.22193180478286,422.61574691393747,127637800,0.015316295415298331,0.015200185048796711
2021-12-03,425.13787841796875,431.58871344638754,420.9185665300391,430.5292213858788,137331600,-0.008701504468519028,-0.00873958361670468
2021-12-06,430.1730041503906,432.0482542479885,425.2692148441158,427.6789180869,98977500,0.011843512394517086,0.011773926887282016
2021-12-07,439.071044921875,439.63362565886325,430.0417113660508,435.442440658666,95484700,0.02068479585105143,0.020473770510602896
2021-12-08,440.2336120605469,440.6836822924531,437.71139890894136,439.4647814253452,72238800,0.002647788215865532,0.0026442890000747364
2021-12-09,437.261474609375,440.3368838174408,437.0645813487315,438.9491883572712,61272600,-0.006751273346123132,-0.006774166287871062
2021-12-10,441.3775329589844,441.52755637554407,437.4113979747184,439.9617388281514,77159800,0.009413265491286182,0.009369236794561598
2021-12-13,437.4676818847656,441.20879629669554,437.1863772299923,440.86187964178026,87724700,-0.008858292011392654,-0.008897759931856207
2021-12-14,434.45782470703125,436.6893763663621,431.541825239176,434.2046763056092,97264100,-0.00688018178798222,-0.0069039593641591875
2021-12-15,441.2463073730469,441.49007040259744,432.00131048296834,434.51416709666717,116899300,0.01562518219252529,0.015504365925512525
2021-12-16,437.3551940917969,443.3747305871484,435.80808994562267,443.0934545318682,116568600,-0.008818460837475728,-0.008857573575791897
2021-12-17,432.700439453125,437.2827106378424,430.99737826772844,434.28117656754216,135511600,-0.01064296183411706,-0.010700003239762683
2021-12-20,428.099365234375,428.4945351603184,424.4862394814665,427.62890570329984,107134800,-0.010633393912345301,-0.01069033243828455
2021-12-21,435.7020263671875,435.84315849906136,429.35082200169626,431.51492459595994,69806300,0.0177591039609466,0.01760325354487505
2021-12-22,440.0584716796875,440.1713773813337,435.2503599777173,435.44797367017134,58890200,0.009998680402804938,0.00994902432043827
2021-12-23,442.7964782714844,444.2925360057626,440.95228510851217,441.05577241344565,56439700,0.006221915422616409,0.006202639222126148
2021-12-27,449.06304931640625,449.11008378457836,444.12322414632985,444.17025861450196,56808600,0.014152260355331459,0.014053052037738671
2021-12-28,448.69610595703125,450.5214913868531,447.93396375035627,449.4958929694086,47274600,-0.0008171310463721548,-0.0008174650799241477
2021-12-29,449.27008056640625,450.28626060152465,447.8022490075834,448.7996209971791,54503000,0.0012792056845485344,0.0012783881980381715
2021-12-30,448.02801513671875,450.7002217741406,447.56697399413,449.69343150623797,55329000,-0.0027646297481497273,-0.002768458395127583
2021-12-31,446.8989562988281,448.6866969603346,446.6261104168571,447.53880315085513,65237400,-0.002520063031205999,-0.0025232437348861824
2022-01-03,449.4864501953125,449.61819265083415,445.8545162929149,448.15975083339737,72668200,0.005789885744897916,0.005773188774462122
2022-01-04,449.3359069824219,451.6223622300133,447.4822951975026,450.9072545217483,71178700,-0.00033492269416623976,-0.00033497879329803814
2022-01-05,440.7077331542969,449.74056308734737,440.6136354927347,448.969002462942,104538900,-0.019202057289542496,-0.01938881136513723
2022-01-06,440.2936706542969,443.0035221624816,437.9319546066855,440.2466361867598,86858900,-0.0009395399010505567,-0.0009399815453133305
2022-01-07,438.5529479980469,441.479221117935,437.1980222953608,440.3030723284207,85111600,-0.003953549124753986,-0.003961385060083911
2022-01-10,438.00726318359375,438.2236562011222,429.62367048499374,435.36328278709937,119362000,-0.0012442849077725082,-0.0012450596729908269
2022-01-11,441.9967346191406,442.0908322693714,434.75164626994354,437.7437907456816,74303100,0.009108231234683073,0.009067001461006965
2022-01-12,443.191650390625,445.2428756029094,441.2345515344107,443.72798110407143,67605400,0.002703449319628959,0.002699801573369504
2022-01-13,437.08514404296875,444.9418241930247,436.05954567988096,444.29258772329274,91173100,-0.013778477871309258,-0.013874282140141808
2022-01-14,437.263916015625,437.6120514809011,432.7286791584299,433.94247281173614,95890900,0.00040900949184097257,0.0004089258702593346
2022-01-18,429.5201416015625,432.7851319574491,428.4098639787604,432.578128611285,109709100,-0.017709612274034003,-0.017868303826167723
2022-01-19,425.06024169921875,432.45585270815616,424.78736709556773,431.06331069209193,109357600,-0.010383447643954491,-0.01043773173407603
2022-01-20,420.3555603027344,431.6371698449728,418.2384925675779,426.9419932565545,122379700,-0.011068269706140832,-0.011129978767458217
2022-01-21,412.1037902832031,421.58824292541317,412.07556385655806,419.23594498974285,202271200,-0.01963045288038645,-0.019825689500104472
2022-01-24,413.85382080078125,414.3619251147175,395.901098425589,406.50524550753806,251783900,0.004246577097423598,0.004237585834640881
2022-01-25,408.8011169433594,413.7409421509055,401.9135823339121,407.47441758472695,167997300,-0.01220890953149889,-0.012284050486545172
2022-01-26,407.7755432128906,417.80574473347866,403.5225703047687,414.6818862839636,186391100,-0.0025087351476361652,-0.002511887296698388
2022-01-27,405.7619323730469,415.50045053402,404.0777079047049,412.3672026513168,149878300,-0.004938037293699349,-0.004950269685810027
2022-01-28,415.8392028808594,415.886237349482,402.54401155859085,407.11686454826264,164457400,0.024835426154634188,0.024532039850121663
2022-01-31,423.3289489746094,423.6770844746201,413.82565957531546,415.17116710249303,152251400,0.01801115922179153,0.01785087997570703
2022-02-01,426.1893005371094,426.8291186076498,420.5343677869096,424.053395889453,123155400,0.006756805952979006,0.006734081047389145
2022-02-02,430.3293151855469,431.0538124863708,426.2833462117449,428.58860927324656,117361000,0.009714027647385715,0.009667149818020805
2022-02-03,420.2144470214844,426.2080966836343,419.3770152968473,424.30745056905977,118024400,-0.023504947971534795,-0.0237855957253836
2022-02-04,422.1904296875,426.0293671450485,417.6081293545503,419.97926396514714,118454400,0.004702319684678935,0.00469129831662926
2022-02-07,420.8354797363281,424.3450895509773,419.50878037886775,422.95254768054906,84472900,-0.003209333646370882,-0.0032144946027098586
2022-02-08,424.29803466796875,425.2201456654425,418.91597660458353,420.33677354523064,81012000,0.008227811338079372,0.00819414742586237
2022-02-09,430.50811767578125,430.82802671260504,428.1275935863995,428.32517855026134,92589900,0.01463613427451338,0.014530059821929113
2022-02-10,422.7737121582031,430.668007266661,420.77896856601785,424.67435811188443,140103700,-0.017965759993875285,-0.01812910361218769
2022-02-11,414.4371337890625,424.9283738605136,413.0069473874872,422.858369493594,153214600,-0.019718771837973326,-0.019915780972548286
2022-02-14,413.0823059082031,415.50989334254666,409.61973040303707,413.9291560964369,123006300,-0.0032690793618627145,-0.003274434475846499
2022-02-15,419.7440185546875,419.9133771021189,416.99652213320917,417.5140448697904,88482700,0.016126840949621135,0.01599818481834615
2022-02-16,420.2144470214844,421.58818077331404,415.82976087005267,417.7021805621434,84863600,0.0011207508529047505,0.0011201232805253594
2022-02-17,411.23809814453125,420.186247943638,410.63592485416507,417.0341632264874,102259100,-0.0213613523775259,-0.02159280813922974
2022-02-18,408.57537841796875,412.7436438259374,406.30775956776904,411.4922051366793,132642900,-0.006474885810863418,-0.006495938810378825
2022-02-22,404.190673828125,409.77031787811296,400.69984286814764,406.373613297068,124391800,-0.010731690702512786,-0.010789690626582988
2022-02-23,397.0208740234375,407.66266804171244,396.4563167518518,407.0981107701267,132578000,-0.017738657195579766,-0.017897872832772645
2022-02-24,402.9956970214844,403.4285405442477,386.3790885937456,386.73661378294065,213942900,0.015049140710153619,0.014937025814569111
2022-02-25,411.8873596191406,411.97203889724267,402.5816554040874,404.2282639234101,121804500,0.022063914486864178,0.021824028462907073
2022-02-28,410.8335876464844,412.310837799765,405.2539432371121,406.5053532384751,145615000,-0.0025583984262849135,-0.002561676720187089
2022-03-01,404.576416015625,411.3416268267393,401.8759540045587,409.3374644946176,137785900,-0.015230428618809966,-0.015347602861807521
2022-03-02,412.0190124511719,413.74088149381066,406.07239780068846,406.82512147422693,117726500,0.018396021470661994,0.01822886160639614
2022-03-03,409.9678039550781,415.04876074406366,408.1706452434173,414.4465875237106,105501700,-0.004978431659963367,-0.0049908653348261535
2022-03-04,406.6370849609375,407.76617083234146,402.60053333781974,406.24188624147126,113978200,-0.00812434284353114,-0.008157525162079876
2022-03-07,394.6496887207031,406.7593128666358,394.5838174926232,406.0536235461076,137896600,-0.029479348253211857,-0.02992259710768115
2022-03-08,391.6575622558594,401.9700272063481,390.5943191141427,394.82845492231417,164772700,-0.007581727669779825,-0.00761061507057257
2022-03-09,402.158203125,404.13413881650297,397.8393882545467,400.02232727972273,116990800,0.026810770124440664,0.02645765897857739
2022-03-10,400.3422546386719,401.2361105228519,395.6000145047704,397.55711352812676,93972700,-0.004515507758432236,-0.004525733458018994
2022-03-11,395.2519226074219,403.4379021571393,394.7438182155745,402.8263104395944,95636300,-0.012714950700980276,-0.012796477496689738
2022-03-14,392.36328125,399.46720926881693,391.22477713105775,396.0234704863825,95729200,-0.007308354981212739,-0.007335191842965825
2022-03-15,400.9914855957031,401.62188528128036,393.69936293232934,394.9695806826798,106219100,0.021990346084922008,0.021752045636038907
2022-03-16,409.8831787109375,409.9396315604553,399.7024270341616,404.4917305799787,144954800,0.022174269117023915,0.02193199497204681
2022-03-17,415.0111389160156,415.0111389160156,407.5966928036644,407.97305465049794,102676900,0.012510784709939271,0.012433171507201753
2022-03-18,419.55670166015625,419.8776045343294,412.6666654946888,413.40286121868064,106345500,0.010952869255541842,0.010893321004643389
2022-03-21,419.43402099609375,421.3877523283893,415.93234592986585,419.3868116069883,88349800,-0.0002924054450258451,-0.00029244820383346075
2022-03-22,424.3420104980469,425.27640505720075,420.8214687288552,420.8214687288552,74650400,0.011701457812834049,0.011633525182345518
2022-03-23,418.87713623046875,423.303758234989,418.79219389310117,421.8125003060186,79426100,-0.01287846626631206,-0.012962112647130191
2022-03-24,425.19146728515625,425.2009149244502,419.78326986493045,420.89699675804104,64736900,0.015074422804526977,0.014961932765878908
2022-03-25,427.2679443359375,427.54166664957455,423.247167191328,425.8238668662759,77101300,0.004883628225278214,0.004871741995865568
2022-03-28,430.3070068359375,430.3070068359375,424.7855254116311,426.6732093991703,68529800,0.007112779089297971,0.007087602588873548
2022-03-29,435.6303405761719,436.12115693733773,431.5057549157547,434.18626321308204,86581500,0.012371013382693974,0.012295117693296224
2022-03-30,432.9404602050781,435.3000658769964,430.8356815763662,434.48834654789084,79666900,-0.006174685554583004,-0.006193827764195619
2022-03-31,426.27691650390625,432.997068540125,425.8238618663555,432.1759304126346,121699900,-0.015391362816992049,-0.015511039420453763
2022-04-01,427.4850158691406,427.99466991123313,423.91729355560483,427.8530993439852,89048800,0.0028340717464661047,0.0028300633367619055
2022-04-04,431.1470947265625,431.2509323439472,426.86207198374484,427.683210068739,59601000,0.008566566596436953,0.00853008178312717
2022-04-05,425.7010803222656,432.11919476582733,424.55903950236103,429.65578083151576,74214500,-0.012631453327432873,-0.012711908361356323
2022-04-06,421.44439697265625,423.71906006741074,418.5656898647818,421.7936427720497,106898000,-0.009999230789799696,-0.010049558873802983
2022-04-07,423.56805419921875,425.38024389891154,418.6223302828864,420.56664291276263,78097200,0.0050389974141720195,0.005026344155392821
2022-04-08,422.4353942871094,425.3235486630253,420.8969271331609,422.8129253472982,79272700,-0.002674091921900823,-0.0026776736924516193
2022-04-11,415.215087890625,420.00979376147524,414.7148526591951,419.1697603481383,89770500,-0.017092096197737328,-0.017239852133244114
2022-04-12,413.6766357421875,420.71769099701174,412.12872059672054,418.19761946757274,84363600,-0.003705193268031648,-0.0037120744993951204
2022-04-13,418.4146423339844,419.16970449840653,413.25182485427155,413.4311571589825,74070400,0.011453406314079873,0.011388312614197257
2022-04-14,413.2046813964844,419.7549485147844,413.1008437773758,418.64119283709516,97869500,-0.012451669732297166,-0.012529841361239464
2022-04-18,413.3746032714844,415.0546413726437,411.1471205194664,412.27974277354747,66002500,0.000411229307532901,0.0004111447759350003
2022-04-19,420.04754638671875,420.76484688177004,413.1008527235854,413.27073740895713,77821000,0.01614260542961299,0.01601369898160856
2022-04-20,419.73602294921875,422.4354264021452,418.57511557097627,421.82193478222695,65224400,-0.0007416385125439406,-0.0007419136624351667
2022-04-21,413.4595031738281,424.73842874926703,412.55342274585064,423.3509795921558,85417300,-0.014953493224835746,-0.015066423924474453
2022-04-22,402.1144714355469,413.478308876768,401.54816044987837,412.374029818299,132471800,-0.02743928160120568,-0.027822770067031505
2022-04-25,404.44586181640625,404.61574651272133,395.3188943584106,399.87766866932645,119647700,0.005797827600027228,0.0057810848806837565
2022-04-26,392.7326965332031,402.1144891433886,392.7043824228615,401.9162615672227,103996300,-0.028961021459332437,-0.029388668818168484
2022-04-27,393.83697509765625,399.169705902769,391.7039115793856,393.8086609873536,122030000,0.0028117815863080153,0.0028078359229620387
2022-04-28,403.78509521484375,405.51234242525084,394.14847523083597,398.57509707971343,105449100,0.025259487417911286,0.024945739007675483
2022-04-29,388.863037109375,401.95412552190345,388.11739360908206,399.80216617743,145491100,-0.036955445563262024,-0.03765560196481572
2022-05-02,391.2037048339844,392.56283983474725,382.2749373532382,388.92904179526005,158312500,0.006019259999635818,0.006001216623144465
2022-05-03,392.99700927734375,395.4037953011167,390.1465874755705,391.7039501067172,100028200,0.004584068149662279,0.004573593308653133
2022-05-04,404.96490478515625,405.53121582781534,390.47692222902697,393.65766562044956,144247900,0.030452892071162196,0.029998406641332912
2022-05-05,390.5713195800781,401.1329155913623,386.4467339742489,400.7081751004019,172929100,-0.03554279651150083,-0.036189819327909586
2022-05-06,388.2400207519531,391.50570647733946,382.9450801949944,388.01350785652954,151770800,-0.005968945263649883,-0.005986830624103014
2022-05-09,375.8097229003906,383.5869746829245,374.2334934949819,382.3505435030445,155586100,-0.032017044063327615,-0.032540799364011566
2022-05-10,376.6779479980469,383.27539519585025,372.6477525173204,381.7746896823651,132497200,0.002310278432807733,0.002307613842763323
2022-05-11,370.6940002441406,381.3499860628742,369.94835688896774,375.71524733858433,142361000,-0.015886111161297123,-0.016013647937581792
2022-05-12,370.3069763183594,373.57266165703663,363.5207498600562,367.5037643543331,125090800,-0.0010440523060161189,-0.0010445977082770067
2022-05-13,379.1602783203125,380.53827982576547,373.3933876739787,374.43161982347493,104174400,0.023908007594060976,0.023626686247866076
2022-05-16,377.621826171875,381.2839385536254,375.27166828724563,377.5180173546355,78622400,-0.004057524578399585,-0.004065778666260548
2022-05-17,385.3896484375,385.62560898408395,379.9719747013643,383.70016285890136,83029700,0.020570374187241613,0.020361661387148712
2022-05-18,369.8539733886719,381.12345103452697,368.61754246873323,380.840309909265,117674500,-0.0403116044030114,-0.04114663513011953
2022-05-19,367.5887451171875,372.0059481432004,365.3707103676318,366.7959211904098,98510700,-0.006124655768139808,-0.006143488407275495
2022-05-20,367.74920654296875,374.7336324078952,359.1696852051724,371.16591037827914,131432200,0.0004365243166792876,0.0004364290676577627
2022-05-23,374.6298522949219,375.3943621595535,368.45711634736125,370.7695124155736,76414900,0.018710157981399078,0.01853727607825408
2022-05-24,371.76995849609375,372.9591798912348,365.2291112058376,370.5146324408455,91448800,-0.007633918603413115,-0.007663206107525597
2022-05-25,375.0545959472656,377.0178039870792,369.8823587734453,370.2787563943249,91472900,0.008835134136332856,0.008796332715090699
2022-05-26,382.5486755371094,384.18153289436907,376.073931942696,376.2815783765453,82168300,0.01998130317778446,0.019784296910320843
2022-05-27,391.9399108886719,392.0531673410909,384.80446634850006,385.0026651402334,84768700,0.02454912525413122,0.024252638014903693
2022-05-31,389.74072265625,393.07248421298215,387.00358624823434,390.3259001664865,95937000,-0.005611034169588636,-0.005626835156118766
2022-06-01,386.5882873535156,392.86483164009155,384.0776638781302,391.8549424707136,86585800,-0.008088544818332544,-0.008121434570524123
2022-06-02,393.9502868652344,393.9974674509903,384.1815149003103,386.4278638148007,79609600,0.0190435141274381,0.018864456103568683
2022-06-03,387.4850158691406,390.7884638335638,386.5128594774759,389.2405486758481,71874300,-0.016411387963541246,-0.01654754654724246
2022-06-06,388.664794921875,393.21409252066996,387.49441098526677,391.48687393580764,57508900,0.0030447088388387833,0.0030400830998559172
2022-06-07,392.3929138183594,392.8459684053957,384.7194727728496,385.1819749982957,59272400,0.009592118826285079,0.009546406540473085
2022-06-08,388.1268005371094,392.4684805286195,387.33397652533813,390.6846048993001,64350000,-0.01087204465477376,-0.010931577219279105
2022-06-09,378.89593505859375,388.61749614412264,378.89593505859375,386.3522811032372,86289800,-0.023783117954600086,-0.024070502044736687
2022-06-10,367.90972900390625,373.55391651113854,367.8625484088817,372.7044641742221,132893900,-0.02899531253347587,-0.02942398323951463
2022-06-13,353.9407958984375,360.3683584476511,352.3362527688543,358.5184359528124,170004900,-0.037968371054738936,-0.03870795053543353
2022-06-14,352.8742980957031,356.7157429736958,349.77849666174114,355.68695837561785,104011800,-0.0030132095963314454,-0.003017758452436599
2022-06-15,357.90496826171875,362.34100925128496,351.2225494582893,356.1682732930812,125666800,0.014256266872265222,0.014155601909353603
2022-06-16,346.0597229003906,350.10881384000515,343.63404163139757,349.702968623294,134473300,-0.03309606295452783,-0.03365612967811796
2022-06-17,346.8056640625,350.14235777027204,343.30786923756034,346.4739155238614,111113900,0.0021555272478910315,0.0021532074320522103
2022-06-21,355.53607177734375,356.9200257502837,352.44584583713896,352.52169557516805,76811900,0.0251737748818035,0.02486213469074046
2022-06-22,354.8915100097656,358.99598772773135,350.90074904768903,351.3178358414842,90059400,-0.001812929316442946,-0.0018145746616933048
2022-06-23,358.3703918457031,359.1002793406204,353.46966494173824,357.0243625508475,79292100,0.009802662892222314,0.009754928488341998
2022-06-24,369.7642822265625,369.77377067490386,361.5079146879787,361.5363511048066,98050300,0.031793615321226154,0.03129866190582301
2022-06-27,368.35198974609375,370.97771602411575,367.2618882407592,370.6838633295004,66009600,-0.00381943997393297,-0.003826752660975024
2022-06-28,360.8255310058594,372.6840125215524,360.7117853009558,369.9066154900696,86548900,-0.020432789695047915,-0.020644426999099127
2022-06-29,360.5316467285156,362.3611241546952,358.71165775298255,361.3753088463661,65676000,-0.0008144775025328288,-0.000814809369544941
2022-06-30,357.60247802734375,360.83488560760253,353.15673516451756,356.6450704858744,112508300,-0.008124581372401907,-0.008157765644742927
2022-07-01,361.3847961425781,361.8208599109863,354.3322732319177,356.94854012954494,74839700,0.010576878930198985,0.010521335056857175
2022-07-05,362.0672607421875,362.08623764291843,353.4791138897527,356.3039239194396,81438000,0.0018884707018502755,0.001886689782844149
2022-07-06,363.2900390625,365.7735827766986,359.83013971421116,362.2093972721212,70426200,0.003377213166984472,0.00337152318984173
2022-07-07,368.73114013671875,369.52738892243804,363.3090402764563,365.0626968664323,64525900,0.014977292216048488,0.014866240042551784
2022-07-08,368.4278564453125,370.2952588737565,365.57460971282467,367.100746104859,72397800,-0.0008225063152892398,-0.0008228447592028151
2022-07-11,364.2190856933594,366.7215778956689,363.5270941091934,365.7547105106273,58366900,-0.011423595361546357,-0.01148934584459211
2022-07-12,360.9961242675781,366.0485507559225,359.25195608212715,363.66926385832295,62219200,-0.008848963583678593,-0.008888348175958436
2022-07-13,359.1001892089844,362.0292847605267,355.14738265957544,355.56446938861467,84224600,-0.005251954054743324,-0.005265794044702016
2022-07-14,358.2281494140625,359.30876226262916,351.71594911911046,354.15207948496095,89704800,-0.0024284024935847803,-0.0024313558451732747
2022-07-15,365.0721435546875,365.1858892356065,360.7211976903377,362.62649570213034,79060400,0.019105126584327392,0.01892491534160202
2022-07-18,362.0577697753906,368.825898190188,360.8349458407432,368.1528836213448,63203600,-0.008256926288448319,-0.008291203517755212
2022-07-19,371.8403015136719,372.40905889172745,365.31864088700104,365.97267860433266,78506000,0.02701925646934744,0.026660680984218883
2022-07-20,374.2100524902344,375.62247177061846,370.66484393622255,372.02984989964705,71843800,0.006373034248616349,0.006352812336998198
2022-07-21,378.0207214355469,378.068105826219,371.2336162126565,373.6318507302927,64903900,0.010183235110745592,0.010131735300114731
2022-07-22,374.5134582519531,379.3383643459128,372.29533041038957,378.1440056178114,72197300,-0.009277965425479318,-0.009321273830765081
2022-07-25,374.9684143066406,375.8215358224329,372.7313098957775,375.1390328241593,53631500,0.0012147922715808335,0.0012140550084699018
2022-07-26,370.5322265625,373.537114847819,369.64118001606494,373.3285714235852,52946400,-0.011830830477664755,-0.011901371678571767
2022-07-27,380.153564453125,381.8977324950311,373.5275888700464,373.82144153900765,82342100,0.025966264742702805,0.025634865840270592
2022-07-28,384.9216003417969,385.61356292258694,377.4140666940386,380.95930457713075,73966600,0.012542394270407486,0.012464390006349217
2022-07-29,390.5333251953125,391.5191695238333,385.58518450605675,386.3529969467856,87003700,0.014578877487084752,0.014473627371831952
2022-08-01,389.3768615722656,391.8793828026547,387.1302971071062,387.8412366937113,69997500,-0.0029612418414446395,-0.0029656349929994396
2022-08-02,386.8079833984375,391.4907074923848,385.632572613597,387.81277563609865,63435400,-0.006597408391077031,-0.00661926748510753
2022-08-03,392.8651123046875,394.03103437189844,388.64686041910363,388.93122459935086,67820600,0.0156592654914538,0.015537924296887416
2022-08-04,392.59979248046875,393.4718621327927,390.9598814965707,392.7893590044414,45656600,-0.0006753458525809997,-0.0006755740013166168
2022-08-05,391.9361877441406,392.5807659148732,388.26774474140564,388.3246175842232,56814900,-0.0016902829523557372,-0.0016917130923733146
2022-08-08,391.48114013671875,395.8700106498597,390.3815503961838,393.6234467801919,53886100,-0.0011610247322172418,-0.0011616992435651004
2022-08-09,389.9266052246094,391.25368644325886,388.8554517997777,390.7512903773344,44931800,-0.003970906265283847,-0.003978811247135165
2022-08-10,398.1165771484375,398.2587881715667,395.0168917661512,396.9696030117307,68665700,0.021003880766511163,0.02078634012193682
2022-08-11,398.1165771484375,402.818277227606,397.37720132659865,400.9603347598482,59489700,0.0,0.0
2022-08-12,404.85638427734375,404.9606415265143,399.1025065374671,400.05042594390983,61694500,0.01692923006919478,0.016787527692527747
2022-08-15,406.524658203125,407.04603117644456,402.59079888321116,402.64767172710765,54048300,0.004120656090823571,0.004112189438320342
2022-08-16,407.32086181640625,409.24513649357584,404.64772292648706,405.4534599727927,59289000,0.001958561669544334,0.0019566461882886267
2022-08-17,404.4298095703125,407.13138566830423,402.4297135053033,403.7283584655346,63563400,-0.007097726920250014,-0.007123035611187613
2022-08-18,405.60516357421875,406.2876376325339,403.3396227828059,404.62877901944364,49023200,0.0029062002258315456,0.002901985390084998
2022-08-19,400.1546936035156,403.1121973862413,399.282595061536,402.8467811218481,68016900,-0.013437871260496892,-0.013528976547157144
2022-08-22,391.8223876953125,395.50031863762473,390.9218529286444,395.3296712046477,77695600,-0.020822711919653236,-0.021042561855459767
2022-08-23,390.8746032714844,393.78472301716783,390.3247937734182,391.3959474140787,49105200,-0.0024189133995200507,-0.002421843696914758
2022-08-24,392.1257629394531,393.49074002484474,389.9645082393007,390.64698231789686,49177800,0.0032009234099554806,0.0031958113605647493
2022-08-25,397.6615905761719,397.70897496462175,392.52385581312956,393.6139571012594,50942300,0.01411748005339164,0.014018756498787113
2022-08-26,384.201171875,398.0881839321778,384.1442990308555,397.547891912805,103087000,-0.03384892838573894,-0.03443506816243927
2022-08-29,381.6607360839844,384.70354880710715,380.3052184856568,381.25313774516417,65370800,-0.0066122541444046945,-0.006634211944065274
2022-08-30,377.4709167480469,383.0541750206006,375.3760233037477,382.81719520790887,85652400,-0.010977863164356338,-0.011038564560736952
2022-08-31,374.5987243652344,380.3431127380741,374.46603071215685,379.10134082789193,76029700,-0.007609042857014692,-0.007638139315050051
2022-09-01,375.774169921875,376.1154069737023,369.7264403478649,372.4280160542996,78740100,0.003137879229654139,0.0031329663612663775
2022-09-02,371.8117980957031,380.6464115154421,370.0012690480302,379.43307616071115,99632100,-0.010544556127941584,-0.010600543885074108
2022-09-06,370.4089660644531,373.5939611226999,368.1908383071308,372.6555302445026,76637400,-0.0037729626613109968,-0.003780098238765556
2022-09-07,377.0633239746094,377.8311362647998,369.8781086762223,370.0961115930664,70964200,0.01796489426500103,0.01780543252879897
2022-09-08,379.52789306640625,379.98287576733065,373.59390963079943,374.79778552612436,80821700,0.006536220669297599,0.006514952205588955
2022-09-09,385.4239501953125,386.2865601335256,381.49955084530114,381.7649670625823,76706900,0.0155352405886926,0.01541580413306846
2022-09-12,389.5664367675781,390.2868647682197,387.18714981782034,387.49049096842776,69256300,0.010747870157436834,0.010690522346255284
2022-09-13,372.6270446777344,382.10623671263886,371.5085069603833,380.90236081015905,122947100,-0.043482678411410625,-0.044456380920700415
2022-09-14,374.0489196777344,375.56559617352946,370.7501504689949,373.92568555402255,85023700,0.0038158126746534737,0.00380855092858239
2022-09-15,369.80230712890625,375.3381528851013,368.53209861998994,372.4943947202488,87633800,-0.011353094008363485,-0.011418032348707537
2022-09-16,366.9810485839844,367.6378019325583,363.69728184111455,365.6294902775206,103084800,-0.0076290993607522894,-0.007658349803940332
2022-09-19,369.8269958496094,369.8269958496094,363.7639505998914,363.84011191988435,73278500,0.007755025161670481,0.0077251095188756455
2022-09-20,365.58184814453125,367.5140273539414,362.8311237056201,366.5051079074727,77274900,-0.011478739390902715,-0.01154512865222974
2022-09-21,359.2048034667969,370.5504007332188,359.19527603958755,367.504586823731,106746600,-0.017443548442299117,-0.017597479833130075
2022-09-22,356.1875915527344,360.0709772242707,355.44517830463013,358.433857107036,89472600,-0.008399698124697763,-0.008435174388612417
2022-09-23,350.2196350097656,352.76095967141856,345.7841825636604,352.7228790149844,122346900,-0.016755093901369644,-0.016897048361359374
2022-09-26,346.7550048828125,352.37069598680137,345.53668535839785,348.7538180681722,92581200,-0.00989273524557388,-0.009941993485953645
2022-09-27,345.8698425292969,352.5515599107997,343.48078239742836,350.2862401271678,108294100,-0.00255270245865602,-0.0025559661589308344
2022-09-28,352.6753845214844,354.36008362291216,345.1275119459914,346.82173847556913,110802200,0.01967659840597702,0.01948551663561146
2022-09-29,345.3083190917969,349.42013004160674,342.3672197883283,349.13459770031216,112952300,-0.020889083142797915,-0.02111034679436993
2022-09-30,339.9686279296875,348.2779675279083,339.8353891876637,344.36600021604005,153711200,-0.015463546248041249,-0.015584353907450004
2022-10-03,348.9442138671875,350.7907337489844,341.90080218718504,343.6806881754969,89756500,0.02640121823051378,0.02605872121503282
2022-10-04,359.7568664550781,359.78541969158493,348.90620087696135,354.45525951637643,103602800,0.03098676567253822,0.030516368553345607
2022-10-05,358.919189453125,361.1749817964111,353.0750722691506,355.3974984990643,88065700,-0.0023284531306025924,-0.002331168193009147
2022-10-06,355.2166748046875,360.4706728707626,354.7217133827097,357.52004633285617,82333500,-0.010315733338412292,-0.010369309284170488
2022-10-07,345.3083190917969,355.30235769557754,343.547458861724,351.19051769873397,107789500,-0.027893836116614334,-0.028290258383748875
2022-10-10,342.6717834472656,346.65988314467035,340.43504562807703,346.42192984075376,76042800,-0.007635308791475559,-0.007664606990790605
2022-10-11,340.50164794921875,345.5367479558779,338.56946829764377,340.9775545535183,92482800,-0.006332985681562042,-0.006353124104637082
2022-10-12,339.37847900390625,342.48139902682294,339.1309983011124,340.91091321016154,76991800,-0.0032985712465039008,-0.0033040235257606717
2022-10-13,348.3351135253906,349.80091413619516,331.335712933563,332.38271336985196,147254500,0.026391286058481178,0.026049044472729908
2022-10-14,340.3969421386719,352.4183468938871,339.7592145462475,350.7907254903841,123737000,-0.02278889230080483,-0.023052572799466715
2022-10-17,349.1441345214844,350.24824134925336,340.06382821256403,346.46954168027236,93168200,0.025697035724983275,0.025372416325085984
2022-10-18,353.2463684082031,357.35820759851316,349.8103083244258,357.0536204628544,97162900,0.011749399405895922,0.01168091115458182
2022-10-19,350.74322509765625,353.9318056806791,347.935364051329,351.20960435158037,79746900,-0.007086111944551665,-0.007111337674665794
2022-10-20,347.80206298828125,354.7122360773966,347.0405950042413,350.2958089110657,88283100,-0.008385513671878009,-0.00842086988372029
2022-10-21,356.254150390625,356.7395553428867,346.0221590756883,347.5260110650035,131038400,0.02430142975497107,0.02401084829553025
2022-10-24,360.61346435546875,361.74612439325887,355.13101099924324,357.77707959447656,85436900,0.012236528220271659,0.012162267094000683
2022-10-25,366.3719482421875,366.6860338162217,360.4231157662592,360.5373287022716,78846300,0.015968577038605547,0.01584242056639753
2022-10-26,363.6116638183594,368.9037428227225,362.97396524839513,363.23094435236135,104087300,-0.007534104172198908,-0.0075626288975212215
2022-10-27,361.66998291015625,366.44807462100994,361.05128110498777,364.6110821532887,81971800,-0.005339985213381637,-0.005354293895922469
2022-10-28,370.2743225097656,370.7502290607999,361.3843916220893,361.5652384352448,100302000,0.02379058259238187,0.023511996515333585
2022-10-31,367.5997314453125,369.6842044707059,366.69552642305183,367.81865891657014,96631300,-0.007223269078785677,-0.007249483197579957
2022-11-01,365.99114990234375,371.57831700264165,364.8204384205559,371.340363735998,85407600,-0.004375905109190947,-0.0043855074046814406
2022-11-02,356.80621337890625,369.90317244332704,356.7015278683844,365.4010855031739,126990400,-0.025096061819768867,-0.02541633778154361
2022-11-03,353.1322326660156,356.1685191668986,351.01920615203176,353.5700586148132,87100100,-0.010296851834777576,-0.010350231155761815
2022-11-04,358.21490478515625,360.61346359996287,352.170885136249,358.8335775577456,103505200,0.014393112972917788,0.014290515416063746
2022-11-07,361.64141845703125,362.231537963315,357.4343915475703,359.50933724612685,68286900,0.009565525125008634,0.009520065158602632
2022-11-08,363.5926208496094,366.5622732100706,359.5188617569453,362.745493209243,84641100,0.005395406314086193,0.005380903252657545
2022-11-09,356.10186767578125,362.77408732506177,355.6069062348671,361.6223724698831,78495500,-0.020602049503437248,-0.020817232327338123
2022-11-10,375.6711120605469,376.00425245255667,367.0572151863192,369.3510591794325,141455800,0.05495406275875747,0.05349722357127093
2022-11-11,379.3070983886719,380.1066180137116,374.64319033872147,376.5277909851231,93839900,0.009678642332070053,0.009632104315632562
2022-11-14,376.08038330078125,380.89655521020984,375.8043493716394,377.5461835918774,71903500,-0.008506867131139906,-0.008543257048429499
2022-11-15,379.28802490234375,382.9239582221826,375.4807721813481,381.8198514474499,93194500,0.00852913830125801,0.008492970707938858
2022-11-16,376.3945617675781,378.6122738619531,375.76636153620575,377.66046061084984,68508500,-0.0076286698888281546,-0.0076579170304370715
2022-11-17,375.2428283691406,375.9186366580597,371.3404174691277,371.6449756187588,74496300,-0.0030599097740118264,-0.0030646008699220114
2022-11-18,376.9465026855469,378.64072867021633,374.10059109959224,378.5740947886721,92922500,0.004540191544261329,0.004529915964958513
2022-11-21,375.57586669921875,376.7466070791755,373.73887468559207,375.62347477471184,51243200,-0.003636155201236946,-0.003642782082684118
2022-11-22,380.63006591796875,380.79188693120494,376.1089535381112,377.5176474312929,60429000,0.01345719910911547,0.013367455242756964
2022-11-23,383.02862548828125,383.5140303982983,380.0684717587064,380.2968975987144,68261600,0.0063015504687677915,0.006281778717930908
2022-11-25,382.9429931640625,383.49506108811516,382.1910816475926,382.46708656258517,30545400,-0.0002235663825637113,-0.00022359137725280184
2022-11-28,376.8323974609375,381.49627670237254,376.07092941217024,379.8591567063179,67881600,-0.015956933048013933,-0.016085615660012674
2022-11-29,376.1851806640625,378.1554121174717,374.34815892103285,376.96564549358453,52310000,-0.0017175189851931227,-0.0017189956119238823
2022-11-30,388.0351867675781,388.0351867675781,374.51945716113363,376.4325818837763,144566700,0.03150045964755277,0.031014499139882364
2022-12-01,387.74969482421875,390.2434409456629,385.2464212750172,389.07270016589297,76398200,-0.0007357372555246711,-0.0007360080430063601
2022-12-02,387.30230712890625,388.20651222768515,382.76216868711776,382.86685419503635,85342700,-0.001153805409222386,-0.0011544715551346973
2022-12-05,380.3349914550781,385.41766990087285,378.98343312541476,384.4849116571129,77289800,-0.017989347198774097,-0.018153122620089522
2022-12-06,374.8526611328125,380.7158352029918,372.7682164956785,380.1733236369914,77972200,-0.014414477882488397,-0.014519375720764446
2022-12-07,374.2148742675781,376.5753814167961,373.0822142567911,374.0054742055746,65927900,-0.0017014334733731484,-0.001702882555216137
2022-12-08,377.1464538574219,378.2124799961138,374.3195674856605,376.09948257287107,60737900,0.00783394726246911,0.007803421220238095
2022-12-09,374.32904052734375,378.45990573812827,374.2053001815389,375.90905369871786,81447700,-0.007470342890041448,-0.007498385648124492
2022-12-12,379.72589111328125,379.72589111328125,374.45283780553007,375.11908962319546,75405800,0.014417397534358,0.0143144551199598
2022-12-13,382.600341796875,390.70977956297014,379.8400894083029,390.45280046353844,123782500,0.007569804300587624,0.007541297104225066
2022-12-14,380.1542663574219,385.9603339099887,377.21316643546646,382.2577658393952,108111300,-0.006393291307491222,-0.006413815921017889
2022-12-15,370.8549499511719,376.2041350287874,369.19880442028864,375.2999009475401,117705900,-0.024461954604257374,-0.024766118761247694
2022-12-16,366.47662353515625,369.641590174743,364.3443519350762,368.3029384387337,119858000,-0.011806034722179337,-0.011876279371343291
2022-12-19,363.36895751953125,367.0024734712642,361.70520704366805,366.66780330486046,79878100,-0.008479847870370039,-0.008516006337628982
2022-12-20,363.8662109375,365.4821639806004,361.29407404311723,362.6136124267533,74427200,0.001368453214504406,0.0013675177357462846
2022-12-21,369.3069763183594,370.435266494614,365.92207660917404,366.4575373430041,78167400,0.014952653522956272,0.014841964630343452
2022-12-22,364.0383605957031,369.28780122976565,358.3490543275083,366.2662563964438,100120900,-0.014266223116550236,-0.014368963997719073
2022-12-23,366.1324157714844,366.2758375341586,361.46623322301946,363.0152466207401,59857300,0.005752292622004385,0.005735811359956771
2022-12-27,364.6885070800781,366.36182878328543,363.01518537687076,366.017616610939,51638200,-0.0039436789238226355,-0.003951475731036835
2022-12-28,360.15625,366.59137848650926,359.9267751898031,364.6216127041186,70911500,-0.012427748591163912,-0.012505618899728664
2022-12-29,366.63922119140625,367.50935219451696,362.47024348311885,362.99616222851824,66970900,0.01800044061822126,0.017840350955566662
2022-12-30,365.6734313964844,365.8168531569802,361.84869548769285,363.961883087202,84022200,-0.0026341693389581033,-0.0026376448677738916
2023-01-03,364.1339111328125,369.49808808826083,361.27490181125125,367.52835185196017,74850700,-0.004210096035122235,-0.004218983442765787
2023-01-04,366.9451904296875,368.9722958919306,363.3499291613042,366.3905873546689,85934100,0.007720454511169095,0.007690804313127979
2023-01-05,362.7570495605469,365.1092537639918,362.16422021646383,364.9945163658359,76970500,-0.011413532533936177,-0.011479166786759048
2023-01-06,371.0758361816406,372.19458418736764,362.7857380848977,365.8455090657922,104189600,0.022932115671277398,0.022673126675100835
2023-01-09,370.86541748046875,376.4495562925387,370.6837694128646,373.2654480450159,73978100,-0.000567050399554625,-0.0005672112334359276
2023-01-10,373.4663391113281,373.53327899556643,369.34518834804146,370.28225918611713,65358100,0.007013114483763738,0.0069886369721426376
2023-01-11,378.1898498535156,378.26636090740493,374.2312636370513,375.0440257972263,68881100,0.012647754958123425,0.012568440174528368
2023-01-12,379.56671142578125,381.0296714661986,375.2256580025695,379.28943913488575,90157700,0.003640662415447915,0.003634051245203558
2023-01-13,381.0392761230469,381.61299228704434,376.10536380133436,376.3730941204777,63903900,0.003879593897299749,0.003872087680680295
2023-01-17,380.3412780761719,382.6935115955875,379.6623956443495,381.0201896884126,62677300,-0.0018318270336247222,-0.0018335068805380732
2023-01-18,374.3364562988281,382.58832869980466,374.1356658339176,381.52697849057256,99632300,-0.015787983380918136,-0.015913941095144577
2023-01-19,371.61138916015625,373.94445143359656,370.2918504811202,372.2998136739957,86958900,-0.0072797268147895,-0.007306353327227368
2023-01-20,378.5340576171875,378.68705053096147,371.36267892386525,373.0073162714171,91806400,0.018628784420941846,0.018457393876223867
2023-01-23,383.0759582519531,385.0074392135379,378.3810918291715,379.3372757234957,84178800,0.011998657831097548,0.011927244610538148
2023-01-24,382.6647644042969,383.5731214964874,380.2169362364954,381.40259479828296,59524900,-0.001073400297770144,-0.0010739768044549923
2023-01-25,382.8082580566406,383.14292828207675,376.3157607326886,378.6010544265812,84800300,0.00037498527612567223,0.00037491498671812963
2023-01-26,387.0154724121094,387.1780365308271,382.5022827834098,385.466459007332,72287400,0.010990396019216142,0.010930440506780863
2023-01-27,387.90472412109375,390.2760709827511,385.7628812656745,385.97324291614746,68346200,0.002297716169955777,0.0022950804567986424
2023-01-30,383.03765869140625,387.37874124310093,382.7412440526751,385.15081668441593,74202000,-0.012547064077951586,-0.01262644316839946
2023-01-31,388.6697082519531,388.7175057829121,383.20987624486537,383.5541176812042,86811800,0.014703644492262136,0.014596593990805146
2023-02-01,392.8003234863281,395.5445957142965,384.7205872650518,387.4552591361378,101459200,0.01062757180885665,0.010571496116664617
2023-02-02,398.518310546875,399.98127069479483,394.78919930515946,396.6824246845757,101654500,0.01455698154674745,0.014452045829875883
2023-02-03,394.282470703125,398.70003602985804,393.0776695484089,393.5557615392747,94736800,-0.010628971697529521,-0.010685862704916234
2023-02-06,391.8728332519531,393.26888274999055,390.21865378736663,391.8346069060138,60295300,-0.0061114496083855,-0.006130200954182879
2023-02-07,396.998046875,398.2410744328294,389.71192928803475,390.95495684586416,90990700,0.013078767365717336,0.012993978774480703
2023-02-08,392.6569519042969,396.36695047559357,391.9684982603406,395.02829871801737,76227500,-0.010934801833093033,-0.010995026208806649
2023-02-09,389.2528991699219,396.40516522520073,388.028984948847,396.25217230001425,78694900,-0.008669279170701372,-0.008707075977298816
2023-02-10,390.1612854003906,390.54375312300726,387.26404936045475,388.07678232835883,70769700,0.0023336659339106003,0.0023309471645431333
2023-02-13,394.74139404296875,394.875273798094,390.3525133608386,390.81149214644563,64913500,0.011739013618119243,0.011670645923795301
2023-02-14,394.5597229003906,396.864100329501,390.6106788806823,393.22104214899304,88389300,-0.0004602282540410174,-0.0004603341915688021
2023-02-15,395.8410339355469,395.91751581058026,391.5286350725414,392.3700815999979,61555700,0.00324744509078978,0.0032421835289922853
2023-02-16,390.3907470703125,394.8178830322616,390.25689650308516,390.87841017898984,76431500,-0.013768877902945786,-0.013864548098220294
2023-02-17,389.4154357910156,389.65448174842203,386.34606468801917,388.26800352329917,89257800,-0.002498295071325596,-0.002501421017900613
2023-02-21,381.60345458984375,386.4513142893378,381.34529542458307,385.39950609313314,82655900,-0.020060789797157086,-0.020264739646746934
2023-02-22,381.07757568359375,383.5540887169433,379.62415734279705,382.01461731866567,83742300,-0.0013780769013614913,-0.001379027322603913
2023-02-23,383.1047058105469,384.5772374212778,378.8879306391957,383.9652656213402,96242400,0.005319468413529149,0.005305370016645219
2023-02-24,379.0121765136719,379.84405183245593,376.3922419822525,378.0942481460913,108194400,-0.010682534656462406,-0.010740002564846658
2023-02-27,380.3030700683594,383.7070827492521,379.36599925020045,382.3492886397092,80444700,0.003405942169356413,0.00340015508491969
2023-02-28,378.89739990234375,381.78506445797404,378.79220451109035,379.82489935060727,96438600,-0.003696184113798906,-0.0037030318812476025
2023-03-01,377.4440002441406,379.3085704071732,376.14360422634064,378.08465625730815,99706800,-0.003835866011690059,-0.0038432418134864443
2023-03-02,380.3794860839844,381.22093252105213,375.13958820432623,375.47425838003477,85127800,0.007777275140007589,0.00774718803216435
2023-03-03,386.4800109863281,386.7286281625777,381.54609807414363,382.1962961869598,90120000,0.016037996594266524,0.015910746679697326
2023-03-06,386.7476806640625,389.5971190249731,386.3078442662089,387.30225445436355,72795900,0.000692583497529986,0.0006923437722595855
2023-03-07,380.81939697265625,386.9389980101572,380.2074543771584,386.69995200651795,108310600,-0.01532855654422316,-0.015447253396913819
2023-03-08,381.4409484863281,382.1963128648765,379.21302334137835,380.9341721144572,74746600,0.001632142476494014,0.0016308119794726276
2023-03-09,374.4034118652344,383.88877016600645,373.4185434936177,382.2249901315046,111945300,-0.018449871858333022,-0.018622193577782813
2023-03-10,369.00091552734375,375.9332484862883,367.48058669730784,373.8583166785041,189253000,-0.014429612996783359,-0.014534732308465326
2023-03-13,368.4750061035156,373.2846390345943,363.9713881978472,365.0805650006383,157790000,-0.0014252252547302113,-0.0014262418542806158
2023-03-14,374.56597900390625,376.2106166958166,370.09101558517847,373.3898621469937,149752400,0.01653021995928672,0.016395083068147825
2023-03-15,372.2232971191406,372.42408758364206,366.8973453679593,368.9818486133687,172996900,-0.006254390457445136,-0.00627403109374014
2023-03-16,378.75396728515625,379.0982086417623,369.3642641428275,369.8710404113854,143254200,0.017545033361856754,0.01739289618751143
2023-03-17,374.32537841796875,378.5582467760813,372.943216125859,377.42565051475987,140553400,-0.011692521398339095,-0.01176141649146374
2023-03-20,377.9247131347656,378.33746367070916,374.40214170963634,375.1028011958168,93055800,0.00961552415176592,0.009569589223604543
2023-03-21,382.8870849609375,383.3670015855469,379.69082383763816,381.28415054635593,91524200,0.01313058303335235,0.013045124197964317
2023-03-22,376.3601989746094,386.3232727268631,376.3218267349629,382.71431965042825,111746600,-0.017046503375777178,-0.017193467559073795
2023-03-23,377.3777160644531,383.2518918682351,374.670978808423,379.22057981492253,119351300,0.002703572515414754,0.002699924436992154
2023-03-24,379.85400390625,379.94038538264834,373.7590569871103,376.10105243097433,107682400,0.006561828471541187,0.006540393392873298
2023-03-27,380.564208984375,382.8966256334002,379.67157124890343,382.1287415933862,74010400,0.0018696790630652327,0.0018679333887276252
2023-03-28,379.7099914550781,380.564227707631,377.8767066648121,379.87314668350865,62871700,-0.0022446081610684177,-0.0022471310699684077
2023-03-29,385.22906494140625,385.4690232440617,382.6662973806607,383.8660888939379,77497900,0.014534970399853409,0.014430350266129955
2023-03-30,387.4847106933594,388.10859647318574,385.62263176835995,387.8590304445402,69840000,0.005855336362785124,0.005838260504994933
2023-03-31,392.9461364746094,393.24368242982905,388.30051790737826,388.4061147934353,112062600,0.014094558134893687,0.013996153419752631
2023-04-03,394.4434814453125,394.84659500245755,392.03429064106433,392.4278257842298,67391100,0.0038105603585694148,0.0038033185644785698
2023-04-04,392.2550354003906,395.3744932102715,390.8824517022873,395.0865256835199,66601500,-0.005548186617010398,-0.005563634971110478
2023-04-05,391.2279968261719,392.2838191469049,389.577082640603,391.52554275858984,65200200,-0.002618292900103625,-0.002621726623931731
2023-04-06,392.7541809082031,393.0325407601975,389.3851567329968,390.4313714897771,63743300,0.0039010093715490246,0.0038934201651312566
2023-04-10,393.1572265625,393.23402961478297,389.66344926995697,390.2777272293107,63681000,0.001026203345219301,0.0010256771585186984
2023-04-11,393.2629089355469,394.6642573806665,392.4950539964702,393.7812271299072,59297900,0.0002688043507959037,0.00026876822937931796
2023-04-12,391.659912109375,395.61444936283374,391.0744279375137,395.3264818376402,86420400,-0.004076145473547843,-0.004084475598749272
2023-04-13,396.86224365234375,397.21737725795947,391.60234704835096,392.7445509263928,85814800,0.013282777690855285,0.01319533506879544
2023-04-14,395.89276123046875,398.41712702758065,393.5891675964206,396.22870868146754,78161500,-0.002442868872969073,-0.002445857545416401
2023-04-17,397.3133239746094,397.3325100919648,394.5777937246766,395.80637894641507,66436400,0.0035882513732390375,0.003581828958188111
2023-04-18,397.57244873046875,399.0218060432113,396.199894466918,398.887415353016,63560000,0.0006521924642928223,0.0006519798792134848
2023-04-19,397.5052795410156,398.40749567354555,395.6047995275526,395.66238716810176,55227300,-0.00016894830028491015,-0.00016896257365665862
2023-04-20,395.33612060546875,397.08302413683805,393.79077385332334,394.69301944461137,75840400,-0.005456931133220433,-0.0054718745702483345
2023-04-21,395.6432189941406,396.10392013942635,393.6947589557848,395.63361128968654,73457400,0.0007768032635153688,0.0007765017080163569
2023-04-24,396.0559387207031,396.4782676301581,394.10747868962846,395.4416314735753,64332100,0.0010431613806292095,0.0010426176658848217
2023-04-25,389.76904296875,394.6450119030647,389.7114553215701,394.088292257947,97766700,-0.01587375705628946,-0.01600109448456726
2023-04-26,388.1181335449219,391.4583635816679,387.56144318468967,390.3833550986097,80447000,-0.004235609404106722,-0.004244605007847455
2023-04-27,395.8447570800781,396.1135091660831,390.4024907237528,390.65205669353617,92968400,0.019907916861766406,0.019712345634409604
2023-04-28,399.223388671875,399.2329963765921,394.904139565875,394.9617272106124,89433100,0.008535244010099197,0.008499024762429879
2023-05-01,398.8202819824219,400.845515871164,398.5899021077479,398.781880454679,62122300,-0.0010097271374659433,-0.0010102372553274857
2023-05-02,394.33782958984375,398.1579758951747,391.4391441559721,398.1099666648256,103998500,-0.011239278931094332,-0.011302916905804115
2023-05-03,391.6311340332031,397.24616414474065,391.39117573178515,394.83697342513307,91531800,-0.006863900324896255,-0.006887565239978403
2023-05-04,388.8572692871094,390.91129731617235,387.5230869408355,390.58495750937874,94901900,-0.007082850430013554,-0.007108052889126321
2023-05-05,396.0559387207031,397.10215328992234,392.2262140059175,392.4853583991723,87891800,0.01851236945316992,0.01834310138581174
2023-05-08,396.16156005859375,396.64147667611564,394.76021173712985,396.3823322476967,50046800,0.0002666828787665221,0.0002666473252084848
2023-05-09,394.42431640625,395.53772662115546,394.19396577274875,394.6162947953608,49220100,-0.004385189850541815,-0.004394832997233328
2023-05-10,396.26708984375,397.8892100796329,392.4469436701226,397.2557167367632,96142900,0.004672058392064082,0.004661178202680057
2023-05-11,395.5760192871094,395.86395749973974,393.502776280826,395.40325635953116,70157100,-0.0017439514265823464,-0.001745473880185722
2023-05-12,395.0577392578125,397.0254148728848,392.63897016343816,396.8142503993596,70481500,-0.0013101907194245088,-0.0013110497697136013
2023-05-15,396.4206848144531,396.8237983199805,393.75234992228525,395.66240845072787,54289400,0.0034499907765410676,0.003444053210807649
2023-05-16,393.7715148925781,396.23829289950714,393.76190718855895,395.31683206708055,57705500,-0.0066827237411059,-0.006705153121488541
2023-05-17,398.551513671875,399.15618392738526,394.1458832024653,395.78718962241436,87287000,0.012139016151538673,0.012065929169864514
2023-05-18,402.3908386230469,402.81316752783374,398.01400205687503,398.234744921799,97177200,0.009633196260628862,0.009587092871059905
2023-05-19,401.80535888671875,403.82101441184767,400.58638129995114,403.29311788250186,103793300,-0.0014550026494927204,-0.0014560621937322325
2023-05-22,401.9685974121094,403.5043365562108,400.5864351115969,401.8246282749285,60745400,0.0004062626885885656,0.0004061801862468218
2023-05-23,397.4573059082031,401.90133808318683,397.06377080135275,400.3271976557855,86383500,-0.011222994863156255,-0.011286447871891231
2023-05-24,394.5778503417969,396.238372422446,393.4164603018304,395.85444497777297,89213700,-0.0072446915017113644,-0.0072710617191058865
2023-05-25,397.9948425292969,399.4442000783956,395.84482546980115,398.0812240048889,90961600,0.008659868222557598,0.008622586644829074
2023-05-26,403.149169921875,403.86904489294824,398.5707756508926,398.6475494260872,93830000,0.012950739159889313,0.012867595416700304
2023-05-30,403.30267333984375,405.60626696953454,401.9205113036728,405.0783704702366,72216000,0.0003807608434329701,0.0003806883724185237
2023-05-31,401.06634521484375,402.3813121326053,399.5018122688516,401.47906649861943,110811800,-0.005545036700303596,-0.0055604674855915664
2023-06-01,404.8768310546875,405.93265339027886,400.04887142591303,401.29664281865877,88865000,0.00950088653736958,0.009456036964891145
2023-06-02,410.7317810058594,411.5188218630449,406.92124253883765,407.4491390116575,91426200,0.014461064457355954,0.014357500500767706
2023-06-05,409.94476318359375,412.36353228842165,409.2440744066445,411.0773593229492,65460200,-0.0019161356843102606,-0.0019179738207451347
2023-06-06,410.8373718261719,411.36526832885664,408.87930404707026,409.53201283462573,64022200,0.0021773875964317124,0.0021750205234599774
2023-06-07,409.4168395996094,412.3635345526036,408.9945106484148,411.2309384070294,85373300,-0.0034576509440906733,-0.0034636424340904475
2023-06-08,411.89324951171875,412.34437231335727,408.71620378018724,409.48405866767195,61952800,0.006048627395324413,0.006030407880432213
2023-06-09,412.63232421875,414.63837227354514,411.6436971048215,412.6899118726264,85742800,0.0017943355660898774,0.0017927276691451317
2023-06-12,416.3756408691406,416.4524439304632,412.89147087099775,413.61134578902306,76104300,0.009071796925938846,0.009030895357250313
2023-06-13,419.12078857421875,419.76386044542505,417.1723282571571,417.8346155400201,95899700,0.00659295942324567,0.0065713209220371336
2023-06-14,419.619873046875,421.4243641568749,416.1740753599218,419.45671780561304,100612100,0.001190789114407842,0.0011900806873860312
2023-06-15,424.8222351074219,426.07000671204355,418.70810151955646,418.8040614185362,110303100,0.01239779713666156,0.01232157380406798
2023-06-16,423.37518310546875,427.3732818174655,422.90312715218045,426.80488011436864,114165800,-0.0034062529744640635,-0.003412067461624641
2023-06-20,421.1785888671875,422.32503554227975,419.1072877770987,421.4387253030806,76160400,-0.005188292384473714,-0.005201798308783655
2023-06-21,419.0205383300781,420.9954934589653,418.43284996744785,420.1958856547502,76982300,-0.005123837237105855,-0.0051370091040546274
2023-06-22,420.533203125,420.6391628765627,417.72970919873376,418.06690464564633,70637200,0.003610001554936515,0.0036035011389670634
2023-06-23,417.35394287109375,419.1362363473925,416.6410372408123,417.084192410939,92074500,-0.007560069526689084,-0.007588791704993094
2023-06-26,415.6487121582031,418.7026693868189,415.40786249787595,416.7855154988048,72823600,-0.004085814311852065,-0.004094184057076794
2023-06-27,420.20556640625,420.82212620155866,416.0725783167209,416.5253768197751,72813700,0.010963234372568964,0.0109035737713221
2023-06-28,420.4175109863281,421.4290677123489,418.509971256602,419.1265310456325,75636000,0.0005043830853805886,0.0005042559269880778
2023-06-29,422.0745849609375,422.2383756741101,419.5986726779713,420.00328366247703,67882300,0.003941496087357832,0.0039337487424018535
2023-06-30,427.05535888671875,428.0380149404403,424.9647708481831,425.2827088718478,104964000,0.01180069614057011,0.011731610897373535
2023-07-03,427.5466613769531,427.82602579498047,426.4291155030701,426.70850932168867,32793400,0.0011504421616792548,0.0011497809102013654
2023-07-05,426.9108581542969,427.6430505530816,425.725867203726,425.7355105986345,58418400,-0.001487096684625211,-0.0014882035103405817
2023-07-06,423.5678405761719,423.991738320798,421.06299828536083,423.3366343156822,80658300,-0.007830715743746053,-0.007861536804356776
2023-07-07,422.4984130859375,426.43873894163033,422.25756345371417,422.57550143257924,86134200,-0.0025248080420355867,-0.002528000744967055
2023-07-10,423.5678405761719,423.7412452715391,421.57359837767063,422.1420000351028,62443500,0.002531198833205739,0.002528000744967138
2023-07-11,426.26531982421875,426.7566624993896,423.3558667490492,424.32890870557475,64463800,0.006368470383345315,0.006348277362923743
2023-07-12,429.695068359375,431.10165159958825,428.6257099376319,430.0515505672172,91924500,0.008046041691992745,0.008013844887786115
2023-07-13,433.10546875,433.89546265173254,431.07271183277675,431.50622355890425,72425200,0.007936792022413153,0.007905461356081882
2023-07-14,432.8357238769531,434.83958003816,432.07463074719146,433.991813962652,69815800,-0.0006228156708004695,-0.0006230097010479354
2023-07-17,434.3386535644531,435.3887545883977,432.64306249429234,432.6912500682276,52680200,0.0034722866080416637,0.003466272139515311
2023-07-18,437.5660095214844,438.2114701147798,433.5775252322227,434.0110663595222,80668200,0.007430505967050305,0.007403035752056122
2023-07-19,438.5390625,439.724023983291,437.48893213427476,438.35601441060516,65891700,0.0022237855714153376,0.002221316619883213
2023-07-20,435.6295471191406,438.44268380742795,434.9166416038705,437.54673021651973,70591600,-0.00663456378155447,-0.006656670332305954
2023-07-21,435.6295471191406,437.54673021651973,435.6199331260899,437.34439535359957,71275600,0.0,0.0
2023-07-24,437.57568359375,438.3849349409323,435.7452026173443,436.77604624077406,54023400,0.004467411559843315,0.004457462297448842
2023-07-25,438.770263671875,440.02267010001805,437.2577208036124,437.3059083742901,55191200,0.002729996484983177,0.002726276812835871
2023-07-26,438.8377380371094,440.26354925381463,436.78569416377627,437.8357951870991,71052900,0.00015378062467075182,0.000153768801642576
2023-07-27,435.92822265625,442.6238546795818,435.02262562113657,442.2192143317386,92194400,-0.006630048258550958,-0.006652124661019395
2023-07-28,440.1961364746094,441.024645224626,435.9282579906258,439.1941936182639,80011800,0.009790404925732021,0.00974278944242649
2023-07-31,441.0342712402344,441.39072403261815,439.35793761574195,440.6681750532694,62040400,0.0019040030027008825,0.0019021926865178038
2023-08-01,439.77215576171875,440.5139620189602,438.81837125887813,439.569820909262,55291500,-0.0028617174691808467,-0.002865820011364691
2023-08-02,433.6546630859375,436.92056940230765,432.903213273274,436.6604623365917,93933400,-0.013910595738343856,-0.01400825479674926
2023-08-03,432.41180419921875,434.29044314301314,430.995607146359,431.6410971149184,64276100,-0.002866010658975515,-0.0028701255315839998
2023-08-04,430.4561462402344,436.3232404604835,429.9359027397443,434.2230384704291,100128900,-0.004522674774353197,-0.004532933009369617
2023-08-07,434.2133483886719,434.3674956833761,431.5929031798807,432.28655130575453,58357500,0.008728420261284064,0.00869054781932798
2023-08-08,432.3251647949219,434.20380401220746,428.9725267488997,431.67967473239247,71361300,-0.004348515771698147,-0.004357998065661029
2023-08-09,429.43487548828125,432.7586120279548,428.6737824515494,432.59482134894097,78789600,-0.00668545239093743,-0.006707900132584153
2023-08-10,429.5890808105469,435.16716703483127,428.42337671620794,431.7856284811605,93005500,0.0003590889586930768,0.00035902450168302124
2023-08-11,429.338623046875,430.3502093181606,427.1228178060312,427.720120293532,68690900,-0.0005830170617915353,-0.000583187082325165
2023-08-14,431.7085876464844,431.7085876464844,428.1151292261153,428.4234238736149,47867400,0.005520035870033135,0.005504856307561882
2023-08-15,426.67962646484375,430.2923712690211,426.1111954097984,429.9358890851779,75707500,-0.011648971842456612,-0.011717352677971818
2023-08-16,423.5485534667969,427.9223617239687,423.44256433778145,426.2653150386881,80107200,-0.007338229443924149,-0.007365286699105093
2023-08-17,420.3211669921875,425.273020314269,419.8009235363625,425.01291328665195,95711300,-0.007619873679635569,-0.007649053241307063
2023-08-18,420.5234680175781,421.5543115245304,417.1612164787308,417.5080258452247,98852000,0.00048130106517896287,0.00048118527697246
2023-08-21,423.259521484375,424.0013277942752,419.38666984217986,421.53502982303786,68719000,0.006506303868592855,0.006485229236161061
2023-08-22,422.113037109375,425.0321333206804,421.5542789285874,425.0321333206804,64994200,-0.002708703093032061,-0.0027123782673928254
2023-08-23,426.8144226074219,427.4310117399543,423.0282736798397,423.1727775700932,68441000,0.011137740568834209,0.0110761726660964
2023-08-24,420.8992004394531,428.92429730681755,420.87027025881116,428.41369725884107,88517300,-0.013859002542211396,-0.013955935152858517
2023-08-25,423.8664245605469,425.14773158497053,419.0783330051314,422.623632306367,102325100,0.007049726200467399,0.007024993053957101
2023-08-28,426.5543518066406,427.1709115909124,423.8664616174519,426.05336574379237,61595400,0.006341448839408681,0.0063214264554182125
2023-08-29,432.7201232910156,432.999517120143,426.26534084235647,426.4483889303442,83081900,0.014454831976887128,0.014351356844956442
2023-08-30,434.50244140625,435.1382880533624,432.3540517986095,433.05734340842935,69053900,0.004118870418318155,0.004110411092180009
2023-08-31,433.8666076660156,436.255817610441,433.6835595621321,435.1190142078131,66084600,-0.001463360569796901,-0.0014644323275818454
2023-09-01,434.6758117675781,437.06505085275637,433.2210704898494,436.5833515582069,58944100,0.001865098828221834,0.0018633616910219766
2023-09-05,432.7972106933594,434.5506033353466,432.72979513066315,434.23269470933957,55166200,-0.004321844057941782,-0.004331210221780315
2023-09-06,429.8877258300781,432.093916863234,427.56593166865076,431.9879277285903,70758500,-0.00672251297234594,-0.006745210844362565
2023-09-07,428.56787109375,429.24223247025344,426.5447281630559,426.8915375451562,70355400,-0.0030702312651044172,-0.003074954094377756
2023-09-08,429.21331787109375,430.74511806057524,428.2595627004295,428.6160154651993,61659700,0.0015060549819017055,0.0015049220184915905
2023-09-11,432.03607177734375,432.344336954817,430.12853215124545,431.8337369226589,60180100,0.006576575769482007,0.006555044445091086
2023-09-12,429.6661682128906,432.11320909412444,429.08815252492514,430.59105211482444,67565400,-0.005485429850113244,-0.00550053006653536
2023-09-13,430.1671142578125,431.3231749266096,428.78943192828973,429.8877204342684,60199300,0.0011658959489537768,0.0011652168200830288
2023-09-14,433.876220703125,434.569868937207,431.3328634452209,432.633457559199,83430800,0.00862247792166082,0.008585516671979187
2023-09-15,428.6487121582031,432.6222625307114,428.2136712808251,432.2935551441486,111848900,-0.012048386833577451,-0.012121556961472987
2023-09-18,428.90008544921875,430.1955896700722,427.86560575276553,428.3393267614431,55752200,0.0005864319287232078,0.0005862600447152587
2023-09-19,428.0105895996094,428.5713482483716,425.332573169419,427.9815868766938,66514600,-0.0020738999123250945,-0.0020760534207039704
2023-09-20,424.0758056640625,429.6832158729015,423.8727570723084,429.2675002876334,82562600,-0.009193192951669094,-0.009235711135858745
2023-09-21,417.0664978027344,421.49441429318694,416.91180676973505,421.233389771168,104095800,-0.016528431397665355,-0.01666654995691367
2023-09-22,416.12872314453125,419.6865285568745,415.71297806578804,418.09131961695476,100829700,-0.002248501529477198,-0.0022510332047369643
2023-09-25,417.8785705566406,417.9172211836111,414.485104517223,414.92017485715184,70874500,0.00420506279616184,0.004196246227111302
2023-09-26,411.7394714355469,415.54865360911657,410.90801075336816,414.84288124552415,96168400,-0.014691107785010593,-0.01480009081369594
2023-09-27,411.9038391113281,413.47007499335564,408.268702550775,412.90931622583537,104705800,0.00039920310580909835,0.00039912344544899153
2023-09-28,414.2917175292969,415.96428646714304,410.7629154217767,411.35267675993066,92258300,0.005797174464604593,0.005780435509988399
2023-09-29,413.2862854003906,417.5111824781116,411.7684074215334,417.3371661441051,115111300,-0.0024268699719663944,-0.002429819594096111
2023-10-02,413.1219482421875,414.3691244055631,410.36657139466814,412.454856073705,83798600,-0.00039763515995672183,-0.0003977142377803822
2023-10-03,407.59185791015625,413.1799422139496,406.22867088652805,410.94664397430034,103760600,-0.01338609666119528,-0.013476498107857471
2023-10-04,410.5599670410156,411.3043900178651,406.59609392791054,408.0559666596498,87453000,0.007282061879444246,0.007255675686661432
2023-10-05,410.4052429199219,411.2463514179395,407.1858225474584,410.269877205424,70142700,-0.0003768611981554981,-0.00037693222818303715
2023-10-06,415.2779235839844,416.81512702154566,406.6347574601129,407.9592644123595,113273300,0.011872851889987324,0.011802922546940741
2023-10-09,417.93658447265625,418.5069910271343,412.8318987010215,413.3829504373266,80374400,0.00640212430684195,0.006381717759547732
2023-10-10,420.1119079589844,422.70291641435927,418.16863686530417,418.56502711101643,78607300,0.005204912819663621,0.00519141408051354
2023-10-11,421.8327941894531,422.08414129890025,418.79703802262225,421.17537943505704,62451700,0.0040962567303299835,0.004087889911372816
2023-10-12,419.2611083984375,422.8189135801861,416.91179922986146,422.44187816631086,81154200,-0.006096457711300296,-0.006115116985250018
2023-10-13,417.1728210449219,421.9584770278049,415.60661494268294,420.7596289275812,95143100,-0.004980875429855147,-0.0049933213347466456
2023-10-16,421.5621337890625,422.62561629317145,419.1741442361407,419.4158434641518,75433200,0.010521569293863386,0.010466602803316526
2023-10-17,421.5427551269531,423.5923892481788,418.09131276942526,418.4393454760135,75324700,-4.596869727169217e-05,-4.596975386463686e-05
2023-10-18,415.9256896972656,420.73067151213604,414.84288188055683,419.77355201420596,93559800,-0.01332501949415743,-0.013414594179286856
2023-10-19,412.27117919921875,418.4490253157197,411.59443909771255,416.64111990263626,121323000,-0.00878645053328353,-0.00882527900002485
2023-10-20,407.2051696777344,412.3775387523352,407.09880668145956,411.8361348739324,123919900,-0.012288051595855998,-0.012364173941525641
2023-10-23,406.4994201660156,410.3569598965053,403.92773684712256,405.6776368923659,92035100,-0.001733154596925357,-0.0017346582469769383
2023-10-24,409.56414794921875,410.7146385432617,406.7700909338865,408.61667642933105,78564200,0.0075393164938624135,0.007511037892539779
2023-10-25,403.6860046386719,407.91093157015536,403.17360349885,407.88192884542195,94223200,-0.014352192055823498,-0.014456180942413495
2023-10-26,398.85205078125,403.47333880031834,397.93361142540357,402.6225823087564,115156800,-0.011974539126637818,-0.012046811451573889
2023-10-27,397.0441589355469,400.83401590980566,395.6229662582375,400.43762562519,107367700,-0.004532737996863601,-0.0045430420024325496
2023-10-30,401.79107666015625,402.8448816266276,398.5329761803426,399.8284803456642,86562700,0.011955641753641721,0.011884737645364943
2023-10-31,404.314453125,404.63348310254605,400.45691364342605,402.361504611754,79665200,0.006280319826460712,0.006260680801248639
2023-11-01,408.6263732910156,409.43847913059346,404.7495083565733,405.2812643437381,98068100,0.0106647688023227,0.010608301276138975
2023-11-02,416.45745849609375,416.61214954670544,412.3968995543654,412.41622487157895,94938900,0.01916441452862605,0.018983090124788948
2023-11-03,420.2569274902344,421.80380835994043,418.63271585397734,418.75840416588386,100167800,0.009123306394514419,0.009081940440554707
2023-11-06,421.2237243652344,421.66844265759465,419.28045324415575,421.01102787683624,67831700,0.002300490037781655,0.00229784796184508
2023-11-07,422.4225769042969,423.060666420668,420.0829448485705,421.2237581486123,64256100,0.0028461182732979484,0.0028420757472069325
2023-11-08,422.7319641113281,423.5440700044392,420.43098266202935,423.0219913930459,61746000,0.0007324116274716186,0.0007321435449654344
2023-11-09,419.43511962890625,423.9113935278032,419.0097266771128,423.8727133946502,83174400,-0.007798900396265407,-0.007829470867733106
2023-11-10,425.9803161621094,426.2896982135309,419.4254351571336,421.5040718428815,89462200,0.015604788981413709,0.015484286258117229
2023-11-13,425.5742492675781,426.67638218285714,423.863029699829,424.6461326803493,52236100,-0.0009532527187869899,-0.0009537073531038226
2023-11-14,433.830810546875,435.1166375219735,431.2784524100305,431.50082633241226,97176900,0.019400988883858883,0.01921518898793931
2023-11-15,434.74920654296875,436.3927730128096,433.8984205823122,435.16492211328534,77327600,0.0021169450711351345,0.002114707500238028
2023-11-16,435.28094482421875,435.59997479434537,433.24098818272,434.30447059030485,66665800,0.001223092010858906,0.001222344643162959
2023-11-17,435.8223876953125,436.43147446982493,434.37219232906403,435.2906316917746,83133200,0.0012438928869547006,0.0012431198931455241
2023-11-20,439.1771545410156,440.0182630951851,435.5613141930735,435.57099160312566,69936200,0.0076975551059770275,0.007668080089087327
2023-11-21,438.219970703125,439.05143128536895,436.95346926763995,438.13296253247677,49244600,-0.002179493691767731,-0.0021818722447999412
2023-11-22,439.911865234375,441.22672421241435,438.81940964411666,439.87321460582723,59394900,0.0038608339289862847,0.003853400037542759
2023-11-24,440.1826171875,440.3759883694041,439.63156537724313,439.96027278304024,29737400,0.0006154686302466406,0.0006152793071068845
2023-11-27,439.3898620605469,440.3663068584605,439.0031197003399,439.55420100976517,50506000,-0.0018009687252493745,-0.001802592419198246
2023-11-28,439.8248596191406,441.1203637861366,438.44234728096177,439.0030764411284,62115000,0.0009900036303838178,0.0009895138999863268
2023-11-29,439.5155029296875,443.10234049536746,439.1191421839662,441.97117519611106,63146000,-0.0007033633563164887,-0.0007036108323725237
2023-11-30,441.2460632324219,441.59412543023933,438.28766732031204,440.35662667945024,79752700,0.003937427215192413,0.003929695836503791
2023-12-01,443.8564147949219,444.38814123082403,440.0472330596215,440.6369649429203,89183400,0.005915863686980938,0.005898433674003992
2023-12-04,441.52642822265625,443.8757373404589,439.2544498661346,440.4726232624604,72430900,-0.005249415113989464,-0.005263241702403796
2023-12-05,441.4394226074219,442.3965419933345,439.7668535301099,440.14391844231596,69793500,-0.00019705641536482688,-0.00019707583353126984
2023-12-06,439.6605529785156,443.60507121667763,439.225482586349,443.57606849081975,69124700,-0.004029702690346748,-0.00403784382048264
2023-12-07,443.0153503417969,443.6630877368815,441.13976201140014,441.73917136361564,66995400,0.007630426110675437,0.0076014616568002985
2023-12-08,444.9198913574219,445.4516177863762,442.02914891320626,442.2708481089666,83194400,0.004299040685961764,0.004289826210050422
2023-12-11,446.6504821777344,446.8245280398024,444.21416465607524,444.4268611503367,65002200,0.003889668351380271,0.0038821231506618635
2023-12-12,448.6904602050781,448.7871457987425,445.30667095693167,446.30247061264276,68327600,0.004567280477113522,0.004556882101146917
2023-12-13,454.8779296875,455.12930631637573,448.70976090431213,449.06747102737427,93278000,0.013790062484488441,0.013695844763532672
2023-12-14,456.3377380371094,458.0006296077065,453.6693695971455,456.81145899765846,119026000,0.0032092309921747386,0.003204092401408844
2023-12-15,455.5863952636719,456.9163018501235,453.7420397034311,455.7417134699126,141553700,-0.0016464620626585047,-0.0016478189709235784
2023-12-18,458.1491394042969,459.12957270241793,456.13006180277284,457.1881393985243,70375300,0.0056251551127679544,0.005609393009637755
2023-12-19,460.93505859375,461.012732509764,458.61506136543755,458.69270565753243,55761800,0.0060808128834979325,0.006062399349302928
2023-12-20,454.54779052734375,461.96405036999886,454.1206728290634,460.0808576886502,102921000,-0.013857197336850313,-0.013954104579225074
2023-12-21,458.8577880859375,459.1295875723286,455.1108062836296,457.52788134560456,86667500,0.009481945899667776,0.00943727441040276
2023-12-22,459.7799377441406,461.4592882220052,457.8870580411275,459.98377994700513,67160400,0.0020096633034163425,0.00200764663155541
2023-12-26,461.7213439941406,462.62410332069675,460.1099508863103,460.1876248035588,55387000,0.004222468382429456,0.004213578778072539
2023-12-27,462.55621337890625,462.70181495571654,460.9836571015111,461.5175394244562,68000300,0.0018081671892045126,0.0018065344228258983
2023-12-28,462.73089599609375,463.5656980482324,462.31349497002446,462.9153345190397,77158100,0.0003776462452238505,0.0003775749548283867
2023-12-29,461.39129638671875,463.060930093317,459.44014657654174,462.53673484415077,122283100,-0.002894986310545189,-0.002899184888589535
2024-01-02,458.80926513671875,459.7994151792477,456.71251340562264,458.3336234097308,123623700,-0.0055961854292020385,-0.005611902740300284
2024-01-03,455.0622253417969,457.39193916554245,454.4603858132538,456.65418509885427,103585900,-0.008166879092568746,-0.008200410740360818
2024-01-04,453.59649658203125,457.1687269140432,453.3732210773095,454.5866169474703,84232200,-0.0032209413968929956,-0.003226139794123965
2024-01-05,454.2177429199219,456.66393818647634,452.7713549830218,453.8003122508208,86118900,0.0013696012702300031,0.001368664221901103
2024-01-08,460.7021179199219,460.84771948944723,454.5865853845721,454.71278328613425,74879100,0.014275917445046193,0.014174976088312662
2024-01-09,460.0031433105469,461.0223837938476,457.54723173154656,458.0519936508328,65931400,-0.0015171942610788802,-0.0015183463657503222
2024-01-10,462.6047058105469,463.4686578138975,459.9934757568045,460.27499186871785,67310600,0.005655532006318742,0.005639599528049274
2024-01-11,462.40081787109375,464.1189754381304,458.43059087939,463.6044968701081,77940700,-0.000440739008687574,-0.0004408361626718793
2024-01-12,462.72119140625,464.58498035155515,461.3136700813151,463.8472262405501,58026400,0.0006928481152590482,0.0006926082068106544
2024-01-16,461.0224304199219,462.6532272077025,459.2071951071508,461.34278348918724,85014900,-0.003671240950010146,-0.0036779964942888588
2024-01-17,458.4597473144531,458.9451056102245,456.11060012839494,458.0035093314712,68843900,-0.005558695057710117,-0.005574202095711588
2024-01-18,462.5367736816406,463.0900892897804,458.58597937392244,460.1294153145847,91856200,0.00889287749048795,0.008853568728902392
2024-01-19,468.30279541015625,468.5843115147551,462.5852901238366,463.66277131466796,110834500,0.012466082821091184,0.0123890209891666
2024-01-22,469.2929992675781,471.01115715758357,468.64260604571103,469.83659824827777,75844900,0.0021144521602836086,0.0021122198524993778
2024-01-23,470.66168212890625,470.9043613024555,468.74939868030367,469.8365966379768,49945300,0.0029164783268964545,0.0029122336549739112
2024-01-24,471.1761779785156,474.45717543420074,470.68110299788805,473.525295727068,81765000,0.0010931330701964281,0.001092536035294635
2024-01-25,473.73883056640625,474.0106300348732,471.1761540957068,473.30199623812143,72525000,0.005438841579141762,0.0054241044912557365
2024-01-26,473.13702392578125,474.7969411657135,472.2925051479898,473.3117458196852,76641600,-0.001270334204830692,-0.0012711417633118965
2024-01-29,476.8839416503906,477.0295728420406,472.9040272208165,473.4476261562877,61322800,0.007919307801194542,0.007888114660332537
2024-01-30,476.51507568359375,477.2236798269538,475.7578883130134,476.1947226231299,58618400,-0.0007734921111419713,-0.0007737914105120574
2024-01-31,468.73968505859375,474.7581108271003,468.72025176527393,474.3115894395865,126011100,-0.01631719754898764,-0.016451789130210993
2024-02-01,474.8746032714844,474.90372358641025,469.6327095934461,470.43842101293257,91891600,0.01308811352749828,0.01300320423549198
2024-02-02,479.873779296875,481.5239798187347,474.971642466127,475.31139921660196,99228200,0.010527360256687768,0.010472333454108524
2024-02-05,478.12640380859375,479.9028316062999,475.8743640258932,479.24275149109314,75757100,-0.003641323122179241,-0.0036479688770180915
2024-02-06,479.51458740234375,479.84462748505155,477.64108188661896,479.06803644581043,55918600,0.0029033819983421694,0.002899175325246986
2024-02-07,483.5139465332031,483.93134756331705,480.8541628931194,481.75695184930976,70556500,0.008340432670724374,0.008305843455090924
2024-02-08,483.7275085449219,484.1060726186496,482.69855130751233,483.513949705615,52343600,0.0004416873871995186,0.0004415898720386008
2024-02-09,486.5231628417969,486.95996752942966,483.89249957484776,484.2322563033971,63979400,0.005779399036627941,0.005762762379160299
2024-02-12,486.3096008300781,488.7557959365899,485.59125041968997,486.4940393494017,56502300,-0.0004389554866645051,-0.00043905185582635497
2024-02-13,479.6116943359375,482.53356108402113,476.35010044182593,480.0485287007201,113099200,-0.013772926717276479,-0.0138686534469067
2024-02-14,483.9701843261719,484.4555426281319,479.9222830533005,482.2423099561509,68387800,0.009087539027314628,0.009046495811679909
2024-02-15,487.3094787597656,487.49391729462275,484.1934569596569,484.66912826614583,61683000,0.006899793709901791,0.006876099062960471
2024-02-16,484.8826599121094,488.14425347916483,484.1449058140717,487.0085316428908,75532900,-0.0049800362058063374,-0.0049924779100584404
2024-02-20,482.21319580078125,483.8148722929186,479.970842787005,483.14507545774694,71736700,-0.005505381676903065,-0.005520592142574142
2024-02-21,482.64996337890625,482.80528158044035,479.10685392666875,480.9124020985744,59293400,0.0009057561716030449,0.0009053462220060893
2024-02-22,492.638671875,493.5996718242251,488.2898508655614,489.25088043870596,76402500,0.020695554240106828,0.020484310818836015
2024-02-23,492.9784851074219,495.191718012327,492.250447577862,494.3568862406584,61321800,0.0006897818864453065,0.0006895440962624964
2024-02-26,491.17291259765625,493.8521000550051,491.0467146922128,493.41526570907337,50386700,-0.0036625787216092442,-0.00366930238537441
2024-02-27,492.08538818359375,492.30866367947897,489.9692329795254,491.86214231163,48854500,0.0018577481830415188,0.001856024703083438
2024-02-28,491.4350280761719,492.01743437576624,490.17307863790023,490.5322390639573,56506600,-0.00132164076202812,-0.0013225148994620436
2024-02-29,493.2017517089844,494.81314506363924,490.55171394937406,493.1920646857842,83924800,0.0035950299263947105,0.0035885832523463498
2024-03-01,497.83203125,498.2591489639279,493.6676779750869,494.075392019808,76844800,0.009388205789965909,0.009344410478870777
2024-03-04,497.2981872558594,499.14257280996753,497.0069840756974,497.03613401763835,49799300,-0.001072337576993987,-0.001072912942294169
2024-03-05,492.3280334472656,495.7449748064334,490.1245174506037,495.29842384541166,72855600,-0.009994313142421718,-0.01004459156941575
2024-03-06,494.82281494140625,497.07488469099843,493.53177482463775,495.59937641592427,68382400,0.005067315538934913,0.0050545199036925855
2024-03-07,499.734619140625,500.7830096761973,494.8810360564722,498.1135389799133,58652100,0.009926389913529787,0.009877446923466121
2024-03-08,496.735107421875,503.04473579557066,496.1623881738849,500.36560770630734,86532500,-0.0060022091803608735,-0.006020294843486402
2024-03-11,496.3079833984375,496.89041928478855,493.6093924281333,495.5314219659159,62557200,-0.0008598627660008074,-0.000860232660042928
2024-03-12,501.6469421386719,502.2293483869414,495.9002573325016,498.41443934118087,73114400,0.010757350110865094,0.010699901449839365
2024-03-13,500.8606262207031,502.14197926945354,499.4239845817287,501.9672573875113,55104100,-0.0015674687751836558,-0.0015686985396104708
2024-03-14,499.8704833984375,501.98663830049765,496.8321359535948,501.8312904786425,110171800,-0.0019768829299616764,-0.0019788395421084233
2024-03-15,496.4381408691406,498.2590460217431,494.77306623402836,496.80816405826874,107646300,-0.006866463700680225,-0.006890146335452598
2024-03-18,499.38848876953125,501.93966343615864,498.97953771699747,500.4985582011873,88893300,0.005943032288424188,0.005925442130212577
2024-03-19,502.16363525390625,502.4459962981956,497.69417669493055,498.6971497497458,60755300,0.005557089413920746,0.005541705758461556
2024-03-20,506.8083801269531,506.94471696954355,501.5502591703246,502.22213711517423,69594600,0.00924946480980915,0.009206950465718443
2024-03-21,508.483154296875,510.342957334889,508.200733818281,509.6418984195912,60256100,0.0033045510603086914,0.0032991030303497065
2024-03-22,507.5191650390625,508.8823549532907,507.2854193036717,508.3954886770838,79070800,-0.0018958135577676893,-0.0018976128867784603
2024-03-25,506.1170959472656,507.26609347283284,505.9612654237029,506.1462770254766,48512100,-0.0027625933922889034,-0.002766416395974272
2024-03-26,505.1822509765625,507.87950952715136,504.78304672651166,507.53866742888704,65463700,-0.0018470922602474849,-0.0018488002386762947
2024-03-27,509.4277648925781,509.466752240446,505.84443537276076,508.00615306178463,82999800,0.008403925331518902,0.008368808957449786
2024-03-28,509.330322265625,510.8298490860622,509.0479612048705,509.4666590943707,96294900,-0.0001912785946672768,-0.0001912968907508024
2024-04-01,508.4442443847656,510.60596189996124,507.28550008559404,510.07042079723595,62477500,-0.0017396919879379968,-0.0017412070094132324
2024-04-02,505.2115478515625,505.34782527414643,502.9134932946272,504.62727251731803,74230300,-0.00635801578817119,-0.006378314054090319
2024-04-03,505.76641845703125,507.2660046821648,504.0721332594207,504.12080800253995,59155800,0.001098293591720756,0.0010976909085556228
2024-04-04,499.59307861328125,510.10938062558256,499.29122383235546,509.7685979294163,96858100,-0.012205910907614914,-0.012281014804849437
2024-04-05,504.8121643066406,506.7693762627344,500.50828302932854,500.9464745680228,74546500,0.01044667333631999,0.010392483917133325
2024-04-08,505.0945129394531,506.51618383860915,504.28635772492515,505.5132702303462,48401800,0.0005593142415660779,0.0005591578836550895
2024-04-09,505.67889404296875,507.0713247303679,500.83941141698267,506.8278915451877,68049200,0.0011569737713339467,0.0011563049929698165
2024-04-10,500.61541748046875,502.60181066009386,498.6387711363,499.9922143304957,82652800,-0.010013225036973217,-0.010063694565933912
2024-04-11,504.3935546875,505.8346601112469,498.6290735605831,502.1344876196163,70099000,0.007546985320680211,0.007518649305322376
2024-04-12,497.43133544921875,502.2707879594682,495.70780962230026,500.85886371567153,92561100,-0.013803148699223056,-0.013899297956509599
2024-04-15,491.199462890625,501.7644387082916,490.3522904966187,501.5989207934361,92101400,-0.012528106121352134,-0.012607244506947673
2024-04-16,490.3035583496094,493.19554526269036,489.01822422913784,491.6765248352094,73484000,-0.0018239118905859497,-0.001825577243157245
2024-04-17,487.40185546875,492.9229325491744,486.00942494137024,492.75738492725213,75910300,-0.005918176263347341,-0.005935758070966523
2024-04-18,486.3989562988281,490.8878795783521,485.46418121059236,488.794360179131,74548100,-0.0020576433156114238,-0.0020597631720567
2024-04-19,482.1534423828125,487.31421332567436,480.8875721611567,486.3210167619427,102212600,-0.008728460168420549,-0.008766776300365155
2024-04-22,486.5937194824219,489.18385210193054,482.41639776348796,484.7533503648902,67961000,0.009209261428613669,0.00916711474286894
2024-04-23,492.367919921875,492.7963646750655,486.4086807205422,488.5995792337359,64633600,0.011866574121826012,0.011796718419985818
2024-04-24,492.1342468261719,494.0427545951939,489.914137461728,493.2540334865075,55928100,-0.0004745904155173397,-0.0004747030691929033
2024-04-25,490.2646484375,491.02415872515365,484.42225246602163,486.0678630419317,69122400,-0.0037989601429470055,-0.0038061945199162153
2024-04-26,494.90936279296875,496.4868049205615,492.4166096033967,493.0495298783495,64306100,0.009473892050490873,0.009429296178263593
2024-04-29,496.66204833984375,497.33392621215023,493.92586210692747,496.69125912925006,46415400,0.003541427337288461,0.003535171249465321
2024-04-30,488.79437255859375,496.1752536684076,488.79437255859375,495.2015209263445,77483600,-0.015841105249633447,-0.015967916561273825
2024-05-01,487.2071533203125,494.841213980312,486.7397509352648,488.2100967940072,80242800,-0.003247212585474224,-0.003252496221421808
2024-05-02,491.7641906738281,492.60161619088024,486.4281251448712,490.90730120185356,62550200,0.00935338761440474,0.009309915548287905
2024-05-03,497.8597717285156,499.08665465274976,495.20147091341136,497.73318173027803,72756700,0.012395333312771761,0.012319140149140225
2024-05-06,503.0010986328125,503.0400265445959,499.8169737447077,500.2551653379584,47264700,0.010326857473233364,0.010273899759729966
2024-05-07,503.55615234375,504.9485829994704,502.8842743906612,503.9651034446084,52561300,0.0011034840926713585,0.0011028757016253974
2024-05-08,503.60479736328125,504.14033844049237,501.6086572944442,501.72550045922026,42047200,9.660296931102152e-05,9.659830354466384e-05
2024-05-09,506.50653076171875,506.5455181068331,503.1374535973279,503.7898378767789,43643700,0.005761925648107624,0.00574538924512986
2024-05-10,507.1589660644531,508.9116730396104,505.94180018838176,508.1034582569593,52233200,0.0012881083719753494,0.0012872794721185815
2024-05-13,507.2270812988281,508.9408603825465,506.0878306657376,508.83376404779614,36716400,0.00013430746360176826,0.00013429844516186552
2024-05-14,509.5543212890625,510.070428158798,506.8863031411852,507.42184425163964,57535900,0.0045881619417385,0.004577668411837334
2024-05-15,515.8641357421875,516.1562436643347,511.38492968552964,512.0178797101214,59504900,0.012383006461730295,0.012306964148637384
2024-05-16,514.802734375,517.558414507879,514.6566506998298,515.9614786446474,50244800,-0.0020575211449046504,-0.0020596407494553578
2024-05-17,515.5427856445312,515.6109540647997,513.4687302561026,514.9195824580145,59187600,0.001437543393062457,0.0014365111167352423
2024-05-20,516.13671875,517.5973177042522,515.2700824401487,515.6595992673854,37764200,0.0011520539555727183,0.0011513908506540086
2024-05-21,517.402587890625,517.5584184029028,515.1727614260365,515.3772666864285,33437000,0.002452584934648172,0.0024495822567635896
2024-05-22,515.912841796875,517.4221156794935,513.7413773413039,516.7113097871478,48390000,-0.0028792783967770408,-0.0028834314926820576
2024-05-23,512.14453125,519.0677572803991,510.9370526401655,518.9606609347318,57211200,-0.007304161171391543,-0.007330967166568576
2024-05-24,515.5330810546875,516.3412958961842,513.0403275362747,513.9848197975488,41291100,0.006616393611422522,0.006594601350515757
2024-05-28,515.8933715820312,516.5749964273494,513.2642811397658,516.3413100648252,36269600,0.0006988698506149582,0.0006986257548017577
2024-05-29,512.28076171875,513.4589997088932,511.56995584928654,511.871810616093,45190300,-0.00700262895838899,-0.007027262431293833
2024-05-30,508.88238525390625,511.4043788648702,507.6360384172024,510.7422478216335,46377600,-0.0066338162952711555,-0.0066559178539381475
2024-05-31,513.5173950195312,513.6439850215788,504.7440541264526,509.8367164200918,90785800,0.009108214196316355,0.009066984576428747
2024-06-03,513.93603515625,515.4063808363203,508.8726139393969,515.1240197883811,46835700,0.0008152404198553675,0.0008149082918814593
2024-06-04,514.5106201171875,515.2506664560023,511.17072418863216,512.631323194632,34632700,0.001118008704648954,0.0011173841983427688
2024-06-05,520.6256103515625,520.645104022442,514.8416361330836,516.8280887412405,47610400,0.011885061250984874,0.011814988576102055
2024-06-06,520.615966796875,521.3560132540258,518.6879948188819,520.9275684331457,30808500,-1.852301249838373e-05,-1.8523184051498192e-05
2024-06-07,519.9830322265625,522.7873872843439,518.55161418802,519.6421901069427,43224500,-0.0012157417572239426,-0.0012164813707475392
2024-06-10,521.5897216796875,521.9110701669202,518.5809204008552,519.1748831863932,35686100,0.0030898882339394085,0.003085124340034105
2024-06-11,522.8457641601562,522.9041857425336,518.0744503489441,520.0414093421914,36383400,0.0024081043553234593,0.002405209518478453
2024-06-12,527.1400146484375,529.8275268910288,526.1078601787983,527.4029415427591,63251300,0.008213226122581352,0.008179681130813504
2024-06-13,528.2012329101562,529.0581223075357,525.4163720846324,528.8828575806059,44760900,0.002013162029496973,0.002011138334380754
2024-06-14,528.522705078125,528.551886156822,525.6696157422205,526.6725890295746,40089900,0.0006086168451322482,0.0006084317130127014
2024-06-17,532.7291870117188,534.1216772051151,527.3834034899254,527.8410888070123,55839500,0.00795894271556774,0.00792743738666102
2024-06-18,534.0827026367188,534.2092926573293,532.3689233717765,532.7876213507444,41376400,0.0025407198591695934,0.002537497687071973
2024-06-20,532.6317138671875,535.6697547200665,530.8595134643548,535.0076237066871,70328200,-0.0027167866743630364,-0.002720483837066507
2024-06-21,531.917724609375,533.0313753907063,530.4621917432297,531.8102827682807,64338600,-0.0013404933262958219,-0.0013413925912036523
2024-06-24,530.1885986328125,534.3012597413704,530.0713785197397,531.7418545665156,45528700,-0.0032507395346381696,-0.0032560346669104397
2024-06-25,532.230224609375,532.5916631831469,529.8954816744096,531.4096242974609,37936200,0.0038507542067618417,0.003843359031370267
2024-06-26,532.8946533203125,533.6077524053179,530.4720243887124,531.1167351250136,38550600,0.0012483859056016122,0.0012476073198332599
2024-06-27,533.734619140625,534.3110010096894,532.0153114364416,532.7577451835803,35041500,0.0015762324036823205,0.0015749914532335082
2024-06-28,531.6343994140625,537.5543137581463,530.3938098387125,534.5064116818106,76144500,-0.003934951287109856,-0.003942713577439978
2024-07-01,532.728515625,533.2560061424955,529.9737236752046,533.0117876323043,40297800,0.002058023732368186,0.0020559089026094984
2024-07-02,536.3135986328125,536.3135986328125,531.0775683576217,531.126400132376,40434800,0.006729662300142714,0.006707119204569822
2024-07-03,538.7069702148438,539.068408833479,535.9619565950238,536.0010100914286,32789900,0.004462634526017029,0.004452706498374999
2024-07-05,541.8134765625,542.213968717536,538.3748605783948,539.0098526062544,41488400,0.005766597648471761,0.005750034469207009
2024-07-08,542.4385986328125,543.3861377502993,541.3737797869028,542.5948722312855,36110500,0.0011537588069578941,0.001153093738768611
2024-07-09,542.9661254882812,544.2946598471173,542.6730752067231,543.3959524424528,27289700,0.0009725098044246483,0.0009720372231332721
2024-07-10,548.3389892578125,548.6808713510104,543.8942239279161,544.1872742397521,38701200,0.009895394053725859,0.009846755245564241
2024-07-11,543.61083984375,549.3255886798729,542.9759074999535,548.4561564855596,53054200,-0.008622675948070313,-0.008660066310131774
2024-07-12,547.0397338867188,550.6346235261244,544.2654447499774,544.7343252522627,53084400,0.0063076263231880425,0.00628781650657893
2024-07-15,548.544189453125,551.777640618941,546.6881046530688,549.0326265453853,40584300,0.002750176035142937,0.002746401220383698
2024-07-16,551.7970581054688,552.090108393895,549.1008762046278,549.8530882979716,36475300,0.005930002933012046,0.005912489667324292
2024-07-17,544.060302734375,547.5477506768178,543.7379175635831,545.8772743812609,57119000,-0.014021015983044616,-0.014120238991082943
2024-07-18,539.879150390625,546.580551242634,537.7007404833427,545.593898977862,56270400,-0.0076850899114235816,-0.00771477238768986
2024-07-19,536.2940673828125,541.2663824595259,535.2390267295067,539.644738170822,65509100,-0.006640528727991368,-0.006662675135904506
2024-07-22,541.8232421875,542.4288993582354,538.277184442637,540.2113760766848,43346700,0.010309968244979206,0.010257183021680268
2024-07-23,540.9733276367188,543.8648365993427,540.484890622907,541.7157018138391,34439600,-0.00156861958772736,-0.0015698511595131069
2024-07-24,528.7134399414062,536.4698210648305,527.7951760937185,536.1669925418511,74515300,-0.022662647248933188,-0.0229233920146443
2024-07-25,525.958740234375,534.7994982405838,525.0209792890996,528.8307523766035,61158300,-0.005210194216618613,-0.005223814609031004
2024-07-26,531.8492431640625,534.5356464631268,528.9674531548811,529.7392217162956,53763800,0.011199553271160845,0.011137302629465187
2024-07-29,532.1619262695312,534.3989464184045,530.1690650137424,533.3927971337158,39515800,0.0005879168006492907,0.0005877440452742565
2024-07-30,529.4658203125,534.6823548134623,526.0663171509535,533.6273139750385,46853600,-0.0050663262889381055,-0.00507920363226575
2024-07-31,538.0719604492188,540.6997538692295,534.9166765387299,536.2842643515584,65663400,0.016254382826145886,0.016123694614638435
2024-08-01,530.452392578125,542.0381046138815,526.9551667505608,539.7913062018092,76428700,-0.014160871465467961,-0.014262093335322532
2024-08-02,520.576171875,524.5715530952934,516.3755660291246,523.3602388903765,82789100,-0.01861848648683473,-0.018793992356037032
2024-08-05,505.4151611328125,511.47179289103417,498.46957030548145,499.80791295578933,146267400,-0.029123520363179334,-0.02955602821946672
2024-08-06,510.0749206542969,517.4991412091495,505.89387018618396,507.21262659274555,84826300,0.009219667077339455,0.009177425384555573
2024-08-07,506.66546630859375,519.2965001883216,506.06958745039486,516.248598311969,70698300,-0.006684222665426565,-0.006706662131235412
2024-08-08,518.3782958984375,519.0034500456989,509.77203694963987,511.7941139882875,63276600,0.02311748159032767,0.02285432064010101
2024-08-09,520.6640625,522.1489300560904,516.3365178449808,517.5576103421191,45619600,0.004409456606590423,0.0043997634367696735
2024-08-12,520.9376831054688,523.3407552909962,518.6713279832952,521.8559471668351,42542100,0.0005255223572662171,0.0005253843187516568
2024-08-13,529.5048828125,529.7393827100993,523.8781373672056,524.1223559231595,52333100,0.016445728510096513,0.016311962115042145
2024-08-14,531.1751708984375,532.3572097547438,527.6291139531684,530.2959605592147,42446900,0.003154433774180898,0.003149468985953554
2024-08-15,540.2797241210938,540.5629961238054,536.1866195717042,536.7922766972661,60846800,0.01714039684358104,0.016995157532087746
2024-08-16,541.4910278320312,542.1846298407453,538.5115740387317,538.6678476452682,44430700,0.002241993650433649,0.002239484132851063
2024-08-19,546.66845703125,546.66845703125,541.0514314058853,541.9013070349608,39121800,0.00956143118372177,0.00951600999874844
2024-08-20,545.779541015625,547.8700657821756,544.4412283435015,546.2191462607274,33732300,-0.0016260605567995912,-0.0016273840281577406
2024-08-21,547.6550903320312,549.1106230342316,541.9012882335657,546.8247712917706,41514600,0.00343645955089511,0.0034305684163451074
2024-08-22,543.3568725585938,550.1559376249218,542.1455582382872,549.5502804647684,56121500,-0.007848402853028458,-0.0078793636683974
2024-08-23,549.1301879882812,550.0680084955276,544.4020915801096,546.5903394303513,50639400,0.010625273593212858,0.010569222066043962
2024-08-26,547.8211059570312,550.8689478276912,546.1213548703539,550.1558489432847,35788600,-0.0023839192597401304,-0.0023867653193425306
2024-08-27,548.5733642578125,549.0618012606642,545.4083020191189,546.5512279111676,32693900,0.0013731823995117853,0.0013722404467772942
2024-08-28,545.3887939453125,548.661357929549,542.204174863817,548.2315309438809,41066000,-0.005805185814678704,-0.005822101403040916
2024-08-29,545.4375610351562,550.6443160255352,544.294635177053,547.3522554939839,38715200,8.941711011511977e-05,8.941311264362222e-05
2024-08-30,550.6444091796875,551.1524028130747,544.2556737558524,547.8017316610252,62700100,0.009546185515074246,0.00950090860591358
2024-09-03,539.3125610351562,547.8406511283397,536.801987949737,547.5084877669302,60600100,-0.020579248523403093,-0.020793951990048902
2024-09-04,538.2088012695312,541.6083040829072,536.7532683896355,537.4761456891545,47224900,-0.0020466049659708663,-0.002048702123771822
2024-09-05,536.8997192382812,540.9928237930679,534.4477558926965,538.1501466111926,44264300,-0.002432293987318923,-0.0024352568196338385
2024-09-06,527.8636474609375,538.8437022454943,526.9649400293706,537.2221175565589,68493800,-0.01683009220076248,-0.016973327586779302
2024-09-09,533.7737426757812,535.0437266855093,530.1300214174476,532.054494369654,40445800,0.011196253508404475,0.0111340394079481
2024-09-10,536.0986938476562,536.4504138231891,530.8138314182086,535.6786451567546,36394600,0.004355686662705027,0.004346228115252966
2024-09-11,541.5985107421875,542.5167747623394,527.4729497044474,536.0108196239122,75248600,0.010258963429025103,0.010206697423128894
2024-09-12,546.1605224609375,546.4633510224045,539.9573366553728,542.1748597619055,51819600,0.008423235345493163,0.008387957860589676
2024-09-13,549.012939453125,550.0093699640063,546.5121445202687,546.7661412876428,39310500,0.00522267149470057,0.00520908064575167
2024-09-16,549.8239135742188,550.0876290701726,546.9519009753941,548.7493161553681,36656100,0.0014771493762999466,0.0014760594643364973
2024-09-17,550.0484619140625,553.477299266029,547.8211605278194,552.0314851715059,49321000,0.0004084004611295544,0.0004083170883601083
2024-09-18,548.4171752929688,555.5385664291312,547.8603498689396,550.7030274298603,59044900,-0.002965714357998861,-0.0029701208031538205
2024-09-19,557.7755737304688,559.6316584337985,554.9426745171918,557.8049085738365,75315500,0.017064378832593485,0.01692041774980828
2024-09-20,556.811279296875,557.8499393877719,553.7932621282835,556.4095588022268,77503100,-0.0017288215529849271,-0.0017303176895834146
2024-09-23,558.2027587890625,558.8495067502496,556.6643550711399,557.8794446150124,44116900,0.002499014556502255,0.0024958972120714042
2024-09-24,559.7999267578125,559.8587165873663,556.1743944512203,558.9964258828836,46805700,0.002861268497158287,0.0028571828599997123
2024-09-25,558.5652465820312,560.3780425284191,557.4579883539482,559.6431398003925,38428600,-0.002205574021654777,-0.0022080098823437215
2024-09-26,560.7798461914062,563.1413674659622,558.428192996937,562.8179934718497,48336000,0.003964800214346642,0.00395696110747365
2024-09-27,559.9664916992188,562.6611352170194,558.9376397719122,561.8478858705382,42100900,-0.0014503989358952696,-0.001451451782586848
2024-09-30,562.21044921875,562.8179640810873,556.6447925339722,558.9376557740085,63557400,0.004007306781378839,0.003999298913751391
2024-10-01,557.1738891601562,562.5043864049716,554.6066335561335,561.8576982708267,72668800,-0.008958495996637117,-0.008998864597382177
2024-10-02,557.4090576171875,558.4281611024765,553.8913563966638,556.282242548741,38097800,0.0004220737216988901,0.00042198467364129805
2024-10-03,556.3900146484375,558.3301388916863,554.106899883147,555.9392527365582,40846500,-0.0018281779867485026,-0.0018298511436541753
2024-10-04,561.4461059570312,561.8184614824812,556.6643337627131,560.8287828388663,42939100,0.009087314968778681,0.00904627377092313
2024-10-07,556.3704223632812,560.4467168743025,555.22399069742,559.7999688939893,49964700,-0.009040375451706217,-0.009081487613016396
2024-10-08,561.6322631835938,562.230029540932,558.0655806170524,558.9376197622599,37398700,0.009457441677007017,0.009413000058420974
2024-10-09,565.5223388671875,566.0808720947961,561.0247080377793,561.6224145456196,37912200,0.006926375029708831,0.0069024978854817015
2024-10-10,564.5327758789062,565.953600014702,562.9257739624676,564.1800368650188,44138100,-0.0017498212188460371,-0.0017513539442529254
2024-10-11,567.913330078125,568.6482329129351,564.3171624790748,564.4543586951436,42268000,0.005988233710532809,0.005970375496356955
2024-10-14,572.557861328125,573.4887501402064,569.0401003876937,569.5202272995722,36217200,0.008178239537643961,0.008144978955629037
2024-10-15,568.1092529296875,573.1261842726946,566.8941634738084,572.8224268603595,54203600,-0.007769709751462295,-0.007800051211347413
2024-10-16,570.5785522460938,571.097912292803,567.3058184280349,568.1093193754714,30725400,0.00434652191224183,0.00433710306881837
2024-10-17,570.62744140625,574.3215715502484,570.4412636582532,574.1157772582931,34393700,8.56834873372847e-05,8.567981671695644e-05
2024-10-18,572.8224487304688,573.6063330690159,570.8528997080355,572.3128969974695,37416800,0.003846655742334004,0.003839276280246982
2024-10-21,571.8818359375,573.0772492638474,568.9127995570122,572.0973787445921,36439000,-0.0016420669180361447,-0.00164341658761867
2024-10-22,571.5780029296875,572.7342428128154,568.697181591541,569.3536780068462,34183800,-0.0005312863404979273,-0.0005314275230935315
2024-10-23,566.355224609375,570.0003732214365,562.8570804647936,569.5594196255329,49314600,-0.009137472564623828,-0.009179475328915235
2024-10-24,567.5801391601562,568.3836400907534,564.9639018539431,568.3052337104026,34979900,0.0021628025973028375,0.002160467106629352
2024-10-25,567.3841552734375,572.6950960929863,566.4435179318251,569.8044663478088,47268200,-0.0003452972949489208,-0.0003453569237867163
2024-10-28,569.1381225585938,570.9802836348513,568.8343651367928,570.8528957024953,30174700,0.003091322288178766,0.0030865539758335395
2024-10-29,570.0591430664062,571.176149715264,566.7863500672389,568.1777490973657,42899700,0.0016182723864499593,0.0016169643946261517
2024-10-30,568.3345947265625,571.5779630983764,567.6290569957021,569.588797638648,41435800,-0.0030252095082050623,-0.0030297947042768904
2024-10-31,557.1934814453125,564.0427655154251,556.9974954170759,563.9741674152153,60182500,-0.01960308836489222,-0.019797777440130348
2024-11-01,559.545166015625,563.9643910438907,559.1336371976272,559.8195584319851,45667500,0.004220588805548209,0.004211707102523141
2024-11-04,558.3399047851562,560.9757583388703,556.4585705161212,559.6823223393656,38217000,-0.002154001685066964,-0.0021563248834115547
2024-11-05,565.0912475585938,565.1304208425688,559.0356559214524,559.251198693126,39478300,0.012091814888343544,0.012019292924155881
2024-11-06,579.142578125,580.0146771322202,573.6063462638446,577.3396500855225,68182000,0.024865595825653397,0.024561477968850064
2024-11-07,583.6205444335938,584.6396478381987,581.0630972629532,581.1415036340469,47233200,0.007732061978746874,0.007702322786009814
2024-11-08,586.148681640625,587.5695056932594,584.1693242787533,584.1693242787533,46444900,0.00433181667633864,0.004322461365743317
2024-11-11,586.7071533203125,588.0887441353201,584.9825720146739,587.7360051791314,37586800,0.0009527816016310364,0.0009523279933443879
2024-11-12,584.8846435546875,587.2264882691159,582.4055428293386,586.6287817012992,43006100,-0.0031063363644213693,-0.0031111710419115435
2024-11-13,585.1687622070312,587.1676761411395,582.9836705187753,585.3451316888757,47388600,0.0004857686989643284,0.0004856507515451121
2024-11-14,581.4061279296875,585.7763718199695,580.7202664359244,585.2962448517161,38904100,-0.006429998524105307,-0.006450760010016546
2024-11-15,573.9591064453125,578.3195418358689,572.1071369723535,577.8491633593196,75988800,-0.012808639480448747,-0.012891377368952473
2024-11-18,576.3108520507812,577.6238450144261,573.5574183688442,574.4196493771738,37001700,0.004097409691839804,0.004089038168664031
2024-11-19,578.41748046875,579.142574989824,572.2737337790142,572.9400384688264,49412000,0.003655368297286854,0.003648703674754749
2024-11-20,578.613525390625,578.897666302881,572.8616903884546,578.4959457161364,50032600,0.00033893325927181195,0.000338875834369798
2024-11-21,581.7196044921875,583.1404284379229,575.6248397212988,581.4550801704302,46750300,0.005368141194877163,0.005353784082684051
2024-11-22,583.5226440429688,584.1497754660484,581.2101642027249,581.7098478799927,38226400,0.0030994993753996614,0.003094705829717668
2024-11-25,585.5020141601562,588.7649396726674,583.2188992835091,587.451946771504,42441400,0.003392105066349016,0.00338636485522849
2024-11-26,588.5591430664062,589.2254477201681,586.0310608458545,586.7463470552605,45621300,0.005221380682413512,0.005207796539103031
2024-11-27,586.7757568359375,588.7550542016285,585.256969810655,588.3729502321648,34000200,-0.0030300883971953185,-0.003034688409689223
2024-11-29,590.4208374023438,591.2047216811674,587.314665296655,587.5889978813017,30177400,0.006212050385417278,0.006192835136758061
2024-12-02,591.4791870117188,592.1552999944694,590.3425038316959,590.8324390421951,31746000,0.0017925343116806935,0.0017909296393853397
2024-12-03,591.7535400390625,591.9985076527607,590.2151960547985,591.2440480710218,26906600,0.00046384223378992395,0.00046373469223459206
2024-12-04,595.427978515625,595.6729460981672,592.7725681970518,593.438872844782,42787600,0.006209406835690379,0.006190207904060442
2024-12-05,594.4481201171875,596.2314913306755,594.0953811448159,595.4279904670244,28762200,-0.0016456371446975648,-0.0016469926928679725
2024-12-06,595.5750122070312,596.8096584526629,594.800936138575,595.212464951605,31241500,0.0018956945975732165,0.0018939000361718997
2024-12-09,592.5079956054688,595.6239761392873,591.9200973185369,595.4574149257465,34742700,-0.005149673070058869,-0.00516297833458787
2024-12-10,590.6658325195312,593.6054435570935,590.0093361336401,593.184106485161,37234500,-0.0031090940537520373,-0.003113937328071786
2024-12-11,595.2320556640625,596.1825011825678,593.3114882757061,593.5858806768452,28677700,0.007730637008498853,0.007700908748182434
2024-12-12,592.1650390625,594.9380289691392,592.1650390625,594.369747252086,31543800,-0.005152640171807943,-0.005165960799480725
2024-12-13,592.0474853515625,594.9086900260288,590.6756429397628,594.1934038090473,35904700,-0.0001985151151840947,-0.00019853482191767245
2024-12-16,594.5755004882812,595.54562235978,593.0273484159295,593.8014244521054,43695200,0.00426995333865432,0.004260862955717601
2024-12-17,592.1257934570312,592.9880840930309,590.7540109408761,592.0278303510687,55773500,-0.004120094133105434,-0.004128605106322894
2024-12-18,574.4784545898438,594.2031909866316,574.0962907751041,591.822113059209,108248700,-0.029803361147563545,-0.030256507563296415
2024-12-19,574.302001953125,581.0631314525076,574.057034359764,579.456129686489,85919500,-0.0003071527492615189,-0.00030719993032865203
2024-12-20,581.1998901367188,585.7224397345614,571.1321976271144,571.9777678628068,125716700,0.012010907432213225,0.01193934890226291
2024-12-23,584.6802978515625,585.2800160502417,577.7685966184363,580.9442707021165,57635800,0.005988314474775658,0.0059704557798403
2024-12-24,591.1790771484375,591.2184422848073,585.4471892507113,586.0272849416975,33160100,0.011115098833935466,0.01105378008050223
2024-12-26,591.2184448242188,592.3392110668057,588.0133066034633,589.4093887705021,41219100,6.659179477574995e-05,6.658957764061234e-05
2024-12-27,584.9949340820312,587.7183292627742,580.8164691334702,587.4823184826345,64969300,-0.010526584203640499,-0.010582380600210406
2024-12-30,578.3192138671875,581.7799853973963,574.5733451400716,577.9948115421023,56578800,-0.011411586367528481,-0.011477198153203867
2024-12-31,576.21533203125,580.698577374324,574.5832389413312,579.9808236627084,57052700,-0.0036379248440820966,-0.0036445581852855152
2025-01-02,574.7994995117188,581.180251846637,570.7291685588775,579.4695486945864,50204000,-0.002457123996579935,-0.0024601476798058125
2025-01-03,581.9864501953125,582.6254735449975,576.5593423217554,577.6408633877121,37888500,0.012503404560544995,0.012425882521837194
2025-01-06,585.3389892578125,589.6059655334043,583.6086036715416,586.2337058999022,47679400,0.0057605105090932085,0.005743982212338201
2025-01-07,578.7222900390625,587.6887790314382,576.903452910936,587.3643167301589,60393100,-0.011304046612612861,-0.011368422949378494
2025-01-08,579.5678100585938,580.6394897953063,575.3500401020275,578.7911287868388,47304700,0.001461011670164325,0.0014599454310130326
2025-01-10,570.7192993164062,576.0874192959229,568.8119506064235,576.0185903209236,73105000,-0.015267429606369842,-0.015385176811872776
2025-01-13,571.604248046875,571.9581742427216,565.6658729466735,566.0788468496604,47910100,0.0015505849049237685,0.0015493839894041204
2025-01-14,572.3907470703125,575.1534475548353,568.6153544470202,574.5242054496483,48420600,0.0013759502770052112,0.0013750045248620301
2025-01-15,582.8024291992188,583.9428778193259,579.2826705140105,580.3936552944716,56900200,0.018189815579997992,0.01802636005932923
2025-01-16,581.6817626953125,584.346110636513,580.9836915331506,584.1691475266347,43319700,-0.0019228926438177307,-0.0019247437752762432
2025-01-17,587.521728515625,589.2717368825727,585.5848557638515,586.9121689712896,58070600,0.010039795288152353,0.00998973135235659
2025-01-21,592.8995971679688,592.9094384516549,588.5933154613438,590.5596519481012,42532900,0.009153480443916395,0.00911184124464758
2025-01-22,596.232666015625,597.5894432517595,595.1708273073808,595.7213992287225,48196000,0.005621641275482148,0.005605898821562855
2025-01-23,599.48681640625,599.48681640625,595.3280340779654,595.6032899728609,41152100,0.00545785324439052,0.005443013135641363
2025-01-24,597.7367553710938,600.4995156835615,596.5864653530726,599.5458113037603,34604700,-0.002919265256986603,-0.002923534622772219
2025-01-27,589.2816162109375,589.5962372876534,584.6312490621345,584.7983708814467,70361100,-0.014145255556364478,-0.014246253240348535
2025-01-28,594.3449096679688,595.1805787054238,587.1972570477369,590.5105293609671,44433300,0.008592315317060173,0.008555611473282456
2025-01-29,591.6805419921875,593.9614997638901,589.1341095636221,593.5583671362218,37177400,-0.0044828644654661964,-0.00449294263302562
2025-01-30,594.8561401367188,596.3898803192325,590.6088457833347,593.7943615542468,39281300,0.005367082266790391,0.005352730808165938
2025-01-31,591.6903686523438,599.6933732210748,590.9333098394596,597.2747575383468,66566900,-0.005321911081975883,-0.005336122895857077
2025-02-03,587.70849609375,590.1860392450765,580.5510025263411,582.6943020815504,65857200,-0.006729655863189077,-0.006752402104226648
2025-02-04,591.6510620117188,592.1622687341741,587.2268045597665,587.767535135661,33457800,0.006708369785656254,0.006685968799990253
2025-02-05,594.0499877929688,594.1974870575806,588.5049635673978,590.5302880913656,30653100,0.004054629384240727,0.004046431526564131
2025-02-06,596.1146240234375,596.242440705887,592.4867305159943,595.7901616750784,35771500,0.003475526088535741,0.0034695004053163308
2025-02-07,590.6580200195312,597.8941240756534,589.9501076619601,596.6750050236558,50788500,-0.00915361540214743,-0.009195767164134764
2025-02-10,594.6693725585938,595.30845601079,592.5949016719809,593.863227291288,26048700,0.006791328320455037,0.006768371131536421
2025-02-11,595.12158203125,595.662312577201,592.2900526181724,592.4080280097315,30056700,0.0007604384781254581,0.0007601494912811484
2025-02-12,593.2044067382812,594.3743794070193,588.4360645213627,589.1144530437037,45076100,-0.003221485072722685,-0.0032266852269089608
2025-02-13,599.4671630859375,599.6736500230521,593.0471055616473,594.3055297285264,40921300,0.01055750138825129,0.010502160139902631
2025-02-14,599.437744140625,600.7060096863363,598.8183432907158,599.6736949390985,26910400,-4.907515727980982e-05,-4.9076361504739354e-05
2025-02-18,601.1976318359375,601.1976318359375,598.1399925315113,600.5979135172886,26749000,0.0029358973680169154,0.002931596038124705
2025-02-19,602.6133422851562,602.908280775238,599.3000698962699,599.8113366176324,31011100,0.0023548170755354203,0.0023520488387482478
2025-02-20,600.1062622070312,601.3843689751305,596.8028311734677,601.2467110134413,36554000,-0.004160346116164559,-0.004169024434302625
2025-02-21,589.8419799804688,600.0275889538111,589.3798596850504,599.8899309928074,76519800,-0.017104107843856187,-0.01725207272834491
2025-02-24,587.157958984375,592.8800056614799,586.4500466079941,591.8869960824046,50737200,-0.004550406866907997,-0.004560791483029168
2025-02-25,584.2379150390625,587.8265033006376,579.6366946428752,587.098968367302,58266500,-0.004973182941032439,-0.004985590368680154
2025-02-26,584.5328979492188,589.4881049123491,581.8980139327481,585.8995163780398,43321600,0.0005049020314549235,0.0005047746113122283
2025-02-27,575.2025146484375,587.9542367689231,574.8092833927938,586.8038868268065,74196700,-0.01596211835726624,-0.016090885066493157
2025-02-28,584.178955078125,584.7098443771037,572.6365684069419,575.7040488167072,88744100,0.015605704427724687,0.015485187638170106
2025-03-03,573.9441528320312,587.2857532860544,570.1392964764723,586.1452445030724,74249200,-0.01751997766630431,-0.017675268948049022
2025-03-04,567.1505126953125,575.5369680083471,562.6181207422406,569.9525786591505,109648200,-0.01183676164866676,-0.011907373878382277
2025-03-05,573.2461547851562,575.0355284425119,563.4341535288585,566.9833769883293,71230500,0.010747838454513436,0.010690490980447023
2025-03-06,563.0703125,570.4047092717689,560.5238803180225,565.7936477589768,80094900,-0.017751261304090216,-0.01791070464120093
2025-03-07,566.2262573242188,567.6715458955733,556.1094773560538,561.2907933786839,81158800,0.005604885844907148,0.005589236918639989
2025-03-10,551.14453125,559.9536812738498,546.2385307775894,558.0365509948175,99326600,-0.026635511651277977,-0.02699666432272876
2025-03-11,546.5629272460938,554.5266268117218,542.728606721458,549.9843938775969,88102100,-0.008312890256780947,-0.008347635015888411
2025-03-12,549.4632568359375,553.631880779765,544.3704523001988,552.7077001878538,69588200,0.005306487954566119,0.00529245815810475
2025-03-13,542.138671875,549.6992388466521,540.4279685563406,549.0896792735167,74079400,-0.013330436330021067,-0.013420084184445498
2025-03-14,553.3369140625,554.3397648685512,542.2074423986709,546.7496748611676,62660300,0.02065567864541107,0.020445242975871563
2025-03-17,557.6039428710938,560.1208513978755,552.8846868765244,553.3172833424321,49008700,0.00771144794455525,0.00768186670863444
2025-03-18,551.5770263671875,555.5096990502625,549.6499951496645,555.2933708486255,66041400,-0.010808597358321625,-0.010867434596180626
2025-03-19,557.5842895507812,561.3399999727566,552.1768634471969,553.3566775077279,66556000,0.010891068511607482,0.010832187953967027
2025-03-20,555.9718627929688,560.966374832501,553.1304918485869,553.848245552193,62958200,-0.0028918080871890295,-0.002895997442686325
2025-03-21,556.1552734375,557.0526817242638,550.2878724028328,551.5205297947124,83763000,0.0003298919546212975,0.0003298375522347131
2025-03-24,566.1151123046875,567.1702741261835,562.2889394113844,562.8805908120635,58766800,0.01790837800678835,0.017749912119943527
2025-03-25,567.4760131835938,568.4127846067184,565.73055113845,567.3181993393742,38355700,0.002403929606058286,0.002401044789621623
2025-03-26,560.7013549804688,568.3339598573967,559.3207546377017,567.2097618801449,51848300,-0.011938228305225729,-0.012010061230411853
2025-03-27,559.2122192382812,562.9792269072261,557.1018956425098,559.3108077400744,42164200,-0.0026558447361686444,-0.0026593777486080385
2025-03-28,547.9507446289062,558.413587192946,547.3689639965595,557.6838635858104,71662700,-0.020138105395326567,-0.020343641121003612
2025-03-31,551.6289672851562,552.93066066187,539.2826520783074,542.201606334121,95328200,0.006712688489439067,0.00669025871616558
2025-04-01,553.1870727539062,555.1297722698289,545.998235889195,549.7159501655996,54609600,0.0028245533885180585,0.0028205718332439756
2025-04-02,556.6878051757812,559.5475341360295,547.1125011420022,547.3491617248258,76014500,0.006328297594604848,0.006308357997637376
2025-04-03,529.2538452148438,540.3674444952709,529.2538452148438,537.5471385326381,125986000,-0.04928069145016545,-0.05053641399922805
2025-04-04,498.2696838378906,518.5740121118964,498.05273494035157,516.404523136506,217965100,-0.05854310111696115,-0.06032671113300068
2025-04-07,497.3821716308594,515.9114550791749,475.115432610906,482.40291724281104,256611400,-0.0017811884523963872,-0.0017827766547531929
2025-04-08,489.591796875,517.6963548854247,482.3733480760591,514.6196468974629,165816600,-0.01566275431689801,-0.015786711295426383
2025-04-09,541.0084228515625,541.0084228515625,486.20939567811143,486.59399925019795,241867300,0.10501937798947614,0.09986287145801089
2025-04-10,517.3019409179688,526.0981670837639,502.25365007002944,524.7866027854379,162331200,-0.043819062573260736,-0.04480811874838202
2025-04-11,526.5321655273438,528.9876098548949,512.8546015098251,515.7538146143895,97866300,0.017843011748604143,0.017685693808674657
2025-04-14,531.6401977539062,536.7286411738348,526.453165817952,536.5017912856171,68034000,0.009701272896493585,0.009654517695357514
2025-04-15,530.1510620117188,535.6930840370895,529.3621734315309,532.1824786951643,56892900,-0.0028010217219820444,-0.0028049519240955145
2025-04-16,518.3668823242188,530.4272422697393,513.0713913810127,524.3033791384568,83484800,-0.022227965823144014,-0.022478730006617785
2025-04-17,519.1065063476562,523.800475242003,516.6411916080497,520.3194821276195,79868100,0.0014268350248789474,0.0014258180630277613
2025-04-21,506.7503356933594,514.4618467446136,501.40552056556845,513.9293002870572,69368100,-0.02380276591259234,-0.024090628879336547
2025-04-22,519.9349365234375,521.956482797522,511.9867633247528,512.9235950678715,75948100,0.02601794197538787,0.025685233901122914
2025-04-23,527.991455078125,537.8625838932508,526.4728430251603,532.9319549297188,90590700,0.015495243709833462,0.015376418334407617
2025-04-24,539.1051635742188,539.8348871004667,528.0211182344198,529.2734571828396,64150400,0.02104903098185429,0.020830560538646615
2025-04-25,543.0003662109375,543.4046513367819,536.1467793425768,539.0657336001437,61119600,0.007225311311978455,0.007199333805528579
2025-04-28,543.20751953125,545.8700719478594,537.4584479004953,543.740066127587,47613800,0.0003814975701730283,0.00038142481847747964
2025-04-29,546.6292724609375,547.7435994540236,540.9393072120234,541.294298062473,47775100,0.006299163407458508,0.006279406601799947
2025-04-30,546.84619140625,548.7987614609631,534.0068741379372,539.9729233205555,93101500,0.0003968300935219826,0.0003967513772843797
2025-05-01,550.7218017578125,556.2441439063,550.1202792955834,552.5954653809056,63186100,0.007087203700909317,0.007062207505357958
2025-05-02,558.8967895507812,560.4943088790388,554.5775527926462,556.8949248511411,60717300,0.01484413322093947,0.014735037372571721
2025-05-05,555.6918334960938,558.788283367358,553.9069479669498,554.7648727126054,38659200,-0.005734432751462903,-0.0057509377390260056
2025-05-06,551.0471801757812,555.5340413030556,549.2327420958744,550.1892553966732,48264700,-0.008358325676825262,-0.008393452351286638
2025-05-07,553.3645629882812,555.9975022415719,548.3254139860352,552.3784371058738,55588000,0.004205416334334133,0.004196598284796687
2025-05-08,557.2202758789062,562.3974366423718,553.9069074354913,557.3977713110521,65130800,0.006967762571935099,0.006943599889265658
2025-05-09,556.5103149414062,559.6264462916283,554.9522191721212,558.6205786168767,37603400,-0.0012741118157988396,-0.0012749241863656922
2025-05-12,574.9015502929688,574.9114211824733,569.0340889310521,573.4026196086874,78993600,0.03304742941467098,0.032513103328074035
2025-05-13,578.6980590820312,580.9069711222367,574.7535560992819,575.3155948085854,67947200,0.00660375465525842,0.006582045390180123
2025-05-14,579.4376220703125,580.80829103959,577.4160162502584,579.6545408322356,66283500,0.0012779773090207946,0.0012771613910953568
2025-05-15,582.2678833007812,582.770756919371,576.9822030720642,577.4358426248243,71268100,0.004884496833940988,0.004872606382808463
2025-05-16,585.9559936523438,586.2518193704545,581.1042713102905,583.0469103495059,76052100,0.006334043929497213,0.006314068180387681
2025-05-19,586.5969848632812,587.27741416191,579.9406348417033,579.9406348417033,68168500,0.001093923806363195,0.0010933259077134494
2025-05-20,584.624755859375,585.8081190582527,581.4198464644389,584.8614766498325,60614500,-0.0033621533263863412,-0.003367818064590877
2025-05-21,574.7733154296875,584.3584902721909,573.7477661832594,580.2759146876367,95197700,-0.016850877987892088,-0.01699446941251078
2025-05-22,575.0001220703125,578.4811148637216,573.3433777523152,574.5760350084579,70860400,0.00039460189702000825,0.000394524062166623
2025-05-23,571.0753173828125,573.7378691727489,567.6140060747297,567.988738706783,76029000,-0.006825745833528796,-0.006849147787943921
2025-05-27,582.9483032226562,583.1060568711622,570.4047514802384,577.9387671986972,72588500,0.020790577842265234,0.020577403395595384
2025-05-28,579.5757446289062,584.545857588394,578.8460211072919,583.3526236048898,68445500,-0.005785347645933303,-0.005802147596664622
2025-05-29,581.863525390625,584.9698457847473,577.9387639052553,584.8317737253767,69973300,0.003947336966600545,0.00393956667330179
2025-05-30,581.2128295898438,582.928679235147,575.1481304892388,580.7591899526665,90601200,-0.001118296253996065,-0.0011189220138186613
2025-06-02,584.4867553710938,584.5656021144322,576.9428674958667,579.605419698203,61630500,0.005632920704039535,0.005617115132785442
2025-06-03,587.8197631835938,588.7960181097066,583.6385391723649,584.121791379625,63606200,0.00570245224869792,0.005686254815427237
2025-06-04,587.6619873046875,589.6539808386906,587.2280895107962,588.6777258495218,57314200,-0.0002684085986693896,-0.00026844462670427653
2025-06-05,584.8218994140625,590.6893600195378,582.8496477946317,589.3383724752952,92278700,-0.004832859623354335,-0.004844575652615554
2025-06-06,590.8274536132812,592.4940086999786,588.5790577947733,590.3540722792903,66588700,0.010269030973764526,0.010216662684454049
2025-06-09,591.3599243164062,592.9081490758875,590.1864321834666,591.3993476813894,53016400,0.0009012287764704752,0.0009008229136485706
2025-06-10,594.712890625,595.0974340255312,590.7782574774766,591.8925244948556,66247000,0.00566992481350459,0.005653911291605283
2025-06-11,593.0166015625,596.6652790904382,590.9556323288738,595.8073544523882,73658200,-0.0028522823184768953,-0.00285635782720152
2025-06-12,595.3734130859375,595.3734130859375,591.2021204830944,591.6853124635808,64129000,0.0039742757913145965,0.003966399219497322
2025-06-13,588.7171630859375,593.499849631983,587.218232455665,590.1963519379123,89506000,-0.011179958415508229,-0.011242923891385526
2025-06-16,594.318359375,596.0638215052488,591.8924679557008,592.0700235861916,79984100,0.009514239842613348,0.009469264508429075
2025-06-17,589.2398681640625,593.401290785268,588.480531921813,591.8826784891205,82209400,-0.0085450687006845,-0.008581787124168365
2025-06-18,589.1510009765625,592.8785252065284,588.1944276516227,590.1371267775953,76605000,-0.0001508166576998926,-0.00015082803167561687
2025-06-20,587.7673950195312,592.8906208578056,586.3629131433069,591.8224395288368,94051400,-0.002348474253184407,-0.0023512362440002437
2025-06-23,593.5730590820312,593.9587392448562,585.4035696790836,588.5190130228361,87426000,0.009877485739587577,0.009829022247643619
2025-06-24,600.13037109375,601.1885919192599,596.7972471416377,597.7072083922786,67735300,0.011047186039507384,0.010986611589662867
2025-06-25,600.4666748046875,601.940336500435,598.903972841808,601.247995602986,62114800,0.0005603844216792719,0.0005602274649639028
2025-06-26,605.1646118164062,605.5997923429508,601.7029677445283,602.3161684365299,78548400,0.007823809728070064,0.007793362434847595
2025-06-27,608.1712646484375,609.6350865938839,604.1360202356653,606.1635425121184,86258400,0.0049683222933454285,0.004956020908146138
2025-06-30,611.0791015625,612.4340832221852,608.2998981128763,610.6142811588834,92502500,0.004781279687299023,0.004769885673784504
2025-07-01,610.8812866210938,612.0483479268365,608.7746241554748,609.6053849111585,70030100,-0.0003237141327537829,-0.00032376653948382644
2025-07-02,613.6505737304688,613.6901136433279,609.8526292762224,610.4757300098587,66510400,0.00453326557880418,0.00452302127882086
2025-07-03,618.4869995117188,619.4167005776212,615.6088560521965,615.628656191773,51065800,0.007881400243543668,0.007850504238325978
2025-07-07,613.8780517578125,617.1913758193931,611.0988485499288,616.5286747873084,74814500,-0.007451971921066947,-0.007479876580079352
2025-07-08,613.5418090820312,615.2923708557059,612.7307881009865,614.5406899285775,59024600,-0.0005477352950125081,-0.0005478853567877983
2025-07-09,617.2210083007812,617.8737488887257,614.1055045789822,615.945166968477,66113300,0.005996656078344209,0.005978747694233981
2025-07-10,618.9617309570312,620.0002120765442,616.1825277796053,617.3594891460615,57529000,0.002820258275139098,0.0028162888082995893
2025-07-11,616.7858276367188,618.0122289852302,614.7187654701638,615.9154666088177,63670200,-0.0035154084840562927,-0.0035216020520023017
2025-07-14,617.9627075195312,618.3088477245484,614.985684437804,616.3307657158283,51898500,0.0019080851570825175,0.0019062670749355217
2025-07-15,615.3220825195312,620.9793689858044,615.242942324076,620.6431287961128,74317300,-0.004273113843065612,-0.004282269685971956
2025-07-16,617.3792114257812,617.8836320494379,611.276844692317,616.9044910111767,88987500,0.0033431741923299896,0.003337598209687879
2025-07-17,621.1574096679688,621.5135103761386,617.3397251475282,617.5573456006476,68885700,0.006119736739210957,0.006101087198508792
2025-07-18,620.7024536132812,622.5716954836944,619.5947323692288,622.4035753929759,65621600,-0.0007324327901533367,-0.0007327011500944641
2025-07-21,621.87939453125,624.6189973413707,621.4541141003111,621.87939453125,63375000,0.001896143492131186,0.0018943480812726298
2025-07-22,621.9683837890625,622.8288447335428,619.3276609031153,622.2057439990875,60046300,0.00014309729281114514,0.00014308705537016195
2025-07-23,627.2598266601562,627.2598266601562,622.8288811376781,624.6289433239532,70511000,0.008507575318954297,0.008471589855365448
2025-07-24,627.4674682617188,629.1785504969665,627.0421878119985,627.6454884244192,71307100,0.00033102965109055305,0.00033097487286408054
2025-07-25,630.1181030273438,630.5928838363332,627.8829206987424,628.1301809903662,56865400,0.004224338152491125,0.004215440684552298
2025-07-28,629.9598999023438,631.0478210681617,628.5752180855901,630.4939604147171,54917100,-0.0002510690047468067,-0.0002511005278458048
2025-07-29,628.2982177734375,631.6708211428117,627.3883169234746,631.3543207675477,60556300,-0.002637758576639282,-0.0026412435915612715
2025-07-30,627.507080078125,630.6917636576716,624.6190364089183,628.9510415464463,80418900,-0.0012591754567060631,-0.0012599688842343645
2025-07-31,625.1531982421875,632.8380075585872,623.857556644127,632.4523273568442,103385200,-0.0037511637886928906,-0.0037582170477224374
2025-08-01,614.9065551757812,619.475980234049,612.5031927364548,619.436379958757,140103600,-0.016390611285710288,-0.01652642342915897
2025-08-04,624.2530517578125,624.3024917393647,618.7243458354196,618.813325728958,73218000,0.015199864928028717,0.015085504368414899
2025-08-05,621.0880737304688,625.6772386500149,620.168272806011,624.8662177521945,68051400,-0.005070024116712868,-0.005082920296747279
2025-08-06,625.845458984375,626.4981995520814,621.2463937026511,622.1562946160922,64357500,0.007659759469106797,0.007630572460438727
2025-08-07,625.3212280273438,629.9993730574174,622.2156245224251,629.2674923107387,74205800,-0.000837636431655131,-0.0008379874450790588
2025-08-08,630.1972045898438,630.6620853000642,626.7949007710238,627.1114011688534,64051600,0.007797554830949682,0.007767311017072898
2025-08-11,628.9510498046875,631.947873553624,627.70484826023,630.4742118551501,58742300,-0.0019774044951013092,-0.0019793621405001806
2025-08-12,635.6469116210938,635.8051316570012,629.8115442075018,631.2951060550639,64730800,0.010646077812391797,0.010589807346852703
2025-08-13,637.82275390625,639.10849531226,635.6369512596368,637.8424936799373,60092800,0.0034230360367946133,0.0034171907841489225
2025-08-14,637.882080078125,638.5447207235369,635.300697252298,635.7457174616427,59327500,9.301357079483097e-05,9.300924530087265e-05
2025-08-15,636.388671875,639.0096552004113,635.4787708739423,638.9107148606824,68592500,-0.0023411979263346927,-0.0023439428152555583
2025-08-18,636.2501220703125,636.942462907598,635.1424008771667,635.814941575414,43804900,-0.00021771255650937515,-0.00021773625932833604
2025-08-19,632.7984008789062,637.0512656505922,631.4829592777961,636.0721245937336,69750700,-0.00542510102815319,-0.005439870329590304
2025-08-20,631.1170043945312,632.6500060324975,626.013578858981,632.3929060531275,88890300,-0.002657080804944645,-0.002660617109700641
2025-08-21,628.5850830078125,630.9785456585483,626.864161086776,629.3071240874224,54805800,-0.004011809805612443,-0.0040198787023870254
2025-08-22,638.2382202148438,639.41518174206,630.2665499847296,630.7709706915778,84083200,0.015356930140372649,0.015240205988225428
2025-08-25,635.42919921875,638.2183023325629,635.3105191174199,636.9820009718095,51274300,-0.004401210875694894,-0.004410924716533826
2025-08-26,638.0897827148438,638.4359833484747,634.5391586749303,635.1622594491828,51581600,0.004187065214133812,0.0041783238485304415
2025-08-27,639.5436401367188,640.2755208793137,637.3578376120881,637.5062179210042,48341100,0.002278452752666471,0.0022758610152143876
2025-08-28,641.8085327148438,642.3623933153343,638.267809046051,640.146950913372,61519500,0.0035414199062957508,0.003535163844696036
2025-08-29,637.98095703125,640.7404203673219,636.0919150690585,640.374419619015,74522200,-0.005963734491660877,-0.005981588576274999
2025-09-02,633.2533569335938,633.4709169972102,627.9619508913343,630.5136938017484,81983500,-0.0074102526816088865,-0.007437844999217563
2025-09-03,636.685302734375,637.1501834379544,633.4412793439511,635.6270215222661,70820900,0.005419546163007771,0.00540491326799287
2025-09-04,642.00634765625,642.0360478647699,636.4578416280056,637.3578424589464,65219200,0.008357417548391144,0.008322687701407075
2025-09-05,640.14697265625,645.0625384730564,636.2798483910566,644.3404973975818,85178900,-0.0028961941058495144,-0.0029003961913302155
2025-09-08,641.7195434570312,642.718484610511,640.1370415028089,641.5118230975241,63133100,0.0024565777359784047,0.0024535652814358087
2025-09-09,643.203125,643.7272854003053,640.1271612550325,641.8579832056892,66133900,0.0023118846201510834,0.0023092163266358
2025-09-10,645.0625610351562,647.3768835600082,643.4998590892842,646.4570825189741,78034500,0.002890900188266654,0.0028867295722736852
2025-09-11,650.4231567382812,651.1154976382888,646.4274520986086,647.0109525903231,69934400,0.008310195052279257,0.008275855495816567
2025-09-12,650.2055053710938,651.8868873722256,649.7011451004063,650.3934256012134,72780100,-0.000334630409346115,-0.00033468641059504023
2025-09-15,653.6671142578125,653.7956944276398,652.114372883025,652.4110731340584,63772400,0.0053238689277832485,0.005309747236784048
2025-09-16,652.7671508789062,654.5276730798186,651.9858301119879,654.2210123755038,61169000,-0.0013767915798059693,-0.0013777402281604336
2025-09-17,651.9561767578125,654.4683196962441,647.1296508296768,652.7770978636573,101952200,-0.0012423635595048,-0.001243135932890432
2025-09-18,655.0023803710938,657.603563340362,653.0341982051615,654.6364399867887,90459200,0.0046724054804268,0.004661523676907058
2025-09-19,658.2465209960938,659.0895125014193,654.9438659954435,656.8877828567474,97945600,0.004952868450893266,0.004940643347549601
2025-09-22,661.3607177734375,661.8069717744121,656.7290467709187,656.7588293222589,69452200,0.004731049353107419,0.004719893112429032
2025-09-23,657.7606201171875,661.8566899635472,656.540685502851,661.2417286303936,81708900,-0.005443470649980853,-0.005458340322640168
2025-09-24,655.6678466796875,659.1490153831234,654.2496039734066,659.0498612769777,68082200,-0.0031816642308674092,-0.0031867364861726762
2025-09-25,652.6429443359375,653.9917550046746,649.0328388399253,652.5338627083877,89622100,-0.004613467564511753,-0.0046241424508109445
2025-09-26,656.3820190429688,656.9274877414105,652.4743904900326,654.0910020825955,69179200,0.005729127602591033,0.0057127785651405125
2025-09-29,658.2266845703125,659.8135740530697,656.4216318338509,658.9010899003678,73499000,0.0028103535347194786,0.0028064118744700224
2025-09-30,660.7061157226562,661.1722852976668,656.173659297658,657.4828203674869,86288000,0.003766834755358328,0.003759757999068319
2025-10-01,662.95751953125,663.8699431635192,657.611793334362,657.7208749627936,72545400,0.0034075722246513784,0.0034017796058662298
2025-10-02,663.7210693359375,665.0600128657511,661.3011766397112,664.9410037342527,56896000,0.0011517326256851312,0.0011510698904782946
2025-10-03,663.7112426757812,667.1527012490268,662.6698219114437,664.4848020775174,70494400,-1.4805406382656372e-05,-1.4805515983767243e-05
2025-10-06,666.0914916992188,666.9841207809839,663.9591941673339,666.1014192164715,54623300,0.003586271966467658,0.0035798566266859286
2025-10-07,663.6219482421875,667.4601442579947,662.1838505424819,667.0138297258598,72020100,-0.0037075138893177817,-0.003714403753721363
2025-10-08,667.5791625976562,667.6783772359653,663.919480237528,664.7426772273783,60702200,0.005963055269571305,0.005945346619066807
2025-10-09,665.6452026367188,668.4023890582872,663.7112737749407,667.9957845708525,66501900,-0.002896974724933221,-0.002901179078111572
2025-10-10,647.6542358398438,668.4122493878771,647.4757221413303,666.6071968358344,159422600,-0.027027862178845674,-0.027399832538963102
2025-10-13,657.5919189453125,659.664772492732,654.3488290056752,655.2216030747315,79560500,0.015344118135168339,0.015227587680655873
2025-10-14,656.78857421875,660.3590300864076,647.8030207789583,651.7701536094826,88779600,-0.0012216462876413203,-0.0012223931057610573
2025-10-15,659.7044677734375,664.7228887516702,653.5157497881946,661.3409343998026,81702600,0.004439622839291779,0.0044297967857278185
2025-10-16,655.211669921875,663.215367636124,651.7106461582608,661.3408828539109,110563300,-0.006810318970138396,-0.006833615021649324
2025-10-17,658.9308471679688,660.2895852935891,652.7322022395391,654.0810128478913,96500900,0.0056762988463516795,0.005660249367837144
2025-10-20,665.7840576171875,666.6866142382812,661.7872027532737,661.8367798071084,60493400,0.010400500262923273,0.010346787167762106
2025-10-21,665.7740478515625,667.4600912091562,664.4748144266518,665.9228395283285,56249000,-1.503455288609512e-05,-1.5034665906118169e-05
2025-10-22,662.3128051757812,666.4783066993808,657.8497808005621,666.4783066993808,80564000,-0.005198824867010954,-0.005212385777962875
2025-10-23,666.2402954101562,667.1825015615415,662.3128121266341,662.6301900162397,65604500,0.005929962705964353,0.005912449677416068
2025-10-24,671.6851806640625,672.8951271271609,670.0983517375236,670.9016937183009,74356500,0.008172554694480416,0.008139340211438471
2025-10-27,679.6094970703125,679.9070199177999,676.5151383891614,677.1201116013259,63339800,0.011797664492784632,0.011728614603400918
2025-10-28,681.41455078125,683.2493254549719,679.2028936555786,681.4046232640447,61738100,0.002656016019079832,0.0026524950416700003
2025-10-29,681.7418212890625,684.0328379014793,677.2589421639235,683.0608492697363,85657100,0.0004802810674313651,0.00048016576939499743
2025-10-30,674.2439575195312,680.303738053287,674.2439575195312,678.2805222142791,76335800,-0.010998098598900663,-0.011059024812133158
2025-10-31,676.4556274414062,679.4508319897004,673.6587916341136,679.4111219213156,87164100,0.0032802220875831622,0.003274853895150146
2025-11-03,677.7251586914062,680.1649066224819,674.3530715971103,680.0359699637585,57315000,0.0018767398754619968,0.001874980999473234
2025-11-04,669.6917114257812,674.3729598389511,669.0371611161902,670.5545580097922,78427000,-0.01185354736001909,-0.011924360802475447
2025-11-05,672.012451171875,675.2654684624238,668.6304366940664,669.4337786331213,74402400,0.0034653852011290454,0.0034593945896944198
2025-11-06,664.8021850585938,671.8140994484131,663.2252231578799,670.9115428502156,85035300,-0.010729363869237507,-0.010787338554332244
2025-11-07,665.4567260742188,665.5658682287408,655.7769731606511,662.4218719882706,100592400,0.000984565078659072,0.0009840807123627038
2025-11-10,675.8407592773438,676.57466917413,669.4834554774103,671.6752576501947,75842900,0.01560437034633999,0.015483874055295284
2025-11-11,677.3878784179688,677.9532020666294,673.1529450781785,674.3629519753922,58953400,0.002289177027853917,0.002286560853950906
2025-11-12,677.7647705078125,679.3318048264125,675.3547447293747,679.1631581075335,62312500,0.0005563903663643455,0.0005562356386344725
2025-11-13,666.5179443359375,675.2654792192372,665.010475070097,674.9084518036677,103457800,-0.016593996414786205,-0.016733219095931014
2025-11-14,666.408935546875,670.1082678298286,657.8201189320223,659.9127671356764,96846700,-0.0001635496688257021,-0.00016356304453120328
2025-11-17,660.2003173828125,668.1742931923078,656.7290761218832,664.1972328051172,90456100,-0.009316528985265693,-0.009360199290175043
2025-11-18,654.6563110351562,659.6548768721069,650.4709542015795,656.6596720569411,114467500,-0.0083974608943449,-0.008432918209560396
2025-11-19,657.1853637695312,661.8566848395906,653.3372397764296,655.3505889035424,94703000,0.0038631762831033978,0.0038557333802783146
2025-11-20,647.1683349609375,670.0090710879778,646.5335791707308,667.3808213360044,165293500,-0.015242318774626007,-0.01535967698345316
2025-11-21,653.6149291992188,659.0895314498267,645.5020891320908,649.667590792559,123956200,0.009961232480063087,0.009911946433389813
2025-11-24,663.235107421875,664.5541959227929,656.1538219404428,657.2447591605586,80437900,0.014718418739979588,0.014611154045103741
2025-11-25,669.4734497070312,670.6536740212097,659.020017057554,663.135941149376,81077100,0.00940592893130443,0.00936196862512666
2025-11-26,674.09521484375,676.0986363282427,671.1595147067713,672.0620713400136,71879600,0.006903582418005261,0.006879861801814111
2025-11-28,677.7747192382812,678.0523870500939,674.9084513312986,675.2654787466182,49212000,0.0054584342293309,0.005443590966696786
2025-12-01,674.6803588867188,677.3779800628074,673.1629015749381,673.2323336611282,61201200,-0.004565470301164498,-0.004575923889866952
2025-12-02,675.9300537109375,678.2012155152329,673.7481184984898,676.316803165018,62953800,0.0018522768711999316,0.001850563521801528
2025-12-03,678.2706298828125,679.2822075879724,674.105128319461,674.9779023816353,57238500,0.003462749080359595,0.003456767569100685
2025-12-04,678.7664794921875,679.7384076011712,675.7415530139849,679.6689755171525,61970300,0.0007310498015529188,0.0007307827148079579
2025-12-05,680.0557861328125,682.7336127271673,678.9549213715281,679.8375623637357,79241000,0.0018994848443159018,0.0018976831042035792
2025-12-08,678.0127563476562,680.9980334759979,675.9696853695019,680.9484564225444,55231500,-0.0030042091058060105,-0.003008730800329791
2025-12-09,677.427490234375,679.7582167824522,676.9812362772177,677.5366323782647,58310100,-0.000863208114894487,-0.0008635808935584474
2025-12-10,681.92041015625,683.3088703732143,675.711837383319,676.9515664343469,85671300,0.006632325948745521,0.006610428840848707
2025-12-11,683.5072021484375,683.5865617528303,676.5647198382891,679.51034738166,86173700,0.0023269460314641055,0.002324242885119065
2025-12-12,676.1580810546875,683.2195721462687,673.5893360954813,682.5153843270051,113160300,-0.010752075575282682,-0.0108102968489866
2025-12-15,675.1365356445312,680.1252340287925,673.6687159286942,680.1053789946951,90811000,-0.0015108085502177904,-0.0015119509722544683
2025-12-16,673.2918701171875,675.4837328267965,669.4338188610296,673.6488975485244,122030600,-0.002732285145230273,-0.0027360246494354218
2025-12-17,665.8832397460938,674.8489377460819,665.6848710067972,674.3034691132465,110625200,-0.011003593983400228,-0.011064581322954193
2025-12-18,670.9114990234375,675.1464323222394,669.3544527925658,672.0322187932205,108650100,0.00755126270975226,0.007522894645792734
2025-12-19,676.9923095703125,677.4896664833268,672.8940327515619,673.0134542661981,103599500,0.009063506223587092,0.009022679156543787
2025-12-22,681.2098999023438,681.7370666700199,676.9923229108747,680.3245900087294,69556700,0.00622989400678442,0.00621056843974087
2025-12-23,684.3233032226562,684.562024812114,680.2548972126992,680.3046207584179,64840000,0.0045704023396588855,0.0045599897652677645
2025-12-24,686.7305297851562,687.1781631452748,684.164151137988,684.313382495532,39445600,0.003517674396244841,0.003511501850767283
2025-12-26,686.660888671875,688.0037280321676,685.6264081645946,686.989161229118,41613300,-0.00010140966545213459,-0.00010141480775991423
2025-12-29,684.2138671875,685.5567672531378,682.4433081832867,683.9055083361335,62559500,-0.0035636535074947684,-0.003570018446780222
2025-12-30,683.3783569335938,684.9201512250444,682.9506372729019,683.8160334465714,47160700,-0.0012211244085722495,-0.0012218705884970561
2025-12-31,678.3152465820312,683.726492314561,678.1063955310838,683.5076844111845,74144800,-0.0074089416209803804,-0.007436524151640613
